TaskMesh autonomous isolation (ubuntu)	Set up job	﻿2026-09-16T13:52:58.6058849Z Current runner version: '2.337.0'
TaskMesh autonomous isolation (ubuntu)	Set up job	2026-09-16T13:52:58.6098030Z ##[group]Runner Image Provisioner
TaskMesh autonomous isolation (ubuntu)	Set up job	2026-09-16T13:52:58.6099535Z Hosted Compute Agent
TaskMesh autonomous isolation (ubuntu)	Set up job	2026-09-16T13:52:58.6100662Z Version: 20260828.587
TaskMesh autonomous isolation (ubuntu)	Set up job	2026-09-16T13:52:58.6102008Z Commit: abac92662cab4cc7352de4f9f9d2e2419aad9c29
TaskMesh autonomous isolation (ubuntu)	Set up job	2026-09-16T13:52:58.6103614Z Build Date: 2026-08-28T16:44:25Z
TaskMesh autonomous isolation (ubuntu)	Set up job	2026-09-16T13:52:58.6105019Z Worker ID: {d97153c6-d5ff-42f9-87ff-75f269078224}
TaskMesh autonomous isolation (ubuntu)	Set up job	2026-09-16T13:52:58.6106387Z Azure Region: westus
TaskMesh autonomous isolation (ubuntu)	Set up job	2026-09-16T13:52:58.6107428Z ##[endgroup]
TaskMesh autonomous isolation (ubuntu)	Set up job	2026-09-16T13:52:58.6110316Z ##[group]Operating System
TaskMesh autonomous isolation (ubuntu)	Set up job	2026-09-16T13:52:58.6111390Z Ubuntu
TaskMesh autonomous isolation (ubuntu)	Set up job	2026-09-16T13:52:58.6112208Z 24.04.5
TaskMesh autonomous isolation (ubuntu)	Set up job	2026-09-16T13:52:58.6113599Z LTS
TaskMesh autonomous isolation (ubuntu)	Set up job	2026-09-16T13:52:58.6114633Z ##[endgroup]
TaskMesh autonomous isolation (ubuntu)	Set up job	2026-09-16T13:52:58.6115646Z ##[group]Runner Image
TaskMesh autonomous isolation (ubuntu)	Set up job	2026-09-16T13:52:58.6116630Z Image: ubuntu-24.04
TaskMesh autonomous isolation (ubuntu)	Set up job	2026-09-16T13:52:58.6117587Z Version: 20260907.300.1
TaskMesh autonomous isolation (ubuntu)	Set up job	2026-09-16T13:52:58.6119634Z Included Software: https://github.com/actions/runner-images/blob/ubuntu24/20260907.300/images/ubuntu/Ubuntu2404-Readme.md
TaskMesh autonomous isolation (ubuntu)	Set up job	2026-09-16T13:52:58.6122951Z Image Release: https://github.com/actions/runner-images/releases/tag/ubuntu24%2F20260907.300
TaskMesh autonomous isolation (ubuntu)	Set up job	2026-09-16T13:52:58.6125004Z ##[endgroup]
TaskMesh autonomous isolation (ubuntu)	Set up job	2026-09-16T13:52:58.6126900Z ##[group]GITHUB_TOKEN Permissions
TaskMesh autonomous isolation (ubuntu)	Set up job	2026-09-16T13:52:58.6129910Z Contents: read
TaskMesh autonomous isolation (ubuntu)	Set up job	2026-09-16T13:52:58.6130994Z Metadata: read
TaskMesh autonomous isolation (ubuntu)	Set up job	2026-09-16T13:52:58.6132074Z ##[endgroup]
TaskMesh autonomous isolation (ubuntu)	Set up job	2026-09-16T13:52:58.6135480Z Secret source: Actions
TaskMesh autonomous isolation (ubuntu)	Set up job	2026-09-16T13:52:58.6137278Z Cache mode: write
TaskMesh autonomous isolation (ubuntu)	Set up job	2026-09-16T13:52:58.6139457Z Prepare workflow directory
TaskMesh autonomous isolation (ubuntu)	Set up job	2026-09-16T13:52:58.6791816Z Prepare all required actions
TaskMesh autonomous isolation (ubuntu)	Set up job	2026-09-16T13:52:58.6866431Z Getting action download info
TaskMesh autonomous isolation (ubuntu)	Set up job	2026-09-16T13:52:59.1237287Z Download action repository 'actions/checkout@3d3c42e5aac5ba805825da76410c181273ba90b1' (SHA:3d3c42e5aac5ba805825da76410c181273ba90b1)
TaskMesh autonomous isolation (ubuntu)	Set up job	2026-09-16T13:52:59.2679260Z Download action repository 'actions/setup-go@b7ad1dad31e06c5925ef5d2fc7ad053ef454303e' (SHA:b7ad1dad31e06c5925ef5d2fc7ad053ef454303e)
TaskMesh autonomous isolation (ubuntu)	Set up job	2026-09-16T13:52:59.8223809Z Complete job name: TaskMesh autonomous isolation (ubuntu)
TaskMesh autonomous isolation (ubuntu)	Checkout	﻿2026-09-16T13:52:59.8981036Z ##[group]Run actions/checkout@3d3c42e5aac5ba805825da76410c181273ba90b1
TaskMesh autonomous isolation (ubuntu)	Checkout	2026-09-16T13:52:59.8982146Z with:
TaskMesh autonomous isolation (ubuntu)	Checkout	2026-09-16T13:52:59.8982610Z   persist-credentials: false
TaskMesh autonomous isolation (ubuntu)	Checkout	2026-09-16T13:52:59.8983386Z   repository: luanmorenommaciel/task-spec
TaskMesh autonomous isolation (ubuntu)	Checkout	2026-09-16T13:52:59.8987262Z   token: ***
TaskMesh autonomous isolation (ubuntu)	Checkout	2026-09-16T13:52:59.8987720Z   ssh-strict: true
TaskMesh autonomous isolation (ubuntu)	Checkout	2026-09-16T13:52:59.8988172Z   ssh-user: git
TaskMesh autonomous isolation (ubuntu)	Checkout	2026-09-16T13:52:59.8988604Z   clean: true
TaskMesh autonomous isolation (ubuntu)	Checkout	2026-09-16T13:52:59.8989061Z   sparse-checkout-cone-mode: true
TaskMesh autonomous isolation (ubuntu)	Checkout	2026-09-16T13:52:59.8989595Z   fetch-depth: 1
TaskMesh autonomous isolation (ubuntu)	Checkout	2026-09-16T13:52:59.8990035Z   fetch-tags: false
TaskMesh autonomous isolation (ubuntu)	Checkout	2026-09-16T13:52:59.8990490Z   show-progress: true
TaskMesh autonomous isolation (ubuntu)	Checkout	2026-09-16T13:52:59.8990946Z   lfs: false
TaskMesh autonomous isolation (ubuntu)	Checkout	2026-09-16T13:52:59.8991361Z   submodules: false
TaskMesh autonomous isolation (ubuntu)	Checkout	2026-09-16T13:52:59.8991818Z   set-safe-directory: true
TaskMesh autonomous isolation (ubuntu)	Checkout	2026-09-16T13:52:59.8992343Z   allow-unsafe-pr-checkout: false
TaskMesh autonomous isolation (ubuntu)	Checkout	2026-09-16T13:52:59.8993134Z ##[endgroup]
TaskMesh autonomous isolation (ubuntu)	Checkout	2026-09-16T13:53:00.0167286Z Syncing repository: luanmorenommaciel/task-spec
TaskMesh autonomous isolation (ubuntu)	Checkout	2026-09-16T13:53:00.0170481Z ##[group]Getting Git version info
TaskMesh autonomous isolation (ubuntu)	Checkout	2026-09-16T13:53:00.0172646Z Working directory is '/home/runner/work/task-spec/task-spec'
TaskMesh autonomous isolation (ubuntu)	Checkout	2026-09-16T13:53:00.0176129Z [command]/usr/bin/git version
TaskMesh autonomous isolation (ubuntu)	Checkout	2026-09-16T13:53:00.0355571Z git version 2.55.0
TaskMesh autonomous isolation (ubuntu)	Checkout	2026-09-16T13:53:00.0361069Z ##[endgroup]
TaskMesh autonomous isolation (ubuntu)	Checkout	2026-09-16T13:53:00.0368169Z Temporarily overriding HOME='/home/runner/work/_temp/764defc5-776a-4709-bbd6-352971eb5c53' before making global git config changes
TaskMesh autonomous isolation (ubuntu)	Checkout	2026-09-16T13:53:00.0370410Z Adding repository directory to the temporary git global config as a safe directory
TaskMesh autonomous isolation (ubuntu)	Checkout	2026-09-16T13:53:00.0372262Z [command]/usr/bin/git config --global --add safe.directory /home/runner/work/task-spec/task-spec
TaskMesh autonomous isolation (ubuntu)	Checkout	2026-09-16T13:53:00.0429311Z Deleting the contents of '/home/runner/work/task-spec/task-spec'
TaskMesh autonomous isolation (ubuntu)	Checkout	2026-09-16T13:53:00.0433860Z ##[group]Determining repository object format
TaskMesh autonomous isolation (ubuntu)	Checkout	2026-09-16T13:53:00.0452485Z ##[endgroup]
TaskMesh autonomous isolation (ubuntu)	Checkout	2026-09-16T13:53:00.0454454Z ##[group]Initializing the repository
TaskMesh autonomous isolation (ubuntu)	Checkout	2026-09-16T13:53:00.0456363Z [command]/usr/bin/git init /home/runner/work/task-spec/task-spec
TaskMesh autonomous isolation (ubuntu)	Checkout	2026-09-16T13:53:00.0586745Z hint: Using 'master' as the name for the initial branch. This default branch name
TaskMesh autonomous isolation (ubuntu)	Checkout	2026-09-16T13:53:00.0605201Z hint: will change to "main" in Git 3.0. To configure the initial branch name
TaskMesh autonomous isolation (ubuntu)	Checkout	2026-09-16T13:53:00.0606715Z hint: to use in all of your new repositories, which will suppress this warning,
TaskMesh autonomous isolation (ubuntu)	Checkout	2026-09-16T13:53:00.0607843Z hint: call:
TaskMesh autonomous isolation (ubuntu)	Checkout	2026-09-16T13:53:00.0608712Z hint:
TaskMesh autonomous isolation (ubuntu)	Checkout	2026-09-16T13:53:00.0609774Z hint: 	git config --global init.defaultBranch <name>
TaskMesh autonomous isolation (ubuntu)	Checkout	2026-09-16T13:53:00.0610814Z hint:
TaskMesh autonomous isolation (ubuntu)	Checkout	2026-09-16T13:53:00.0612005Z hint: Names commonly chosen instead of 'master' are 'main', 'trunk' and
TaskMesh autonomous isolation (ubuntu)	Checkout	2026-09-16T13:53:00.0613724Z hint: 'development'. The just-created branch can be renamed via this command:
TaskMesh autonomous isolation (ubuntu)	Checkout	2026-09-16T13:53:00.0614896Z hint:
TaskMesh autonomous isolation (ubuntu)	Checkout	2026-09-16T13:53:00.0615807Z hint: 	git branch -m <name>
TaskMesh autonomous isolation (ubuntu)	Checkout	2026-09-16T13:53:00.0616736Z hint:
TaskMesh autonomous isolation (ubuntu)	Checkout	2026-09-16T13:53:00.0617996Z hint: Disable this message with "git config set advice.defaultBranchName false"
TaskMesh autonomous isolation (ubuntu)	Checkout	2026-09-16T13:53:00.0621848Z Initialized empty Git repository in /home/runner/work/task-spec/task-spec/.git/
TaskMesh autonomous isolation (ubuntu)	Checkout	2026-09-16T13:53:00.0625104Z [command]/usr/bin/git remote add origin https://github.com/luanmorenommaciel/task-spec
TaskMesh autonomous isolation (ubuntu)	Checkout	2026-09-16T13:53:00.0762308Z ##[endgroup]
TaskMesh autonomous isolation (ubuntu)	Checkout	2026-09-16T13:53:00.0764211Z ##[group]Disabling automatic garbage collection
TaskMesh autonomous isolation (ubuntu)	Checkout	2026-09-16T13:53:00.0765506Z [command]/usr/bin/git config --local gc.auto 0
TaskMesh autonomous isolation (ubuntu)	Checkout	2026-09-16T13:53:00.0769213Z ##[endgroup]
TaskMesh autonomous isolation (ubuntu)	Checkout	2026-09-16T13:53:00.0771012Z ##[group]Setting up auth
TaskMesh autonomous isolation (ubuntu)	Checkout	2026-09-16T13:53:00.0777799Z Removing SSH command configuration
TaskMesh autonomous isolation (ubuntu)	Checkout	2026-09-16T13:53:00.0779119Z [command]/usr/bin/git config --local --name-only --get-regexp core\.sshCommand
TaskMesh autonomous isolation (ubuntu)	Checkout	2026-09-16T13:53:00.0788886Z [command]/usr/bin/git submodule foreach --recursive sh -c "git config --local --name-only --get-regexp 'core\.sshCommand' && git config --local --unset-all 'core.sshCommand' || :"
TaskMesh autonomous isolation (ubuntu)	Checkout	2026-09-16T13:53:00.1235327Z Removing HTTP extra header
TaskMesh autonomous isolation (ubuntu)	Checkout	2026-09-16T13:53:00.1237626Z [command]/usr/bin/git config --local --name-only --get-regexp http\.https\:\/\/github\.com\/\.extraheader
TaskMesh autonomous isolation (ubuntu)	Checkout	2026-09-16T13:53:00.1316289Z [command]/usr/bin/git submodule foreach --recursive sh -c "git config --local --name-only --get-regexp 'http\.https\:\/\/github\.com\/\.extraheader' && git config --local --unset-all 'http.https://github.com/.extraheader' || :"
TaskMesh autonomous isolation (ubuntu)	Checkout	2026-09-16T13:53:00.1610711Z Removing includeIf entries pointing to credentials config files
TaskMesh autonomous isolation (ubuntu)	Checkout	2026-09-16T13:53:00.1615746Z [command]/usr/bin/git config --local --name-only --get-regexp ^includeIf\.gitdir:
TaskMesh autonomous isolation (ubuntu)	Checkout	2026-09-16T13:53:00.1654998Z [command]/usr/bin/git submodule foreach --recursive git config --local --show-origin --name-only --get-regexp remote.origin.url
TaskMesh autonomous isolation (ubuntu)	Checkout	2026-09-16T13:53:00.1911572Z [command]/usr/bin/git config --file /home/runner/work/_temp/git-credentials-2f2506ba-da4f-4bc4-bd53-17d695bf85a5.config http.https://github.com/.extraheader AUTHORIZATION: basic ***
TaskMesh autonomous isolation (ubuntu)	Checkout	2026-09-16T13:53:00.1955147Z [command]/usr/bin/git config --local includeIf.gitdir:/home/runner/work/task-spec/task-spec/.git.path /home/runner/work/_temp/git-credentials-2f2506ba-da4f-4bc4-bd53-17d695bf85a5.config
TaskMesh autonomous isolation (ubuntu)	Checkout	2026-09-16T13:53:00.1992878Z [command]/usr/bin/git config --local includeIf.gitdir:/home/runner/work/task-spec/task-spec/.git/worktrees/*.path /home/runner/work/_temp/git-credentials-2f2506ba-da4f-4bc4-bd53-17d695bf85a5.config
TaskMesh autonomous isolation (ubuntu)	Checkout	2026-09-16T13:53:00.2128825Z [command]/usr/bin/git config --local includeIf.gitdir:/github/workspace/.git.path /github/runner_temp/git-credentials-2f2506ba-da4f-4bc4-bd53-17d695bf85a5.config
TaskMesh autonomous isolation (ubuntu)	Checkout	2026-09-16T13:53:00.2134857Z [command]/usr/bin/git config --local includeIf.gitdir:/github/workspace/.git/worktrees/*.path /github/runner_temp/git-credentials-2f2506ba-da4f-4bc4-bd53-17d695bf85a5.config
TaskMesh autonomous isolation (ubuntu)	Checkout	2026-09-16T13:53:00.2204748Z ##[endgroup]
TaskMesh autonomous isolation (ubuntu)	Checkout	2026-09-16T13:53:00.2206143Z ##[group]Fetching the repository
TaskMesh autonomous isolation (ubuntu)	Checkout	2026-09-16T13:53:00.2208736Z [command]/usr/bin/git -c protocol.version=2 fetch --no-tags --prune --no-recurse-submodules --depth=1 origin +97c9274f2027cd34bdd5b17e55995084292f59d7:refs/remotes/origin/main
TaskMesh autonomous isolation (ubuntu)	Checkout	2026-09-16T13:53:05.5908722Z From https://github.com/luanmorenommaciel/task-spec
TaskMesh autonomous isolation (ubuntu)	Checkout	2026-09-16T13:53:05.5910824Z  * [new ref]         97c9274f2027cd34bdd5b17e55995084292f59d7 -> origin/main
TaskMesh autonomous isolation (ubuntu)	Checkout	2026-09-16T13:53:05.5915202Z [command]/usr/bin/git branch --list --remote origin/main
TaskMesh autonomous isolation (ubuntu)	Checkout	2026-09-16T13:53:05.5931163Z   origin/main
TaskMesh autonomous isolation (ubuntu)	Checkout	2026-09-16T13:53:05.5942481Z [command]/usr/bin/git rev-parse refs/remotes/origin/main
TaskMesh autonomous isolation (ubuntu)	Checkout	2026-09-16T13:53:05.5970605Z 97c9274f2027cd34bdd5b17e55995084292f59d7
TaskMesh autonomous isolation (ubuntu)	Checkout	2026-09-16T13:53:05.5976368Z ##[endgroup]
TaskMesh autonomous isolation (ubuntu)	Checkout	2026-09-16T13:53:05.5977225Z ##[group]Determining the checkout info
TaskMesh autonomous isolation (ubuntu)	Checkout	2026-09-16T13:53:05.5978105Z ##[endgroup]
TaskMesh autonomous isolation (ubuntu)	Checkout	2026-09-16T13:53:05.5981480Z [command]/usr/bin/git sparse-checkout disable
TaskMesh autonomous isolation (ubuntu)	Checkout	2026-09-16T13:53:05.6035592Z [command]/usr/bin/git config --local --unset-all extensions.worktreeConfig
TaskMesh autonomous isolation (ubuntu)	Checkout	2026-09-16T13:53:05.6072311Z ##[group]Checking out the ref
TaskMesh autonomous isolation (ubuntu)	Checkout	2026-09-16T13:53:05.6077137Z [command]/usr/bin/git checkout --progress --force -B main refs/remotes/origin/main
TaskMesh autonomous isolation (ubuntu)	Checkout	2026-09-16T13:53:06.0761913Z Switched to a new branch 'main'
TaskMesh autonomous isolation (ubuntu)	Checkout	2026-09-16T13:53:06.0765009Z branch 'main' set up to track 'origin/main'.
TaskMesh autonomous isolation (ubuntu)	Checkout	2026-09-16T13:53:06.0807192Z ##[endgroup]
TaskMesh autonomous isolation (ubuntu)	Checkout	2026-09-16T13:53:06.0846426Z [command]/usr/bin/git log -1 --format=%H
TaskMesh autonomous isolation (ubuntu)	Checkout	2026-09-16T13:53:06.0877217Z 97c9274f2027cd34bdd5b17e55995084292f59d7
TaskMesh autonomous isolation (ubuntu)	Checkout	2026-09-16T13:53:06.0885727Z ##[group]Removing auth
TaskMesh autonomous isolation (ubuntu)	Checkout	2026-09-16T13:53:06.0886937Z Removing SSH command configuration
TaskMesh autonomous isolation (ubuntu)	Checkout	2026-09-16T13:53:06.0890488Z [command]/usr/bin/git config --local --name-only --get-regexp core\.sshCommand
TaskMesh autonomous isolation (ubuntu)	Checkout	2026-09-16T13:53:06.0940027Z [command]/usr/bin/git submodule foreach --recursive sh -c "git config --local --name-only --get-regexp 'core\.sshCommand' && git config --local --unset-all 'core.sshCommand' || :"
TaskMesh autonomous isolation (ubuntu)	Checkout	2026-09-16T13:53:06.1187296Z Removing HTTP extra header
TaskMesh autonomous isolation (ubuntu)	Checkout	2026-09-16T13:53:06.1191240Z [command]/usr/bin/git config --local --name-only --get-regexp http\.https\:\/\/github\.com\/\.extraheader
TaskMesh autonomous isolation (ubuntu)	Checkout	2026-09-16T13:53:06.1228488Z [command]/usr/bin/git submodule foreach --recursive sh -c "git config --local --name-only --get-regexp 'http\.https\:\/\/github\.com\/\.extraheader' && git config --local --unset-all 'http.https://github.com/.extraheader' || :"
TaskMesh autonomous isolation (ubuntu)	Checkout	2026-09-16T13:53:06.1472413Z Removing includeIf entries pointing to credentials config files
TaskMesh autonomous isolation (ubuntu)	Checkout	2026-09-16T13:53:06.1476397Z [command]/usr/bin/git config --local --name-only --get-regexp ^includeIf\.gitdir:
TaskMesh autonomous isolation (ubuntu)	Checkout	2026-09-16T13:53:06.1509662Z includeif.gitdir:/home/runner/work/task-spec/task-spec/.git.path
TaskMesh autonomous isolation (ubuntu)	Checkout	2026-09-16T13:53:06.1511546Z includeif.gitdir:/home/runner/work/task-spec/task-spec/.git/worktrees/*.path
TaskMesh autonomous isolation (ubuntu)	Checkout	2026-09-16T13:53:06.1513578Z includeif.gitdir:/github/workspace/.git.path
TaskMesh autonomous isolation (ubuntu)	Checkout	2026-09-16T13:53:06.1514875Z includeif.gitdir:/github/workspace/.git/worktrees/*.path
TaskMesh autonomous isolation (ubuntu)	Checkout	2026-09-16T13:53:06.1519319Z [command]/usr/bin/git config --local --get-all includeif.gitdir:/home/runner/work/task-spec/task-spec/.git.path
TaskMesh autonomous isolation (ubuntu)	Checkout	2026-09-16T13:53:06.1548818Z /home/runner/work/_temp/git-credentials-2f2506ba-da4f-4bc4-bd53-17d695bf85a5.config
TaskMesh autonomous isolation (ubuntu)	Checkout	2026-09-16T13:53:06.1558603Z [command]/usr/bin/git config --local --unset includeif.gitdir:/home/runner/work/task-spec/task-spec/.git.path \/home\/runner\/work\/_temp\/git\-credentials\-2f2506ba\-da4f\-4bc4\-bd53\-17d695bf85a5\.config
TaskMesh autonomous isolation (ubuntu)	Checkout	2026-09-16T13:53:06.1597019Z [command]/usr/bin/git config --local --get-all includeif.gitdir:/home/runner/work/task-spec/task-spec/.git/worktrees/*.path
TaskMesh autonomous isolation (ubuntu)	Checkout	2026-09-16T13:53:06.1635684Z /home/runner/work/_temp/git-credentials-2f2506ba-da4f-4bc4-bd53-17d695bf85a5.config
TaskMesh autonomous isolation (ubuntu)	Checkout	2026-09-16T13:53:06.1645430Z [command]/usr/bin/git config --local --unset includeif.gitdir:/home/runner/work/task-spec/task-spec/.git/worktrees/*.path \/home\/runner\/work\/_temp\/git\-credentials\-2f2506ba\-da4f\-4bc4\-bd53\-17d695bf85a5\.config
TaskMesh autonomous isolation (ubuntu)	Checkout	2026-09-16T13:53:06.1699628Z [command]/usr/bin/git config --local --get-all includeif.gitdir:/github/workspace/.git.path
TaskMesh autonomous isolation (ubuntu)	Checkout	2026-09-16T13:53:06.1748761Z /github/runner_temp/git-credentials-2f2506ba-da4f-4bc4-bd53-17d695bf85a5.config
TaskMesh autonomous isolation (ubuntu)	Checkout	2026-09-16T13:53:06.1756465Z [command]/usr/bin/git config --local --unset includeif.gitdir:/github/workspace/.git.path \/github\/runner_temp\/git\-credentials\-2f2506ba\-da4f\-4bc4\-bd53\-17d695bf85a5\.config
TaskMesh autonomous isolation (ubuntu)	Checkout	2026-09-16T13:53:06.1805777Z [command]/usr/bin/git config --local --get-all includeif.gitdir:/github/workspace/.git/worktrees/*.path
TaskMesh autonomous isolation (ubuntu)	Checkout	2026-09-16T13:53:06.1971921Z /github/runner_temp/git-credentials-2f2506ba-da4f-4bc4-bd53-17d695bf85a5.config
TaskMesh autonomous isolation (ubuntu)	Checkout	2026-09-16T13:53:06.2164958Z [command]/usr/bin/git config --local --unset includeif.gitdir:/github/workspace/.git/worktrees/*.path \/github\/runner_temp\/git\-credentials\-2f2506ba\-da4f\-4bc4\-bd53\-17d695bf85a5\.config
TaskMesh autonomous isolation (ubuntu)	Checkout	2026-09-16T13:53:06.2314554Z [command]/usr/bin/git submodule foreach --recursive git config --local --show-origin --name-only --get-regexp remote.origin.url
TaskMesh autonomous isolation (ubuntu)	Checkout	2026-09-16T13:53:06.2359950Z Removing credentials config '/home/runner/work/_temp/git-credentials-2f2506ba-da4f-4bc4-bd53-17d695bf85a5.config'
TaskMesh autonomous isolation (ubuntu)	Checkout	2026-09-16T13:53:06.2363005Z ##[endgroup]
TaskMesh autonomous isolation (ubuntu)	Install pinned Go toolchain	﻿2026-09-16T13:53:06.2573705Z ##[group]Run actions/setup-go@b7ad1dad31e06c5925ef5d2fc7ad053ef454303e
TaskMesh autonomous isolation (ubuntu)	Install pinned Go toolchain	2026-09-16T13:53:06.2574138Z with:
TaskMesh autonomous isolation (ubuntu)	Install pinned Go toolchain	2026-09-16T13:53:06.2574350Z   go-version: 1.25.0
TaskMesh autonomous isolation (ubuntu)	Install pinned Go toolchain	2026-09-16T13:53:06.2574603Z   cache-dependency-path: go.sum
TaskMesh autonomous isolation (ubuntu)	Install pinned Go toolchain	2026-09-16T13:53:06.2574867Z   check-latest: false
TaskMesh autonomous isolation (ubuntu)	Install pinned Go toolchain	2026-09-16T13:53:06.2577364Z   token: ***
TaskMesh autonomous isolation (ubuntu)	Install pinned Go toolchain	2026-09-16T13:53:06.2577564Z   cache: true
TaskMesh autonomous isolation (ubuntu)	Install pinned Go toolchain	2026-09-16T13:53:06.2577757Z ##[endgroup]
TaskMesh autonomous isolation (ubuntu)	Install pinned Go toolchain	2026-09-16T13:53:06.3811733Z Setup go version spec 1.25.0
TaskMesh autonomous isolation (ubuntu)	Install pinned Go toolchain	2026-09-16T13:53:06.3818561Z Attempting to download 1.25.0...
TaskMesh autonomous isolation (ubuntu)	Install pinned Go toolchain	2026-09-16T13:53:07.0138660Z matching 1.25.0...
TaskMesh autonomous isolation (ubuntu)	Install pinned Go toolchain	2026-09-16T13:53:07.0153081Z Acquiring 1.25.0 from https://github.com/actions/go-versions/releases/download/1.25.0-16925932082/go-1.25.0-linux-x64.tar.gz
TaskMesh autonomous isolation (ubuntu)	Install pinned Go toolchain	2026-09-16T13:53:07.6657208Z Extracting Go...
TaskMesh autonomous isolation (ubuntu)	Install pinned Go toolchain	2026-09-16T13:53:07.6796810Z [command]/usr/bin/tar xz --warning=no-unknown-keyword --overwrite -C /home/runner/work/_temp/9ccee942-4b5b-45a9-b448-224abb9304af -f /home/runner/work/_temp/c98cc971-0203-4ae9-9faa-46518b732501
TaskMesh autonomous isolation (ubuntu)	Install pinned Go toolchain	2026-09-16T13:53:09.4114888Z Successfully extracted go to /home/runner/work/_temp/9ccee942-4b5b-45a9-b448-224abb9304af
TaskMesh autonomous isolation (ubuntu)	Install pinned Go toolchain	2026-09-16T13:53:09.4116502Z Adding to the cache ...
TaskMesh autonomous isolation (ubuntu)	Install pinned Go toolchain	2026-09-16T13:53:17.4667976Z Successfully cached go to /opt/hostedtoolcache/go/1.25.0/x64
TaskMesh autonomous isolation (ubuntu)	Install pinned Go toolchain	2026-09-16T13:53:17.4673040Z Added go to the path
TaskMesh autonomous isolation (ubuntu)	Install pinned Go toolchain	2026-09-16T13:53:17.4703874Z Successfully set up Go version 1.25.0
TaskMesh autonomous isolation (ubuntu)	Install pinned Go toolchain	2026-09-16T13:53:17.5016636Z [command]/opt/hostedtoolcache/go/1.25.0/x64/bin/go env GOMODCACHE
TaskMesh autonomous isolation (ubuntu)	Install pinned Go toolchain	2026-09-16T13:53:17.5064138Z [command]/opt/hostedtoolcache/go/1.25.0/x64/bin/go env GOCACHE
TaskMesh autonomous isolation (ubuntu)	Install pinned Go toolchain	2026-09-16T13:53:17.5132479Z /home/runner/go/pkg/mod
TaskMesh autonomous isolation (ubuntu)	Install pinned Go toolchain	2026-09-16T13:53:17.5167086Z /home/runner/.cache/go-build
TaskMesh autonomous isolation (ubuntu)	Install pinned Go toolchain	2026-09-16T13:53:17.7934426Z Cache hit for: setup-go-Linux-x64-ubuntu24-go-1.25.0-177c9a629613f64b62ff3bce8b5249e61de06089c1d63967a2ef301279610df5
TaskMesh autonomous isolation (ubuntu)	Install pinned Go toolchain	2026-09-16T13:53:19.1109182Z Received 0 of 104912598 (0.0%), 0.0 MBs/sec
TaskMesh autonomous isolation (ubuntu)	Install pinned Go toolchain	2026-09-16T13:53:20.1164201Z Received 100718294 of 104912598 (96.0%), 48.0 MBs/sec
TaskMesh autonomous isolation (ubuntu)	Install pinned Go toolchain	2026-09-16T13:53:20.1571978Z Received 104912598 of 104912598 (100.0%), 48.9 MBs/sec
TaskMesh autonomous isolation (ubuntu)	Install pinned Go toolchain	2026-09-16T13:53:20.1573753Z Cache Size: ~100 MB (104912598 B)
TaskMesh autonomous isolation (ubuntu)	Install pinned Go toolchain	2026-09-16T13:53:20.1629593Z [command]/usr/bin/tar -xf /home/runner/work/_temp/19b72b36-371e-4589-a828-d676b47da41e/cache.tzst -P -C /home/runner/work/task-spec/task-spec --use-compress-program unzstd
TaskMesh autonomous isolation (ubuntu)	Install pinned Go toolchain	2026-09-16T13:53:21.3409195Z Cache restored successfully
TaskMesh autonomous isolation (ubuntu)	Install pinned Go toolchain	2026-09-16T13:53:21.3484944Z Cache restored from key: setup-go-Linux-x64-ubuntu24-go-1.25.0-177c9a629613f64b62ff3bce8b5249e61de06089c1d63967a2ef301279610df5
TaskMesh autonomous isolation (ubuntu)	Install pinned Go toolchain	2026-09-16T13:53:21.3518981Z go version go1.25.0 linux/amd64
TaskMesh autonomous isolation (ubuntu)	Install pinned Go toolchain	2026-09-16T13:53:21.3519317Z 
TaskMesh autonomous isolation (ubuntu)	Install pinned Go toolchain	2026-09-16T13:53:21.3519786Z ##[group]go env
TaskMesh autonomous isolation (ubuntu)	Install pinned Go toolchain	2026-09-16T13:53:21.6786455Z AR='ar'
TaskMesh autonomous isolation (ubuntu)	Install pinned Go toolchain	2026-09-16T13:53:21.6787171Z CC='gcc'
TaskMesh autonomous isolation (ubuntu)	Install pinned Go toolchain	2026-09-16T13:53:21.6788056Z CGO_CFLAGS='-O2 -g'
TaskMesh autonomous isolation (ubuntu)	Install pinned Go toolchain	2026-09-16T13:53:21.6788812Z CGO_CPPFLAGS=''
TaskMesh autonomous isolation (ubuntu)	Install pinned Go toolchain	2026-09-16T13:53:21.6789379Z CGO_CXXFLAGS='-O2 -g'
TaskMesh autonomous isolation (ubuntu)	Install pinned Go toolchain	2026-09-16T13:53:21.6789961Z CGO_ENABLED='1'
TaskMesh autonomous isolation (ubuntu)	Install pinned Go toolchain	2026-09-16T13:53:21.6790481Z CGO_FFLAGS='-O2 -g'
TaskMesh autonomous isolation (ubuntu)	Install pinned Go toolchain	2026-09-16T13:53:21.6791037Z CGO_LDFLAGS='-O2 -g'
TaskMesh autonomous isolation (ubuntu)	Install pinned Go toolchain	2026-09-16T13:53:21.6791563Z CXX='g++'
TaskMesh autonomous isolation (ubuntu)	Install pinned Go toolchain	2026-09-16T13:53:21.6792131Z GCCGO='gccgo'
TaskMesh autonomous isolation (ubuntu)	Install pinned Go toolchain	2026-09-16T13:53:21.6792641Z GO111MODULE=''
TaskMesh autonomous isolation (ubuntu)	Install pinned Go toolchain	2026-09-16T13:53:21.6793453Z GOAMD64='v1'
TaskMesh autonomous isolation (ubuntu)	Install pinned Go toolchain	2026-09-16T13:53:21.6794034Z GOARCH='amd64'
TaskMesh autonomous isolation (ubuntu)	Install pinned Go toolchain	2026-09-16T13:53:21.6795013Z GOAUTH='netrc'
TaskMesh autonomous isolation (ubuntu)	Install pinned Go toolchain	2026-09-16T13:53:21.6795531Z GOBIN=''
TaskMesh autonomous isolation (ubuntu)	Install pinned Go toolchain	2026-09-16T13:53:21.6796089Z GOCACHE='/home/runner/.cache/go-build'
TaskMesh autonomous isolation (ubuntu)	Install pinned Go toolchain	2026-09-16T13:53:21.6796728Z GOCACHEPROG=''
TaskMesh autonomous isolation (ubuntu)	Install pinned Go toolchain	2026-09-16T13:53:21.6797254Z GODEBUG=''
TaskMesh autonomous isolation (ubuntu)	Install pinned Go toolchain	2026-09-16T13:53:21.6797800Z GOENV='/home/runner/.config/go/env'
TaskMesh autonomous isolation (ubuntu)	Install pinned Go toolchain	2026-09-16T13:53:21.6798399Z GOEXE=''
TaskMesh autonomous isolation (ubuntu)	Install pinned Go toolchain	2026-09-16T13:53:21.6798899Z GOEXPERIMENT=''
TaskMesh autonomous isolation (ubuntu)	Install pinned Go toolchain	2026-09-16T13:53:21.6799423Z GOFIPS140='off'
TaskMesh autonomous isolation (ubuntu)	Install pinned Go toolchain	2026-09-16T13:53:21.6799955Z GOFLAGS=''
TaskMesh autonomous isolation (ubuntu)	Install pinned Go toolchain	2026-09-16T13:53:21.6801251Z GOGCCFLAGS='-fPIC -m64 -pthread -Wl,--no-gc-sections -fmessage-length=0 -ffile-prefix-map=/tmp/go-build2450641707=/tmp/go-build -gno-record-gcc-switches'
TaskMesh autonomous isolation (ubuntu)	Install pinned Go toolchain	2026-09-16T13:53:21.6802610Z GOHOSTARCH='amd64'
TaskMesh autonomous isolation (ubuntu)	Install pinned Go toolchain	2026-09-16T13:53:21.6803458Z GOHOSTOS='linux'
TaskMesh autonomous isolation (ubuntu)	Install pinned Go toolchain	2026-09-16T13:53:21.6804035Z GOINSECURE=''
TaskMesh autonomous isolation (ubuntu)	Install pinned Go toolchain	2026-09-16T13:53:21.6804725Z GOMOD='/home/runner/work/task-spec/task-spec/go.mod'
TaskMesh autonomous isolation (ubuntu)	Install pinned Go toolchain	2026-09-16T13:53:21.6805798Z GOMODCACHE='/home/runner/go/pkg/mod'
TaskMesh autonomous isolation (ubuntu)	Install pinned Go toolchain	2026-09-16T13:53:21.6806540Z GONOPROXY=''
TaskMesh autonomous isolation (ubuntu)	Install pinned Go toolchain	2026-09-16T13:53:21.6807052Z GONOSUMDB=''
TaskMesh autonomous isolation (ubuntu)	Install pinned Go toolchain	2026-09-16T13:53:21.6807622Z GOOS='linux'
TaskMesh autonomous isolation (ubuntu)	Install pinned Go toolchain	2026-09-16T13:53:21.6808207Z GOPATH='/home/runner/go'
TaskMesh autonomous isolation (ubuntu)	Install pinned Go toolchain	2026-09-16T13:53:21.6808847Z GOPRIVATE=''
TaskMesh autonomous isolation (ubuntu)	Install pinned Go toolchain	2026-09-16T13:53:21.6809498Z GOPROXY='https://proxy.golang.org,direct'
TaskMesh autonomous isolation (ubuntu)	Install pinned Go toolchain	2026-09-16T13:53:21.6810259Z GOROOT='/opt/hostedtoolcache/go/1.25.0/x64'
TaskMesh autonomous isolation (ubuntu)	Install pinned Go toolchain	2026-09-16T13:53:21.6811036Z GOSUMDB='sum.golang.org'
TaskMesh autonomous isolation (ubuntu)	Install pinned Go toolchain	2026-09-16T13:53:21.6811644Z GOTELEMETRY='local'
TaskMesh autonomous isolation (ubuntu)	Install pinned Go toolchain	2026-09-16T13:53:21.6812283Z GOTELEMETRYDIR='/home/runner/.config/go/telemetry'
TaskMesh autonomous isolation (ubuntu)	Install pinned Go toolchain	2026-09-16T13:53:21.6812988Z GOTMPDIR=''
TaskMesh autonomous isolation (ubuntu)	Install pinned Go toolchain	2026-09-16T13:53:21.6813822Z GOTOOLCHAIN='local'
TaskMesh autonomous isolation (ubuntu)	Install pinned Go toolchain	2026-09-16T13:53:21.6814628Z GOTOOLDIR='/opt/hostedtoolcache/go/1.25.0/x64/pkg/tool/linux_amd64'
TaskMesh autonomous isolation (ubuntu)	Install pinned Go toolchain	2026-09-16T13:53:21.6815466Z GOVCS=''
TaskMesh autonomous isolation (ubuntu)	Install pinned Go toolchain	2026-09-16T13:53:21.6815982Z GOVERSION='go1.25.0'
TaskMesh autonomous isolation (ubuntu)	Install pinned Go toolchain	2026-09-16T13:53:21.6816509Z GOWORK=''
TaskMesh autonomous isolation (ubuntu)	Install pinned Go toolchain	2026-09-16T13:53:21.6817010Z PKG_CONFIG='pkg-config'
TaskMesh autonomous isolation (ubuntu)	Install pinned Go toolchain	2026-09-16T13:53:21.6817414Z 
TaskMesh autonomous isolation (ubuntu)	Install pinned Go toolchain	2026-09-16T13:53:21.6818153Z ##[endgroup]
TaskMesh autonomous isolation (ubuntu)	Require live Docker isolation proof	﻿2026-09-16T13:53:21.6990491Z ##[group]Run bash tests/test-mesh-isolation.sh
TaskMesh autonomous isolation (ubuntu)	Require live Docker isolation proof	2026-09-16T13:53:21.6990942Z [36;1mbash tests/test-mesh-isolation.sh[0m
TaskMesh autonomous isolation (ubuntu)	Require live Docker isolation proof	2026-09-16T13:53:21.6991300Z [36;1mbash tests/test-toolkit-attested.sh[0m
TaskMesh autonomous isolation (ubuntu)	Require live Docker isolation proof	2026-09-16T13:53:21.7033970Z shell: /usr/bin/bash -e {0}
TaskMesh autonomous isolation (ubuntu)	Require live Docker isolation proof	2026-09-16T13:53:21.7034261Z env:
TaskMesh autonomous isolation (ubuntu)	Require live Docker isolation proof	2026-09-16T13:53:21.7034465Z   GOTOOLCHAIN: local
TaskMesh autonomous isolation (ubuntu)	Require live Docker isolation proof	2026-09-16T13:53:21.7034710Z   TASKSPEC_REQUIRE_MESH_ISOLATION: 1
TaskMesh autonomous isolation (ubuntu)	Require live Docker isolation proof	2026-09-16T13:53:21.7034973Z ##[endgroup]
TaskMesh autonomous isolation (ubuntu)	Require live Docker isolation proof	2026-09-16T13:54:05.5322895Z MESH_ISOLATION=READY
TaskMesh autonomous isolation (ubuntu)	Require live Docker isolation proof	2026-09-16T13:54:22.0913148Z TOOLKIT_ATTESTED=PASS two rounds, distinct revoked credentials, signed evidence, canonical acceptance
TaskMesh autonomous isolation (ubuntu)	Require live Docker isolation proof	2026-09-16T13:54:29.6184704Z MESH_ISOLATION=READY
TaskMesh autonomous isolation (ubuntu)	Post Install pinned Go toolchain	﻿2026-09-16T13:54:29.6440031Z Post job cleanup.
TaskMesh autonomous isolation (ubuntu)	Post Install pinned Go toolchain	2026-09-16T13:54:29.7760095Z [command]/opt/hostedtoolcache/go/1.25.0/x64/bin/go env GOMODCACHE
TaskMesh autonomous isolation (ubuntu)	Post Install pinned Go toolchain	2026-09-16T13:54:29.7844460Z [command]/opt/hostedtoolcache/go/1.25.0/x64/bin/go env GOCACHE
TaskMesh autonomous isolation (ubuntu)	Post Install pinned Go toolchain	2026-09-16T13:54:29.7915993Z /home/runner/go/pkg/mod
TaskMesh autonomous isolation (ubuntu)	Post Install pinned Go toolchain	2026-09-16T13:54:29.7933836Z /home/runner/.cache/go-build
TaskMesh autonomous isolation (ubuntu)	Post Install pinned Go toolchain	2026-09-16T13:54:29.7935226Z Cache hit occurred on the primary key setup-go-Linux-x64-ubuntu24-go-1.25.0-177c9a629613f64b62ff3bce8b5249e61de06089c1d63967a2ef301279610df5, not saving cache.
TaskMesh autonomous isolation (ubuntu)	Post Checkout	﻿2026-09-16T13:54:29.8232672Z Post job cleanup.
TaskMesh autonomous isolation (ubuntu)	Post Checkout	2026-09-16T13:54:29.9193958Z [command]/usr/bin/git version
TaskMesh autonomous isolation (ubuntu)	Post Checkout	2026-09-16T13:54:29.9246319Z git version 2.55.0
TaskMesh autonomous isolation (ubuntu)	Post Checkout	2026-09-16T13:54:29.9313074Z Temporarily overriding HOME='/home/runner/work/_temp/a9f67b63-3767-4aa0-8874-ea2cd542c0bf' before making global git config changes
TaskMesh autonomous isolation (ubuntu)	Post Checkout	2026-09-16T13:54:29.9323686Z Adding repository directory to the temporary git global config as a safe directory
TaskMesh autonomous isolation (ubuntu)	Post Checkout	2026-09-16T13:54:29.9333995Z [command]/usr/bin/git config --global --add safe.directory /home/runner/work/task-spec/task-spec
TaskMesh autonomous isolation (ubuntu)	Post Checkout	2026-09-16T13:54:29.9434011Z Removing SSH command configuration
TaskMesh autonomous isolation (ubuntu)	Post Checkout	2026-09-16T13:54:29.9440346Z [command]/usr/bin/git config --local --name-only --get-regexp core\.sshCommand
TaskMesh autonomous isolation (ubuntu)	Post Checkout	2026-09-16T13:54:29.9514745Z [command]/usr/bin/git submodule foreach --recursive sh -c "git config --local --name-only --get-regexp 'core\.sshCommand' && git config --local --unset-all 'core.sshCommand' || :"
TaskMesh autonomous isolation (ubuntu)	Post Checkout	2026-09-16T13:54:30.0152583Z Removing HTTP extra header
TaskMesh autonomous isolation (ubuntu)	Post Checkout	2026-09-16T13:54:30.0164326Z [command]/usr/bin/git config --local --name-only --get-regexp http\.https\:\/\/github\.com\/\.extraheader
TaskMesh autonomous isolation (ubuntu)	Post Checkout	2026-09-16T13:54:30.0225048Z [command]/usr/bin/git submodule foreach --recursive sh -c "git config --local --name-only --get-regexp 'http\.https\:\/\/github\.com\/\.extraheader' && git config --local --unset-all 'http.https://github.com/.extraheader' || :"
TaskMesh autonomous isolation (ubuntu)	Post Checkout	2026-09-16T13:54:30.0945741Z Removing includeIf entries pointing to credentials config files
TaskMesh autonomous isolation (ubuntu)	Post Checkout	2026-09-16T13:54:30.0964100Z [command]/usr/bin/git config --local --name-only --get-regexp ^includeIf\.gitdir:
TaskMesh autonomous isolation (ubuntu)	Post Checkout	2026-09-16T13:54:30.1024380Z [command]/usr/bin/git submodule foreach --recursive git config --local --show-origin --name-only --get-regexp remote.origin.url
TaskMesh autonomous isolation (ubuntu)	Complete job	﻿2026-09-16T13:54:30.1625020Z Cleaning up orphan processes
make check (macos-latest)	Set up job	﻿2026-09-16T13:53:05.6127430Z Current runner version: '2.337.0'
make check (macos-latest)	Set up job	2026-09-16T13:53:05.6175970Z ##[group]Runner Image Provisioner
make check (macos-latest)	Set up job	2026-09-16T13:53:05.6176860Z Hosted Compute Agent
make check (macos-latest)	Set up job	2026-09-16T13:53:05.6177300Z Version: 20260828.587
make check (macos-latest)	Set up job	2026-09-16T13:53:05.6177740Z Commit: abac92662cab4cc7352de4f9f9d2e2419aad9c29
make check (macos-latest)	Set up job	2026-09-16T13:53:05.6178280Z Build Date: 2026-08-28T16:44:25Z
make check (macos-latest)	Set up job	2026-09-16T13:53:05.6178780Z Worker ID: {2817f3e5-6b7d-4762-a15d-c439cb31f58f}
make check (macos-latest)	Set up job	2026-09-16T13:53:05.6179340Z Azure Region: westus
make check (macos-latest)	Set up job	2026-09-16T13:53:05.6179720Z ##[endgroup]
make check (macos-latest)	Set up job	2026-09-16T13:53:05.6180730Z ##[group]Operating System
make check (macos-latest)	Set up job	2026-09-16T13:53:05.6181180Z macOS
make check (macos-latest)	Set up job	2026-09-16T13:53:05.6181590Z 26.6.2
make check (macos-latest)	Set up job	2026-09-16T13:53:05.6181920Z 25G83
make check (macos-latest)	Set up job	2026-09-16T13:53:05.6182270Z ##[endgroup]
make check (macos-latest)	Set up job	2026-09-16T13:53:05.6182710Z ##[group]Runner Image
make check (macos-latest)	Set up job	2026-09-16T13:53:05.6183130Z Image: macos-26-arm64
make check (macos-latest)	Set up job	2026-09-16T13:53:05.6183510Z Version: 20260907.0351.1
make check (macos-latest)	Set up job	2026-09-16T13:53:05.6184260Z Included Software: https://github.com/actions/runner-images/blob/macos-26-arm64/20260907.0351/images/macos/macos-26-arm64-Readme.md
make check (macos-latest)	Set up job	2026-09-16T13:53:05.6185460Z Image Release: https://github.com/actions/runner-images/releases/tag/macos-26-arm64%2F20260907.0351
make check (macos-latest)	Set up job	2026-09-16T13:53:05.6186110Z ##[endgroup]
make check (macos-latest)	Set up job	2026-09-16T13:53:05.6186900Z ##[group]GITHUB_TOKEN Permissions
make check (macos-latest)	Set up job	2026-09-16T13:53:05.6188310Z Contents: read
make check (macos-latest)	Set up job	2026-09-16T13:53:05.6188670Z Metadata: read
make check (macos-latest)	Set up job	2026-09-16T13:53:05.6189020Z ##[endgroup]
make check (macos-latest)	Set up job	2026-09-16T13:53:05.6190570Z Secret source: Actions
make check (macos-latest)	Set up job	2026-09-16T13:53:05.6191310Z Cache mode: write
make check (macos-latest)	Set up job	2026-09-16T13:53:05.6191860Z Prepare workflow directory
make check (macos-latest)	Set up job	2026-09-16T13:53:05.6488820Z Prepare all required actions
make check (macos-latest)	Set up job	2026-09-16T13:53:05.6547040Z Getting action download info
make check (macos-latest)	Set up job	2026-09-16T13:53:06.1341750Z Download action repository 'actions/checkout@3d3c42e5aac5ba805825da76410c181273ba90b1' (SHA:3d3c42e5aac5ba805825da76410c181273ba90b1)
make check (macos-latest)	Set up job	2026-09-16T13:53:06.4189090Z Download action repository 'actions/setup-go@b7ad1dad31e06c5925ef5d2fc7ad053ef454303e' (SHA:b7ad1dad31e06c5925ef5d2fc7ad053ef454303e)
make check (macos-latest)	Set up job	2026-09-16T13:53:07.0989580Z Complete job name: make check (macos-latest)
make check (macos-latest)	Checkout	﻿2026-09-16T13:53:07.1579680Z ##[group]Run actions/checkout@3d3c42e5aac5ba805825da76410c181273ba90b1
make check (macos-latest)	Checkout	2026-09-16T13:53:07.1580520Z with:
make check (macos-latest)	Checkout	2026-09-16T13:53:07.1580850Z   persist-credentials: false
make check (macos-latest)	Checkout	2026-09-16T13:53:07.1581250Z   repository: luanmorenommaciel/task-spec
make check (macos-latest)	Checkout	2026-09-16T13:53:07.1584090Z   token: ***
make check (macos-latest)	Checkout	2026-09-16T13:53:07.1584400Z   ssh-strict: true
make check (macos-latest)	Checkout	2026-09-16T13:53:07.1584710Z   ssh-user: git
make check (macos-latest)	Checkout	2026-09-16T13:53:07.1585040Z   clean: true
make check (macos-latest)	Checkout	2026-09-16T13:53:07.1585450Z   sparse-checkout-cone-mode: true
make check (macos-latest)	Checkout	2026-09-16T13:53:07.1585830Z   fetch-depth: 1
make check (macos-latest)	Checkout	2026-09-16T13:53:07.1586180Z   fetch-tags: false
make check (macos-latest)	Checkout	2026-09-16T13:53:07.1586560Z   show-progress: true
make check (macos-latest)	Checkout	2026-09-16T13:53:07.1586890Z   lfs: false
make check (macos-latest)	Checkout	2026-09-16T13:53:07.1587270Z   submodules: false
make check (macos-latest)	Checkout	2026-09-16T13:53:07.1587630Z   set-safe-directory: true
make check (macos-latest)	Checkout	2026-09-16T13:53:07.1588070Z   allow-unsafe-pr-checkout: false
make check (macos-latest)	Checkout	2026-09-16T13:53:07.1588740Z ##[endgroup]
make check (macos-latest)	Checkout	2026-09-16T13:53:07.6669130Z Syncing repository: luanmorenommaciel/task-spec
make check (macos-latest)	Checkout	2026-09-16T13:53:07.6671390Z ##[group]Getting Git version info
make check (macos-latest)	Checkout	2026-09-16T13:53:07.6672240Z Working directory is '/Users/runner/work/task-spec/task-spec'
make check (macos-latest)	Checkout	2026-09-16T13:53:07.6673110Z [command]/opt/homebrew/bin/git version
make check (macos-latest)	Checkout	2026-09-16T13:53:07.7291520Z git version 2.55.0
make check (macos-latest)	Checkout	2026-09-16T13:53:07.7320810Z ##[endgroup]
make check (macos-latest)	Checkout	2026-09-16T13:53:07.7331730Z Copying '/Users/runner/.gitconfig' to '/Users/runner/work/_temp/7ff4f79a-eb15-49dc-b07c-66bb8ca32266/.gitconfig'
make check (macos-latest)	Checkout	2026-09-16T13:53:07.7337500Z Temporarily overriding HOME='/Users/runner/work/_temp/7ff4f79a-eb15-49dc-b07c-66bb8ca32266' before making global git config changes
make check (macos-latest)	Checkout	2026-09-16T13:53:07.7342420Z Adding repository directory to the temporary git global config as a safe directory
make check (macos-latest)	Checkout	2026-09-16T13:53:07.7345270Z [command]/opt/homebrew/bin/git config --global --add safe.directory /Users/runner/work/task-spec/task-spec
make check (macos-latest)	Checkout	2026-09-16T13:53:07.7528520Z Deleting the contents of '/Users/runner/work/task-spec/task-spec'
make check (macos-latest)	Checkout	2026-09-16T13:53:07.7530140Z ##[group]Determining repository object format
make check (macos-latest)	Checkout	2026-09-16T13:53:07.7531860Z ##[endgroup]
make check (macos-latest)	Checkout	2026-09-16T13:53:07.7613460Z ##[group]Initializing the repository
make check (macos-latest)	Checkout	2026-09-16T13:53:07.7697010Z [command]/opt/homebrew/bin/git init /Users/runner/work/task-spec/task-spec
make check (macos-latest)	Checkout	2026-09-16T13:53:07.7954970Z hint: Using 'master' as the name for the initial branch. This default branch name
make check (macos-latest)	Checkout	2026-09-16T13:53:07.7958010Z hint: will change to "main" in Git 3.0. To configure the initial branch name
make check (macos-latest)	Checkout	2026-09-16T13:53:07.7960400Z hint: to use in all of your new repositories, which will suppress this warning,
make check (macos-latest)	Checkout	2026-09-16T13:53:07.7962270Z hint: call:
make check (macos-latest)	Checkout	2026-09-16T13:53:07.7963420Z hint:
make check (macos-latest)	Checkout	2026-09-16T13:53:07.7964670Z hint: 	git config --global init.defaultBranch <name>
make check (macos-latest)	Checkout	2026-09-16T13:53:07.7966110Z hint:
make check (macos-latest)	Checkout	2026-09-16T13:53:07.7999290Z hint: Names commonly chosen instead of 'master' are 'main', 'trunk' and
make check (macos-latest)	Checkout	2026-09-16T13:53:07.8001600Z hint: 'development'. The just-created branch can be renamed via this command:
make check (macos-latest)	Checkout	2026-09-16T13:53:07.8003280Z hint:
make check (macos-latest)	Checkout	2026-09-16T13:53:07.8004400Z hint: 	git branch -m <name>
make check (macos-latest)	Checkout	2026-09-16T13:53:07.8005620Z hint:
make check (macos-latest)	Checkout	2026-09-16T13:53:07.8007250Z hint: Disable this message with "git config set advice.defaultBranchName false"
make check (macos-latest)	Checkout	2026-09-16T13:53:07.8009690Z Initialized empty Git repository in /Users/runner/work/task-spec/task-spec/.git/
make check (macos-latest)	Checkout	2026-09-16T13:53:07.8014470Z [command]/opt/homebrew/bin/git remote add origin https://github.com/luanmorenommaciel/task-spec
make check (macos-latest)	Checkout	2026-09-16T13:53:07.8083840Z ##[endgroup]
make check (macos-latest)	Checkout	2026-09-16T13:53:07.8086150Z ##[group]Disabling automatic garbage collection
make check (macos-latest)	Checkout	2026-09-16T13:53:07.8087930Z [command]/opt/homebrew/bin/git config --local gc.auto 0
make check (macos-latest)	Checkout	2026-09-16T13:53:07.8197600Z ##[endgroup]
make check (macos-latest)	Checkout	2026-09-16T13:53:07.8198440Z ##[group]Setting up auth
make check (macos-latest)	Checkout	2026-09-16T13:53:07.8199140Z Removing SSH command configuration
make check (macos-latest)	Checkout	2026-09-16T13:53:07.8205570Z [command]/opt/homebrew/bin/git config --local --name-only --get-regexp core\.sshCommand
make check (macos-latest)	Checkout	2026-09-16T13:53:07.8295620Z [command]/opt/homebrew/bin/git submodule foreach --recursive sh -c "git config --local --name-only --get-regexp 'core\.sshCommand' && git config --local --unset-all 'core.sshCommand' || :"
make check (macos-latest)	Checkout	2026-09-16T13:53:07.9668910Z Removing HTTP extra header
make check (macos-latest)	Checkout	2026-09-16T13:53:07.9671450Z [command]/opt/homebrew/bin/git config --local --name-only --get-regexp http\.https\:\/\/github\.com\/\.extraheader
make check (macos-latest)	Checkout	2026-09-16T13:53:07.9760810Z [command]/opt/homebrew/bin/git submodule foreach --recursive sh -c "git config --local --name-only --get-regexp 'http\.https\:\/\/github\.com\/\.extraheader' && git config --local --unset-all 'http.https://github.com/.extraheader' || :"
make check (macos-latest)	Checkout	2026-09-16T13:53:08.0723180Z Removing includeIf entries pointing to credentials config files
make check (macos-latest)	Checkout	2026-09-16T13:53:08.0728470Z [command]/opt/homebrew/bin/git config --local --name-only --get-regexp ^includeIf\.gitdir:
make check (macos-latest)	Checkout	2026-09-16T13:53:08.1115770Z [command]/opt/homebrew/bin/git submodule foreach --recursive git config --local --show-origin --name-only --get-regexp remote.origin.url
make check (macos-latest)	Checkout	2026-09-16T13:53:08.3033210Z [command]/opt/homebrew/bin/git config --file /Users/runner/work/_temp/git-credentials-fd7e6c0e-75b4-473b-bd90-3e10801e5c64.config http.https://github.com/.extraheader AUTHORIZATION: basic ***
make check (macos-latest)	Checkout	2026-09-16T13:53:08.3189260Z [command]/opt/homebrew/bin/git config --local includeIf.gitdir:/Users/runner/work/task-spec/task-spec/.git.path /Users/runner/work/_temp/git-credentials-fd7e6c0e-75b4-473b-bd90-3e10801e5c64.config
make check (macos-latest)	Checkout	2026-09-16T13:53:08.3228200Z [command]/opt/homebrew/bin/git config --local includeIf.gitdir:/Users/runner/work/task-spec/task-spec/.git/worktrees/*.path /Users/runner/work/_temp/git-credentials-fd7e6c0e-75b4-473b-bd90-3e10801e5c64.config
make check (macos-latest)	Checkout	2026-09-16T13:53:08.3240110Z [command]/opt/homebrew/bin/git config --local includeIf.gitdir:/github/workspace/.git.path /github/runner_temp/git-credentials-fd7e6c0e-75b4-473b-bd90-3e10801e5c64.config
make check (macos-latest)	Checkout	2026-09-16T13:53:08.3242920Z [command]/opt/homebrew/bin/git config --local includeIf.gitdir:/github/workspace/.git/worktrees/*.path /github/runner_temp/git-credentials-fd7e6c0e-75b4-473b-bd90-3e10801e5c64.config
make check (macos-latest)	Checkout	2026-09-16T13:53:08.3289770Z ##[endgroup]
make check (macos-latest)	Checkout	2026-09-16T13:53:08.3304180Z ##[group]Fetching the repository
make check (macos-latest)	Checkout	2026-09-16T13:53:08.3312730Z [command]/opt/homebrew/bin/git -c protocol.version=2 fetch --no-tags --prune --no-recurse-submodules --depth=1 origin +97c9274f2027cd34bdd5b17e55995084292f59d7:refs/remotes/origin/main
make check (macos-latest)	Checkout	2026-09-16T13:53:13.1481780Z From https://github.com/luanmorenommaciel/task-spec
make check (macos-latest)	Checkout	2026-09-16T13:53:13.1483820Z  * [new ref]         97c9274f2027cd34bdd5b17e55995084292f59d7 -> origin/main
make check (macos-latest)	Checkout	2026-09-16T13:53:13.1489710Z [command]/opt/homebrew/bin/git branch --list --remote origin/main
make check (macos-latest)	Checkout	2026-09-16T13:53:13.1610710Z   origin/main
make check (macos-latest)	Checkout	2026-09-16T13:53:13.1620870Z [command]/opt/homebrew/bin/git rev-parse refs/remotes/origin/main
make check (macos-latest)	Checkout	2026-09-16T13:53:13.1701250Z 97c9274f2027cd34bdd5b17e55995084292f59d7
make check (macos-latest)	Checkout	2026-09-16T13:53:13.1709230Z ##[endgroup]
make check (macos-latest)	Checkout	2026-09-16T13:53:13.1713800Z ##[group]Determining the checkout info
make check (macos-latest)	Checkout	2026-09-16T13:53:13.1715270Z ##[endgroup]
make check (macos-latest)	Checkout	2026-09-16T13:53:13.1716450Z [command]/opt/homebrew/bin/git sparse-checkout disable
make check (macos-latest)	Checkout	2026-09-16T13:53:13.1837900Z [command]/opt/homebrew/bin/git config --local --unset-all extensions.worktreeConfig
make check (macos-latest)	Checkout	2026-09-16T13:53:13.1925980Z ##[group]Checking out the ref
make check (macos-latest)	Checkout	2026-09-16T13:53:13.1929750Z [command]/opt/homebrew/bin/git checkout --progress --force -B main refs/remotes/origin/main
make check (macos-latest)	Checkout	2026-09-16T13:53:14.3624680Z Updating files:  82% (4418/5335)
make check (macos-latest)	Checkout	2026-09-16T13:53:14.3877080Z Updating files:  83% (4429/5335)
make check (macos-latest)	Checkout	2026-09-16T13:53:14.4181850Z Updating files:  84% (4482/5335)
make check (macos-latest)	Checkout	2026-09-16T13:53:14.4871490Z Updating files:  85% (4535/5335)
make check (macos-latest)	Checkout	2026-09-16T13:53:14.4973650Z Updating files:  86% (4589/5335)
make check (macos-latest)	Checkout	2026-09-16T13:53:14.5039770Z Updating files:  87% (4642/5335)
make check (macos-latest)	Checkout	2026-09-16T13:53:14.5116440Z Updating files:  88% (4695/5335)
make check (macos-latest)	Checkout	2026-09-16T13:53:14.5208570Z Updating files:  89% (4749/5335)
make check (macos-latest)	Checkout	2026-09-16T13:53:14.5296620Z Updating files:  90% (4802/5335)
make check (macos-latest)	Checkout	2026-09-16T13:53:14.5373900Z Updating files:  91% (4855/5335)
make check (macos-latest)	Checkout	2026-09-16T13:53:14.5542860Z Updating files:  92% (4909/5335)
make check (macos-latest)	Checkout	2026-09-16T13:53:14.5628690Z Updating files:  93% (4962/5335)
make check (macos-latest)	Checkout	2026-09-16T13:53:14.5746120Z Updating files:  94% (5015/5335)
make check (macos-latest)	Checkout	2026-09-16T13:53:14.5827160Z Updating files:  95% (5069/5335)
make check (macos-latest)	Checkout	2026-09-16T13:53:14.5901110Z Updating files:  96% (5122/5335)
make check (macos-latest)	Checkout	2026-09-16T13:53:14.6001450Z Updating files:  97% (5175/5335)
make check (macos-latest)	Checkout	2026-09-16T13:53:14.6076530Z Updating files:  98% (5229/5335)
make check (macos-latest)	Checkout	2026-09-16T13:53:14.6142980Z Updating files:  99% (5282/5335)
make check (macos-latest)	Checkout	2026-09-16T13:53:14.6145380Z Updating files: 100% (5335/5335)
make check (macos-latest)	Checkout	2026-09-16T13:53:14.6145990Z Updating files: 100% (5335/5335), done.
make check (macos-latest)	Checkout	2026-09-16T13:53:14.6431100Z Switched to a new branch 'main'
make check (macos-latest)	Checkout	2026-09-16T13:53:14.6545140Z branch 'main' set up to track 'origin/main'.
make check (macos-latest)	Checkout	2026-09-16T13:53:14.6584360Z ##[endgroup]
make check (macos-latest)	Checkout	2026-09-16T13:53:14.6806160Z [command]/opt/homebrew/bin/git log -1 --format=%H
make check (macos-latest)	Checkout	2026-09-16T13:53:14.6988450Z 97c9274f2027cd34bdd5b17e55995084292f59d7
make check (macos-latest)	Checkout	2026-09-16T13:53:14.7000530Z ##[group]Removing auth
make check (macos-latest)	Checkout	2026-09-16T13:53:14.7001260Z Removing SSH command configuration
make check (macos-latest)	Checkout	2026-09-16T13:53:14.7005130Z [command]/opt/homebrew/bin/git config --local --name-only --get-regexp core\.sshCommand
make check (macos-latest)	Checkout	2026-09-16T13:53:14.7178600Z [command]/opt/homebrew/bin/git submodule foreach --recursive sh -c "git config --local --name-only --get-regexp 'core\.sshCommand' && git config --local --unset-all 'core.sshCommand' || :"
make check (macos-latest)	Checkout	2026-09-16T13:53:14.9065130Z Removing HTTP extra header
make check (macos-latest)	Checkout	2026-09-16T13:53:14.9067160Z [command]/opt/homebrew/bin/git config --local --name-only --get-regexp http\.https\:\/\/github\.com\/\.extraheader
make check (macos-latest)	Checkout	2026-09-16T13:53:14.9135360Z [command]/opt/homebrew/bin/git submodule foreach --recursive sh -c "git config --local --name-only --get-regexp 'http\.https\:\/\/github\.com\/\.extraheader' && git config --local --unset-all 'http.https://github.com/.extraheader' || :"
make check (macos-latest)	Checkout	2026-09-16T13:53:15.0865700Z Removing includeIf entries pointing to credentials config files
make check (macos-latest)	Checkout	2026-09-16T13:53:15.0967270Z [command]/opt/homebrew/bin/git config --local --name-only --get-regexp ^includeIf\.gitdir:
make check (macos-latest)	Checkout	2026-09-16T13:53:15.1075580Z includeif.gitdir:/Users/runner/work/task-spec/task-spec/.git.path
make check (macos-latest)	Checkout	2026-09-16T13:53:15.1184930Z includeif.gitdir:/Users/runner/work/task-spec/task-spec/.git/worktrees/*.path
make check (macos-latest)	Checkout	2026-09-16T13:53:15.1286610Z includeif.gitdir:/github/workspace/.git.path
make check (macos-latest)	Checkout	2026-09-16T13:53:15.1394700Z includeif.gitdir:/github/workspace/.git/worktrees/*.path
make check (macos-latest)	Checkout	2026-09-16T13:53:15.1685910Z [command]/opt/homebrew/bin/git config --local --get-all includeif.gitdir:/Users/runner/work/task-spec/task-spec/.git.path
make check (macos-latest)	Checkout	2026-09-16T13:53:15.1711480Z /Users/runner/work/_temp/git-credentials-fd7e6c0e-75b4-473b-bd90-3e10801e5c64.config
make check (macos-latest)	Checkout	2026-09-16T13:53:15.1740340Z [command]/opt/homebrew/bin/git config --local --unset includeif.gitdir:/Users/runner/work/task-spec/task-spec/.git.path \/Users\/runner\/work\/_temp\/git\-credentials\-fd7e6c0e\-75b4\-473b\-bd90\-3e10801e5c64\.config
make check (macos-latest)	Checkout	2026-09-16T13:53:15.1828040Z [command]/opt/homebrew/bin/git config --local --get-all includeif.gitdir:/Users/runner/work/task-spec/task-spec/.git/worktrees/*.path
make check (macos-latest)	Checkout	2026-09-16T13:53:15.1833110Z /Users/runner/work/_temp/git-credentials-fd7e6c0e-75b4-473b-bd90-3e10801e5c64.config
make check (macos-latest)	Checkout	2026-09-16T13:53:15.1863010Z [command]/opt/homebrew/bin/git config --local --unset includeif.gitdir:/Users/runner/work/task-spec/task-spec/.git/worktrees/*.path \/Users\/runner\/work\/_temp\/git\-credentials\-fd7e6c0e\-75b4\-473b\-bd90\-3e10801e5c64\.config
make check (macos-latest)	Checkout	2026-09-16T13:53:15.1867920Z [command]/opt/homebrew/bin/git config --local --get-all includeif.gitdir:/github/workspace/.git.path
make check (macos-latest)	Checkout	2026-09-16T13:53:15.1869410Z /github/runner_temp/git-credentials-fd7e6c0e-75b4-473b-bd90-3e10801e5c64.config
make check (macos-latest)	Checkout	2026-09-16T13:53:15.1870810Z [command]/opt/homebrew/bin/git config --local --unset includeif.gitdir:/github/workspace/.git.path \/github\/runner_temp\/git\-credentials\-fd7e6c0e\-75b4\-473b\-bd90\-3e10801e5c64\.config
make check (macos-latest)	Checkout	2026-09-16T13:53:15.1872260Z [command]/opt/homebrew/bin/git config --local --get-all includeif.gitdir:/github/workspace/.git/worktrees/*.path
make check (macos-latest)	Checkout	2026-09-16T13:53:15.1872880Z /github/runner_temp/git-credentials-fd7e6c0e-75b4-473b-bd90-3e10801e5c64.config
make check (macos-latest)	Checkout	2026-09-16T13:53:15.1874290Z [command]/opt/homebrew/bin/git config --local --unset includeif.gitdir:/github/workspace/.git/worktrees/*.path \/github\/runner_temp\/git\-credentials\-fd7e6c0e\-75b4\-473b\-bd90\-3e10801e5c64\.config
make check (macos-latest)	Checkout	2026-09-16T13:53:15.1876510Z [command]/opt/homebrew/bin/git submodule foreach --recursive git config --local --show-origin --name-only --get-regexp remote.origin.url
make check (macos-latest)	Checkout	2026-09-16T13:53:15.3290530Z Removing credentials config '/Users/runner/work/_temp/git-credentials-fd7e6c0e-75b4-473b-bd90-3e10801e5c64.config'
make check (macos-latest)	Checkout	2026-09-16T13:53:15.3302670Z ##[endgroup]
make check (macos-latest)	Install pinned Go toolchain for optional TaskMesh	﻿2026-09-16T13:53:15.3593580Z ##[group]Run actions/setup-go@b7ad1dad31e06c5925ef5d2fc7ad053ef454303e
make check (macos-latest)	Install pinned Go toolchain for optional TaskMesh	2026-09-16T13:53:15.3594810Z with:
make check (macos-latest)	Install pinned Go toolchain for optional TaskMesh	2026-09-16T13:53:15.3595240Z   go-version: 1.25.0
make check (macos-latest)	Install pinned Go toolchain for optional TaskMesh	2026-09-16T13:53:15.3595840Z   cache-dependency-path: go.sum
make check (macos-latest)	Install pinned Go toolchain for optional TaskMesh	2026-09-16T13:53:15.3596490Z   check-latest: false
make check (macos-latest)	Install pinned Go toolchain for optional TaskMesh	2026-09-16T13:53:15.3603520Z   token: ***
make check (macos-latest)	Install pinned Go toolchain for optional TaskMesh	2026-09-16T13:53:15.3603960Z   cache: true
make check (macos-latest)	Install pinned Go toolchain for optional TaskMesh	2026-09-16T13:53:15.3604360Z ##[endgroup]
make check (macos-latest)	Install pinned Go toolchain for optional TaskMesh	2026-09-16T13:53:15.5250240Z Setup go version spec 1.25.0
make check (macos-latest)	Install pinned Go toolchain for optional TaskMesh	2026-09-16T13:53:15.5274570Z Attempting to download 1.25.0...
make check (macos-latest)	Install pinned Go toolchain for optional TaskMesh	2026-09-16T13:53:16.2051890Z matching 1.25.0...
make check (macos-latest)	Install pinned Go toolchain for optional TaskMesh	2026-09-16T13:53:16.2075460Z Acquiring 1.25.0 from https://github.com/actions/go-versions/releases/download/1.25.0-16925932082/go-1.25.0-darwin-arm64.tar.gz
make check (macos-latest)	Install pinned Go toolchain for optional TaskMesh	2026-09-16T13:53:16.8838770Z Extracting Go...
make check (macos-latest)	Install pinned Go toolchain for optional TaskMesh	2026-09-16T13:53:16.9002450Z [command]/usr/bin/tar xz -C /Users/runner/work/_temp/f59f927e-9ca7-4532-8e5d-ce8fa5496761 -f /Users/runner/work/_temp/fefa7f4d-f97d-45b5-9742-498ce3b4343b
make check (macos-latest)	Install pinned Go toolchain for optional TaskMesh	2026-09-16T13:53:19.9187770Z Successfully extracted go to /Users/runner/work/_temp/f59f927e-9ca7-4532-8e5d-ce8fa5496761
make check (macos-latest)	Install pinned Go toolchain for optional TaskMesh	2026-09-16T13:53:19.9214290Z Adding to the cache ...
make check (macos-latest)	Install pinned Go toolchain for optional TaskMesh	2026-09-16T13:53:33.0454450Z Successfully cached go to /Users/runner/hostedtoolcache/go/1.25.0/arm64
make check (macos-latest)	Install pinned Go toolchain for optional TaskMesh	2026-09-16T13:53:33.0455980Z Added go to the path
make check (macos-latest)	Install pinned Go toolchain for optional TaskMesh	2026-09-16T13:53:33.0458040Z Successfully set up Go version 1.25.0
make check (macos-latest)	Install pinned Go toolchain for optional TaskMesh	2026-09-16T13:53:33.2212190Z [command]/Users/runner/hostedtoolcache/go/1.25.0/arm64/bin/go env GOCACHE
make check (macos-latest)	Install pinned Go toolchain for optional TaskMesh	2026-09-16T13:53:33.2226370Z [command]/Users/runner/hostedtoolcache/go/1.25.0/arm64/bin/go env GOMODCACHE
make check (macos-latest)	Install pinned Go toolchain for optional TaskMesh	2026-09-16T13:53:33.2353390Z /Users/runner/Library/Caches/go-build
make check (macos-latest)	Install pinned Go toolchain for optional TaskMesh	2026-09-16T13:53:33.2357690Z /Users/runner/go/pkg/mod
make check (macos-latest)	Install pinned Go toolchain for optional TaskMesh	2026-09-16T13:53:33.5941650Z Cache hit for: setup-go-macOS-arm64-go-1.25.0-177c9a629613f64b62ff3bce8b5249e61de06089c1d63967a2ef301279610df5
make check (macos-latest)	Install pinned Go toolchain for optional TaskMesh	2026-09-16T13:53:34.8722210Z Received 0 of 139017218 (0.0%), 0.0 MBs/sec
make check (macos-latest)	Install pinned Go toolchain for optional TaskMesh	2026-09-16T13:53:35.8742560Z Received 50331648 of 139017218 (36.2%), 23.9 MBs/sec
make check (macos-latest)	Install pinned Go toolchain for optional TaskMesh	2026-09-16T13:53:36.8772290Z Received 130023424 of 139017218 (93.5%), 41.2 MBs/sec
make check (macos-latest)	Install pinned Go toolchain for optional TaskMesh	2026-09-16T13:53:37.8797070Z Received 134822914 of 139017218 (97.0%), 32.1 MBs/sec
make check (macos-latest)	Install pinned Go toolchain for optional TaskMesh	2026-09-16T13:53:37.9673670Z Received 139017218 of 139017218 (100.0%), 32.4 MBs/sec
make check (macos-latest)	Install pinned Go toolchain for optional TaskMesh	2026-09-16T13:53:37.9677380Z Cache Size: ~133 MB (139017218 B)
make check (macos-latest)	Install pinned Go toolchain for optional TaskMesh	2026-09-16T13:53:37.9885370Z [command]/opt/homebrew/bin/gtar -xf /Users/runner/work/_temp/6e4d63ea-675e-4098-a0b2-226a6bbaac03/cache.tzst -P -C /Users/runner/work/task-spec/task-spec --delay-directory-restore --use-compress-program unzstd
make check (macos-latest)	Install pinned Go toolchain for optional TaskMesh	2026-09-16T13:53:41.9427310Z Cache restored successfully
make check (macos-latest)	Install pinned Go toolchain for optional TaskMesh	2026-09-16T13:53:41.9532010Z Cache restored from key: setup-go-macOS-arm64-go-1.25.0-177c9a629613f64b62ff3bce8b5249e61de06089c1d63967a2ef301279610df5
make check (macos-latest)	Install pinned Go toolchain for optional TaskMesh	2026-09-16T13:53:41.9762460Z go version go1.25.0 darwin/arm64
make check (macos-latest)	Install pinned Go toolchain for optional TaskMesh	2026-09-16T13:53:41.9865510Z 
make check (macos-latest)	Install pinned Go toolchain for optional TaskMesh	2026-09-16T13:53:41.9966970Z ##[group]go env
make check (macos-latest)	Install pinned Go toolchain for optional TaskMesh	2026-09-16T13:53:44.8195130Z AR='ar'
make check (macos-latest)	Install pinned Go toolchain for optional TaskMesh	2026-09-16T13:53:44.8310400Z CC='clang'
make check (macos-latest)	Install pinned Go toolchain for optional TaskMesh	2026-09-16T13:53:44.8396250Z CGO_CFLAGS='-O2 -g'
make check (macos-latest)	Install pinned Go toolchain for optional TaskMesh	2026-09-16T13:53:44.8398090Z CGO_CPPFLAGS=''
make check (macos-latest)	Install pinned Go toolchain for optional TaskMesh	2026-09-16T13:53:44.8398600Z CGO_CXXFLAGS='-O2 -g'
make check (macos-latest)	Install pinned Go toolchain for optional TaskMesh	2026-09-16T13:53:44.8399640Z CGO_ENABLED='1'
make check (macos-latest)	Install pinned Go toolchain for optional TaskMesh	2026-09-16T13:53:44.8400500Z CGO_FFLAGS='-O2 -g'
make check (macos-latest)	Install pinned Go toolchain for optional TaskMesh	2026-09-16T13:53:44.8404060Z CGO_LDFLAGS='-O2 -g'
make check (macos-latest)	Install pinned Go toolchain for optional TaskMesh	2026-09-16T13:53:44.8405640Z CXX='clang++'
make check (macos-latest)	Install pinned Go toolchain for optional TaskMesh	2026-09-16T13:53:44.8410550Z GCCGO='gccgo'
make check (macos-latest)	Install pinned Go toolchain for optional TaskMesh	2026-09-16T13:53:44.8411190Z GO111MODULE=''
make check (macos-latest)	Install pinned Go toolchain for optional TaskMesh	2026-09-16T13:53:44.8412880Z GOARCH='arm64'
make check (macos-latest)	Install pinned Go toolchain for optional TaskMesh	2026-09-16T13:53:44.8414480Z GOARM64='v8.0'
make check (macos-latest)	Install pinned Go toolchain for optional TaskMesh	2026-09-16T13:53:44.8415480Z GOAUTH='netrc'
make check (macos-latest)	Install pinned Go toolchain for optional TaskMesh	2026-09-16T13:53:44.8416780Z GOBIN=''
make check (macos-latest)	Install pinned Go toolchain for optional TaskMesh	2026-09-16T13:53:44.8420730Z GOCACHE='/Users/runner/Library/Caches/go-build'
make check (macos-latest)	Install pinned Go toolchain for optional TaskMesh	2026-09-16T13:53:44.8421550Z GOCACHEPROG=''
make check (macos-latest)	Install pinned Go toolchain for optional TaskMesh	2026-09-16T13:53:44.8424690Z GODEBUG=''
make check (macos-latest)	Install pinned Go toolchain for optional TaskMesh	2026-09-16T13:53:44.8425680Z GOENV='/Users/runner/Library/Application Support/go/env'
make check (macos-latest)	Install pinned Go toolchain for optional TaskMesh	2026-09-16T13:53:44.8426880Z GOEXE=''
make check (macos-latest)	Install pinned Go toolchain for optional TaskMesh	2026-09-16T13:53:44.8428520Z GOEXPERIMENT=''
make check (macos-latest)	Install pinned Go toolchain for optional TaskMesh	2026-09-16T13:53:44.8429140Z GOFIPS140='off'
make check (macos-latest)	Install pinned Go toolchain for optional TaskMesh	2026-09-16T13:53:44.8430060Z GOFLAGS=''
make check (macos-latest)	Install pinned Go toolchain for optional TaskMesh	2026-09-16T13:53:44.8431700Z GOGCCFLAGS='-fPIC -arch arm64 -pthread -fno-caret-diagnostics -Qunused-arguments -fmessage-length=0 -ffile-prefix-map=/var/folders/36/tjdph2t965j8snz9_vkdnw0r0000gn/T/go-build1027770400=/tmp/go-build -gno-record-gcc-switches -fno-common'
make check (macos-latest)	Install pinned Go toolchain for optional TaskMesh	2026-09-16T13:53:44.8516620Z GOHOSTARCH='arm64'
make check (macos-latest)	Install pinned Go toolchain for optional TaskMesh	2026-09-16T13:53:44.8517560Z GOHOSTOS='darwin'
make check (macos-latest)	Install pinned Go toolchain for optional TaskMesh	2026-09-16T13:53:44.8518230Z GOINSECURE=''
make check (macos-latest)	Install pinned Go toolchain for optional TaskMesh	2026-09-16T13:53:44.8519170Z GOMOD='/Users/runner/work/task-spec/task-spec/go.mod'
make check (macos-latest)	Install pinned Go toolchain for optional TaskMesh	2026-09-16T13:53:44.8520280Z GOMODCACHE='/Users/runner/go/pkg/mod'
make check (macos-latest)	Install pinned Go toolchain for optional TaskMesh	2026-09-16T13:53:44.8521190Z GONOPROXY=''
make check (macos-latest)	Install pinned Go toolchain for optional TaskMesh	2026-09-16T13:53:44.8522100Z GONOSUMDB=''
make check (macos-latest)	Install pinned Go toolchain for optional TaskMesh	2026-09-16T13:53:44.8522720Z GOOS='darwin'
make check (macos-latest)	Install pinned Go toolchain for optional TaskMesh	2026-09-16T13:53:44.8523450Z GOPATH='/Users/runner/go'
make check (macos-latest)	Install pinned Go toolchain for optional TaskMesh	2026-09-16T13:53:44.8524280Z GOPRIVATE=''
make check (macos-latest)	Install pinned Go toolchain for optional TaskMesh	2026-09-16T13:53:44.8525230Z GOPROXY='https://proxy.golang.org,direct'
make check (macos-latest)	Install pinned Go toolchain for optional TaskMesh	2026-09-16T13:53:44.8526520Z GOROOT='/Users/runner/hostedtoolcache/go/1.25.0/arm64'
make check (macos-latest)	Install pinned Go toolchain for optional TaskMesh	2026-09-16T13:53:44.8527580Z GOSUMDB='sum.golang.org'
make check (macos-latest)	Install pinned Go toolchain for optional TaskMesh	2026-09-16T13:53:44.8528370Z GOTELEMETRY='local'
make check (macos-latest)	Install pinned Go toolchain for optional TaskMesh	2026-09-16T13:53:44.8529560Z GOTELEMETRYDIR='/Users/runner/Library/Application Support/go/telemetry'
make check (macos-latest)	Install pinned Go toolchain for optional TaskMesh	2026-09-16T13:53:44.8530660Z GOTMPDIR=''
make check (macos-latest)	Install pinned Go toolchain for optional TaskMesh	2026-09-16T13:53:44.8531480Z GOTOOLCHAIN='local'
make check (macos-latest)	Install pinned Go toolchain for optional TaskMesh	2026-09-16T13:53:44.8532890Z GOTOOLDIR='/Users/runner/hostedtoolcache/go/1.25.0/arm64/pkg/tool/darwin_arm64'
make check (macos-latest)	Install pinned Go toolchain for optional TaskMesh	2026-09-16T13:53:44.8533530Z GOVCS=''
make check (macos-latest)	Install pinned Go toolchain for optional TaskMesh	2026-09-16T13:53:44.8533930Z GOVERSION='go1.25.0'
make check (macos-latest)	Install pinned Go toolchain for optional TaskMesh	2026-09-16T13:53:44.8537280Z GOWORK=''
make check (macos-latest)	Install pinned Go toolchain for optional TaskMesh	2026-09-16T13:53:44.8538220Z PKG_CONFIG='pkg-config'
make check (macos-latest)	Install pinned Go toolchain for optional TaskMesh	2026-09-16T13:53:44.8538660Z 
make check (macos-latest)	Install pinned Go toolchain for optional TaskMesh	2026-09-16T13:53:44.8540050Z ##[endgroup]
make check (macos-latest)	Install macOS gate dependency	﻿2026-09-16T13:53:44.8888320Z ##[group]Run brew list shellcheck >/dev/null 2>&1 || brew install shellcheck
make check (macos-latest)	Install macOS gate dependency	2026-09-16T13:53:44.8889740Z [36;1mbrew list shellcheck >/dev/null 2>&1 || brew install shellcheck[0m
make check (macos-latest)	Install macOS gate dependency	2026-09-16T13:53:44.9212850Z shell: /bin/bash -e {0}
make check (macos-latest)	Install macOS gate dependency	2026-09-16T13:53:44.9213140Z env:
make check (macos-latest)	Install macOS gate dependency	2026-09-16T13:53:44.9213330Z   GOTOOLCHAIN: local
make check (macos-latest)	Install macOS gate dependency	2026-09-16T13:53:44.9213500Z ##[endgroup]
make check (macos-latest)	Install macOS gate dependency	2026-09-16T13:53:47.5504730Z [32m==>[0m [1mDownloading bottle manifests[0m
make check (macos-latest)	Install macOS gate dependency	2026-09-16T13:53:47.5705470Z ✔︎ Bottle Manifest shellcheck (0.11.0)
make check (macos-latest)	Install macOS gate dependency	2026-09-16T13:53:47.5708160Z [34m==>[0m [1mWould install 1 formula:[0m
make check (macos-latest)	Install macOS gate dependency	2026-09-16T13:53:47.5808930Z shellcheck
make check (macos-latest)	Install macOS gate dependency	2026-09-16T13:53:47.6897050Z [32m==>[0m [1mFetching downloads for: [32mshellcheck[39m[0m
make check (macos-latest)	Install macOS gate dependency	2026-09-16T13:53:48.2444020Z ✔︎ Bottle shellcheck (0.11.0)
make check (macos-latest)	Install macOS gate dependency	2026-09-16T13:53:48.2603390Z [34m==>[0m [1mPouring shellcheck--0.11.0.arm64_tahoe.bottle.1.tar.gz[0m
make check (macos-latest)	Install macOS gate dependency	2026-09-16T13:53:49.0072860Z 🍺  /opt/homebrew/Cellar/shellcheck/0.11.0: 8 files, 70.7MB
make check (macos-latest)	Provision private locked decomposition runtime	﻿2026-09-16T13:53:49.0370820Z ##[group]Run bash bin/taskspec setup decompose
make check (macos-latest)	Provision private locked decomposition runtime	2026-09-16T13:53:49.0371350Z [36;1mbash bin/taskspec setup decompose[0m
make check (macos-latest)	Provision private locked decomposition runtime	2026-09-16T13:53:49.0417990Z shell: /bin/bash -e {0}
make check (macos-latest)	Provision private locked decomposition runtime	2026-09-16T13:53:49.0418360Z env:
make check (macos-latest)	Provision private locked decomposition runtime	2026-09-16T13:53:49.0418640Z   GOTOOLCHAIN: local
make check (macos-latest)	Provision private locked decomposition runtime	2026-09-16T13:53:49.0419010Z ##[endgroup]
make check (macos-latest)	Provision private locked decomposition runtime	2026-09-16T13:53:52.8752870Z Collecting attrs==26.1.0 (from -r /Users/runner/work/task-spec/task-spec/src/decompose/requirements.lock (line 2))
make check (macos-latest)	Provision private locked decomposition runtime	2026-09-16T13:53:52.9123010Z   Downloading attrs-26.1.0-py3-none-any.whl (67 kB)
make check (macos-latest)	Provision private locked decomposition runtime	2026-09-16T13:53:52.9388830Z Collecting jsonschema==4.26.0 (from -r /Users/runner/work/task-spec/task-spec/src/decompose/requirements.lock (line 5))
make check (macos-latest)	Provision private locked decomposition runtime	2026-09-16T13:53:52.9432770Z   Downloading jsonschema-4.26.0-py3-none-any.whl (90 kB)
make check (macos-latest)	Provision private locked decomposition runtime	2026-09-16T13:53:52.9702750Z Collecting jsonschema-specifications==2025.9.1 (from -r /Users/runner/work/task-spec/task-spec/src/decompose/requirements.lock (line 8))
make check (macos-latest)	Provision private locked decomposition runtime	2026-09-16T13:53:52.9782400Z   Downloading jsonschema_specifications-2025.9.1-py3-none-any.whl (18 kB)
make check (macos-latest)	Provision private locked decomposition runtime	2026-09-16T13:53:53.0418590Z Collecting PyYAML==6.0.3 (from -r /Users/runner/work/task-spec/task-spec/src/decompose/requirements.lock (line 11))
make check (macos-latest)	Provision private locked decomposition runtime	2026-09-16T13:53:53.0459960Z   Downloading pyyaml-6.0.3-cp314-cp314-macosx_11_0_arm64.whl (173 kB)
make check (macos-latest)	Provision private locked decomposition runtime	2026-09-16T13:53:53.0657860Z Collecting referencing==0.37.0 (from -r /Users/runner/work/task-spec/task-spec/src/decompose/requirements.lock (line 85))
make check (macos-latest)	Provision private locked decomposition runtime	2026-09-16T13:53:53.0704870Z   Downloading referencing-0.37.0-py3-none-any.whl (26 kB)
make check (macos-latest)	Provision private locked decomposition runtime	2026-09-16T13:53:53.2550350Z Collecting rpds-py==2026.6.3 (from -r /Users/runner/work/task-spec/task-spec/src/decompose/requirements.lock (line 88))
make check (macos-latest)	Provision private locked decomposition runtime	2026-09-16T13:53:53.3154590Z   Downloading rpds_py-2026.6.3-cp314-cp314-macosx_11_0_arm64.whl (339 kB)
make check (macos-latest)	Provision private locked decomposition runtime	2026-09-16T13:53:53.3356690Z Collecting typing_extensions==4.15.0 (from -r /Users/runner/work/task-spec/task-spec/src/decompose/requirements.lock (line 205))
make check (macos-latest)	Provision private locked decomposition runtime	2026-09-16T13:53:53.3456790Z   Downloading typing_extensions-4.15.0-py3-none-any.whl (44 kB)
make check (macos-latest)	Provision private locked decomposition runtime	2026-09-16T13:53:53.3758020Z Installing collected packages: typing_extensions, rpds-py, PyYAML, attrs, referencing, jsonschema-specifications, jsonschema
make check (macos-latest)	Provision private locked decomposition runtime	2026-09-16T13:53:53.6774630Z 
make check (macos-latest)	Provision private locked decomposition runtime	2026-09-16T13:53:53.6788710Z Successfully installed PyYAML-6.0.3 attrs-26.1.0 jsonschema-4.26.0 jsonschema-specifications-2025.9.1 referencing-0.37.0 rpds-py-2026.6.3 typing_extensions-4.15.0
make check (macos-latest)	Provision private locked decomposition runtime	2026-09-16T13:53:53.9112390Z {"contract": "TaskRuntimeSetup/v1", "ready": true, "path": "/Users/runner/work/task-spec/task-spec/.taskspec/runtime/decompose", "lock_digest": "eb1adcfe1266108d7587d9a561bb57d482a2104efa871db46c6287095649ba33"}
make check (macos-latest)	Install schema-fidelity consumer dependencies	﻿2026-09-16T13:53:53.9220070Z ##[group]Run python3 -m pip install --disable-pip-version-check --quiet --break-system-packages pyyaml==6.0.2 jsonschema==4.26.0
make check (macos-latest)	Install schema-fidelity consumer dependencies	2026-09-16T13:53:53.9221290Z [36;1mpython3 -m pip install --disable-pip-version-check --quiet --break-system-packages pyyaml==6.0.2 jsonschema==4.26.0[0m
make check (macos-latest)	Install schema-fidelity consumer dependencies	2026-09-16T13:53:53.9257180Z shell: /bin/bash -e {0}
make check (macos-latest)	Install schema-fidelity consumer dependencies	2026-09-16T13:53:53.9257460Z env:
make check (macos-latest)	Install schema-fidelity consumer dependencies	2026-09-16T13:53:53.9257660Z   GOTOOLCHAIN: local
make check (macos-latest)	Install schema-fidelity consumer dependencies	2026-09-16T13:53:53.9257870Z ##[endgroup]
make check (macos-latest)	make check (includes isolated install-to-accept demo)	﻿2026-09-16T13:54:01.4144290Z ##[group]Run make check
make check (macos-latest)	make check (includes isolated install-to-accept demo)	2026-09-16T13:54:01.4144570Z [36;1mmake check[0m
make check (macos-latest)	make check (includes isolated install-to-accept demo)	2026-09-16T13:54:01.4258580Z shell: /bin/bash -e {0}
make check (macos-latest)	make check (includes isolated install-to-accept demo)	2026-09-16T13:54:01.4259260Z env:
make check (macos-latest)	make check (includes isolated install-to-accept demo)	2026-09-16T13:54:01.4259850Z   GOTOOLCHAIN: local
make check (macos-latest)	make check (includes isolated install-to-accept demo)	2026-09-16T13:54:01.4260430Z ##[endgroup]
make check (macos-latest)	make check (includes isolated install-to-accept demo)	2026-09-16T13:54:02.9291680Z bash bin/taskspec doctor
make check (macos-latest)	make check (includes isolated install-to-accept demo)	2026-09-16T13:54:02.9430430Z PASS  bash >= 3.2 (3.2.57(1)-release)
make check (macos-latest)	make check (includes isolated install-to-accept demo)	2026-09-16T13:54:02.9549540Z PASS  git (2.55.0)
make check (macos-latest)	make check (includes isolated install-to-accept demo)	2026-09-16T13:54:02.9739030Z PASS  python3 (3.14.7)
make check (macos-latest)	make check (includes isolated install-to-accept demo)	2026-09-16T13:54:02.9741530Z PASS  SHA-256/HMAC provider
make check (macos-latest)	make check (includes isolated install-to-accept demo)	2026-09-16T13:54:02.9742400Z PASS  shellcheck
make check (macos-latest)	make check (includes isolated install-to-accept demo)	2026-09-16T13:54:02.9852030Z WARN  no signing key; run: taskspec setup signing
make check (macos-latest)	make check (includes isolated install-to-accept demo)	2026-09-16T13:54:02.9852670Z DOCTOR=READY
make check (macos-latest)	make check (includes isolated install-to-accept demo)	2026-09-16T13:54:02.9857820Z bash tests/lint-skill-docs.sh
make check (macos-latest)	make check (includes isolated install-to-accept demo)	2026-09-16T13:54:03.2458460Z lint-skill-docs.sh (10 checks)
make check (macos-latest)	make check (includes isolated install-to-accept demo)	2026-09-16T13:54:03.2465080Z ════════════════════════════════════════
make check (macos-latest)	make check (includes isolated install-to-accept demo)	2026-09-16T13:54:03.2466930Z OK: VERSION, CHANGELOG.md, and src/lib/_lib.sh agree at v3.10.0
make check (macos-latest)	make check (includes isolated install-to-accept demo)	2026-09-16T13:54:03.2468430Z bash tests/lint-docs.sh
make check (macos-latest)	make check (includes isolated install-to-accept demo)	2026-09-16T13:54:05.3042330Z CLI_REFERENCE=OK
make check (macos-latest)	make check (includes isolated install-to-accept demo)	2026-09-16T13:54:05.3127730Z lint-docs: OK
make check (macos-latest)	make check (includes isolated install-to-accept demo)	2026-09-16T13:54:05.3207670Z set -e; for t in tests/test-*.sh; do bash "$t"; done
make check (macos-latest)	make check (includes isolated install-to-accept demo)	2026-09-16T13:54:05.5490300Z PASS — dependency-aware leaf frontier and --all behavior
make check (macos-latest)	make check (includes isolated install-to-accept demo)	2026-09-16T13:54:05.6888540Z PASS — collisions, dangling edges, cycles, and concurrency are reported
make check (macos-latest)	make check (includes isolated install-to-accept demo)	2026-09-16T13:54:05.9563530Z PASS — archived dependencies, supersession blocking, advisory blocks, and deterministic graph views
make check (macos-latest)	make check (includes isolated install-to-accept demo)	2026-09-16T13:54:06.5905930Z PASS — recursive task resolution and active write conflicts share one graph universe
make check (macos-latest)	make check (includes isolated install-to-accept demo)	2026-09-16T13:54:06.8850690Z PASS — dependency closure includes leaf dependencies and composition ancestors only
make check (macos-latest)	make check (includes isolated install-to-accept demo)	2026-09-16T13:54:06.9025900Z === (a) bash -n syntax check for every src/*/*.sh ===
make check (macos-latest)	make check (includes isolated install-to-accept demo)	2026-09-16T13:54:06.9088670Z   ✓ syntax ok: accept/accept-task.sh
make check (macos-latest)	make check (includes isolated install-to-accept demo)	2026-09-16T13:54:06.9131780Z   ✓ syntax ok: author/batch-generate.sh
make check (macos-latest)	make check (includes isolated install-to-accept demo)	2026-09-16T13:54:06.9187140Z   ✓ syntax ok: author/generate-task-spec.sh
make check (macos-latest)	make check (includes isolated install-to-accept demo)	2026-09-16T13:54:06.9229430Z   ✓ syntax ok: author/migrate-legacy-task.sh
make check (macos-latest)	make check (includes isolated install-to-accept demo)	2026-09-16T13:54:06.9271330Z   ✓ syntax ok: backlog/archive.sh
make check (macos-latest)	make check (includes isolated install-to-accept demo)	2026-09-16T13:54:06.9309990Z   ✓ syntax ok: backlog/backup-backlog.sh
make check (macos-latest)	make check (includes isolated install-to-accept demo)	2026-09-16T13:54:06.9346700Z   ✓ syntax ok: backlog/install-hooks.sh
make check (macos-latest)	make check (includes isolated install-to-accept demo)	2026-09-16T13:54:06.9396090Z   ✓ syntax ok: backlog/lint-backlog.sh
make check (macos-latest)	make check (includes isolated install-to-accept demo)	2026-09-16T13:54:06.9429950Z   ✓ syntax ok: backlog/list-ready.sh
make check (macos-latest)	make check (includes isolated install-to-accept demo)	2026-09-16T13:54:06.9463970Z   ✓ syntax ok: backlog/query-metrics.sh
make check (macos-latest)	make check (includes isolated install-to-accept demo)	2026-09-16T13:54:06.9511710Z   ✓ syntax ok: backlog/rebuild-state.sh
make check (macos-latest)	make check (includes isolated install-to-accept demo)	2026-09-16T13:54:06.9551670Z   ✓ syntax ok: backlog/transition-status.sh
make check (macos-latest)	make check (includes isolated install-to-accept demo)	2026-09-16T13:54:06.9591820Z   ✓ syntax ok: decompose/launch.sh
make check (macos-latest)	make check (includes isolated install-to-accept demo)	2026-09-16T13:54:06.9633210Z   ✓ syntax ok: dispatch/conformance-check.sh
make check (macos-latest)	make check (includes isolated install-to-accept demo)	2026-09-16T13:54:06.9671980Z   ✓ syntax ok: dispatch/ref-executor.sh
make check (macos-latest)	make check (includes isolated install-to-accept demo)	2026-09-16T13:54:06.9727470Z   ✓ syntax ok: gate/definition-of-done.sh
make check (macos-latest)	make check (includes isolated install-to-accept demo)	2026-09-16T13:54:06.9779010Z   ✓ syntax ok: gate/run-task-spec.sh
make check (macos-latest)	make check (includes isolated install-to-accept demo)	2026-09-16T13:54:06.9834490Z   ✓ syntax ok: gate/safe-to-delegate.sh
make check (macos-latest)	make check (includes isolated install-to-accept demo)	2026-09-16T13:54:06.9916970Z   ✓ syntax ok: gate/validate-task-spec.sh
make check (macos-latest)	make check (includes isolated install-to-accept demo)	2026-09-16T13:54:06.9976550Z   ✓ syntax ok: lib/_lib.sh
make check (macos-latest)	make check (includes isolated install-to-accept demo)	2026-09-16T13:54:07.0009410Z   ✓ syntax ok: lib/install.sh
make check (macos-latest)	make check (includes isolated install-to-accept demo)	2026-09-16T13:54:07.0049220Z   ✓ syntax ok: setup/demo.sh
make check (macos-latest)	make check (includes isolated install-to-accept demo)	2026-09-16T13:54:07.0087430Z   ✓ syntax ok: setup/init.sh
make check (macos-latest)	make check (includes isolated install-to-accept demo)	2026-09-16T13:54:07.0122650Z   ✓ syntax ok: setup/readiness.sh
make check (macos-latest)	make check (includes isolated install-to-accept demo)	2026-09-16T13:54:07.0123740Z === (b) core-path scripts contain no bash-4-only constructs ===
make check (macos-latest)	make check (includes isolated install-to-accept demo)	2026-09-16T13:54:07.0240730Z   ✓ gate/validate-task-spec.sh has no 'declare -A'
make check (macos-latest)	make check (includes isolated install-to-accept demo)	2026-09-16T13:54:07.0291170Z   ✓ gate/validate-task-spec.sh has no mapfile/readarray
make check (macos-latest)	make check (includes isolated install-to-accept demo)	2026-09-16T13:54:07.0379440Z   ✓ gate/safe-to-delegate.sh has no 'declare -A'
make check (macos-latest)	make check (includes isolated install-to-accept demo)	2026-09-16T13:54:07.0428100Z   ✓ gate/safe-to-delegate.sh has no mapfile/readarray
make check (macos-latest)	make check (includes isolated install-to-accept demo)	2026-09-16T13:54:07.0519030Z   ✓ gate/run-task-spec.sh has no 'declare -A'
make check (macos-latest)	make check (includes isolated install-to-accept demo)	2026-09-16T13:54:07.0571230Z   ✓ gate/run-task-spec.sh has no mapfile/readarray
make check (macos-latest)	make check (includes isolated install-to-accept demo)	2026-09-16T13:54:07.0665200Z   ✓ lib/_lib.sh has no 'declare -A'
make check (macos-latest)	make check (includes isolated install-to-accept demo)	2026-09-16T13:54:07.0712320Z   ✓ lib/_lib.sh has no mapfile/readarray
make check (macos-latest)	make check (includes isolated install-to-accept demo)	2026-09-16T13:54:07.0713710Z === (c) aux scripts call ts_require_bash4 ===
make check (macos-latest)	make check (includes isolated install-to-accept demo)	2026-09-16T13:54:07.0747250Z   ✓ backlog/query-metrics.sh calls ts_require_bash4
make check (macos-latest)	make check (includes isolated install-to-accept demo)	2026-09-16T13:54:07.0747680Z === (d) conformance runner + adapters are bash-3.2-clean ===
make check (macos-latest)	make check (includes isolated install-to-accept demo)	2026-09-16T13:54:07.0801670Z   ✓ syntax ok: conformance/run_conformance.sh
make check (macos-latest)	make check (includes isolated install-to-accept demo)	2026-09-16T13:54:07.0913150Z   ✓ conformance/run_conformance.sh has no bash-4-only constructs
make check (macos-latest)	make check (includes isolated install-to-accept demo)	2026-09-16T13:54:07.0954890Z   ✓ syntax ok: conformance/adapters/self.sh
make check (macos-latest)	make check (includes isolated install-to-accept demo)	2026-09-16T13:54:07.1076020Z   ✓ conformance/adapters/self.sh has no bash-4-only constructs
make check (macos-latest)	make check (includes isolated install-to-accept demo)	2026-09-16T13:54:07.1076910Z 
make check (macos-latest)	make check (includes isolated install-to-accept demo)	2026-09-16T13:54:07.1077250Z ========================================
make check (macos-latest)	make check (includes isolated install-to-accept demo)	2026-09-16T13:54:07.1078170Z Results: 37 passed, 0 failed
make check (macos-latest)	make check (includes isolated install-to-accept demo)	2026-09-16T13:54:07.1079190Z ========================================
make check (macos-latest)	make check (includes isolated install-to-accept demo)	2026-09-16T13:54:07.2385450Z ok    new requires slug and effort
make check (macos-latest)	make check (includes isolated install-to-accept demo)	2026-09-16T13:54:07.4196490Z ok    new rejects an unknown option
make check (macos-latest)	make check (includes isolated install-to-accept demo)	2026-09-16T13:54:07.6207410Z ok    new requires --format value
make check (macos-latest)	make check (includes isolated install-to-accept demo)	2026-09-16T13:54:07.7676320Z ok    metrics rejects an unknown option
make check (macos-latest)	make check (includes isolated install-to-accept demo)	2026-09-16T13:54:07.9174240Z ok    metrics requires --since value
make check (macos-latest)	make check (includes isolated install-to-accept demo)	2026-09-16T13:54:07.9275590Z CLI_USAGE=PASS checks=5
make check (macos-latest)	make check (includes isolated install-to-accept demo)	2026-09-16T13:54:25.1929430Z PASS — isolated demo reaches independent acceptance
make check (macos-latest)	make check (includes isolated install-to-accept demo)	2026-09-16T13:54:25.2270350Z == effort sizing and composition ==
make check (macos-latest)	make check (includes isolated install-to-accept demo)	2026-09-16T13:54:26.1928280Z ok    XS leaf                     
make check (macos-latest)	make check (includes isolated install-to-accept demo)	2026-09-16T13:54:27.0441430Z ok    S leaf union budget         
make check (macos-latest)	make check (includes isolated install-to-accept demo)	2026-09-16T13:54:28.0595760Z ok    M leaf                      
make check (macos-latest)	make check (includes isolated install-to-accept demo)	2026-09-16T13:54:29.2728360Z ok    L long horizon              
make check (macos-latest)	make check (includes isolated install-to-accept demo)	2026-09-16T13:54:30.5400860Z ok    L wrong backend             
make check (macos-latest)	make check (includes isolated install-to-accept demo)	2026-09-16T13:54:31.6255320Z ok    S over budget warns         
make check (macos-latest)	make check (includes isolated install-to-accept demo)	2026-09-16T13:54:32.7023210Z ok    leaf cannot have children   
make check (macos-latest)	make check (includes isolated install-to-accept demo)	2026-09-16T13:54:33.8382110Z ok    XL needs children           
make check (macos-latest)	make check (includes isolated install-to-accept demo)	2026-09-16T13:54:34.7973930Z ok    XXL needs three children    
make check (macos-latest)	make check (includes isolated install-to-accept demo)	2026-09-16T13:54:35.7911660Z ok    XL composition node         
make check (macos-latest)	make check (includes isolated install-to-accept demo)	2026-09-16T13:54:36.8660340Z ok    XXL composition node        
make check (macos-latest)	make check (includes isolated install-to-accept demo)	2026-09-16T13:54:37.8905670Z ok    node owns no writes         
make check (macos-latest)	make check (includes isolated install-to-accept demo)	2026-09-16T13:54:39.0075800Z ok    invalid child id            
make check (macos-latest)	make check (includes isolated install-to-accept demo)	2026-09-16T13:54:40.1095480Z ok    unknown size                
make check (macos-latest)	make check (includes isolated install-to-accept demo)	2026-09-16T13:54:40.1098360Z 
make check (macos-latest)	make check (includes isolated install-to-accept demo)	2026-09-16T13:54:40.1099850Z PASS — all 14 sizing rows green.
make check (macos-latest)	make check (includes isolated install-to-accept demo)	2026-09-16T13:54:58.5019150Z ENGINE_MATRIX_V2=READY
make check (macos-latest)	make check (includes isolated install-to-accept demo)	2026-09-16T13:54:59.2432040Z ENVIRONMENT_ATTESTATION=READY
make check (macos-latest)	make check (includes isolated install-to-accept demo)	2026-09-16T13:54:59.3044790Z ═══ test-extractor-fuzz.sh (adversarial extract-and-run, v3.10.0) ═══
make check (macos-latest)	make check (includes isolated install-to-accept demo)	2026-09-16T13:54:59.3045530Z ── (A) extraction correctness ──
make check (macos-latest)	make check (includes isolated install-to-accept demo)	2026-09-16T13:54:59.6881610Z   ✓ A:arith-shift extracted
make check (macos-latest)	make check (includes isolated install-to-accept demo)	2026-09-16T13:55:00.1860360Z   ✓ A:heredoc-EOF-bash extracted
make check (macos-latest)	make check (includes isolated install-to-accept demo)	2026-09-16T13:55:00.4950170Z   ✓ A:heredoc-fake-fence extracted
make check (macos-latest)	make check (includes isolated install-to-accept demo)	2026-09-16T13:55:00.9125450Z   ✓ A:heredoc-fake-header extracted
make check (macos-latest)	make check (includes isolated install-to-accept demo)	2026-09-16T13:55:01.2460930Z   ✓ A:nested-heredoc extracted
make check (macos-latest)	make check (includes isolated install-to-accept demo)	2026-09-16T13:55:01.5696380Z   ✓ A:heredoc-dquote extracted
make check (macos-latest)	make check (includes isolated install-to-accept demo)	2026-09-16T13:55:01.5697410Z ── (B) robustness invariant (no hang, no raw-error leak) ──
make check (macos-latest)	make check (includes isolated install-to-accept demo)	2026-09-16T13:55:01.8476490Z   ✓ B:emoji-body clean (EXTRACTED)
make check (macos-latest)	make check (includes isolated install-to-accept demo)	2026-09-16T13:55:02.1895880Z   ✓ B:two-evals clean (EXTRACTED)
make check (macos-latest)	make check (includes isolated install-to-accept demo)	2026-09-16T13:55:02.4206740Z   ✓ B:unbalanced-brace clean (EXTRACTED)
make check (macos-latest)	make check (includes isolated install-to-accept demo)	2026-09-16T13:55:02.6798450Z   ✓ B:fence-in-string clean (EXTRACTED)
make check (macos-latest)	make check (includes isolated install-to-accept demo)	2026-09-16T13:55:02.9332310Z   ✓ B:header-looking-cmd clean (EXTRACTED)
make check (macos-latest)	make check (includes isolated install-to-accept demo)	2026-09-16T13:55:03.1750850Z   ✓ B:backtick-cmd clean (EXTRACTED)
make check (macos-latest)	make check (includes isolated install-to-accept demo)	2026-09-16T13:55:03.4091200Z   ✓ B:comment-only clean (EXTRACTED)
make check (macos-latest)	make check (includes isolated install-to-accept demo)	2026-09-16T13:55:03.6504230Z   ✓ B:exit-in-eval clean (EXTRACTED)
make check (macos-latest)	make check (includes isolated install-to-accept demo)	2026-09-16T13:55:03.9275730Z   ✓ B:reads-stdin clean (EXTRACTED)
make check (macos-latest)	make check (includes isolated install-to-accept demo)	2026-09-16T13:55:04.2812240Z   ✓ B:many-heredocs clean (EXTRACTED)
make check (macos-latest)	make check (includes isolated install-to-accept demo)	2026-09-16T13:55:04.2813180Z ── (C) exit-check robustness (defense-in-depth, no hang on malformed Exit Check) ──
make check (macos-latest)	make check (includes isolated install-to-accept demo)	2026-09-16T13:55:04.5389420Z   ✓ C:ec-unbalanced-quote clean (EXTRACTED)
make check (macos-latest)	make check (includes isolated install-to-accept demo)	2026-09-16T13:55:04.8075370Z   ✓ C:ec-unbalanced-btick clean (EXTRACTED)
make check (macos-latest)	make check (includes isolated install-to-accept demo)	2026-09-16T13:55:05.0520630Z   ✓ C:ec-heredoc-no-close clean (EXTRACTED)
make check (macos-latest)	make check (includes isolated install-to-accept demo)	2026-09-16T13:55:05.0570440Z 
make check (macos-latest)	make check (includes isolated install-to-accept demo)	2026-09-16T13:55:05.0571290Z ========================================
make check (macos-latest)	make check (includes isolated install-to-accept demo)	2026-09-16T13:55:05.0573190Z Results: 19 passed, 0 failed
make check (macos-latest)	make check (includes isolated install-to-accept demo)	2026-09-16T13:55:05.0573690Z ========================================
make check (macos-latest)	make check (includes isolated install-to-accept demo)	2026-09-16T13:55:05.0699960Z ═══ test-hmac-envelope.sh (TaskAuthorization/v3 suite) ═══
make check (macos-latest)	make check (includes isolated install-to-accept demo)	2026-09-16T13:55:05.0701940Z ── Scenario 1: Tier 1 stamp-then-verify ──
make check (macos-latest)	make check (includes isolated install-to-accept demo)	2026-09-16T13:55:07.5634000Z   ✓ S1 sealed
make check (macos-latest)	make check (includes isolated install-to-accept demo)	2026-09-16T13:55:07.5636160Z   ✓ S1 sig-format
make check (macos-latest)	make check (includes isolated install-to-accept demo)	2026-09-16T13:55:07.5637050Z   ✓ S1 verify-tier1
make check (macos-latest)	make check (includes isolated install-to-accept demo)	2026-09-16T13:55:07.5687910Z ── Scenario 2: Tier 3 tampered body ──
make check (macos-latest)	make check (includes isolated install-to-accept demo)	2026-09-16T13:55:11.6693830Z   ✓ S2 pre-tamper-tier1
make check (macos-latest)	make check (includes isolated install-to-accept demo)	2026-09-16T13:55:11.6713260Z   ✓ S2 tamper-caught-tier3
make check (macos-latest)	make check (includes isolated install-to-accept demo)	2026-09-16T13:55:11.6800130Z ── Scenario 3: Tier 3 envelope tamper / wrong key / malformed ──
make check (macos-latest)	make check (includes isolated install-to-accept demo)	2026-09-16T13:55:18.1483090Z   ✓ S3 envelope-value-tamper
make check (macos-latest)	make check (includes isolated install-to-accept demo)	2026-09-16T13:55:18.1483800Z   ✓ S3 wrong-key-tier3
make check (macos-latest)	make check (includes isolated install-to-accept demo)	2026-09-16T13:55:18.1484150Z   ✓ S3 malformed-sig-tier3
make check (macos-latest)	make check (includes isolated install-to-accept demo)	2026-09-16T13:55:18.1726920Z ── Scenario 4: Tier 2 no-key degrade ──
make check (macos-latest)	make check (includes isolated install-to-accept demo)	2026-09-16T13:55:21.2748820Z   ✓ S4 no-key-tier2
make check (macos-latest)	make check (includes isolated install-to-accept demo)	2026-09-16T13:55:21.2749310Z   ✓ S4 legacy-nosig-tier2
make check (macos-latest)	make check (includes isolated install-to-accept demo)	2026-09-16T13:55:21.2793740Z ── Scenario 5: portability floor (crypto masked) ──
make check (macos-latest)	make check (includes isolated install-to-accept demo)	2026-09-16T13:55:26.0657340Z   ✓ S5 provider-none
make check (macos-latest)	make check (includes isolated install-to-accept demo)	2026-09-16T13:55:26.0657980Z   ✓ S5 masked-stamp-stdlib-hmac
make check (macos-latest)	make check (includes isolated install-to-accept demo)	2026-09-16T13:55:26.0658590Z   ✓ S5 masked-verify-tier2
make check (macos-latest)	make check (includes isolated install-to-accept demo)	2026-09-16T13:55:26.0732660Z ── Scenario 6: .git/info key fallback ──
make check (macos-latest)	make check (includes isolated install-to-accept demo)	2026-09-16T13:55:29.2059950Z   ✓ S6 keyfile-written
make check (macos-latest)	make check (includes isolated install-to-accept demo)	2026-09-16T13:55:29.2061370Z   ✓ S6 gitinfo-stamp-sealed
make check (macos-latest)	make check (includes isolated install-to-accept demo)	2026-09-16T13:55:29.2062080Z   ✓ S6 gitinfo-verify-tier1
make check (macos-latest)	make check (includes isolated install-to-accept demo)	2026-09-16T13:55:29.2128670Z ── Scenario 7: injection-safe --stamp-by ──
make check (macos-latest)	make check (includes isolated install-to-accept demo)	2026-09-16T13:55:47.2621390Z   ✓ S7 literal-verbatim-tier1 [build|42]
make check (macos-latest)	make check (includes isolated install-to-accept demo)	2026-09-16T13:55:47.2713150Z   ✓ S7 literal-verbatim-tier1 [a&b]
make check (macos-latest)	make check (includes isolated install-to-accept demo)	2026-09-16T13:55:47.2816270Z   ✓ S7 literal-verbatim-tier1 [team/build]
make check (macos-latest)	make check (includes isolated install-to-accept demo)	2026-09-16T13:55:47.2918620Z   ✓ S7 literal-verbatim-tier1 [X|p;s|.*|INJECTED]
make check (macos-latest)	make check (includes isolated install-to-accept demo)	2026-09-16T13:55:47.3024390Z   ✓ S7 literal-verbatim-tier1 [name with space]
make check (macos-latest)	make check (includes isolated install-to-accept demo)	2026-09-16T13:55:47.3026460Z ── Scenario 8: --require-tier1 enforcement + TIER= line ──
make check (macos-latest)	make check (includes isolated install-to-accept demo)	2026-09-16T13:55:53.3160300Z   ✓ S8 tier1-require-passes
make check (macos-latest)	make check (includes isolated install-to-accept demo)	2026-09-16T13:55:53.3260770Z   ✓ S8 tier2-require-blocks
make check (macos-latest)	make check (includes isolated install-to-accept demo)	2026-09-16T13:55:53.3363130Z   ✓ S8 tier2-noflag-delegates
make check (macos-latest)	make check (includes isolated install-to-accept demo)	2026-09-16T13:55:53.3462590Z ── Scenario 9: ts_set_frontmatter_field newline + malformed + backslash-escape ──
make check (macos-latest)	make check (includes isolated install-to-accept demo)	2026-09-16T13:55:53.6107890Z   ✓ S9 newline-rejected-file-untouched
make check (macos-latest)	make check (includes isolated install-to-accept demo)	2026-09-16T13:55:53.6112840Z   ✓ S9 malformed-frontmatter-hard-fails
make check (macos-latest)	make check (includes isolated install-to-accept demo)	2026-09-16T13:55:53.6118350Z   ✓ S9 backslash-n-written-verbatim-no-injection
make check (macos-latest)	make check (includes isolated install-to-accept demo)	2026-09-16T13:55:53.6119800Z   ✓ S9 symlink-temp-path-defused
make check (macos-latest)	make check (includes isolated install-to-accept demo)	2026-09-16T13:55:53.6182290Z ── Scenario 10: envelope v3 authorization boundary ──
make check (macos-latest)	make check (includes isolated install-to-accept demo)	2026-09-16T13:55:57.1950060Z   ✓ S10 scope-widening-caught
make check (macos-latest)	make check (includes isolated install-to-accept demo)	2026-09-16T13:56:00.3439940Z   ✓ S10 dependency-change-caught
make check (macos-latest)	make check (includes isolated install-to-accept demo)	2026-09-16T13:56:02.8990750Z   ✓ S10 budget-raise-caught
make check (macos-latest)	make check (includes isolated install-to-accept demo)	2026-09-16T13:56:05.5709110Z   ✓ S10 agent-change-caught
make check (macos-latest)	make check (includes isolated install-to-accept demo)	2026-09-16T13:56:08.6053270Z   ✓ S10 backend-reroute-caught
make check (macos-latest)	make check (includes isolated install-to-accept demo)	2026-09-16T13:56:12.0350530Z   ✓ S10 status-change-allowed
make check (macos-latest)	make check (includes isolated install-to-accept demo)	2026-09-16T13:56:14.8870020Z   ✓ S10 tracker-writeback-allowed
make check (macos-latest)	make check (includes isolated install-to-accept demo)	2026-09-16T13:56:14.8922050Z ── Scenario 11: legacy v1 verification and re-stamp ──
make check (macos-latest)	make check (includes isolated install-to-accept demo)	2026-09-16T13:56:22.7944630Z   ✓ S11 legacy-v1-tier2
make check (macos-latest)	make check (includes isolated install-to-accept demo)	2026-09-16T13:56:22.7945810Z   ✓ S11 legacy-restamped-v3
make check (macos-latest)	make check (includes isolated install-to-accept demo)	2026-09-16T13:56:22.7947250Z   ✓ S11 legacy-v2-tier2
make check (macos-latest)	make check (includes isolated install-to-accept demo)	2026-09-16T13:56:22.7947770Z   ✓ S11 legacy-v2-restamped-v3
make check (macos-latest)	make check (includes isolated install-to-accept demo)	2026-09-16T13:56:22.7948350Z ── Scenario 12: re-stamp an amended spec ──
make check (macos-latest)	make check (includes isolated install-to-accept demo)	2026-09-16T13:56:26.8414470Z   ✓ S12 edit-breaks-seal
make check (macos-latest)	make check (includes isolated install-to-accept demo)	2026-09-16T13:56:26.8443520Z   ✓ S12 amendment-resealed
make check (macos-latest)	make check (includes isolated install-to-accept demo)	2026-09-16T13:56:26.8453150Z 
make check (macos-latest)	make check (includes isolated install-to-accept demo)	2026-09-16T13:56:26.8453480Z ========================================
make check (macos-latest)	make check (includes isolated install-to-accept demo)	2026-09-16T13:56:26.8453970Z Results: 41 passed, 0 failed
make check (macos-latest)	make check (includes isolated install-to-accept demo)	2026-09-16T13:56:26.8454350Z ========================================
make check (macos-latest)	make check (includes isolated install-to-accept demo)	2026-09-16T13:56:43.5998250Z MESH_ADAPTERS=READY
make check (macos-latest)	make check (includes isolated install-to-accept demo)	2026-09-16T13:56:51.9703950Z MESH_COCKPIT=READY
make check (macos-latest)	make check (includes isolated install-to-accept demo)	2026-09-16T13:56:53.1909130Z ok  	github.com/luanmorenomaciel/task-spec/mesh/cmd/taskspec-meshd	0.098s
make check (macos-latest)	make check (includes isolated install-to-accept demo)	2026-09-16T13:56:57.9151280Z ok  	github.com/luanmorenomaciel/task-spec/mesh/internal/mesh	4.451s
make check (macos-latest)	make check (includes isolated install-to-accept demo)	2026-09-16T13:56:59.6380650Z MESH_CONTRACTS=READY
make check (macos-latest)	make check (includes isolated install-to-accept demo)	2026-09-16T13:57:02.2614120Z MESH_DAEMON=READY
make check (macos-latest)	make check (includes isolated install-to-accept demo)	2026-09-16T13:57:18.2269040Z MESH_LEASES=READY
make check (macos-latest)	make check (includes isolated install-to-accept demo)	2026-09-16T13:57:35.0451330Z MESH_ROUTING_INTEGRATION=READY
make check (macos-latest)	make check (includes isolated install-to-accept demo)	2026-09-16T13:57:47.9879180Z MESH_ADAPTERS=READY
make check (macos-latest)	make check (includes isolated install-to-accept demo)	2026-09-16T13:57:58.3899790Z MESH_COCKPIT=READY
make check (macos-latest)	make check (includes isolated install-to-accept demo)	2026-09-16T13:57:58.4116280Z MESH_RECOVERY=READY
make check (macos-latest)	make check (includes isolated install-to-accept demo)	2026-09-16T13:57:58.4117330Z MESH_CONFORMANCE=READY
make check (macos-latest)	make check (includes isolated install-to-accept demo)	2026-09-16T13:58:00.0510800Z MESH_CONTRACTS=READY
make check (macos-latest)	make check (includes isolated install-to-accept demo)	2026-09-16T13:58:02.5717580Z MESH_DAEMON=READY
make check (macos-latest)	make check (includes isolated install-to-accept demo)	2026-09-16T13:58:12.7897090Z MESH_COCKPIT=READY
make check (macos-latest)	make check (includes isolated install-to-accept demo)	2026-09-16T13:58:12.8073900Z MESH_DEMO=READY
make check (macos-latest)	make check (includes isolated install-to-accept demo)	2026-09-16T13:58:19.3065730Z INSTALL=OK
make check (macos-latest)	make check (includes isolated install-to-accept demo)	2026-09-16T13:58:19.3067340Z MESH_INSTALL=READY
make check (macos-latest)	make check (includes isolated install-to-accept demo)	2026-09-16T13:58:19.5492430Z MESH_ISOLATION=UNAVAILABLE reason=docker
make check (macos-latest)	make check (includes isolated install-to-accept demo)	2026-09-16T13:58:33.0739430Z MESH_LEASES=READY
make check (macos-latest)	make check (includes isolated install-to-accept demo)	2026-09-16T13:58:47.3415880Z MESH_ROUTING_INTEGRATION=READY
make check (macos-latest)	make check (includes isolated install-to-accept demo)	2026-09-16T13:58:47.3988440Z ═══ Step 1: Install the agent surface into a fresh tempdir ═══
make check (macos-latest)	make check (includes isolated install-to-accept demo)	2026-09-16T13:58:47.8720620Z   ✓ install.sh succeeded
make check (macos-latest)	make check (includes isolated install-to-accept demo)	2026-09-16T13:58:47.8721260Z   ✓ installed: agents/task-architect.md
make check (macos-latest)	make check (includes isolated install-to-accept demo)	2026-09-16T13:58:47.8721700Z   ✓ installed: skills/task-spec/SKILL.md
make check (macos-latest)	make check (includes isolated install-to-accept demo)	2026-09-16T13:58:47.8753330Z 
make check (macos-latest)	make check (includes isolated install-to-accept demo)	2026-09-16T13:58:47.8753660Z ═══ Step 2: --version reports task-spec v3.10.0 ═══
make check (macos-latest)	make check (includes isolated install-to-accept demo)	2026-09-16T13:58:47.8917160Z   ✓ install --version → task-spec v3.10.0
make check (macos-latest)	make check (includes isolated install-to-accept demo)	2026-09-16T13:58:47.9044090Z   ✓ validate-task-spec --version → task-spec v3.10.0
make check (macos-latest)	make check (includes isolated install-to-accept demo)	2026-09-16T13:58:47.9168380Z   ✓ safe-to-delegate --version → task-spec v3.10.0
make check (macos-latest)	make check (includes isolated install-to-accept demo)	2026-09-16T13:58:47.9293760Z   ✓ generate-task-spec --version → task-spec v3.10.0
make check (macos-latest)	make check (includes isolated install-to-accept demo)	2026-09-16T13:58:47.9424490Z   ✓ list-ready --version → task-spec v3.10.0
make check (macos-latest)	make check (includes isolated install-to-accept demo)	2026-09-16T13:58:47.9424920Z 
make check (macos-latest)	make check (includes isolated install-to-accept demo)	2026-09-16T13:58:47.9425430Z ═══ Step 3: GENERATE a spec ═══
make check (macos-latest)	make check (includes isolated install-to-accept demo)	2026-09-16T13:58:48.1514590Z   ✓ generator wrote a spec
make check (macos-latest)	make check (includes isolated install-to-accept demo)	2026-09-16T13:58:48.1544210Z   ✓ generator stamped version 3.10.0
make check (macos-latest)	make check (includes isolated install-to-accept demo)	2026-09-16T13:58:48.1572960Z   ✓ generator printed --stamp breadcrumb
make check (macos-latest)	make check (includes isolated install-to-accept demo)	2026-09-16T13:58:48.1606230Z   ✓ spec file present at tasks/T-20260916-e2e-health-endpoint.md
make check (macos-latest)	make check (includes isolated install-to-accept demo)	2026-09-16T13:58:48.1606570Z 
make check (macos-latest)	make check (includes isolated install-to-accept demo)	2026-09-16T13:58:48.1606940Z ═══ Step 4: Fill stubs (synthesize a minimal valid spec) ═══
make check (macos-latest)	make check (includes isolated install-to-accept demo)	2026-09-16T13:58:48.1636890Z captured spec id: T-20260916-e2e-health-endpoint
make check (macos-latest)	make check (includes isolated install-to-accept demo)	2026-09-16T13:58:48.7599740Z   ✓ validate-task-spec.sh exits 0 on synthesized spec
make check (macos-latest)	make check (includes isolated install-to-accept demo)	2026-09-16T13:58:48.7600220Z 
make check (macos-latest)	make check (includes isolated install-to-accept demo)	2026-09-16T13:58:48.7600470Z ═══ Step 5: GATE (taskspec gate --stamp) ═══
make check (macos-latest)	make check (includes isolated install-to-accept demo)	2026-09-16T13:58:49.8921010Z   ✓ gate reported DELEGATE
make check (macos-latest)	make check (includes isolated install-to-accept demo)	2026-09-16T13:58:49.8945200Z   ✓ gate stamped signed_off:true
make check (macos-latest)	make check (includes isolated install-to-accept demo)	2026-09-16T13:58:49.9032700Z   ✓ spec frontmatter signed_off: true
make check (macos-latest)	make check (includes isolated install-to-accept demo)	2026-09-16T13:58:49.9033250Z   ✓ spec frontmatter signed_off_by: e2e-test
make check (macos-latest)	make check (includes isolated install-to-accept demo)	2026-09-16T13:58:49.9033680Z   ✓ spec frontmatter signed_off_at is ISO-8601
make check (macos-latest)	make check (includes isolated install-to-accept demo)	2026-09-16T13:58:50.6087630Z   ✓ validate accepts the stamped spec (sign-off envelope OK)
make check (macos-latest)	make check (includes isolated install-to-accept demo)	2026-09-16T13:58:50.6089420Z 
make check (macos-latest)	make check (includes isolated install-to-accept demo)	2026-09-16T13:58:50.6090350Z ═══ Step 6: Schema fidelity (Python consumer) ═══
make check (macos-latest)	make check (includes isolated install-to-accept demo)	2026-09-16T13:58:50.6128930Z   ✓ copied golden fixture into tempdir
make check (macos-latest)	make check (includes isolated install-to-accept demo)	2026-09-16T13:58:50.6130470Z   ✓ python consumer present at docs/examples/consume-task-spec.py
make check (macos-latest)	make check (includes isolated install-to-accept demo)	2026-09-16T13:58:50.6131870Z   ✓ python consumer canonical schemas are packaged under spec/schemas
make check (macos-latest)	make check (includes isolated install-to-accept demo)	2026-09-16T13:58:50.8429230Z   ✓ python consumer parsed golden fixture (exit 0)
make check (macos-latest)	make check (includes isolated install-to-accept demo)	2026-09-16T13:58:50.8430240Z 
make check (macos-latest)	make check (includes isolated install-to-accept demo)	2026-09-16T13:58:50.8430840Z ═══ Step 7: Cross-engine equivalence (Python vs TypeScript) ═══
make check (macos-latest)	make check (includes isolated install-to-accept demo)	2026-09-16T13:58:51.0322240Z   ✓ node present (v24.20.0) — attempting cross-engine proof
make check (macos-latest)	make check (includes isolated install-to-accept demo)	2026-09-16T13:58:51.0326220Z   installing TS consumer deps (npm install, 120s budget)…
make check (macos-latest)	make check (includes isolated install-to-accept demo)	2026-09-16T13:58:56.3807660Z   ✓ typescript consumer parsed golden fixture (exit 0)
make check (macos-latest)	make check (includes isolated install-to-accept demo)	2026-09-16T13:58:56.4451500Z   ✓ cross-engine equivalence: id/status/execution_backend/signed_off + ordered eval_ids + canonicalized validation_card ALL EQUAL
make check (macos-latest)	make check (includes isolated install-to-accept demo)	2026-09-16T13:58:56.4454710Z       both engines: {"eval_ids": ["eval_1"], "execution_backend": "any", "id": "T-20260602-golden", "signed_off": false, "status": "ready", "validation_card": {"agent_contract": {"read": ["intent", "contract", "guardrails", "operations"]}, "retry_policy": {"circuit_breaker_no_progress": 3, "max_iterations": 15, "on_terminal_failure": "park_with_context"}, "success_criteria_keys": [{"check_type": "deterministic", "description": "synthetic", "expected_duration_sec": 1, "id": "eval_1", "runnable": "bash", "terminal": true}]}}
make check (macos-latest)	make check (includes isolated install-to-accept demo)	2026-09-16T13:58:56.4474230Z 
make check (macos-latest)	make check (includes isolated install-to-accept demo)	2026-09-16T13:58:56.4474380Z ========================================
make check (macos-latest)	make check (includes isolated install-to-accept demo)	2026-09-16T13:58:56.4474740Z Results: 26 passed, 0 failed
make check (macos-latest)	make check (includes isolated install-to-accept demo)	2026-09-16T13:58:56.4475100Z ========================================
make check (macos-latest)	make check (includes isolated install-to-accept demo)	2026-09-16T13:58:57.3278400Z OFFICIAL_PROTOCOL_SDK=UNAVAILABLE retained evidence verified
make check (macos-latest)	make check (includes isolated install-to-accept demo)	2026-09-16T13:58:57.3279240Z PROTOCOL_CONFORMANCE=READY
make check (macos-latest)	make check (includes isolated install-to-accept demo)	2026-09-16T13:58:57.3629850Z README_COMMANDS=READY commands=24 images=4 mermaid=2
make check (macos-latest)	make check (includes isolated install-to-accept demo)	2026-09-16T13:58:57.4069480Z RELEASE_STATUS=OK
make check (macos-latest)	make check (includes isolated install-to-accept demo)	2026-09-16T13:58:57.5131650Z CLI_REFERENCE=OK
make check (macos-latest)	make check (includes isolated install-to-accept demo)	2026-09-16T13:58:58.6005220Z RELEASE_AUDIT_TESTS=READY
make check (macos-latest)	make check (includes isolated install-to-accept demo)	2026-09-16T13:58:58.8103740Z RELEASE_EVIDENCE_CONTRACTS=READY
make check (macos-latest)	make check (includes isolated install-to-accept demo)	2026-09-16T13:59:13.8968970Z RELEASE_PACKAGING=READY
make check (macos-latest)	make check (includes isolated install-to-accept demo)	2026-09-16T13:59:14.3473900Z tests/test-release-provenance.sh: line 77: rg: command not found
make check (macos-latest)	make check (includes isolated install-to-accept demo)	2026-09-16T13:59:14.3926090Z PRIVATE_PROVENANCE=READY
make check (macos-latest)	make check (includes isolated install-to-accept demo)	2026-09-16T13:59:14.4016630Z test-repo-layout.sh
make check (macos-latest)	make check (includes isolated install-to-accept demo)	2026-09-16T13:59:14.4059420Z ════════════════════════════════════════
make check (macos-latest)	make check (includes isolated install-to-accept demo)	2026-09-16T13:59:14.4306310Z   ok   top-level directories match the manifest (16 declared)
make check (macos-latest)	make check (includes isolated install-to-accept demo)	2026-09-16T13:59:14.4465750Z   ok   root files match the manifest (16 declared)
make check (macos-latest)	make check (includes isolated install-to-accept demo)	2026-09-16T13:59:14.4952190Z   ok   every top-level directory appears in the AGENTS.md layout table
make check (macos-latest)	make check (includes isolated install-to-accept demo)	2026-09-16T13:59:14.6218500Z   ok   no undeclared single-file top-level directory
make check (macos-latest)	make check (includes isolated install-to-accept demo)	2026-09-16T13:59:14.6318870Z   ok   no retired top-level or nested path reappeared
make check (macos-latest)	make check (includes isolated install-to-accept demo)	2026-09-16T13:59:16.2963990Z   ok   no live file references a pre-consolidation path
make check (macos-latest)	make check (includes isolated install-to-accept demo)	2026-09-16T13:59:16.3631790Z   ok   every byte-for-byte SKILL.md copy matches root SKILL.md
make check (macos-latest)	make check (includes isolated install-to-accept demo)	2026-09-16T13:59:16.3746230Z   ok   fixtures live under exactly one root (tests/fixtures/)
make check (macos-latest)	make check (includes isolated install-to-accept demo)	2026-09-16T13:59:16.4016730Z   ok   every digest-pinned evidence path still resolves
make check (macos-latest)	make check (includes isolated install-to-accept demo)	2026-09-16T13:59:16.4092590Z   ok   docs/runbooks/ stays closed (12 of 12; new how-tos go in docs/guides/)
make check (macos-latest)	make check (includes isolated install-to-accept demo)	2026-09-16T13:59:16.4093440Z   ok   every grouped directory has a README or index
make check (macos-latest)	make check (includes isolated install-to-accept demo)	2026-09-16T13:59:16.4094210Z ════════════════════════════════════════
make check (macos-latest)	make check (includes isolated install-to-accept demo)	2026-09-16T13:59:16.4095000Z REPO_LAYOUT=OK (11 checks)
make check (macos-latest)	make check (includes isolated install-to-accept demo)	2026-09-16T13:59:16.4153180Z test-repo-organization-e2e.sh
make check (macos-latest)	make check (includes isolated install-to-accept demo)	2026-09-16T13:59:16.4153730Z ════════════════════════════════════════
make check (macos-latest)	make check (includes isolated install-to-accept demo)	2026-09-16T13:59:16.4246840Z   ok   live backlog has 2 open T-*.md file(s)
make check (macos-latest)	make check (includes isolated install-to-accept demo)	2026-09-16T13:59:16.4450450Z   ok   every parked spec is a non-executable composition node (2)
make check (macos-latest)	make check (includes isolated install-to-accept demo)	2026-09-16T13:59:16.7182780Z   ok   every accepted done leaf has an AcceptanceRecord (35)
make check (macos-latest)	make check (includes isolated install-to-accept demo)	2026-09-16T13:59:16.7183530Z   ok   tasks/.plans/ still has the 3.8.1 and 3.9.0 TaskPlan manifests
make check (macos-latest)	make check (includes isolated install-to-accept demo)	2026-09-16T13:59:16.7272600Z   ok   spec README, docs/index, and root README agree on orientation
make check (macos-latest)	make check (includes isolated install-to-accept demo)	2026-09-16T13:59:16.7614020Z   ok   taskspec doctor → DOCTOR=READY
make check (macos-latest)	make check (includes isolated install-to-accept demo)	2026-09-16T13:59:22.5138730Z   ok   taskspec demo walks plan → seal → handoff → accept
make check (macos-latest)	make check (includes isolated install-to-accept demo)	2026-09-16T13:59:22.7190010Z   ok   graph --check is clean and ready rows agree with the live backlog
make check (macos-latest)	make check (includes isolated install-to-accept demo)	2026-09-16T13:59:26.4319680Z   ok   every parked composition node still validates
make check (macos-latest)	make check (includes isolated install-to-accept demo)	2026-09-16T13:59:26.4322080Z ════════════════════════════════════════
make check (macos-latest)	make check (includes isolated install-to-accept demo)	2026-09-16T13:59:26.4322450Z REPO_ORGANIZATION=OK (9 checks)
make check (macos-latest)	make check (includes isolated install-to-accept demo)	2026-09-16T13:59:26.5942470Z SCHEMAS=READY count=58 fixtures=18
make check (macos-latest)	make check (includes isolated install-to-accept demo)	2026-09-16T13:59:26.6259530Z === 1. generate-task-spec.sh ===
make check (macos-latest)	make check (includes isolated install-to-accept demo)	2026-09-16T13:59:26.8267120Z   ✓ generator created tasks/T-20260916-test-self-test-suite.md
make check (macos-latest)	make check (includes isolated install-to-accept demo)	2026-09-16T13:59:26.8297650Z   ✓ id in frontmatter matches filename
make check (macos-latest)	make check (includes isolated install-to-accept demo)	2026-09-16T13:59:26.8298020Z === 2. Fill generated file with valid v2 content ===
make check (macos-latest)	make check (includes isolated install-to-accept demo)	2026-09-16T13:59:26.8325210Z   ✓ wrote valid v2 task spec
make check (macos-latest)	make check (includes isolated install-to-accept demo)	2026-09-16T13:59:26.8325710Z === 3. validate-task-spec.sh (expect PASS) ===
make check (macos-latest)	make check (includes isolated install-to-accept demo)	2026-09-16T13:59:27.6250830Z   ✓ validator passes on valid task
make check (macos-latest)	make check (includes isolated install-to-accept demo)	2026-09-16T13:59:27.6252010Z === 4. validate-task-spec.sh with controlled error (expect FAIL) ===
make check (macos-latest)	make check (includes isolated install-to-accept demo)	2026-09-16T13:59:28.3237900Z   ✓ validator catches placeholder regression
make check (macos-latest)	make check (includes isolated install-to-accept demo)	2026-09-16T13:59:29.6501370Z   ✓ pre-gate authorizes the unbuilt task
make check (macos-latest)	make check (includes isolated install-to-accept demo)	2026-09-16T13:59:29.6501880Z === 5. transition-status.sh: ready → in-progress ===
make check (macos-latest)	make check (includes isolated install-to-accept demo)	2026-09-16T13:59:29.9498140Z   ✓ transition to in-progress succeeds
make check (macos-latest)	make check (includes isolated install-to-accept demo)	2026-09-16T13:59:29.9522000Z   ✓ status updated to in-progress
make check (macos-latest)	make check (includes isolated install-to-accept demo)	2026-09-16T13:59:29.9522490Z   ✓ file remains in tasks/ for active status
make check (macos-latest)	make check (includes isolated install-to-accept demo)	2026-09-16T13:59:30.0279090Z   ✓ transition to done is blocked before acceptance
make check (macos-latest)	make check (includes isolated install-to-accept demo)	2026-09-16T13:59:30.4726410Z   ✓ post-gate accepts and stamps the completed task
make check (macos-latest)	make check (includes isolated install-to-accept demo)	2026-09-16T13:59:30.4727350Z === 6. transition-status.sh: in-progress → done ===
make check (macos-latest)	make check (includes isolated install-to-accept demo)	2026-09-16T13:59:30.7991230Z   ✓ transition to done succeeds
make check (macos-latest)	make check (includes isolated install-to-accept demo)	2026-09-16T13:59:30.7991700Z   ✓ file moved to tasks/done/
make check (macos-latest)	make check (includes isolated install-to-accept demo)	2026-09-16T13:59:30.7992200Z   ✓ file no longer in tasks/
make check (macos-latest)	make check (includes isolated install-to-accept demo)	2026-09-16T13:59:30.7992550Z === 7. rebuild-state.sh ===
make check (macos-latest)	make check (includes isolated install-to-accept demo)	2026-09-16T13:59:30.9056580Z   ✓ rebuild-state succeeds
make check (macos-latest)	make check (includes isolated install-to-accept demo)	2026-09-16T13:59:30.9057070Z   ✓ _state.yaml created
make check (macos-latest)	make check (includes isolated install-to-accept demo)	2026-09-16T13:59:30.9077200Z   ✓ _state.yaml contains test task
make check (macos-latest)	make check (includes isolated install-to-accept demo)	2026-09-16T13:59:30.9100780Z   ✓ _state.yaml reflects done status
make check (macos-latest)	make check (includes isolated install-to-accept demo)	2026-09-16T13:59:31.0348520Z   ✓ rebuild-state is byte-deterministic
make check (macos-latest)	make check (includes isolated install-to-accept demo)	2026-09-16T13:59:31.0348930Z === 8. list-ready.sh ===
make check (macos-latest)	make check (includes isolated install-to-accept demo)	2026-09-16T13:59:31.0921280Z   ✓ list-ready excludes done task
make check (macos-latest)	make check (includes isolated install-to-accept demo)	2026-09-16T13:59:31.0921780Z === 9. archive.sh ===
make check (macos-latest)	make check (includes isolated install-to-accept demo)	2026-09-16T13:59:31.2237040Z   ✓ archive is no-op for already-archived task
make check (macos-latest)	make check (includes isolated install-to-accept demo)	2026-09-16T13:59:31.2237550Z === 10. backup-backlog.sh ===
make check (macos-latest)	make check (includes isolated install-to-accept demo)	2026-09-16T13:59:31.2616600Z   ✓ backup-backlog succeeds
make check (macos-latest)	make check (includes isolated install-to-accept demo)	2026-09-16T13:59:31.2649490Z   ✓ backup archive created
make check (macos-latest)	make check (includes isolated install-to-accept demo)	2026-09-16T13:59:31.2649960Z === 11. safe-to-delegate.sh (pre-delegation gate) ===
make check (macos-latest)	make check (includes isolated install-to-accept demo)	2026-09-16T13:59:32.2899700Z   ✓ safe-to-delegate clears a valid spec
make check (macos-latest)	make check (includes isolated install-to-accept demo)	2026-09-16T13:59:33.1772500Z   ✓ safe-to-delegate blocks a broken-eval spec
make check (macos-latest)	make check (includes isolated install-to-accept demo)	2026-09-16T13:59:33.1798130Z 
make check (macos-latest)	make check (includes isolated install-to-accept demo)	2026-09-16T13:59:33.1798490Z ========================================
make check (macos-latest)	make check (includes isolated install-to-accept demo)	2026-09-16T13:59:33.1798950Z Results: 25 passed, 0 failed
make check (macos-latest)	make check (includes isolated install-to-accept demo)	2026-09-16T13:59:33.1799220Z ========================================
make check (macos-latest)	make check (includes isolated install-to-accept demo)	2026-09-16T13:59:33.1968600Z MESH_ISOLATION=UNAVAILABLE reason=docker
make check (macos-latest)	make check (includes isolated install-to-accept demo)	2026-09-16T13:59:33.4874620Z TOOLKIT_AUTHORING=PASS
make check (macos-latest)	make check (includes isolated install-to-accept demo)	2026-09-16T13:59:33.5357720Z TOOLKIT_CONFORMANCE=PASS optional recipe, self-contained schemas, and complete lineage shape
make check (macos-latest)	make check (includes isolated install-to-accept demo)	2026-09-16T13:59:33.5690000Z TOOLKIT_CI=CONFIGURED hosted execution not inferred
make check (macos-latest)	make check (includes isolated install-to-accept demo)	2026-09-16T13:59:40.7132780Z TOOLKIT_CLI=PASS
make check (macos-latest)	make check (includes isolated install-to-accept demo)	2026-09-16T13:59:54.2562950Z TOOLKIT_DECOMPOSE=PASS
make check (macos-latest)	make check (includes isolated install-to-accept demo)	2026-09-16T13:59:54.3336590Z TOOLKIT_EXPERIENCE=PASS static resources and trace-oracle negatives; live chat quality not inferred
make check (macos-latest)	make check (includes isolated install-to-accept demo)	2026-09-16T13:59:55.1129600Z TOOLKIT_GUIDES=PASS
make check (macos-latest)	make check (includes isolated install-to-accept demo)	2026-09-16T14:00:12.5394560Z TOOLKIT_DECOMPOSE=PASS
make check (macos-latest)	make check (includes isolated install-to-accept demo)	2026-09-16T14:00:16.7235250Z TOOLKIT_INSTALL=PASS clean private runtime, path spaces, version identity, and corrupted-resource refusal
make check (macos-latest)	make check (includes isolated install-to-accept demo)	2026-09-16T14:00:17.5113820Z ok  	github.com/luanmorenomaciel/task-spec/mesh/internal/mesh	(cached)
make check (macos-latest)	make check (includes isolated install-to-accept demo)	2026-09-16T14:00:31.7708450Z TOOLKIT_MESH=PASS
make check (macos-latest)	make check (includes isolated install-to-accept demo)	2026-09-16T14:00:32.0027890Z TOOLKIT_PERMISSION_GUARD=PASS recorded denial stops continuation; ordinary eval and validation failures remain distinct
make check (macos-latest)	make check (includes isolated install-to-accept demo)	2026-09-16T14:00:32.3252150Z {"state": "paused", "before_block": 1, "reason": "Review the observed permission denial.", "next": "Inspect retained runs and remove the explicit PAUSE file only when authorized to continue."}
make check (macos-latest)	make check (includes isolated install-to-accept demo)	2026-09-16T14:00:32.3272200Z {"id": "1-claude", "exit_code": 0, "run_id": "denied-cell", "accepted": false, "error": "permission denied", "elapsed_seconds": 1, "cost_usd": 0, "permission_denied": true}
make check (macos-latest)	make check (includes isolated install-to-accept demo)	2026-09-16T14:00:32.3273510Z {"id": "1-codex", "exit_code": 0, "run_id": "denied-cell", "accepted": false, "error": "permission denied", "elapsed_seconds": 1, "cost_usd": 0, "permission_denied": true}
make check (macos-latest)	make check (includes isolated install-to-accept demo)	2026-09-16T14:00:32.5461920Z TOOLKIT_PILOT_RECORDING=PASS prospective intervals, censored failures, retained outputs, tamper detection, cohort pause
make check (macos-latest)	make check (includes isolated install-to-accept demo)	2026-09-16T14:00:34.5288170Z TOOLKIT_PUBLIC_EVALUATOR=PASS exact local resources; script and fixture substitution refused
make check (macos-latest)	make check (includes isolated install-to-accept demo)	2026-09-16T14:00:34.6924170Z TOOLKIT_RUNTIME=PASS
make check (macos-latest)	make check (includes isolated install-to-accept demo)	2026-09-16T14:00:35.7015620Z TOOLKIT_SDLC=PASS
make check (macos-latest)	make check (includes isolated install-to-accept demo)	2026-09-16T14:00:35.8088310Z === Phase 1: AUTHOR a solvable v3 standard spec ===
make check (macos-latest)	make check (includes isolated install-to-accept demo)	2026-09-16T14:00:35.8129530Z   ✓ spec file authored
make check (macos-latest)	make check (includes isolated install-to-accept demo)	2026-09-16T14:00:35.8130010Z === Phase 2: VALIDATE (structural + profile + traceability) ===
make check (macos-latest)	make check (includes isolated install-to-accept demo)	2026-09-16T14:00:36.7034810Z   ✓ validate passes (rc=0)
make check (macos-latest)	make check (includes isolated install-to-accept demo)	2026-09-16T14:00:36.7064960Z   ✓ validate reports v3 + standard profile
make check (macos-latest)	make check (includes isolated install-to-accept demo)	2026-09-16T14:00:36.7093930Z   ✓ validate maps status→A2A submitted
make check (macos-latest)	make check (includes isolated install-to-accept demo)	2026-09-16T14:00:36.7094360Z === Phase 3: PRE-GATE (safe-to-delegate --stamp) ===
make check (macos-latest)	make check (includes isolated install-to-accept demo)	2026-09-16T14:00:37.8824310Z   ✓ pre-gate verdict DELEGATE (rc=0)
make check (macos-latest)	make check (includes isolated install-to-accept demo)	2026-09-16T14:00:37.8866530Z   ✓ pre-gate stamped signed_off: true
make check (macos-latest)	make check (includes isolated install-to-accept demo)	2026-09-16T14:00:37.8926390Z   ✓ pre-gate sealed HMAC (Tier 1)
make check (macos-latest)	make check (includes isolated install-to-accept demo)	2026-09-16T14:00:38.6834350Z === Phase 4: DISPATCH (reference executor drives the work) ===
make check (macos-latest)	make check (includes isolated install-to-accept demo)	2026-09-16T14:00:39.1589180Z   ✓ executor created src/feature.txt == 'done'
make check (macos-latest)	make check (includes isolated install-to-accept demo)	2026-09-16T14:00:39.1621560Z   ✓ executor leaves passing work in-progress pending acceptance
make check (macos-latest)	make check (includes isolated install-to-accept demo)	2026-09-16T14:00:39.1622090Z === Phase 5: ACCEPT (post-execution gate) ===
make check (macos-latest)	make check (includes isolated install-to-accept demo)	2026-09-16T14:00:39.7073740Z     accept-task: /var/folders/36/tjdph2t965j8snz9_vkdnw0r0000gn/T/tmp.FJx4SJvS58/tasks/T-20260618-e2e-closed-loop.md
make check (macos-latest)	make check (includes isolated install-to-accept demo)	2026-09-16T14:00:39.7074750Z     ────────────────────────────────────────────────────────
make check (macos-latest)	make check (includes isolated install-to-accept demo)	2026-09-16T14:00:39.7075300Z     A. Independent evaluation ...
make check (macos-latest)	make check (includes isolated install-to-accept demo)	2026-09-16T14:00:39.7075900Z        PASS — Exit Check returned 0
make check (macos-latest)	make check (includes isolated install-to-accept demo)	2026-09-16T14:00:39.7076400Z     B. Handoff, graph, base commit, and blast radius ...
make check (macos-latest)	make check (includes isolated install-to-accept demo)	2026-09-16T14:00:39.7077090Z        PASS — revision, closure, Git base, and write scope agree
make check (macos-latest)	make check (includes isolated install-to-accept demo)	2026-09-16T14:00:39.7077480Z     C. Authorization integrity ...
make check (macos-latest)	make check (includes isolated install-to-accept demo)	2026-09-16T14:00:39.7078000Z        PASS — TaskAuthorization/v3 verifies
make check (macos-latest)	make check (includes isolated install-to-accept demo)	2026-09-16T14:00:39.7078350Z     E. Sealed evidence policy ...
make check (macos-latest)	make check (includes isolated install-to-accept demo)	2026-09-16T14:00:39.7078830Z        PASS — required evidence matches this attempt
make check (macos-latest)	make check (includes isolated install-to-accept demo)	2026-09-16T14:00:39.7079380Z     ────────────────────────────────────────────────────────
make check (macos-latest)	make check (includes isolated install-to-accept demo)	2026-09-16T14:00:39.7082380Z        stamped — {"acceptance_record": "/private/var/folders/36/tjdph2t965j8snz9_vkdnw0r0000gn/T/tmp.FJx4SJvS58/.taskspec/acceptance/T-20260618-e2e-closed-loop/814fec7a-be76-4e7e-8fbc-c48331fdb9e0.json", "acceptance_record_digest": "sha256:47db4ab4a8ec5b80e7a6f2cace300290d795a4f2747326463d7d49e591d585ba", "accepted": true, "attempt_id": "814fec7a-be76-4e7e-8fbc-c48331fdb9e0", "contract": "AcceptanceFinalized/v1", "task_id": "T-20260618-e2e-closed-loop", "tier": 1}
make check (macos-latest)	make check (includes isolated install-to-accept demo)	2026-09-16T14:00:39.7084910Z     VERDICT: ACCEPT — Tier 1 evidence is bound to the authorized task attempt
make check (macos-latest)	make check (includes isolated install-to-accept demo)	2026-09-16T14:00:39.7085360Z     ACCEPTED=1
make check (macos-latest)	make check (includes isolated install-to-accept demo)	2026-09-16T14:00:39.7085630Z   ✓ accept verdict ACCEPT (rc=0)
make check (macos-latest)	make check (includes isolated install-to-accept demo)	2026-09-16T14:00:39.7105070Z   ✓ accept stamped accepted: true
make check (macos-latest)	make check (includes isolated install-to-accept demo)	2026-09-16T14:00:39.7131330Z   ✓ accept emitted ACCEPTED=1
make check (macos-latest)	make check (includes isolated install-to-accept demo)	2026-09-16T14:00:39.7159950Z   ✓ accept GATE A (evals pass) reported
make check (macos-latest)	make check (includes isolated install-to-accept demo)	2026-09-16T14:00:39.7161440Z === Phase 6: NEGATIVE — blast-radius breach is REJECTED ===
make check (macos-latest)	make check (includes isolated install-to-accept demo)	2026-09-16T14:00:40.1904360Z   ✓ breach REJECTED (rc=1)
make check (macos-latest)	make check (includes isolated install-to-accept demo)	2026-09-16T14:00:40.1930670Z   ✓ breach names the out-of-scope file
make check (macos-latest)	make check (includes isolated install-to-accept demo)	2026-09-16T14:00:40.6175370Z   ✓ accepted work transitions status → done
make check (macos-latest)	make check (includes isolated install-to-accept demo)	2026-09-16T14:00:40.6175880Z === Phase 7: LOOP CLOSED — final spec validates with full envelope ===
make check (macos-latest)	make check (includes isolated install-to-accept demo)	2026-09-16T14:00:41.3433970Z   ✓ final validate passes
make check (macos-latest)	make check (includes isolated install-to-accept demo)	2026-09-16T14:00:41.3461540Z   ✓ final validate confirms Tier-1 HMAC
make check (macos-latest)	make check (includes isolated install-to-accept demo)	2026-09-16T14:00:41.3461840Z 
make check (macos-latest)	make check (includes isolated install-to-accept demo)	2026-09-16T14:00:41.3461930Z ========================================
make check (macos-latest)	make check (includes isolated install-to-accept demo)	2026-09-16T14:00:41.3462350Z Results: 18 passed, 0 failed
make check (macos-latest)	make check (includes isolated install-to-accept demo)	2026-09-16T14:00:41.3462760Z ========================================
make check (macos-latest)	make check (includes isolated install-to-accept demo)	2026-09-16T14:00:41.3674800Z == install ==
make check (macos-latest)	make check (includes isolated install-to-accept demo)	2026-09-16T14:00:42.2108050Z   ✓ copy install
make check (macos-latest)	make check (includes isolated install-to-accept demo)	2026-09-16T14:00:42.6801710Z   ✓ idempotent install
make check (macos-latest)	make check (includes isolated install-to-accept demo)	2026-09-16T14:00:42.8193010Z   ✓ equivalent harness skills
make check (macos-latest)	make check (includes isolated install-to-accept demo)	2026-09-16T14:00:43.6687260Z   ✓ global user install
make check (macos-latest)	make check (includes isolated install-to-accept demo)	2026-09-16T14:00:43.8540870Z   ✓ checkout symlink install
make check (macos-latest)	make check (includes isolated install-to-accept demo)	2026-09-16T14:00:44.6799860Z   ✓ skills-only install
make check (macos-latest)	make check (includes isolated install-to-accept demo)	2026-09-16T14:00:45.2438180Z   ✓ unmanaged destination is preserved
make check (macos-latest)	make check (includes isolated install-to-accept demo)	2026-09-16T14:00:46.1665400Z   ✓ forced replacement leaves a backup
make check (macos-latest)	make check (includes isolated install-to-accept demo)	2026-09-16T14:00:46.6755390Z   ✓ managed launcher upgrades safely
make check (macos-latest)	make check (includes isolated install-to-accept demo)	2026-09-16T14:00:46.6962470Z   ✓ installed version
make check (macos-latest)	make check (includes isolated install-to-accept demo)	2026-09-16T14:00:51.0407130Z   ✓ installed isolated demo
make check (macos-latest)	make check (includes isolated install-to-accept demo)	2026-09-16T14:00:51.0981080Z   ✓ agent context JSON
make check (macos-latest)	make check (includes isolated install-to-accept demo)	2026-09-16T14:00:51.1554320Z   ✓ agent context covers the complete public command and schema surfaces
make check (macos-latest)	make check (includes isolated install-to-accept demo)	2026-09-16T14:00:51.1750010Z   ✓ agent guidance surfaces share the 3.9 lifecycle
make check (macos-latest)	make check (includes isolated install-to-accept demo)	2026-09-16T14:00:51.2791230Z   ✓ global JSON envelope
make check (macos-latest)	make check (includes isolated install-to-accept demo)	2026-09-16T14:00:51.3299020Z   ✓ per-command help init
make check (macos-latest)	make check (includes isolated install-to-accept demo)	2026-09-16T14:00:51.3796090Z   ✓ per-command help setup
make check (macos-latest)	make check (includes isolated install-to-accept demo)	2026-09-16T14:00:51.4288680Z   ✓ per-command help demo
make check (macos-latest)	make check (includes isolated install-to-accept demo)	2026-09-16T14:00:51.4802730Z   ✓ per-command help new
make check (macos-latest)	make check (includes isolated install-to-accept demo)	2026-09-16T14:00:51.5321970Z   ✓ per-command help plan
make check (macos-latest)	make check (includes isolated install-to-accept demo)	2026-09-16T14:00:51.5846050Z   ✓ per-command help batch
make check (macos-latest)	make check (includes isolated install-to-accept demo)	2026-09-16T14:00:51.6293250Z   ✓ per-command help migrate
make check (macos-latest)	make check (includes isolated install-to-accept demo)	2026-09-16T14:00:51.6763920Z   ✓ per-command help validate
make check (macos-latest)	make check (includes isolated install-to-accept demo)	2026-09-16T14:00:51.7258220Z   ✓ per-command help dod
make check (macos-latest)	make check (includes isolated install-to-accept demo)	2026-09-16T14:00:51.7847990Z   ✓ per-command help gate
make check (macos-latest)	make check (includes isolated install-to-accept demo)	2026-09-16T14:00:51.8475810Z   ✓ per-command help handoff
make check (macos-latest)	make check (includes isolated install-to-accept demo)	2026-09-16T14:00:51.8979870Z   ✓ per-command help run
make check (macos-latest)	make check (includes isolated install-to-accept demo)	2026-09-16T14:00:51.9521730Z   ✓ per-command help accept
make check (macos-latest)	make check (includes isolated install-to-accept demo)	2026-09-16T14:00:52.0095570Z   ✓ per-command help author-doctor
make check (macos-latest)	make check (includes isolated install-to-accept demo)	2026-09-16T14:00:52.0588180Z   ✓ per-command help holdout
make check (macos-latest)	make check (includes isolated install-to-accept demo)	2026-09-16T14:00:52.1070840Z   ✓ per-command help receipt
make check (macos-latest)	make check (includes isolated install-to-accept demo)	2026-09-16T14:00:52.1529510Z   ✓ per-command help dsse
make check (macos-latest)	make check (includes isolated install-to-accept demo)	2026-09-16T14:00:52.2003870Z   ✓ per-command help eval-audit
make check (macos-latest)	make check (includes isolated install-to-accept demo)	2026-09-16T14:00:52.2461310Z   ✓ per-command help identity
make check (macos-latest)	make check (includes isolated install-to-accept demo)	2026-09-16T14:00:52.2907480Z   ✓ per-command help evidence
make check (macos-latest)	make check (includes isolated install-to-accept demo)	2026-09-16T14:00:52.3500700Z   ✓ per-command help bridge
make check (macos-latest)	make check (includes isolated install-to-accept demo)	2026-09-16T14:00:52.4077990Z   ✓ per-command help mcp
make check (macos-latest)	make check (includes isolated install-to-accept demo)	2026-09-16T14:00:52.4572800Z   ✓ per-command help mesh
make check (macos-latest)	make check (includes isolated install-to-accept demo)	2026-09-16T14:00:52.5072150Z   ✓ per-command help ready
make check (macos-latest)	make check (includes isolated install-to-accept demo)	2026-09-16T14:00:52.5568810Z   ✓ per-command help graph
make check (macos-latest)	make check (includes isolated install-to-accept demo)	2026-09-16T14:00:52.6065460Z   ✓ per-command help status
make check (macos-latest)	make check (includes isolated install-to-accept demo)	2026-09-16T14:00:52.6570070Z   ✓ per-command help lint
make check (macos-latest)	make check (includes isolated install-to-accept demo)	2026-09-16T14:00:52.7066570Z   ✓ per-command help transition
make check (macos-latest)	make check (includes isolated install-to-accept demo)	2026-09-16T14:00:52.7570860Z   ✓ per-command help rebuild-state
make check (macos-latest)	make check (includes isolated install-to-accept demo)	2026-09-16T14:00:52.8087670Z   ✓ per-command help archive
make check (macos-latest)	make check (includes isolated install-to-accept demo)	2026-09-16T14:00:52.8582310Z   ✓ per-command help backup
make check (macos-latest)	make check (includes isolated install-to-accept demo)	2026-09-16T14:00:52.9154490Z   ✓ per-command help metrics
make check (macos-latest)	make check (includes isolated install-to-accept demo)	2026-09-16T14:00:52.9673700Z   ✓ per-command help conformance
make check (macos-latest)	make check (includes isolated install-to-accept demo)	2026-09-16T14:00:53.0228030Z   ✓ per-command help executor
make check (macos-latest)	make check (includes isolated install-to-accept demo)	2026-09-16T14:00:53.0751780Z   ✓ per-command help agent-context
make check (macos-latest)	make check (includes isolated install-to-accept demo)	2026-09-16T14:00:53.1270240Z   ✓ per-command help completion
make check (macos-latest)	make check (includes isolated install-to-accept demo)	2026-09-16T14:00:53.1775140Z   ✓ per-command help doctor
make check (macos-latest)	make check (includes isolated install-to-accept demo)	2026-09-16T14:00:53.2343920Z   ✓ per-command help version
make check (macos-latest)	make check (includes isolated install-to-accept demo)	2026-09-16T14:00:53.2862170Z   ✓ per-command help help
make check (macos-latest)	make check (includes isolated install-to-accept demo)	2026-09-16T14:00:53.3703860Z   ✓ usage exit 2: status
make check (macos-latest)	make check (includes isolated install-to-accept demo)	2026-09-16T14:00:53.4003300Z   ✓ usage exit 2: transition
make check (macos-latest)	make check (includes isolated install-to-accept demo)	2026-09-16T14:00:53.4321920Z   ✓ usage exit 2: migrate
make check (macos-latest)	make check (includes isolated install-to-accept demo)	2026-09-16T14:00:53.4632990Z   ✓ usage exit 2: executor
make check (macos-latest)	make check (includes isolated install-to-accept demo)	2026-09-16T14:00:53.4969570Z   ✓ usage exit 2: run
make check (macos-latest)	make check (includes isolated install-to-accept demo)	2026-09-16T14:00:53.5491420Z   ✓ completion bash
make check (macos-latest)	make check (includes isolated install-to-accept demo)	2026-09-16T14:00:53.6093460Z   ✓ completion zsh
make check (macos-latest)	make check (includes isolated install-to-accept demo)	2026-09-16T14:00:53.6695800Z   ✓ completion fish
make check (macos-latest)	make check (includes isolated install-to-accept demo)	2026-09-16T14:00:53.6696880Z == clean-room journey ==
make check (macos-latest)	make check (includes isolated install-to-accept demo)	2026-09-16T14:01:00.4834250Z   ✓ install-to-accept clean room with structured materialization receipt
make check (macos-latest)	make check (includes isolated install-to-accept demo)	2026-09-16T14:01:00.9529210Z   ✓ README v3 and opt-in v4 scaffold commands
make check (macos-latest)	make check (includes isolated install-to-accept demo)	2026-09-16T14:01:01.0389700Z   ✓ malformed and dangling TaskPlan fails closed
make check (macos-latest)	make check (includes isolated install-to-accept demo)	2026-09-16T14:01:01.0390230Z == dry-run and color ==
make check (macos-latest)	make check (includes isolated install-to-accept demo)	2026-09-16T14:01:01.0753450Z   ✓ dry-run prevents init
make check (macos-latest)	make check (includes isolated install-to-accept demo)	2026-09-16T14:01:01.1156100Z   ✓ NO_COLOR precedence
make check (macos-latest)	make check (includes isolated install-to-accept demo)	2026-09-16T14:01:01.1156420Z == research evidence ==
make check (macos-latest)	make check (includes isolated install-to-accept demo)	2026-09-16T14:01:01.1917200Z   ✓ firecrawl evidence
make check (macos-latest)	make check (includes isolated install-to-accept demo)	2026-09-16T14:01:01.2695800Z   ✓ tavily evidence
make check (macos-latest)	make check (includes isolated install-to-accept demo)	2026-09-16T14:01:01.3441270Z   ✓ exa evidence
make check (macos-latest)	make check (includes isolated install-to-accept demo)	2026-09-16T14:01:01.4198290Z   ✓ named provider failure
make check (macos-latest)	make check (includes isolated install-to-accept demo)	2026-09-16T14:01:01.4692400Z   ✓ evidence rejects credential-bearing keys
make check (macos-latest)	make check (includes isolated install-to-accept demo)	2026-09-16T14:01:01.5387990Z   ✓ composition example preview
make check (macos-latest)	make check (includes isolated install-to-accept demo)	2026-09-16T14:01:01.5640200Z   ✓ checked-in evidence example
make check (macos-latest)	make check (includes isolated install-to-accept demo)	2026-09-16T14:01:01.6012420Z   ✓ checked-in handoff example
make check (macos-latest)	make check (includes isolated install-to-accept demo)	2026-09-16T14:01:01.6439210Z   ✓ README release status is generated from evidence
make check (macos-latest)	make check (includes isolated install-to-accept demo)	2026-09-16T14:01:01.6439710Z == checksum-backed release archive ==
make check (macos-latest)	make check (includes isolated install-to-accept demo)	2026-09-16T14:01:02.8221170Z   ✓ checksum-backed remote install
make check (macos-latest)	make check (includes isolated install-to-accept demo)	2026-09-16T14:01:02.9062450Z   ✓ tampered release archive fails closed
make check (macos-latest)	make check (includes isolated install-to-accept demo)	2026-09-16T14:01:02.9084040Z == package ==
make check (macos-latest)	make check (includes isolated install-to-accept demo)	2026-09-16T14:01:04.0444270Z   ✓ npm pack dry run
make check (macos-latest)	make check (includes isolated install-to-accept demo)	2026-09-16T14:01:05.1271290Z   ✓ local npm package install
make check (macos-latest)	make check (includes isolated install-to-accept demo)	2026-09-16T14:01:05.1271570Z 
make check (macos-latest)	make check (includes isolated install-to-accept demo)	2026-09-16T14:01:05.1271730Z Results: 80 passed, 0 failed
make check (macos-latest)	make check (includes isolated install-to-accept demo)	2026-09-16T14:01:05.1272040Z INSTALL=OK
make check (macos-latest)	make check (includes isolated install-to-accept demo)	2026-09-16T14:01:05.3884300Z ok 1 - v4 authoring is explicit and non-default
make check (macos-latest)	make check (includes isolated install-to-accept demo)	2026-09-16T14:01:06.2614560Z ok 2 - v3 compatibility fixture remains valid
make check (macos-latest)	make check (includes isolated install-to-accept demo)	2026-09-16T14:01:06.7353210Z ok 3 - v4 policy validates
make check (macos-latest)	make check (includes isolated install-to-accept demo)	2026-09-16T14:01:07.2305100Z ok 4 - sealed authoring evidence digest rejects artifact drift
make check (macos-latest)	make check (includes isolated install-to-accept demo)	2026-09-16T14:01:07.2958110Z ok 5 - author doctor finds no blockers
make check (macos-latest)	make check (includes isolated install-to-accept demo)	2026-09-16T14:01:08.5319280Z ok 6 - status reports authoring-evidence freshness without making age an acceptance gate
make check (macos-latest)	make check (includes isolated install-to-accept demo)	2026-09-16T14:01:09.2061210Z ok 7 - v4 handoff emitted
make check (macos-latest)	make check (includes isolated install-to-accept demo)	2026-09-16T14:01:09.4884700Z ok 8 - baseline discrimination audit
make check (macos-latest)	make check (includes isolated install-to-accept demo)	2026-09-16T14:01:09.9507370Z ok 9 - repeated evaluation reports stable discrimination
make check (macos-latest)	make check (includes isolated install-to-accept demo)	2026-09-16T14:01:10.0179180Z ok 10 - holdout descriptor sealed
make check (macos-latest)	make check (includes isolated install-to-accept demo)	2026-09-16T14:01:10.1769170Z ok 11 - holdout rotation metadata is retained
make check (macos-latest)	make check (includes isolated install-to-accept demo)	2026-09-16T14:01:10.3055160Z ok 12 - expired holdout requires rotation and reauthorization
make check (macos-latest)	make check (includes isolated install-to-accept demo)	2026-09-16T14:01:10.3740700Z ok 13 - tampered holdout bundle is rejected
make check (macos-latest)	make check (includes isolated install-to-accept demo)	2026-09-16T14:01:10.4802360Z ok 14 - holdout executed independently
make check (macos-latest)	make check (includes isolated install-to-accept demo)	2026-09-16T14:01:10.5477260Z ok 15 - environment receipt created
make check (macos-latest)	make check (includes isolated install-to-accept demo)	2026-09-16T14:01:10.6144840Z ok 16 - graded receipt created
make check (macos-latest)	make check (includes isolated install-to-accept demo)	2026-09-16T14:01:10.6820560Z ok 17 - human receipt created
make check (macos-latest)	make check (includes isolated install-to-accept demo)	2026-09-16T14:01:10.7827390Z ok 18 - identity receipt signed
make check (macos-latest)	make check (includes isolated install-to-accept demo)	2026-09-16T14:01:10.8623600Z ok 19 - identity receipt verified
make check (macos-latest)	make check (includes isolated install-to-accept demo)	2026-09-16T14:01:10.9454980Z ok 20 - signed holdout receipt
make check (macos-latest)	make check (includes isolated install-to-accept demo)	2026-09-16T14:01:11.0246700Z ok 21 - signed environment receipt
make check (macos-latest)	make check (includes isolated install-to-accept demo)	2026-09-16T14:01:11.1046160Z ok 22 - signed graded receipt
make check (macos-latest)	make check (includes isolated install-to-accept demo)	2026-09-16T14:01:11.1868200Z ok 23 - signed human receipt
make check (macos-latest)	make check (includes isolated install-to-accept demo)	2026-09-16T14:01:11.3294700Z ok 24 - wrong evaluator signer fails closed
make check (macos-latest)	make check (includes isolated install-to-accept demo)	2026-09-16T14:01:11.3963920Z ok 25 - all typed receipts validate
make check (macos-latest)	make check (includes isolated install-to-accept demo)	2026-09-16T14:01:11.5320820Z ok 26 - portable signed evidence satisfies Tier 1 policy
make check (macos-latest)	make check (includes isolated install-to-accept demo)	2026-09-16T14:01:11.6919450Z ok 27 - DSSE receipt export verifies independently
make check (macos-latest)	make check (includes isolated install-to-accept demo)	2026-09-16T14:01:11.7598770Z ok 28 - credential-bearing receipt is rejected
make check (macos-latest)	make check (includes isolated install-to-accept demo)	2026-09-16T14:01:11.9723670Z ok 29 - enabled engine runs in a detached worktree
make check (macos-latest)	make check (includes isolated install-to-accept demo)	2026-09-16T14:01:11.9973660Z ok 30 - isolated engine receipt records a real attempt
make check (macos-latest)	make check (includes isolated install-to-accept demo)	2026-09-16T14:01:12.0070190Z ok 31 - isolated engine change is captured outside the source workspace
make check (macos-latest)	make check (includes isolated install-to-accept demo)	2026-09-16T14:01:12.4438290Z ok 32 - acceptance blocks when evidence is omitted
make check (macos-latest)	make check (includes isolated install-to-accept demo)	2026-09-16T14:01:12.9608500Z ok 33 - acceptance passes with matching supervised evidence
make check (macos-latest)	make check (includes isolated install-to-accept demo)	2026-09-16T14:01:13.1064920Z ok 34 - revoked identity no longer verifies
make check (macos-latest)	make check (includes isolated install-to-accept demo)	2026-09-16T14:01:13.2228170Z ok 35 - A2A v1.0 bridge round trip
make check (macos-latest)	make check (includes isolated install-to-accept demo)	2026-09-16T14:01:13.3301680Z ok 36 - MCP bridge round trip
make check (macos-latest)	make check (includes isolated install-to-accept demo)	2026-09-16T14:01:13.4096990Z ok 37 - A2A bridge detects embedded handoff tampering
make check (macos-latest)	make check (includes isolated install-to-accept demo)	2026-09-16T14:01:13.4914100Z ok 38 - MCP bridge detects embedded handoff tampering
make check (macos-latest)	make check (includes isolated install-to-accept demo)	2026-09-16T14:01:13.5344120Z ok 39 - MCP server lists read-only tools
make check (macos-latest)	make check (includes isolated install-to-accept demo)	2026-09-16T14:01:13.6017070Z ok 40 - nine-family engine matrix validates
make check (macos-latest)	make check (includes isolated install-to-accept demo)	2026-09-16T14:01:13.6796460Z ok 41 - disabled engine matrix records unavailable, not fabricated passes
make check (macos-latest)	make check (includes isolated install-to-accept demo)	2026-09-16T14:01:13.7483740Z ok 42 - engine matrix emits typed run receipts
make check (macos-latest)	make check (includes isolated install-to-accept demo)	2026-09-16T14:01:13.7484220Z PASS: Task-Spec 3.7 evidence integrity (42 checks)
make check (macos-latest)	make check (includes isolated install-to-accept demo)	2026-09-16T14:01:15.1828480Z ok 1 - post-seal v4 to v3 downgrade fails closed
make check (macos-latest)	make check (includes isolated install-to-accept demo)	2026-09-16T14:01:15.7185140Z ok 2 - sealed proof policy deletion fails closed
make check (macos-latest)	make check (includes isolated install-to-accept demo)	2026-09-16T14:01:16.2815320Z ok 3 - sealed environment policy deletion fails closed
make check (macos-latest)	make check (includes isolated install-to-accept demo)	2026-09-16T14:01:16.8738210Z ok 4 - parent-child authority mutation fails closed
make check (macos-latest)	make check (includes isolated install-to-accept demo)	2026-09-16T14:01:17.4396600Z ok 5 - unknown future authority is sealed by default
make check (macos-latest)	make check (includes isolated install-to-accept demo)	2026-09-16T14:01:18.0779860Z ok 6 - lifecycle and tracker projection remain mutable
make check (macos-latest)	make check (includes isolated install-to-accept demo)	2026-09-16T14:01:18.1632770Z ok 7 - duplicate YAML keys are rejected
make check (macos-latest)	make check (includes isolated install-to-accept demo)	2026-09-16T14:01:18.2470120Z ok 8 - ambiguous JSON numeric constants are rejected
make check (macos-latest)	make check (includes isolated install-to-accept demo)	2026-09-16T14:01:18.3850210Z ok 9 - authority mapping key order is canonical
make check (macos-latest)	make check (includes isolated install-to-accept demo)	2026-09-16T14:01:18.9489280Z ok 10 - textual authoring-evidence acceptance use produces a lint warning
make check (macos-latest)	make check (includes isolated install-to-accept demo)	2026-09-16T14:01:20.8962090Z ok 11 - explicit workspace supports a nested custom backlog
make check (macos-latest)	make check (includes isolated install-to-accept demo)	2026-09-16T14:01:23.6646750Z ok 12 - receipt replay across attempts fails
make check (macos-latest)	make check (includes isolated install-to-accept demo)	2026-09-16T14:01:24.1831380Z ok 13 - global JSON returns typed receipt replay failure
make check (macos-latest)	make check (includes isolated install-to-accept demo)	2026-09-16T14:01:24.6663310Z ok 14 - pre-authorization receipt timestamp fails
make check (macos-latest)	make check (includes isolated install-to-accept demo)	2026-09-16T14:01:25.1562370Z ok 15 - receipt wrong task_id fails
make check (macos-latest)	make check (includes isolated install-to-accept demo)	2026-09-16T14:01:25.6340120Z ok 16 - receipt wrong task_revision_digest fails
make check (macos-latest)	make check (includes isolated install-to-accept demo)	2026-09-16T14:01:26.1174530Z ok 17 - receipt wrong base_commit fails
make check (macos-latest)	make check (includes isolated install-to-accept demo)	2026-09-16T14:01:26.5390810Z ok 18 - legacy structural receipt cannot silently produce Tier 1
make check (macos-latest)	make check (includes isolated install-to-accept demo)	2026-09-16T14:01:26.9961400Z ok 19 - required receipt rejects structural authorization fallback
make check (macos-latest)	make check (includes isolated install-to-accept demo)	2026-09-16T14:01:27.4774670Z ok 20 - matching v2 receipt accepts Tier 1
make check (macos-latest)	make check (includes isolated install-to-accept demo)	2026-09-16T14:01:29.6514700Z ok 21 - committed out-of-scope change is rejected
make check (macos-latest)	make check (includes isolated install-to-accept demo)	2026-09-16T14:01:31.6716690Z ok 22 - symlink-escaped creation scope is rejected
make check (macos-latest)	make check (includes isolated install-to-accept demo)	2026-09-16T14:01:33.6038920Z ok 23 - absolute handoff scope fails closed
make check (macos-latest)	make check (includes isolated install-to-accept demo)	2026-09-16T14:01:34.0753420Z ok 24 - traversal handoff scope fails closed
make check (macos-latest)	make check (includes isolated install-to-accept demo)	2026-09-16T14:01:34.6255530Z ok 25 - handoff budget expansion fails closed
make check (macos-latest)	make check (includes isolated install-to-accept demo)	2026-09-16T14:01:35.1728880Z ok 26 - non-UUID attempt cannot escape acceptance storage
make check (macos-latest)	make check (includes isolated install-to-accept demo)	2026-09-16T14:01:36.7815930Z ok 27 - handoff rejects conflict with an in-progress task
make check (macos-latest)	make check (includes isolated install-to-accept demo)	2026-09-16T14:01:37.8794320Z ok 28 - acceptance rechecks active write conflicts
make check (macos-latest)	make check (includes isolated install-to-accept demo)	2026-09-16T14:01:38.0964860Z ok 29 - interrupted status mutation leaves the old complete frontmatter
make check (macos-latest)	make check (includes isolated install-to-accept demo)	2026-09-16T14:01:38.1036540Z ok 30 - interrupted status mutation leaves no partial state or temporary
make check (macos-latest)	make check (includes isolated install-to-accept demo)	2026-09-16T14:01:40.1892500Z ok 31 - base commit divergence requires a new handoff
make check (macos-latest)	make check (includes isolated install-to-accept demo)	2026-09-16T14:01:42.2755080Z ok 32 - dependency-closure drift fails closed
make check (macos-latest)	make check (includes isolated install-to-accept demo)	2026-09-16T14:01:44.3435980Z ok 33 - injected finalize crash leaves old complete task state
make check (macos-latest)	make check (includes isolated install-to-accept demo)	2026-09-16T14:01:44.3508850Z ok 34 - crash did not partially stamp accepted state
make check (macos-latest)	make check (includes isolated install-to-accept demo)	2026-09-16T14:01:44.4236060Z ok 35 - doctor reports the orphan record left by interrupted acceptance
make check (macos-latest)	make check (includes isolated install-to-accept demo)	2026-09-16T14:01:44.9151970Z ok 36 - same attempt recovers despite metrics projection failure
make check (macos-latest)	make check (includes isolated install-to-accept demo)	2026-09-16T14:01:44.9953270Z ok 37 - doctor reports the missing accepted metrics projection
make check (macos-latest)	make check (includes isolated install-to-accept demo)	2026-09-16T14:01:45.4698080Z ok 38 - same attempt cannot change its acceptor
make check (macos-latest)	make check (includes isolated install-to-accept demo)	2026-09-16T14:01:45.5327290Z ok 39 - conflicting retry leaves record and task envelope consistent
make check (macos-latest)	make check (includes isolated install-to-accept demo)	2026-09-16T14:01:46.0184130Z ok 40 - same accepted attempt can be retried without duplicate metrics
make check (macos-latest)	make check (includes isolated install-to-accept demo)	2026-09-16T14:01:46.1284780Z ok 41 - TaskStatus names rebuild-state as the one safe projection recovery
make check (macos-latest)	make check (includes isolated install-to-accept demo)	2026-09-16T14:01:46.3618640Z ok 42 - rebuilding projection advances the one safe next command
make check (macos-latest)	make check (includes isolated install-to-accept demo)	2026-09-16T14:01:46.4855210Z ok 43 - global JSON preserves the same typed TaskStatus
make check (macos-latest)	make check (includes isolated install-to-accept demo)	2026-09-16T14:01:46.7136000Z ok 44 - transition to done verifies the record subject and envelope
make check (macos-latest)	make check (includes isolated install-to-accept demo)	2026-09-16T14:01:46.8477350Z ok 45 - status exposes semantic acceptance-record mismatch
make check (macos-latest)	make check (includes isolated install-to-accept demo)	2026-09-16T14:01:46.9372300Z ok 46 - backlog doctor fails on semantic acceptance-record mismatch
make check (macos-latest)	make check (includes isolated install-to-accept demo)	2026-09-16T14:01:46.9372900Z PASS: Task-Spec hardening adversarial suite (46 checks)
make check (macos-latest)	make check (includes isolated install-to-accept demo)	2026-09-16T14:01:48.7604960Z CLI_REFERENCE=OK
make check (macos-latest)	make check (includes isolated install-to-accept demo)	2026-09-16T14:01:48.8159210Z QUALITY_SCORE=97 SCORECARD=VALID
make check (macos-latest)	make check (includes isolated install-to-accept demo)	2026-09-16T14:01:48.8591800Z RELEASE_STATUS=OK
make check (macos-latest)	make check (includes isolated install-to-accept demo)	2026-09-16T14:01:48.9694740Z V381_EXPERIENCE=READY
make check (macos-latest)	make check (includes isolated install-to-accept demo)	2026-09-16T14:01:50.6783770Z ok 1 - nested handoff binds the Git workspace
make check (macos-latest)	make check (includes isolated install-to-accept demo)	2026-09-16T14:01:51.2916180Z ok 2 - nested acceptance uses the configured contained store
make check (macos-latest)	make check (includes isolated install-to-accept demo)	2026-09-16T14:01:51.2939790Z ok 3 - nested acceptance record is separate from Converge receipts
make check (macos-latest)	make check (includes isolated install-to-accept demo)	2026-09-16T14:01:52.7955780Z ok 4 - nested backlog infers repository root
make check (macos-latest)	make check (includes isolated install-to-accept demo)	2026-09-16T14:01:52.8669390Z ok 5 - conflicting explicit workspace is rejected
make check (macos-latest)	make check (includes isolated install-to-accept demo)	2026-09-16T14:01:54.8131340Z ok 6 - acceptance traversal is rejected
make check (macos-latest)	make check (includes isolated install-to-accept demo)	2026-09-16T14:01:55.9116890Z ok 7 - acceptance symlink escape is rejected
make check (macos-latest)	make check (includes isolated install-to-accept demo)	2026-09-16T14:01:56.3927850Z ok 8 - CLI acceptance directory overrides an unsafe environment value
make check (macos-latest)	make check (includes isolated install-to-accept demo)	2026-09-16T14:01:56.3989830Z ok 9 - unsafe environment store was never written
make check (macos-latest)	make check (includes isolated install-to-accept demo)	2026-09-16T14:01:57.4473680Z ok 10 - worktree gate resolves the common-directory key
make check (macos-latest)	make check (includes isolated install-to-accept demo)	2026-09-16T14:01:57.4474110Z PASS: Task-Spec 3.8.1 nested workspace suite (10 checks)
make check (macos-latest)	make check (includes isolated install-to-accept demo)	2026-09-16T14:01:57.4639120Z bash spec/conformance/run_conformance.sh
make check (macos-latest)	make check (includes isolated install-to-accept demo)	2026-09-16T14:01:57.4745040Z == self-test floor: validating 8 conformance fixtures ==
make check (macos-latest)	make check (includes isolated install-to-accept demo)	2026-09-16T14:02:03.1957020Z    self-test floor: all 8 fixtures valid
make check (macos-latest)	make check (includes isolated install-to-accept demo)	2026-09-16T14:02:03.1957270Z 
make check (macos-latest)	make check (includes isolated install-to-accept demo)	2026-09-16T14:02:03.1957610Z == running conformance (adapter: /Users/runner/work/task-spec/task-spec/spec/conformance/adapters/self.sh) ==
make check (macos-latest)	make check (includes isolated install-to-accept demo)	2026-09-16T14:02:03.2393170Z PASS   C1        T-conformance-001-status-lock
make check (macos-latest)	make check (includes isolated install-to-accept demo)	2026-09-16T14:02:03.3093240Z PASS   C12       T-conformance-002-emit-enum
make check (macos-latest)	make check (includes isolated install-to-accept demo)	2026-09-16T14:02:03.3585300Z PASS   C6        T-conformance-003-no-signed-off-mod
make check (macos-latest)	make check (includes isolated install-to-accept demo)	2026-09-16T14:02:03.4128330Z PASS   C8        T-conformance-004-execution-backend
make check (macos-latest)	make check (includes isolated install-to-accept demo)	2026-09-16T14:02:03.4663360Z PASS   C13,C16   T-conformance-005-budget-stop
make check (macos-latest)	make check (includes isolated install-to-accept demo)	2026-09-16T14:02:03.5137330Z PASS   C5        T-conformance-006-do-not-touch
make check (macos-latest)	make check (includes isolated install-to-accept demo)	2026-09-16T14:02:03.5530540Z PASS   C17       T-conformance-007-node-refusal
make check (macos-latest)	make check (includes isolated install-to-accept demo)	2026-09-16T14:02:03.6017430Z PASS   C18       T-conformance-008-v4-policy
make check (macos-latest)	make check (includes isolated install-to-accept demo)	2026-09-16T14:02:03.6088970Z 
make check (macos-latest)	make check (includes isolated install-to-accept demo)	2026-09-16T14:02:03.6089510Z == results written to /Users/runner/work/task-spec/task-spec/spec/conformance/results.json ==
make check (macos-latest)	make check (includes isolated install-to-accept demo)	2026-09-16T14:02:03.6090000Z == non-waived failures: 0 ==
make check (macos-latest)	make check (includes isolated install-to-accept demo)	2026-09-16T14:02:03.6090700Z bash bin/taskspec conformance --self-test
make check (macos-latest)	make check (includes isolated install-to-accept demo)	2026-09-16T14:02:03.6527970Z Conformance check — level L2 — executor: bash /Users/runner/work/task-spec/task-spec/src/dispatch/ref-executor.sh
make check (macos-latest)	make check (includes isolated install-to-accept demo)	2026-09-16T14:02:03.6528710Z ────────────────────────────────────────────────────────
make check (macos-latest)	make check (includes isolated install-to-accept demo)	2026-09-16T14:02:04.5457520Z L0. Executor drives a solvable spec to a passing Exit Check ...
make check (macos-latest)	make check (includes isolated install-to-accept demo)	2026-09-16T14:02:06.4251800Z    PASS — Exit Check passes after execution (L0: reads format, runs evals)
make check (macos-latest)	make check (includes isolated install-to-accept demo)	2026-09-16T14:02:06.4252560Z L1. Executor honors the status lifecycle (→ done on success) ...
make check (macos-latest)	make check (includes isolated install-to-accept demo)	2026-09-16T14:02:06.4344560Z    PASS — status transitioned to 'done' (A2A: completed)
make check (macos-latest)	make check (includes isolated install-to-accept demo)	2026-09-16T14:02:07.3307630Z L2. Executor parks an unsolvable spec within budget (no infinite loop) ...
make check (macos-latest)	make check (includes isolated install-to-accept demo)	2026-09-16T14:02:08.8862340Z    PASS — unsolvable spec parked by the no-progress circuit breaker within the signed retry budget
make check (macos-latest)	make check (includes isolated install-to-accept demo)	2026-09-16T14:02:08.8863660Z ────────────────────────────────────────────────────────
make check (macos-latest)	make check (includes isolated install-to-accept demo)	2026-09-16T14:02:08.8864560Z CONFORMANT at L2 — this executor honors the Task-Spec contract.
make check (macos-latest)	make check (includes isolated install-to-accept demo)	2026-09-16T14:02:08.8864850Z CONFORMANCE=L2
make check (macos-latest)	make check (includes isolated install-to-accept demo)	2026-09-16T14:02:08.8974250Z CHECK=READY
make check (macos-latest)	Post Install pinned Go toolchain for optional TaskMesh	﻿2026-09-16T14:02:08.9174820Z Post job cleanup.
make check (macos-latest)	Post Install pinned Go toolchain for optional TaskMesh	2026-09-16T14:02:09.2760400Z [command]/Users/runner/hostedtoolcache/go/1.25.0/arm64/bin/go env GOMODCACHE
make check (macos-latest)	Post Install pinned Go toolchain for optional TaskMesh	2026-09-16T14:02:09.2793080Z [command]/Users/runner/hostedtoolcache/go/1.25.0/arm64/bin/go env GOCACHE
make check (macos-latest)	Post Install pinned Go toolchain for optional TaskMesh	2026-09-16T14:02:09.2917790Z /Users/runner/go/pkg/mod
make check (macos-latest)	Post Install pinned Go toolchain for optional TaskMesh	2026-09-16T14:02:09.2919230Z /Users/runner/Library/Caches/go-build
make check (macos-latest)	Post Install pinned Go toolchain for optional TaskMesh	2026-09-16T14:02:09.2933130Z Cache hit occurred on the primary key setup-go-macOS-arm64-go-1.25.0-177c9a629613f64b62ff3bce8b5249e61de06089c1d63967a2ef301279610df5, not saving cache.
make check (macos-latest)	Post Checkout	﻿2026-09-16T14:02:09.3074640Z Post job cleanup.
make check (macos-latest)	Post Checkout	2026-09-16T14:02:09.4711260Z [command]/opt/homebrew/bin/git version
make check (macos-latest)	Post Checkout	2026-09-16T14:02:09.4788790Z git version 2.55.0
make check (macos-latest)	Post Checkout	2026-09-16T14:02:09.4806870Z Copying '/Users/runner/.gitconfig' to '/Users/runner/work/_temp/7d1d154e-7505-49a0-bec5-d6a316da78f9/.gitconfig'
make check (macos-latest)	Post Checkout	2026-09-16T14:02:09.4814690Z Temporarily overriding HOME='/Users/runner/work/_temp/7d1d154e-7505-49a0-bec5-d6a316da78f9' before making global git config changes
make check (macos-latest)	Post Checkout	2026-09-16T14:02:09.4815580Z Adding repository directory to the temporary git global config as a safe directory
make check (macos-latest)	Post Checkout	2026-09-16T14:02:09.4818550Z [command]/opt/homebrew/bin/git config --global --add safe.directory /Users/runner/work/task-spec/task-spec
make check (macos-latest)	Post Checkout	2026-09-16T14:02:09.4883800Z Removing SSH command configuration
make check (macos-latest)	Post Checkout	2026-09-16T14:02:09.4889010Z [command]/opt/homebrew/bin/git config --local --name-only --get-regexp core\.sshCommand
make check (macos-latest)	Post Checkout	2026-09-16T14:02:09.4956390Z [command]/opt/homebrew/bin/git submodule foreach --recursive sh -c "git config --local --name-only --get-regexp 'core\.sshCommand' && git config --local --unset-all 'core.sshCommand' || :"
make check (macos-latest)	Post Checkout	2026-09-16T14:02:09.6111750Z Removing HTTP extra header
make check (macos-latest)	Post Checkout	2026-09-16T14:02:09.6116350Z [command]/opt/homebrew/bin/git config --local --name-only --get-regexp http\.https\:\/\/github\.com\/\.extraheader
make check (macos-latest)	Post Checkout	2026-09-16T14:02:09.6183940Z [command]/opt/homebrew/bin/git submodule foreach --recursive sh -c "git config --local --name-only --get-regexp 'http\.https\:\/\/github\.com\/\.extraheader' && git config --local --unset-all 'http.https://github.com/.extraheader' || :"
make check (macos-latest)	Post Checkout	2026-09-16T14:02:09.6941730Z Removing includeIf entries pointing to credentials config files
make check (macos-latest)	Post Checkout	2026-09-16T14:02:09.6946630Z [command]/opt/homebrew/bin/git config --local --name-only --get-regexp ^includeIf\.gitdir:
make check (macos-latest)	Post Checkout	2026-09-16T14:02:09.7006440Z [command]/opt/homebrew/bin/git submodule foreach --recursive git config --local --show-origin --name-only --get-regexp remote.origin.url
make check (macos-latest)	Complete job	﻿2026-09-16T14:02:09.7858870Z Cleaning up orphan processes
make check (macos-latest)	Complete job	2026-09-16T14:02:10.0062130Z Terminate orphan process: pid (28272) (sleep)
make check (ubuntu-latest)	Set up job	﻿2026-09-16T13:52:57.9863500Z Current runner version: '2.337.0'
make check (ubuntu-latest)	Set up job	2026-09-16T13:52:57.9943014Z ##[group]Runner Image Provisioner
make check (ubuntu-latest)	Set up job	2026-09-16T13:52:57.9944599Z Hosted Compute Agent
make check (ubuntu-latest)	Set up job	2026-09-16T13:52:57.9945685Z Version: 20260828.587
make check (ubuntu-latest)	Set up job	2026-09-16T13:52:57.9946806Z Commit: abac92662cab4cc7352de4f9f9d2e2419aad9c29
make check (ubuntu-latest)	Set up job	2026-09-16T13:52:57.9948307Z Build Date: 2026-08-28T16:44:25Z
make check (ubuntu-latest)	Set up job	2026-09-16T13:52:57.9949566Z Worker ID: {c5eb82ef-e6bf-4a7d-9b9c-6a069df6bf61}
make check (ubuntu-latest)	Set up job	2026-09-16T13:52:57.9950809Z Azure Region: eastus
make check (ubuntu-latest)	Set up job	2026-09-16T13:52:57.9972355Z ##[endgroup]
make check (ubuntu-latest)	Set up job	2026-09-16T13:52:57.9975410Z ##[group]Operating System
make check (ubuntu-latest)	Set up job	2026-09-16T13:52:57.9976695Z Ubuntu
make check (ubuntu-latest)	Set up job	2026-09-16T13:52:57.9977550Z 24.04.5
make check (ubuntu-latest)	Set up job	2026-09-16T13:52:57.9978501Z LTS
make check (ubuntu-latest)	Set up job	2026-09-16T13:52:57.9979523Z ##[endgroup]
make check (ubuntu-latest)	Set up job	2026-09-16T13:52:57.9980505Z ##[group]Runner Image
make check (ubuntu-latest)	Set up job	2026-09-16T13:52:57.9981762Z Image: ubuntu-24.04
make check (ubuntu-latest)	Set up job	2026-09-16T13:52:57.9983148Z Version: 20260907.300.1
make check (ubuntu-latest)	Set up job	2026-09-16T13:52:57.9985365Z Included Software: https://github.com/actions/runner-images/blob/ubuntu24/20260907.300/images/ubuntu/Ubuntu2404-Readme.md
make check (ubuntu-latest)	Set up job	2026-09-16T13:52:57.9989229Z Image Release: https://github.com/actions/runner-images/releases/tag/ubuntu24%2F20260907.300
make check (ubuntu-latest)	Set up job	2026-09-16T13:52:57.9991041Z ##[endgroup]
make check (ubuntu-latest)	Set up job	2026-09-16T13:52:58.0013601Z ##[group]GITHUB_TOKEN Permissions
make check (ubuntu-latest)	Set up job	2026-09-16T13:52:58.0016980Z Contents: read
make check (ubuntu-latest)	Set up job	2026-09-16T13:52:58.0018007Z Metadata: read
make check (ubuntu-latest)	Set up job	2026-09-16T13:52:58.0018944Z ##[endgroup]
make check (ubuntu-latest)	Set up job	2026-09-16T13:52:58.0022671Z Secret source: Actions
make check (ubuntu-latest)	Set up job	2026-09-16T13:52:58.0024339Z Cache mode: write
make check (ubuntu-latest)	Set up job	2026-09-16T13:52:58.0026260Z Prepare workflow directory
make check (ubuntu-latest)	Set up job	2026-09-16T13:52:58.1067772Z Prepare all required actions
make check (ubuntu-latest)	Set up job	2026-09-16T13:52:58.1214879Z Getting action download info
make check (ubuntu-latest)	Set up job	2026-09-16T13:52:58.3258614Z Download action repository 'actions/checkout@3d3c42e5aac5ba805825da76410c181273ba90b1' (SHA:3d3c42e5aac5ba805825da76410c181273ba90b1)
make check (ubuntu-latest)	Set up job	2026-09-16T13:52:58.4718263Z Download action repository 'actions/setup-go@b7ad1dad31e06c5925ef5d2fc7ad053ef454303e' (SHA:b7ad1dad31e06c5925ef5d2fc7ad053ef454303e)
make check (ubuntu-latest)	Set up job	2026-09-16T13:52:58.7574057Z Complete job name: make check (ubuntu-latest)
make check (ubuntu-latest)	Checkout	﻿2026-09-16T13:52:58.8356982Z ##[group]Run actions/checkout@3d3c42e5aac5ba805825da76410c181273ba90b1
make check (ubuntu-latest)	Checkout	2026-09-16T13:52:58.8358095Z with:
make check (ubuntu-latest)	Checkout	2026-09-16T13:52:58.8358554Z   persist-credentials: false
make check (ubuntu-latest)	Checkout	2026-09-16T13:52:58.8359113Z   repository: luanmorenommaciel/task-spec
make check (ubuntu-latest)	Checkout	2026-09-16T13:52:58.8363308Z   token: ***
make check (ubuntu-latest)	Checkout	2026-09-16T13:52:58.8363755Z   ssh-strict: true
make check (ubuntu-latest)	Checkout	2026-09-16T13:52:58.8364192Z   ssh-user: git
make check (ubuntu-latest)	Checkout	2026-09-16T13:52:58.8364624Z   clean: true
make check (ubuntu-latest)	Checkout	2026-09-16T13:52:58.8365065Z   sparse-checkout-cone-mode: true
make check (ubuntu-latest)	Checkout	2026-09-16T13:52:58.8365588Z   fetch-depth: 1
make check (ubuntu-latest)	Checkout	2026-09-16T13:52:58.8366014Z   fetch-tags: false
make check (ubuntu-latest)	Checkout	2026-09-16T13:52:58.8366451Z   show-progress: true
make check (ubuntu-latest)	Checkout	2026-09-16T13:52:58.8366897Z   lfs: false
make check (ubuntu-latest)	Checkout	2026-09-16T13:52:58.8367308Z   submodules: false
make check (ubuntu-latest)	Checkout	2026-09-16T13:52:58.8367763Z   set-safe-directory: true
make check (ubuntu-latest)	Checkout	2026-09-16T13:52:58.8368272Z   allow-unsafe-pr-checkout: false
make check (ubuntu-latest)	Checkout	2026-09-16T13:52:58.8369055Z ##[endgroup]
make check (ubuntu-latest)	Checkout	2026-09-16T13:52:58.9770678Z Syncing repository: luanmorenommaciel/task-spec
make check (ubuntu-latest)	Checkout	2026-09-16T13:52:58.9774233Z ##[group]Getting Git version info
make check (ubuntu-latest)	Checkout	2026-09-16T13:52:58.9775561Z Working directory is '/home/runner/work/task-spec/task-spec'
make check (ubuntu-latest)	Checkout	2026-09-16T13:52:58.9777290Z [command]/usr/bin/git version
make check (ubuntu-latest)	Checkout	2026-09-16T13:52:58.9799908Z git version 2.55.0
make check (ubuntu-latest)	Checkout	2026-09-16T13:52:58.9820606Z ##[endgroup]
make check (ubuntu-latest)	Checkout	2026-09-16T13:52:58.9841689Z Temporarily overriding HOME='/home/runner/work/_temp/30866e79-281d-4cdd-a5fc-f381bd2e67df' before making global git config changes
make check (ubuntu-latest)	Checkout	2026-09-16T13:52:58.9844721Z Adding repository directory to the temporary git global config as a safe directory
make check (ubuntu-latest)	Checkout	2026-09-16T13:52:58.9847150Z [command]/usr/bin/git config --global --add safe.directory /home/runner/work/task-spec/task-spec
make check (ubuntu-latest)	Checkout	2026-09-16T13:52:59.1150331Z Deleting the contents of '/home/runner/work/task-spec/task-spec'
make check (ubuntu-latest)	Checkout	2026-09-16T13:52:59.1155901Z ##[group]Determining repository object format
make check (ubuntu-latest)	Checkout	2026-09-16T13:52:59.1157517Z ##[endgroup]
make check (ubuntu-latest)	Checkout	2026-09-16T13:52:59.1158761Z ##[group]Initializing the repository
make check (ubuntu-latest)	Checkout	2026-09-16T13:52:59.1159934Z [command]/usr/bin/git init /home/runner/work/task-spec/task-spec
make check (ubuntu-latest)	Checkout	2026-09-16T13:52:59.1161856Z hint: Using 'master' as the name for the initial branch. This default branch name
make check (ubuntu-latest)	Checkout	2026-09-16T13:52:59.1163667Z hint: will change to "main" in Git 3.0. To configure the initial branch name
make check (ubuntu-latest)	Checkout	2026-09-16T13:52:59.1165230Z hint: to use in all of your new repositories, which will suppress this warning,
make check (ubuntu-latest)	Checkout	2026-09-16T13:52:59.1166477Z hint: call:
make check (ubuntu-latest)	Checkout	2026-09-16T13:52:59.1167138Z hint:
make check (ubuntu-latest)	Checkout	2026-09-16T13:52:59.1167953Z hint: 	git config --global init.defaultBranch <name>
make check (ubuntu-latest)	Checkout	2026-09-16T13:52:59.1168957Z hint:
make check (ubuntu-latest)	Checkout	2026-09-16T13:52:59.1169924Z hint: Names commonly chosen instead of 'master' are 'main', 'trunk' and
make check (ubuntu-latest)	Checkout	2026-09-16T13:52:59.1171525Z hint: 'development'. The just-created branch can be renamed via this command:
make check (ubuntu-latest)	Checkout	2026-09-16T13:52:59.1184243Z hint:
make check (ubuntu-latest)	Checkout	2026-09-16T13:52:59.1184964Z hint: 	git branch -m <name>
make check (ubuntu-latest)	Checkout	2026-09-16T13:52:59.1185773Z hint:
make check (ubuntu-latest)	Checkout	2026-09-16T13:52:59.1186855Z hint: Disable this message with "git config set advice.defaultBranchName false"
make check (ubuntu-latest)	Checkout	2026-09-16T13:52:59.1188612Z Initialized empty Git repository in /home/runner/work/task-spec/task-spec/.git/
make check (ubuntu-latest)	Checkout	2026-09-16T13:52:59.1191413Z [command]/usr/bin/git remote add origin https://github.com/luanmorenommaciel/task-spec
make check (ubuntu-latest)	Checkout	2026-09-16T13:52:59.1204715Z ##[endgroup]
make check (ubuntu-latest)	Checkout	2026-09-16T13:52:59.1205991Z ##[group]Disabling automatic garbage collection
make check (ubuntu-latest)	Checkout	2026-09-16T13:52:59.1207121Z [command]/usr/bin/git config --local gc.auto 0
make check (ubuntu-latest)	Checkout	2026-09-16T13:52:59.1209477Z ##[endgroup]
make check (ubuntu-latest)	Checkout	2026-09-16T13:52:59.1210624Z ##[group]Setting up auth
make check (ubuntu-latest)	Checkout	2026-09-16T13:52:59.1211473Z Removing SSH command configuration
make check (ubuntu-latest)	Checkout	2026-09-16T13:52:59.1219692Z [command]/usr/bin/git config --local --name-only --get-regexp core\.sshCommand
make check (ubuntu-latest)	Checkout	2026-09-16T13:52:59.1227800Z [command]/usr/bin/git submodule foreach --recursive sh -c "git config --local --name-only --get-regexp 'core\.sshCommand' && git config --local --unset-all 'core.sshCommand' || :"
make check (ubuntu-latest)	Checkout	2026-09-16T13:52:59.1344964Z Removing HTTP extra header
make check (ubuntu-latest)	Checkout	2026-09-16T13:52:59.1368696Z [command]/usr/bin/git config --local --name-only --get-regexp http\.https\:\/\/github\.com\/\.extraheader
make check (ubuntu-latest)	Checkout	2026-09-16T13:52:59.1654804Z [command]/usr/bin/git submodule foreach --recursive sh -c "git config --local --name-only --get-regexp 'http\.https\:\/\/github\.com\/\.extraheader' && git config --local --unset-all 'http.https://github.com/.extraheader' || :"
make check (ubuntu-latest)	Checkout	2026-09-16T13:52:59.1754496Z Removing includeIf entries pointing to credentials config files
make check (ubuntu-latest)	Checkout	2026-09-16T13:52:59.1756252Z [command]/usr/bin/git config --local --name-only --get-regexp ^includeIf\.gitdir:
make check (ubuntu-latest)	Checkout	2026-09-16T13:52:59.1789974Z [command]/usr/bin/git submodule foreach --recursive git config --local --show-origin --name-only --get-regexp remote.origin.url
make check (ubuntu-latest)	Checkout	2026-09-16T13:52:59.2146791Z [command]/usr/bin/git config --file /home/runner/work/_temp/git-credentials-474e2af5-cfcd-485d-8216-9f73068b665a.config http.https://github.com/.extraheader AUTHORIZATION: basic ***
make check (ubuntu-latest)	Checkout	2026-09-16T13:52:59.2190035Z [command]/usr/bin/git config --local includeIf.gitdir:/home/runner/work/task-spec/task-spec/.git.path /home/runner/work/_temp/git-credentials-474e2af5-cfcd-485d-8216-9f73068b665a.config
make check (ubuntu-latest)	Checkout	2026-09-16T13:52:59.2230211Z [command]/usr/bin/git config --local includeIf.gitdir:/home/runner/work/task-spec/task-spec/.git/worktrees/*.path /home/runner/work/_temp/git-credentials-474e2af5-cfcd-485d-8216-9f73068b665a.config
make check (ubuntu-latest)	Checkout	2026-09-16T13:52:59.2274155Z [command]/usr/bin/git config --local includeIf.gitdir:/github/workspace/.git.path /github/runner_temp/git-credentials-474e2af5-cfcd-485d-8216-9f73068b665a.config
make check (ubuntu-latest)	Checkout	2026-09-16T13:52:59.2315463Z [command]/usr/bin/git config --local includeIf.gitdir:/github/workspace/.git/worktrees/*.path /github/runner_temp/git-credentials-474e2af5-cfcd-485d-8216-9f73068b665a.config
make check (ubuntu-latest)	Checkout	2026-09-16T13:52:59.2348897Z ##[endgroup]
make check (ubuntu-latest)	Checkout	2026-09-16T13:52:59.2350542Z ##[group]Fetching the repository
make check (ubuntu-latest)	Checkout	2026-09-16T13:52:59.2357386Z [command]/usr/bin/git -c protocol.version=2 fetch --no-tags --prune --no-recurse-submodules --depth=1 origin +97c9274f2027cd34bdd5b17e55995084292f59d7:refs/remotes/origin/main
make check (ubuntu-latest)	Checkout	2026-09-16T13:53:03.6813333Z From https://github.com/luanmorenommaciel/task-spec
make check (ubuntu-latest)	Checkout	2026-09-16T13:53:03.6819414Z  * [new ref]         97c9274f2027cd34bdd5b17e55995084292f59d7 -> origin/main
make check (ubuntu-latest)	Checkout	2026-09-16T13:53:03.6883261Z [command]/usr/bin/git branch --list --remote origin/main
make check (ubuntu-latest)	Checkout	2026-09-16T13:53:03.6884760Z   origin/main
make check (ubuntu-latest)	Checkout	2026-09-16T13:53:03.6904337Z [command]/usr/bin/git rev-parse refs/remotes/origin/main
make check (ubuntu-latest)	Checkout	2026-09-16T13:53:03.6946519Z 97c9274f2027cd34bdd5b17e55995084292f59d7
make check (ubuntu-latest)	Checkout	2026-09-16T13:53:03.6993644Z ##[endgroup]
make check (ubuntu-latest)	Checkout	2026-09-16T13:53:03.7013464Z ##[group]Determining the checkout info
make check (ubuntu-latest)	Checkout	2026-09-16T13:53:03.7015558Z ##[endgroup]
make check (ubuntu-latest)	Checkout	2026-09-16T13:53:03.7016641Z [command]/usr/bin/git sparse-checkout disable
make check (ubuntu-latest)	Checkout	2026-09-16T13:53:03.7073755Z [command]/usr/bin/git config --local --unset-all extensions.worktreeConfig
make check (ubuntu-latest)	Checkout	2026-09-16T13:53:03.7112997Z ##[group]Checking out the ref
make check (ubuntu-latest)	Checkout	2026-09-16T13:53:03.7116662Z [command]/usr/bin/git checkout --progress --force -B main refs/remotes/origin/main
make check (ubuntu-latest)	Checkout	2026-09-16T13:53:04.1878062Z Switched to a new branch 'main'
make check (ubuntu-latest)	Checkout	2026-09-16T13:53:04.1904505Z branch 'main' set up to track 'origin/main'.
make check (ubuntu-latest)	Checkout	2026-09-16T13:53:04.1925503Z ##[endgroup]
make check (ubuntu-latest)	Checkout	2026-09-16T13:53:04.1980432Z [command]/usr/bin/git log -1 --format=%H
make check (ubuntu-latest)	Checkout	2026-09-16T13:53:04.2016607Z 97c9274f2027cd34bdd5b17e55995084292f59d7
make check (ubuntu-latest)	Checkout	2026-09-16T13:53:04.2026094Z ##[group]Removing auth
make check (ubuntu-latest)	Checkout	2026-09-16T13:53:04.2027612Z Removing SSH command configuration
make check (ubuntu-latest)	Checkout	2026-09-16T13:53:04.2031527Z [command]/usr/bin/git config --local --name-only --get-regexp core\.sshCommand
make check (ubuntu-latest)	Checkout	2026-09-16T13:53:04.2081006Z [command]/usr/bin/git submodule foreach --recursive sh -c "git config --local --name-only --get-regexp 'core\.sshCommand' && git config --local --unset-all 'core.sshCommand' || :"
make check (ubuntu-latest)	Checkout	2026-09-16T13:53:04.2349298Z Removing HTTP extra header
make check (ubuntu-latest)	Checkout	2026-09-16T13:53:04.2352298Z [command]/usr/bin/git config --local --name-only --get-regexp http\.https\:\/\/github\.com\/\.extraheader
make check (ubuntu-latest)	Checkout	2026-09-16T13:53:04.2395313Z [command]/usr/bin/git submodule foreach --recursive sh -c "git config --local --name-only --get-regexp 'http\.https\:\/\/github\.com\/\.extraheader' && git config --local --unset-all 'http.https://github.com/.extraheader' || :"
make check (ubuntu-latest)	Checkout	2026-09-16T13:53:04.2657158Z Removing includeIf entries pointing to credentials config files
make check (ubuntu-latest)	Checkout	2026-09-16T13:53:04.2659752Z [command]/usr/bin/git config --local --name-only --get-regexp ^includeIf\.gitdir:
make check (ubuntu-latest)	Checkout	2026-09-16T13:53:04.2696633Z includeif.gitdir:/home/runner/work/task-spec/task-spec/.git.path
make check (ubuntu-latest)	Checkout	2026-09-16T13:53:04.2699040Z includeif.gitdir:/home/runner/work/task-spec/task-spec/.git/worktrees/*.path
make check (ubuntu-latest)	Checkout	2026-09-16T13:53:04.2703257Z includeif.gitdir:/github/workspace/.git.path
make check (ubuntu-latest)	Checkout	2026-09-16T13:53:04.2705218Z includeif.gitdir:/github/workspace/.git/worktrees/*.path
make check (ubuntu-latest)	Checkout	2026-09-16T13:53:04.2720126Z [command]/usr/bin/git config --local --get-all includeif.gitdir:/home/runner/work/task-spec/task-spec/.git.path
make check (ubuntu-latest)	Checkout	2026-09-16T13:53:04.2741883Z /home/runner/work/_temp/git-credentials-474e2af5-cfcd-485d-8216-9f73068b665a.config
make check (ubuntu-latest)	Checkout	2026-09-16T13:53:04.2757152Z [command]/usr/bin/git config --local --unset includeif.gitdir:/home/runner/work/task-spec/task-spec/.git.path \/home\/runner\/work\/_temp\/git\-credentials\-474e2af5\-cfcd\-485d\-8216\-9f73068b665a\.config
make check (ubuntu-latest)	Checkout	2026-09-16T13:53:04.2808038Z [command]/usr/bin/git config --local --get-all includeif.gitdir:/home/runner/work/task-spec/task-spec/.git/worktrees/*.path
make check (ubuntu-latest)	Checkout	2026-09-16T13:53:04.2847667Z /home/runner/work/_temp/git-credentials-474e2af5-cfcd-485d-8216-9f73068b665a.config
make check (ubuntu-latest)	Checkout	2026-09-16T13:53:04.2859501Z [command]/usr/bin/git config --local --unset includeif.gitdir:/home/runner/work/task-spec/task-spec/.git/worktrees/*.path \/home\/runner\/work\/_temp\/git\-credentials\-474e2af5\-cfcd\-485d\-8216\-9f73068b665a\.config
make check (ubuntu-latest)	Checkout	2026-09-16T13:53:04.2919592Z [command]/usr/bin/git config --local --get-all includeif.gitdir:/github/workspace/.git.path
make check (ubuntu-latest)	Checkout	2026-09-16T13:53:04.2959400Z /github/runner_temp/git-credentials-474e2af5-cfcd-485d-8216-9f73068b665a.config
make check (ubuntu-latest)	Checkout	2026-09-16T13:53:04.2984505Z [command]/usr/bin/git config --local --unset includeif.gitdir:/github/workspace/.git.path \/github\/runner_temp\/git\-credentials\-474e2af5\-cfcd\-485d\-8216\-9f73068b665a\.config
make check (ubuntu-latest)	Checkout	2026-09-16T13:53:04.3025675Z [command]/usr/bin/git config --local --get-all includeif.gitdir:/github/workspace/.git/worktrees/*.path
make check (ubuntu-latest)	Checkout	2026-09-16T13:53:04.3057859Z /github/runner_temp/git-credentials-474e2af5-cfcd-485d-8216-9f73068b665a.config
make check (ubuntu-latest)	Checkout	2026-09-16T13:53:04.3076346Z [command]/usr/bin/git config --local --unset includeif.gitdir:/github/workspace/.git/worktrees/*.path \/github\/runner_temp\/git\-credentials\-474e2af5\-cfcd\-485d\-8216\-9f73068b665a\.config
make check (ubuntu-latest)	Checkout	2026-09-16T13:53:04.3109628Z [command]/usr/bin/git submodule foreach --recursive git config --local --show-origin --name-only --get-regexp remote.origin.url
make check (ubuntu-latest)	Checkout	2026-09-16T13:53:04.3369579Z Removing credentials config '/home/runner/work/_temp/git-credentials-474e2af5-cfcd-485d-8216-9f73068b665a.config'
make check (ubuntu-latest)	Checkout	2026-09-16T13:53:04.3382894Z ##[endgroup]
make check (ubuntu-latest)	Install pinned Go toolchain for optional TaskMesh	﻿2026-09-16T13:53:04.3679476Z ##[group]Run actions/setup-go@b7ad1dad31e06c5925ef5d2fc7ad053ef454303e
make check (ubuntu-latest)	Install pinned Go toolchain for optional TaskMesh	2026-09-16T13:53:04.3680520Z with:
make check (ubuntu-latest)	Install pinned Go toolchain for optional TaskMesh	2026-09-16T13:53:04.3681220Z   go-version: 1.25.0
make check (ubuntu-latest)	Install pinned Go toolchain for optional TaskMesh	2026-09-16T13:53:04.3682186Z   cache-dependency-path: go.sum
make check (ubuntu-latest)	Install pinned Go toolchain for optional TaskMesh	2026-09-16T13:53:04.3682993Z   check-latest: false
make check (ubuntu-latest)	Install pinned Go toolchain for optional TaskMesh	2026-09-16T13:53:04.3686499Z   token: ***
make check (ubuntu-latest)	Install pinned Go toolchain for optional TaskMesh	2026-09-16T13:53:04.3687199Z   cache: true
make check (ubuntu-latest)	Install pinned Go toolchain for optional TaskMesh	2026-09-16T13:53:04.3687888Z ##[endgroup]
make check (ubuntu-latest)	Install pinned Go toolchain for optional TaskMesh	2026-09-16T13:53:04.5003487Z Setup go version spec 1.25.0
make check (ubuntu-latest)	Install pinned Go toolchain for optional TaskMesh	2026-09-16T13:53:04.5017417Z Attempting to download 1.25.0...
make check (ubuntu-latest)	Install pinned Go toolchain for optional TaskMesh	2026-09-16T13:53:05.0003681Z matching 1.25.0...
make check (ubuntu-latest)	Install pinned Go toolchain for optional TaskMesh	2026-09-16T13:53:05.0192971Z Acquiring 1.25.0 from https://github.com/actions/go-versions/releases/download/1.25.0-16925932082/go-1.25.0-linux-x64.tar.gz
make check (ubuntu-latest)	Install pinned Go toolchain for optional TaskMesh	2026-09-16T13:53:05.5846760Z Extracting Go...
make check (ubuntu-latest)	Install pinned Go toolchain for optional TaskMesh	2026-09-16T13:53:05.5973135Z [command]/usr/bin/tar xz --warning=no-unknown-keyword --overwrite -C /home/runner/work/_temp/b431e03b-5c09-4696-9403-3a04dcd2fe7d -f /home/runner/work/_temp/9da1bdfe-daac-4097-a825-7d17b2c85b72
make check (ubuntu-latest)	Install pinned Go toolchain for optional TaskMesh	2026-09-16T13:53:07.3566999Z Successfully extracted go to /home/runner/work/_temp/b431e03b-5c09-4696-9403-3a04dcd2fe7d
make check (ubuntu-latest)	Install pinned Go toolchain for optional TaskMesh	2026-09-16T13:53:07.3572439Z Adding to the cache ...
make check (ubuntu-latest)	Install pinned Go toolchain for optional TaskMesh	2026-09-16T13:53:15.7166552Z Successfully cached go to /opt/hostedtoolcache/go/1.25.0/x64
make check (ubuntu-latest)	Install pinned Go toolchain for optional TaskMesh	2026-09-16T13:53:15.7172104Z Added go to the path
make check (ubuntu-latest)	Install pinned Go toolchain for optional TaskMesh	2026-09-16T13:53:15.7200125Z Successfully set up Go version 1.25.0
make check (ubuntu-latest)	Install pinned Go toolchain for optional TaskMesh	2026-09-16T13:53:15.7643316Z [command]/opt/hostedtoolcache/go/1.25.0/x64/bin/go env GOMODCACHE
make check (ubuntu-latest)	Install pinned Go toolchain for optional TaskMesh	2026-09-16T13:53:15.7702781Z [command]/opt/hostedtoolcache/go/1.25.0/x64/bin/go env GOCACHE
make check (ubuntu-latest)	Install pinned Go toolchain for optional TaskMesh	2026-09-16T13:53:15.7767767Z /home/runner/go/pkg/mod
make check (ubuntu-latest)	Install pinned Go toolchain for optional TaskMesh	2026-09-16T13:53:15.7807184Z /home/runner/.cache/go-build
make check (ubuntu-latest)	Install pinned Go toolchain for optional TaskMesh	2026-09-16T13:53:15.8893142Z Cache hit for: setup-go-Linux-x64-ubuntu24-go-1.25.0-177c9a629613f64b62ff3bce8b5249e61de06089c1d63967a2ef301279610df5
make check (ubuntu-latest)	Install pinned Go toolchain for optional TaskMesh	2026-09-16T13:53:16.6633205Z Received 104912598 of 104912598 (100.0%), 142.5 MBs/sec
make check (ubuntu-latest)	Install pinned Go toolchain for optional TaskMesh	2026-09-16T13:53:16.6651069Z Cache Size: ~100 MB (104912598 B)
make check (ubuntu-latest)	Install pinned Go toolchain for optional TaskMesh	2026-09-16T13:53:16.6693776Z [command]/usr/bin/tar -xf /home/runner/work/_temp/2ec1ee79-ca87-442f-98eb-9a27bf480953/cache.tzst -P -C /home/runner/work/task-spec/task-spec --use-compress-program unzstd
make check (ubuntu-latest)	Install pinned Go toolchain for optional TaskMesh	2026-09-16T13:53:18.3550268Z Cache restored successfully
make check (ubuntu-latest)	Install pinned Go toolchain for optional TaskMesh	2026-09-16T13:53:18.3651206Z Cache restored from key: setup-go-Linux-x64-ubuntu24-go-1.25.0-177c9a629613f64b62ff3bce8b5249e61de06089c1d63967a2ef301279610df5
make check (ubuntu-latest)	Install pinned Go toolchain for optional TaskMesh	2026-09-16T13:53:18.3747972Z go version go1.25.0 linux/amd64
make check (ubuntu-latest)	Install pinned Go toolchain for optional TaskMesh	2026-09-16T13:53:18.3764443Z 
make check (ubuntu-latest)	Install pinned Go toolchain for optional TaskMesh	2026-09-16T13:53:18.3773602Z ##[group]go env
make check (ubuntu-latest)	Install pinned Go toolchain for optional TaskMesh	2026-09-16T13:53:18.4783102Z AR='ar'
make check (ubuntu-latest)	Install pinned Go toolchain for optional TaskMesh	2026-09-16T13:53:18.4807354Z CC='gcc'
make check (ubuntu-latest)	Install pinned Go toolchain for optional TaskMesh	2026-09-16T13:53:18.4823047Z CGO_CFLAGS='-O2 -g'
make check (ubuntu-latest)	Install pinned Go toolchain for optional TaskMesh	2026-09-16T13:53:18.4842785Z CGO_CPPFLAGS=''
make check (ubuntu-latest)	Install pinned Go toolchain for optional TaskMesh	2026-09-16T13:53:18.4862628Z CGO_CXXFLAGS='-O2 -g'
make check (ubuntu-latest)	Install pinned Go toolchain for optional TaskMesh	2026-09-16T13:53:18.4882479Z CGO_ENABLED='1'
make check (ubuntu-latest)	Install pinned Go toolchain for optional TaskMesh	2026-09-16T13:53:18.4883233Z CGO_FFLAGS='-O2 -g'
make check (ubuntu-latest)	Install pinned Go toolchain for optional TaskMesh	2026-09-16T13:53:18.4902726Z CGO_LDFLAGS='-O2 -g'
make check (ubuntu-latest)	Install pinned Go toolchain for optional TaskMesh	2026-09-16T13:53:18.4913706Z CXX='g++'
make check (ubuntu-latest)	Install pinned Go toolchain for optional TaskMesh	2026-09-16T13:53:18.4914349Z GCCGO='gccgo'
make check (ubuntu-latest)	Install pinned Go toolchain for optional TaskMesh	2026-09-16T13:53:18.4914891Z GO111MODULE=''
make check (ubuntu-latest)	Install pinned Go toolchain for optional TaskMesh	2026-09-16T13:53:18.4915393Z GOAMD64='v1'
make check (ubuntu-latest)	Install pinned Go toolchain for optional TaskMesh	2026-09-16T13:53:18.4915896Z GOARCH='amd64'
make check (ubuntu-latest)	Install pinned Go toolchain for optional TaskMesh	2026-09-16T13:53:18.4916424Z GOAUTH='netrc'
make check (ubuntu-latest)	Install pinned Go toolchain for optional TaskMesh	2026-09-16T13:53:18.4916913Z GOBIN=''
make check (ubuntu-latest)	Install pinned Go toolchain for optional TaskMesh	2026-09-16T13:53:18.4917432Z GOCACHE='/home/runner/.cache/go-build'
make check (ubuntu-latest)	Install pinned Go toolchain for optional TaskMesh	2026-09-16T13:53:18.4918621Z GOCACHEPROG=''
make check (ubuntu-latest)	Install pinned Go toolchain for optional TaskMesh	2026-09-16T13:53:18.4919122Z GODEBUG=''
make check (ubuntu-latest)	Install pinned Go toolchain for optional TaskMesh	2026-09-16T13:53:18.4919643Z GOENV='/home/runner/.config/go/env'
make check (ubuntu-latest)	Install pinned Go toolchain for optional TaskMesh	2026-09-16T13:53:18.4920242Z GOEXE=''
make check (ubuntu-latest)	Install pinned Go toolchain for optional TaskMesh	2026-09-16T13:53:18.4920717Z GOEXPERIMENT=''
make check (ubuntu-latest)	Install pinned Go toolchain for optional TaskMesh	2026-09-16T13:53:18.4921227Z GOFIPS140='off'
make check (ubuntu-latest)	Install pinned Go toolchain for optional TaskMesh	2026-09-16T13:53:18.4921724Z GOFLAGS=''
make check (ubuntu-latest)	Install pinned Go toolchain for optional TaskMesh	2026-09-16T13:53:18.4923657Z GOGCCFLAGS='-fPIC -m64 -pthread -Wl,--no-gc-sections -fmessage-length=0 -ffile-prefix-map=/tmp/go-build3931287373=/tmp/go-build -gno-record-gcc-switches'
make check (ubuntu-latest)	Install pinned Go toolchain for optional TaskMesh	2026-09-16T13:53:18.4939982Z GOHOSTARCH='amd64'
make check (ubuntu-latest)	Install pinned Go toolchain for optional TaskMesh	2026-09-16T13:53:18.4940605Z GOHOSTOS='linux'
make check (ubuntu-latest)	Install pinned Go toolchain for optional TaskMesh	2026-09-16T13:53:18.4941225Z GOINSECURE=''
make check (ubuntu-latest)	Install pinned Go toolchain for optional TaskMesh	2026-09-16T13:53:18.4942111Z GOMOD='/home/runner/work/task-spec/task-spec/go.mod'
make check (ubuntu-latest)	Install pinned Go toolchain for optional TaskMesh	2026-09-16T13:53:18.4943090Z GOMODCACHE='/home/runner/go/pkg/mod'
make check (ubuntu-latest)	Install pinned Go toolchain for optional TaskMesh	2026-09-16T13:53:18.4943762Z GONOPROXY=''
make check (ubuntu-latest)	Install pinned Go toolchain for optional TaskMesh	2026-09-16T13:53:18.4944317Z GONOSUMDB=''
make check (ubuntu-latest)	Install pinned Go toolchain for optional TaskMesh	2026-09-16T13:53:18.4945525Z GOOS='linux'
make check (ubuntu-latest)	Install pinned Go toolchain for optional TaskMesh	2026-09-16T13:53:18.4946680Z GOPATH='/home/runner/go'
make check (ubuntu-latest)	Install pinned Go toolchain for optional TaskMesh	2026-09-16T13:53:18.4947368Z GOPRIVATE=''
make check (ubuntu-latest)	Install pinned Go toolchain for optional TaskMesh	2026-09-16T13:53:18.4947994Z GOPROXY='https://proxy.golang.org,direct'
make check (ubuntu-latest)	Install pinned Go toolchain for optional TaskMesh	2026-09-16T13:53:18.4948739Z GOROOT='/opt/hostedtoolcache/go/1.25.0/x64'
make check (ubuntu-latest)	Install pinned Go toolchain for optional TaskMesh	2026-09-16T13:53:18.4949411Z GOSUMDB='sum.golang.org'
make check (ubuntu-latest)	Install pinned Go toolchain for optional TaskMesh	2026-09-16T13:53:18.4949964Z GOTELEMETRY='local'
make check (ubuntu-latest)	Install pinned Go toolchain for optional TaskMesh	2026-09-16T13:53:18.4950579Z GOTELEMETRYDIR='/home/runner/.config/go/telemetry'
make check (ubuntu-latest)	Install pinned Go toolchain for optional TaskMesh	2026-09-16T13:53:18.4951271Z GOTMPDIR=''
make check (ubuntu-latest)	Install pinned Go toolchain for optional TaskMesh	2026-09-16T13:53:18.4951758Z GOTOOLCHAIN='local'
make check (ubuntu-latest)	Install pinned Go toolchain for optional TaskMesh	2026-09-16T13:53:18.4952805Z GOTOOLDIR='/opt/hostedtoolcache/go/1.25.0/x64/pkg/tool/linux_amd64'
make check (ubuntu-latest)	Install pinned Go toolchain for optional TaskMesh	2026-09-16T13:53:18.4953618Z GOVCS=''
make check (ubuntu-latest)	Install pinned Go toolchain for optional TaskMesh	2026-09-16T13:53:18.4954101Z GOVERSION='go1.25.0'
make check (ubuntu-latest)	Install pinned Go toolchain for optional TaskMesh	2026-09-16T13:53:18.4954613Z GOWORK=''
make check (ubuntu-latest)	Install pinned Go toolchain for optional TaskMesh	2026-09-16T13:53:18.4955115Z PKG_CONFIG='pkg-config'
make check (ubuntu-latest)	Install pinned Go toolchain for optional TaskMesh	2026-09-16T13:53:18.4955514Z 
make check (ubuntu-latest)	Install pinned Go toolchain for optional TaskMesh	2026-09-16T13:53:18.4956191Z ##[endgroup]
make check (ubuntu-latest)	Provision private locked decomposition runtime	﻿2026-09-16T13:53:18.5147314Z ##[group]Run bash bin/taskspec setup decompose
make check (ubuntu-latest)	Provision private locked decomposition runtime	2026-09-16T13:53:18.5148038Z [36;1mbash bin/taskspec setup decompose[0m
make check (ubuntu-latest)	Provision private locked decomposition runtime	2026-09-16T13:53:18.5204554Z shell: /usr/bin/bash -e {0}
make check (ubuntu-latest)	Provision private locked decomposition runtime	2026-09-16T13:53:18.5205005Z env:
make check (ubuntu-latest)	Provision private locked decomposition runtime	2026-09-16T13:53:18.5205333Z   GOTOOLCHAIN: local
make check (ubuntu-latest)	Provision private locked decomposition runtime	2026-09-16T13:53:18.5205718Z ##[endgroup]
make check (ubuntu-latest)	Provision private locked decomposition runtime	2026-09-16T13:53:24.1111482Z Collecting attrs==26.1.0 (from -r /home/runner/work/task-spec/task-spec/src/decompose/requirements.lock (line 2))
make check (ubuntu-latest)	Provision private locked decomposition runtime	2026-09-16T13:53:24.1453260Z   Downloading attrs-26.1.0-py3-none-any.whl (67 kB)
make check (ubuntu-latest)	Provision private locked decomposition runtime	2026-09-16T13:53:24.1585334Z      ━━━━━━━━━━━━━━━━━━━━━━━━━━━━━━━━━━━━━━━━ 67.5/67.5 kB 5.6 MB/s eta 0:00:00
make check (ubuntu-latest)	Provision private locked decomposition runtime	2026-09-16T13:53:24.2081567Z Collecting jsonschema==4.26.0 (from -r /home/runner/work/task-spec/task-spec/src/decompose/requirements.lock (line 5))
make check (ubuntu-latest)	Provision private locked decomposition runtime	2026-09-16T13:53:24.2122586Z   Downloading jsonschema-4.26.0-py3-none-any.whl (90 kB)
make check (ubuntu-latest)	Provision private locked decomposition runtime	2026-09-16T13:53:24.2213998Z      ━━━━━━━━━━━━━━━━━━━━━━━━━━━━━━━━━━━━━━━━ 90.6/90.6 kB 11.6 MB/s eta 0:00:00
make check (ubuntu-latest)	Provision private locked decomposition runtime	2026-09-16T13:53:24.2401323Z Collecting jsonschema-specifications==2025.9.1 (from -r /home/runner/work/task-spec/task-spec/src/decompose/requirements.lock (line 8))
make check (ubuntu-latest)	Provision private locked decomposition runtime	2026-09-16T13:53:24.2437799Z   Downloading jsonschema_specifications-2025.9.1-py3-none-any.whl (18 kB)
make check (ubuntu-latest)	Provision private locked decomposition runtime	2026-09-16T13:53:24.2943905Z Collecting PyYAML==6.0.3 (from -r /home/runner/work/task-spec/task-spec/src/decompose/requirements.lock (line 11))
make check (ubuntu-latest)	Provision private locked decomposition runtime	2026-09-16T13:53:24.2982457Z   Downloading pyyaml-6.0.3-cp312-cp312-manylinux2014_x86_64.manylinux_2_17_x86_64.manylinux_2_28_x86_64.whl (807 kB)
make check (ubuntu-latest)	Provision private locked decomposition runtime	2026-09-16T13:53:24.3186494Z      ━━━━━━━━━━━━━━━━━━━━━━━━━━━━━━━━━━━━━━ 807.9/807.9 kB 44.5 MB/s eta 0:00:00
make check (ubuntu-latest)	Provision private locked decomposition runtime	2026-09-16T13:53:24.3547348Z Collecting referencing==0.37.0 (from -r /home/runner/work/task-spec/task-spec/src/decompose/requirements.lock (line 85))
make check (ubuntu-latest)	Provision private locked decomposition runtime	2026-09-16T13:53:24.3586569Z   Downloading referencing-0.37.0-py3-none-any.whl (26 kB)
make check (ubuntu-latest)	Provision private locked decomposition runtime	2026-09-16T13:53:24.6869024Z Collecting rpds-py==2026.6.3 (from -r /home/runner/work/task-spec/task-spec/src/decompose/requirements.lock (line 88))
make check (ubuntu-latest)	Provision private locked decomposition runtime	2026-09-16T13:53:24.6914534Z   Downloading rpds_py-2026.6.3-cp312-cp312-manylinux_2_17_x86_64.manylinux2014_x86_64.whl (366 kB)
make check (ubuntu-latest)	Provision private locked decomposition runtime	2026-09-16T13:53:24.7000510Z      ━━━━━━━━━━━━━━━━━━━━━━━━━━━━━━━━━━━━━━ 366.2/366.2 kB 55.4 MB/s eta 0:00:00
make check (ubuntu-latest)	Provision private locked decomposition runtime	2026-09-16T13:53:24.7252846Z Collecting typing_extensions==4.15.0 (from -r /home/runner/work/task-spec/task-spec/src/decompose/requirements.lock (line 205))
make check (ubuntu-latest)	Provision private locked decomposition runtime	2026-09-16T13:53:24.7290892Z   Downloading typing_extensions-4.15.0-py3-none-any.whl (44 kB)
make check (ubuntu-latest)	Provision private locked decomposition runtime	2026-09-16T13:53:24.7335002Z      ━━━━━━━━━━━━━━━━━━━━━━━━━━━━━━━━━━━━━━━━ 44.6/44.6 kB 14.8 MB/s eta 0:00:00
make check (ubuntu-latest)	Provision private locked decomposition runtime	2026-09-16T13:53:24.7993221Z Installing collected packages: typing_extensions, rpds-py, PyYAML, attrs, referencing, jsonschema-specifications, jsonschema
make check (ubuntu-latest)	Provision private locked decomposition runtime	2026-09-16T13:53:25.0311503Z Successfully installed PyYAML-6.0.3 attrs-26.1.0 jsonschema-4.26.0 jsonschema-specifications-2025.9.1 referencing-0.37.0 rpds-py-2026.6.3 typing_extensions-4.15.0
make check (ubuntu-latest)	Provision private locked decomposition runtime	2026-09-16T13:53:25.2541460Z {"contract": "TaskRuntimeSetup/v1", "ready": true, "path": "/home/runner/work/task-spec/task-spec/.taskspec/runtime/decompose", "lock_digest": "eb1adcfe1266108d7587d9a561bb57d482a2104efa871db46c6287095649ba33"}
make check (ubuntu-latest)	Install schema-fidelity consumer dependencies	﻿2026-09-16T13:53:25.2651380Z ##[group]Run python3 -m pip install --disable-pip-version-check --quiet --break-system-packages pyyaml==6.0.2 jsonschema==4.26.0
make check (ubuntu-latest)	Install schema-fidelity consumer dependencies	2026-09-16T13:53:25.2652738Z [36;1mpython3 -m pip install --disable-pip-version-check --quiet --break-system-packages pyyaml==6.0.2 jsonschema==4.26.0[0m
make check (ubuntu-latest)	Install schema-fidelity consumer dependencies	2026-09-16T13:53:25.2691816Z shell: /usr/bin/bash -e {0}
make check (ubuntu-latest)	Install schema-fidelity consumer dependencies	2026-09-16T13:53:25.2692390Z env:
make check (ubuntu-latest)	Install schema-fidelity consumer dependencies	2026-09-16T13:53:25.2692610Z   GOTOOLCHAIN: local
make check (ubuntu-latest)	Install schema-fidelity consumer dependencies	2026-09-16T13:53:25.2692853Z ##[endgroup]
make check (ubuntu-latest)	make check (includes isolated install-to-accept demo)	﻿2026-09-16T13:53:28.7421415Z ##[group]Run make check
make check (ubuntu-latest)	make check (includes isolated install-to-accept demo)	2026-09-16T13:53:28.7421735Z [36;1mmake check[0m
make check (ubuntu-latest)	make check (includes isolated install-to-accept demo)	2026-09-16T13:53:28.7459159Z shell: /usr/bin/bash -e {0}
make check (ubuntu-latest)	make check (includes isolated install-to-accept demo)	2026-09-16T13:53:28.7459431Z env:
make check (ubuntu-latest)	make check (includes isolated install-to-accept demo)	2026-09-16T13:53:28.7459632Z   GOTOOLCHAIN: local
make check (ubuntu-latest)	make check (includes isolated install-to-accept demo)	2026-09-16T13:53:28.7459861Z ##[endgroup]
make check (ubuntu-latest)	make check (includes isolated install-to-accept demo)	2026-09-16T13:53:28.7710258Z bash bin/taskspec doctor
make check (ubuntu-latest)	make check (includes isolated install-to-accept demo)	2026-09-16T13:53:28.7750918Z PASS  bash >= 3.2 (5.2.21(1)-release)
make check (ubuntu-latest)	make check (includes isolated install-to-accept demo)	2026-09-16T13:53:28.7788920Z PASS  git (2.55.0)
make check (ubuntu-latest)	make check (includes isolated install-to-accept demo)	2026-09-16T13:53:28.7824388Z PASS  python3 (3.12.3)
make check (ubuntu-latest)	make check (includes isolated install-to-accept demo)	2026-09-16T13:53:28.7825152Z PASS  SHA-256/HMAC provider
make check (ubuntu-latest)	make check (includes isolated install-to-accept demo)	2026-09-16T13:53:28.7826367Z PASS  shellcheck
make check (ubuntu-latest)	make check (includes isolated install-to-accept demo)	2026-09-16T13:53:28.7856283Z WARN  no signing key; run: taskspec setup signing
make check (ubuntu-latest)	make check (includes isolated install-to-accept demo)	2026-09-16T13:53:28.7863186Z DOCTOR=READY
make check (ubuntu-latest)	make check (includes isolated install-to-accept demo)	2026-09-16T13:53:28.7872710Z bash tests/lint-skill-docs.sh
make check (ubuntu-latest)	make check (includes isolated install-to-accept demo)	2026-09-16T13:53:28.9147378Z lint-skill-docs.sh (10 checks)
make check (ubuntu-latest)	make check (includes isolated install-to-accept demo)	2026-09-16T13:53:28.9148587Z ════════════════════════════════════════
make check (ubuntu-latest)	make check (includes isolated install-to-accept demo)	2026-09-16T13:53:28.9149503Z OK: VERSION, CHANGELOG.md, and src/lib/_lib.sh agree at v3.10.0
make check (ubuntu-latest)	make check (includes isolated install-to-accept demo)	2026-09-16T13:53:28.9150490Z bash tests/lint-docs.sh
make check (ubuntu-latest)	make check (includes isolated install-to-accept demo)	2026-09-16T13:53:29.6783574Z CLI_REFERENCE=OK
make check (ubuntu-latest)	make check (includes isolated install-to-accept demo)	2026-09-16T13:53:29.6848603Z lint-docs: OK
make check (ubuntu-latest)	make check (includes isolated install-to-accept demo)	2026-09-16T13:53:29.6866559Z set -e; for t in tests/test-*.sh; do bash "$t"; done
make check (ubuntu-latest)	make check (includes isolated install-to-accept demo)	2026-09-16T13:53:29.8061747Z PASS — dependency-aware leaf frontier and --all behavior
make check (ubuntu-latest)	make check (includes isolated install-to-accept demo)	2026-09-16T13:53:29.8638406Z PASS — collisions, dangling edges, cycles, and concurrency are reported
make check (ubuntu-latest)	make check (includes isolated install-to-accept demo)	2026-09-16T13:53:30.0005075Z PASS — archived dependencies, supersession blocking, advisory blocks, and deterministic graph views
make check (ubuntu-latest)	make check (includes isolated install-to-accept demo)	2026-09-16T13:53:30.3776760Z PASS — recursive task resolution and active write conflicts share one graph universe
make check (ubuntu-latest)	make check (includes isolated install-to-accept demo)	2026-09-16T13:53:30.5429926Z PASS — dependency closure includes leaf dependencies and composition ancestors only
make check (ubuntu-latest)	make check (includes isolated install-to-accept demo)	2026-09-16T13:53:30.5490442Z === (a) bash -n syntax check for every src/*/*.sh ===
make check (ubuntu-latest)	make check (includes isolated install-to-accept demo)	2026-09-16T13:53:30.5513438Z   ✓ syntax ok: accept/accept-task.sh
make check (ubuntu-latest)	make check (includes isolated install-to-accept demo)	2026-09-16T13:53:30.5535140Z   ✓ syntax ok: author/batch-generate.sh
make check (ubuntu-latest)	make check (includes isolated install-to-accept demo)	2026-09-16T13:53:30.5558546Z   ✓ syntax ok: author/generate-task-spec.sh
make check (ubuntu-latest)	make check (includes isolated install-to-accept demo)	2026-09-16T13:53:30.5575752Z   ✓ syntax ok: author/migrate-legacy-task.sh
make check (ubuntu-latest)	make check (includes isolated install-to-accept demo)	2026-09-16T13:53:30.5594789Z   ✓ syntax ok: backlog/archive.sh
make check (ubuntu-latest)	make check (includes isolated install-to-accept demo)	2026-09-16T13:53:30.5613036Z   ✓ syntax ok: backlog/backup-backlog.sh
make check (ubuntu-latest)	make check (includes isolated install-to-accept demo)	2026-09-16T13:53:30.5631448Z   ✓ syntax ok: backlog/install-hooks.sh
make check (ubuntu-latest)	make check (includes isolated install-to-accept demo)	2026-09-16T13:53:30.5650113Z   ✓ syntax ok: backlog/lint-backlog.sh
make check (ubuntu-latest)	make check (includes isolated install-to-accept demo)	2026-09-16T13:53:30.5668775Z   ✓ syntax ok: backlog/list-ready.sh
make check (ubuntu-latest)	make check (includes isolated install-to-accept demo)	2026-09-16T13:53:30.5689384Z   ✓ syntax ok: backlog/query-metrics.sh
make check (ubuntu-latest)	make check (includes isolated install-to-accept demo)	2026-09-16T13:53:30.5710180Z   ✓ syntax ok: backlog/rebuild-state.sh
make check (ubuntu-latest)	make check (includes isolated install-to-accept demo)	2026-09-16T13:53:30.5730829Z   ✓ syntax ok: backlog/transition-status.sh
make check (ubuntu-latest)	make check (includes isolated install-to-accept demo)	2026-09-16T13:53:30.5749825Z   ✓ syntax ok: decompose/launch.sh
make check (ubuntu-latest)	make check (includes isolated install-to-accept demo)	2026-09-16T13:53:30.5771015Z   ✓ syntax ok: dispatch/conformance-check.sh
make check (ubuntu-latest)	make check (includes isolated install-to-accept demo)	2026-09-16T13:53:30.5791288Z   ✓ syntax ok: dispatch/ref-executor.sh
make check (ubuntu-latest)	make check (includes isolated install-to-accept demo)	2026-09-16T13:53:30.5810189Z   ✓ syntax ok: gate/definition-of-done.sh
make check (ubuntu-latest)	make check (includes isolated install-to-accept demo)	2026-09-16T13:53:30.5833069Z   ✓ syntax ok: gate/run-task-spec.sh
make check (ubuntu-latest)	make check (includes isolated install-to-accept demo)	2026-09-16T13:53:30.5857325Z   ✓ syntax ok: gate/safe-to-delegate.sh
make check (ubuntu-latest)	make check (includes isolated install-to-accept demo)	2026-09-16T13:53:30.5903187Z   ✓ syntax ok: gate/validate-task-spec.sh
make check (ubuntu-latest)	make check (includes isolated install-to-accept demo)	2026-09-16T13:53:30.5933395Z   ✓ syntax ok: lib/_lib.sh
make check (ubuntu-latest)	make check (includes isolated install-to-accept demo)	2026-09-16T13:53:30.5962663Z   ✓ syntax ok: lib/install.sh
make check (ubuntu-latest)	make check (includes isolated install-to-accept demo)	2026-09-16T13:53:30.5971885Z   ✓ syntax ok: setup/demo.sh
make check (ubuntu-latest)	make check (includes isolated install-to-accept demo)	2026-09-16T13:53:30.5990505Z   ✓ syntax ok: setup/init.sh
make check (ubuntu-latest)	make check (includes isolated install-to-accept demo)	2026-09-16T13:53:30.6009636Z   ✓ syntax ok: setup/readiness.sh
make check (ubuntu-latest)	make check (includes isolated install-to-accept demo)	2026-09-16T13:53:30.6010561Z === (b) core-path scripts contain no bash-4-only constructs ===
make check (ubuntu-latest)	make check (includes isolated install-to-accept demo)	2026-09-16T13:53:30.6068018Z   ✓ gate/validate-task-spec.sh has no 'declare -A'
make check (ubuntu-latest)	make check (includes isolated install-to-accept demo)	2026-09-16T13:53:30.6094790Z   ✓ gate/validate-task-spec.sh has no mapfile/readarray
make check (ubuntu-latest)	make check (includes isolated install-to-accept demo)	2026-09-16T13:53:30.6132344Z   ✓ gate/safe-to-delegate.sh has no 'declare -A'
make check (ubuntu-latest)	make check (includes isolated install-to-accept demo)	2026-09-16T13:53:30.6151600Z   ✓ gate/safe-to-delegate.sh has no mapfile/readarray
make check (ubuntu-latest)	make check (includes isolated install-to-accept demo)	2026-09-16T13:53:30.6188104Z   ✓ gate/run-task-spec.sh has no 'declare -A'
make check (ubuntu-latest)	make check (includes isolated install-to-accept demo)	2026-09-16T13:53:30.6208413Z   ✓ gate/run-task-spec.sh has no mapfile/readarray
make check (ubuntu-latest)	make check (includes isolated install-to-accept demo)	2026-09-16T13:53:30.6263297Z   ✓ lib/_lib.sh has no 'declare -A'
make check (ubuntu-latest)	make check (includes isolated install-to-accept demo)	2026-09-16T13:53:30.6282989Z   ✓ lib/_lib.sh has no mapfile/readarray
make check (ubuntu-latest)	make check (includes isolated install-to-accept demo)	2026-09-16T13:53:30.6283946Z === (c) aux scripts call ts_require_bash4 ===
make check (ubuntu-latest)	make check (includes isolated install-to-accept demo)	2026-09-16T13:53:30.6296949Z   ✓ backlog/query-metrics.sh calls ts_require_bash4
make check (ubuntu-latest)	make check (includes isolated install-to-accept demo)	2026-09-16T13:53:30.6297928Z === (d) conformance runner + adapters are bash-3.2-clean ===
make check (ubuntu-latest)	make check (includes isolated install-to-accept demo)	2026-09-16T13:53:30.6320554Z   ✓ syntax ok: conformance/run_conformance.sh
make check (ubuntu-latest)	make check (includes isolated install-to-accept demo)	2026-09-16T13:53:30.6374554Z   ✓ conformance/run_conformance.sh has no bash-4-only constructs
make check (ubuntu-latest)	make check (includes isolated install-to-accept demo)	2026-09-16T13:53:30.6393584Z   ✓ syntax ok: conformance/adapters/self.sh
make check (ubuntu-latest)	make check (includes isolated install-to-accept demo)	2026-09-16T13:53:30.6443792Z   ✓ conformance/adapters/self.sh has no bash-4-only constructs
make check (ubuntu-latest)	make check (includes isolated install-to-accept demo)	2026-09-16T13:53:30.6444588Z 
make check (ubuntu-latest)	make check (includes isolated install-to-accept demo)	2026-09-16T13:53:30.6445180Z ========================================
make check (ubuntu-latest)	make check (includes isolated install-to-accept demo)	2026-09-16T13:53:30.6445954Z Results: 37 passed, 0 failed
make check (ubuntu-latest)	make check (includes isolated install-to-accept demo)	2026-09-16T13:53:30.6446657Z ========================================
make check (ubuntu-latest)	make check (includes isolated install-to-accept demo)	2026-09-16T13:53:30.7241322Z ok    new requires slug and effort
make check (ubuntu-latest)	make check (includes isolated install-to-accept demo)	2026-09-16T13:53:30.7985437Z ok    new rejects an unknown option
make check (ubuntu-latest)	make check (includes isolated install-to-accept demo)	2026-09-16T13:53:30.8712576Z ok    new requires --format value
make check (ubuntu-latest)	make check (includes isolated install-to-accept demo)	2026-09-16T13:53:30.9447433Z ok    metrics rejects an unknown option
make check (ubuntu-latest)	make check (includes isolated install-to-accept demo)	2026-09-16T13:53:31.0208207Z ok    metrics requires --since value
make check (ubuntu-latest)	make check (includes isolated install-to-accept demo)	2026-09-16T13:53:31.0209241Z CLI_USAGE=PASS checks=5
make check (ubuntu-latest)	make check (includes isolated install-to-accept demo)	2026-09-16T13:53:42.5259313Z PASS — isolated demo reaches independent acceptance
make check (ubuntu-latest)	make check (includes isolated install-to-accept demo)	2026-09-16T13:53:42.5879302Z == effort sizing and composition ==
make check (ubuntu-latest)	make check (includes isolated install-to-accept demo)	2026-09-16T13:53:42.9107270Z ok    XS leaf                     
make check (ubuntu-latest)	make check (includes isolated install-to-accept demo)	2026-09-16T13:53:43.2365171Z ok    S leaf union budget         
make check (ubuntu-latest)	make check (includes isolated install-to-accept demo)	2026-09-16T13:53:43.5622531Z ok    M leaf                      
make check (ubuntu-latest)	make check (includes isolated install-to-accept demo)	2026-09-16T13:53:43.8877544Z ok    L long horizon              
make check (ubuntu-latest)	make check (includes isolated install-to-accept demo)	2026-09-16T13:53:44.2198104Z ok    L wrong backend             
make check (ubuntu-latest)	make check (includes isolated install-to-accept demo)	2026-09-16T13:53:44.5563470Z ok    S over budget warns         
make check (ubuntu-latest)	make check (includes isolated install-to-accept demo)	2026-09-16T13:53:44.8897677Z ok    leaf cannot have children   
make check (ubuntu-latest)	make check (includes isolated install-to-accept demo)	2026-09-16T13:53:45.2138208Z ok    XL needs children           
make check (ubuntu-latest)	make check (includes isolated install-to-accept demo)	2026-09-16T13:53:45.5484826Z ok    XXL needs three children    
make check (ubuntu-latest)	make check (includes isolated install-to-accept demo)	2026-09-16T13:53:45.8816495Z ok    XL composition node         
make check (ubuntu-latest)	make check (includes isolated install-to-accept demo)	2026-09-16T13:53:46.2242684Z ok    XXL composition node        
make check (ubuntu-latest)	make check (includes isolated install-to-accept demo)	2026-09-16T13:53:46.5665782Z ok    node owns no writes         
make check (ubuntu-latest)	make check (includes isolated install-to-accept demo)	2026-09-16T13:53:46.9029113Z ok    invalid child id            
make check (ubuntu-latest)	make check (includes isolated install-to-accept demo)	2026-09-16T13:53:47.2331622Z ok    unknown size                
make check (ubuntu-latest)	make check (includes isolated install-to-accept demo)	2026-09-16T13:53:47.2342875Z 
make check (ubuntu-latest)	make check (includes isolated install-to-accept demo)	2026-09-16T13:53:47.2351805Z PASS — all 14 sizing rows green.
make check (ubuntu-latest)	make check (includes isolated install-to-accept demo)	2026-09-16T13:53:55.6641448Z ENGINE_MATRIX_V2=READY
make check (ubuntu-latest)	make check (includes isolated install-to-accept demo)	2026-09-16T13:53:56.0840909Z ENVIRONMENT_ATTESTATION=READY
make check (ubuntu-latest)	make check (includes isolated install-to-accept demo)	2026-09-16T13:53:56.1015776Z ═══ test-extractor-fuzz.sh (adversarial extract-and-run, v3.10.0) ═══
make check (ubuntu-latest)	make check (includes isolated install-to-accept demo)	2026-09-16T13:53:56.1017168Z ── (A) extraction correctness ──
make check (ubuntu-latest)	make check (includes isolated install-to-accept demo)	2026-09-16T13:53:56.2864661Z   ✓ A:arith-shift extracted
make check (ubuntu-latest)	make check (includes isolated install-to-accept demo)	2026-09-16T13:53:56.4761358Z   ✓ A:heredoc-EOF-bash extracted
make check (ubuntu-latest)	make check (includes isolated install-to-accept demo)	2026-09-16T13:53:56.6569181Z   ✓ A:heredoc-fake-fence extracted
make check (ubuntu-latest)	make check (includes isolated install-to-accept demo)	2026-09-16T13:53:56.8374060Z   ✓ A:heredoc-fake-header extracted
make check (ubuntu-latest)	make check (includes isolated install-to-accept demo)	2026-09-16T13:53:57.0212904Z   ✓ A:nested-heredoc extracted
make check (ubuntu-latest)	make check (includes isolated install-to-accept demo)	2026-09-16T13:53:57.2082651Z   ✓ A:heredoc-dquote extracted
make check (ubuntu-latest)	make check (includes isolated install-to-accept demo)	2026-09-16T13:53:57.2084092Z ── (B) robustness invariant (no hang, no raw-error leak) ──
make check (ubuntu-latest)	make check (includes isolated install-to-accept demo)	2026-09-16T13:53:57.3922992Z   ✓ B:emoji-body clean (EXTRACTED)
make check (ubuntu-latest)	make check (includes isolated install-to-accept demo)	2026-09-16T13:53:57.6443437Z   ✓ B:two-evals clean (EXTRACTED)
make check (ubuntu-latest)	make check (includes isolated install-to-accept demo)	2026-09-16T13:53:57.8268682Z   ✓ B:unbalanced-brace clean (EXTRACTED)
make check (ubuntu-latest)	make check (includes isolated install-to-accept demo)	2026-09-16T13:53:58.0093559Z   ✓ B:fence-in-string clean (EXTRACTED)
make check (ubuntu-latest)	make check (includes isolated install-to-accept demo)	2026-09-16T13:53:58.2017835Z   ✓ B:header-looking-cmd clean (EXTRACTED)
make check (ubuntu-latest)	make check (includes isolated install-to-accept demo)	2026-09-16T13:53:58.3896520Z   ✓ B:backtick-cmd clean (EXTRACTED)
make check (ubuntu-latest)	make check (includes isolated install-to-accept demo)	2026-09-16T13:53:58.5723242Z   ✓ B:comment-only clean (EXTRACTED)
make check (ubuntu-latest)	make check (includes isolated install-to-accept demo)	2026-09-16T13:53:58.7527009Z   ✓ B:exit-in-eval clean (EXTRACTED)
make check (ubuntu-latest)	make check (includes isolated install-to-accept demo)	2026-09-16T13:53:58.9371707Z   ✓ B:reads-stdin clean (EXTRACTED)
make check (ubuntu-latest)	make check (includes isolated install-to-accept demo)	2026-09-16T13:53:59.1238979Z   ✓ B:many-heredocs clean (EXTRACTED)
make check (ubuntu-latest)	make check (includes isolated install-to-accept demo)	2026-09-16T13:53:59.1240382Z ── (C) exit-check robustness (defense-in-depth, no hang on malformed Exit Check) ──
make check (ubuntu-latest)	make check (includes isolated install-to-accept demo)	2026-09-16T13:53:59.3045371Z   ✓ C:ec-unbalanced-quote clean (EXTRACTED)
make check (ubuntu-latest)	make check (includes isolated install-to-accept demo)	2026-09-16T13:53:59.4886930Z   ✓ C:ec-unbalanced-btick clean (EXTRACTED)
make check (ubuntu-latest)	make check (includes isolated install-to-accept demo)	2026-09-16T13:53:59.6681323Z   ✓ C:ec-heredoc-no-close clean (EXTRACTED)
make check (ubuntu-latest)	make check (includes isolated install-to-accept demo)	2026-09-16T13:53:59.6701549Z 
make check (ubuntu-latest)	make check (includes isolated install-to-accept demo)	2026-09-16T13:53:59.6702304Z ========================================
make check (ubuntu-latest)	make check (includes isolated install-to-accept demo)	2026-09-16T13:53:59.6703071Z Results: 19 passed, 0 failed
make check (ubuntu-latest)	make check (includes isolated install-to-accept demo)	2026-09-16T13:53:59.6703710Z ========================================
make check (ubuntu-latest)	make check (includes isolated install-to-accept demo)	2026-09-16T13:53:59.6775668Z ═══ test-hmac-envelope.sh (TaskAuthorization/v3 suite) ═══
make check (ubuntu-latest)	make check (includes isolated install-to-accept demo)	2026-09-16T13:53:59.6776696Z ── Scenario 1: Tier 1 stamp-then-verify ──
make check (ubuntu-latest)	make check (includes isolated install-to-accept demo)	2026-09-16T13:54:00.9643949Z   ✓ S1 sealed
make check (ubuntu-latest)	make check (includes isolated install-to-accept demo)	2026-09-16T13:54:00.9644603Z   ✓ S1 sig-format
make check (ubuntu-latest)	make check (includes isolated install-to-accept demo)	2026-09-16T13:54:00.9645096Z   ✓ S1 verify-tier1
make check (ubuntu-latest)	make check (includes isolated install-to-accept demo)	2026-09-16T13:54:00.9670575Z ── Scenario 2: Tier 3 tampered body ──
make check (ubuntu-latest)	make check (includes isolated install-to-accept demo)	2026-09-16T13:54:02.7398088Z   ✓ S2 pre-tamper-tier1
make check (ubuntu-latest)	make check (includes isolated install-to-accept demo)	2026-09-16T13:54:02.7399045Z   ✓ S2 tamper-caught-tier3
make check (ubuntu-latest)	make check (includes isolated install-to-accept demo)	2026-09-16T13:54:02.7423141Z ── Scenario 3: Tier 3 envelope tamper / wrong key / malformed ──
make check (ubuntu-latest)	make check (includes isolated install-to-accept demo)	2026-09-16T13:54:06.1443956Z   ✓ S3 envelope-value-tamper
make check (ubuntu-latest)	make check (includes isolated install-to-accept demo)	2026-09-16T13:54:06.1453432Z   ✓ S3 wrong-key-tier3
make check (ubuntu-latest)	make check (includes isolated install-to-accept demo)	2026-09-16T13:54:06.1454225Z   ✓ S3 malformed-sig-tier3
make check (ubuntu-latest)	make check (includes isolated install-to-accept demo)	2026-09-16T13:54:06.1466637Z ── Scenario 4: Tier 2 no-key degrade ──
make check (ubuntu-latest)	make check (includes isolated install-to-accept demo)	2026-09-16T13:54:07.8087929Z   ✓ S4 no-key-tier2
make check (ubuntu-latest)	make check (includes isolated install-to-accept demo)	2026-09-16T13:54:07.8089007Z   ✓ S4 legacy-nosig-tier2
make check (ubuntu-latest)	make check (includes isolated install-to-accept demo)	2026-09-16T13:54:07.8109412Z ── Scenario 5: portability floor (crypto masked) ──
make check (ubuntu-latest)	make check (includes isolated install-to-accept demo)	2026-09-16T13:54:09.7844303Z   ✓ S5 provider-none
make check (ubuntu-latest)	make check (includes isolated install-to-accept demo)	2026-09-16T13:54:09.7866976Z   ✓ S5 masked-stamp-stdlib-hmac
make check (ubuntu-latest)	make check (includes isolated install-to-accept demo)	2026-09-16T13:54:09.7891057Z   ✓ S5 masked-verify-tier2
make check (ubuntu-latest)	make check (includes isolated install-to-accept demo)	2026-09-16T13:54:09.7891724Z ── Scenario 6: .git/info key fallback ──
make check (ubuntu-latest)	make check (includes isolated install-to-accept demo)	2026-09-16T13:54:11.1120630Z   ✓ S6 keyfile-written
make check (ubuntu-latest)	make check (includes isolated install-to-accept demo)	2026-09-16T13:54:11.1121716Z   ✓ S6 gitinfo-stamp-sealed
make check (ubuntu-latest)	make check (includes isolated install-to-accept demo)	2026-09-16T13:54:11.1123279Z   ✓ S6 gitinfo-verify-tier1
make check (ubuntu-latest)	make check (includes isolated install-to-accept demo)	2026-09-16T13:54:11.1141759Z ── Scenario 7: injection-safe --stamp-by ──
make check (ubuntu-latest)	make check (includes isolated install-to-accept demo)	2026-09-16T13:54:17.4935657Z   ✓ S7 literal-verbatim-tier1 [build|42]
make check (ubuntu-latest)	make check (includes isolated install-to-accept demo)	2026-09-16T13:54:17.4936761Z   ✓ S7 literal-verbatim-tier1 [a&b]
make check (ubuntu-latest)	make check (includes isolated install-to-accept demo)	2026-09-16T13:54:17.4938112Z   ✓ S7 literal-verbatim-tier1 [team/build]
make check (ubuntu-latest)	make check (includes isolated install-to-accept demo)	2026-09-16T13:54:17.4939389Z   ✓ S7 literal-verbatim-tier1 [X|p;s|.*|INJECTED]
make check (ubuntu-latest)	make check (includes isolated install-to-accept demo)	2026-09-16T13:54:17.4940346Z   ✓ S7 literal-verbatim-tier1 [name with space]
make check (ubuntu-latest)	make check (includes isolated install-to-accept demo)	2026-09-16T13:54:17.4962326Z ── Scenario 8: --require-tier1 enforcement + TIER= line ──
make check (ubuntu-latest)	make check (includes isolated install-to-accept demo)	2026-09-16T13:54:19.5137351Z   ✓ S8 tier1-require-passes
make check (ubuntu-latest)	make check (includes isolated install-to-accept demo)	2026-09-16T13:54:19.5138466Z   ✓ S8 tier2-require-blocks
make check (ubuntu-latest)	make check (includes isolated install-to-accept demo)	2026-09-16T13:54:19.5139642Z   ✓ S8 tier2-noflag-delegates
make check (ubuntu-latest)	make check (includes isolated install-to-accept demo)	2026-09-16T13:54:19.5163550Z ── Scenario 9: ts_set_frontmatter_field newline + malformed + backslash-escape ──
make check (ubuntu-latest)	make check (includes isolated install-to-accept demo)	2026-09-16T13:54:19.5721560Z   ✓ S9 newline-rejected-file-untouched
make check (ubuntu-latest)	make check (includes isolated install-to-accept demo)	2026-09-16T13:54:19.5727808Z   ✓ S9 malformed-frontmatter-hard-fails
make check (ubuntu-latest)	make check (includes isolated install-to-accept demo)	2026-09-16T13:54:19.5728856Z   ✓ S9 backslash-n-written-verbatim-no-injection
make check (ubuntu-latest)	make check (includes isolated install-to-accept demo)	2026-09-16T13:54:19.5730278Z   ✓ S9 symlink-temp-path-defused
make check (ubuntu-latest)	make check (includes isolated install-to-accept demo)	2026-09-16T13:54:19.5737593Z ── Scenario 10: envelope v3 authorization boundary ──
make check (ubuntu-latest)	make check (includes isolated install-to-accept demo)	2026-09-16T13:54:20.7480086Z   ✓ S10 scope-widening-caught
make check (ubuntu-latest)	make check (includes isolated install-to-accept demo)	2026-09-16T13:54:21.9234048Z   ✓ S10 dependency-change-caught
make check (ubuntu-latest)	make check (includes isolated install-to-accept demo)	2026-09-16T13:54:23.1001066Z   ✓ S10 budget-raise-caught
make check (ubuntu-latest)	make check (includes isolated install-to-accept demo)	2026-09-16T13:54:24.2638265Z   ✓ S10 agent-change-caught
make check (ubuntu-latest)	make check (includes isolated install-to-accept demo)	2026-09-16T13:54:25.4286234Z   ✓ S10 backend-reroute-caught
make check (ubuntu-latest)	make check (includes isolated install-to-accept demo)	2026-09-16T13:54:26.7204109Z   ✓ S10 status-change-allowed
make check (ubuntu-latest)	make check (includes isolated install-to-accept demo)	2026-09-16T13:54:28.0124920Z   ✓ S10 tracker-writeback-allowed
make check (ubuntu-latest)	make check (includes isolated install-to-accept demo)	2026-09-16T13:54:28.0147423Z ── Scenario 11: legacy v1 verification and re-stamp ──
make check (ubuntu-latest)	make check (includes isolated install-to-accept demo)	2026-09-16T13:54:31.5583037Z   ✓ S11 legacy-v1-tier2
make check (ubuntu-latest)	make check (includes isolated install-to-accept demo)	2026-09-16T13:54:31.5583812Z   ✓ S11 legacy-restamped-v3
make check (ubuntu-latest)	make check (includes isolated install-to-accept demo)	2026-09-16T13:54:31.5584567Z   ✓ S11 legacy-v2-tier2
make check (ubuntu-latest)	make check (includes isolated install-to-accept demo)	2026-09-16T13:54:31.5585659Z   ✓ S11 legacy-v2-restamped-v3
make check (ubuntu-latest)	make check (includes isolated install-to-accept demo)	2026-09-16T13:54:31.5607063Z ── Scenario 12: re-stamp an amended spec ──
make check (ubuntu-latest)	make check (includes isolated install-to-accept demo)	2026-09-16T13:54:33.5746208Z   ✓ S12 edit-breaks-seal
make check (ubuntu-latest)	make check (includes isolated install-to-accept demo)	2026-09-16T13:54:33.5747724Z   ✓ S12 amendment-resealed
make check (ubuntu-latest)	make check (includes isolated install-to-accept demo)	2026-09-16T13:54:33.5748332Z 
make check (ubuntu-latest)	make check (includes isolated install-to-accept demo)	2026-09-16T13:54:33.5748683Z ========================================
make check (ubuntu-latest)	make check (includes isolated install-to-accept demo)	2026-09-16T13:54:33.5749665Z Results: 41 passed, 0 failed
make check (ubuntu-latest)	make check (includes isolated install-to-accept demo)	2026-09-16T13:54:33.5750338Z ========================================
make check (ubuntu-latest)	make check (includes isolated install-to-accept demo)	2026-09-16T13:54:41.7940433Z MESH_ADAPTERS=READY
make check (ubuntu-latest)	make check (includes isolated install-to-accept demo)	2026-09-16T13:54:47.3902683Z MESH_COCKPIT=READY
make check (ubuntu-latest)	make check (includes isolated install-to-accept demo)	2026-09-16T13:54:57.9790414Z ok  	github.com/luanmorenomaciel/task-spec/mesh/cmd/taskspec-meshd	0.021s
make check (ubuntu-latest)	make check (includes isolated install-to-accept demo)	2026-09-16T13:55:00.0197952Z ok  	github.com/luanmorenomaciel/task-spec/mesh/internal/mesh	2.044s
make check (ubuntu-latest)	make check (includes isolated install-to-accept demo)	2026-09-16T13:55:08.5239523Z MESH_CONTRACTS=READY
make check (ubuntu-latest)	make check (includes isolated install-to-accept demo)	2026-09-16T13:55:10.0857342Z MESH_DAEMON=READY
make check (ubuntu-latest)	make check (includes isolated install-to-accept demo)	2026-09-16T13:55:18.6280402Z MESH_LEASES=READY
make check (ubuntu-latest)	make check (includes isolated install-to-accept demo)	2026-09-16T13:55:26.9370593Z MESH_ROUTING_INTEGRATION=READY
make check (ubuntu-latest)	make check (includes isolated install-to-accept demo)	2026-09-16T13:55:34.2738217Z MESH_ADAPTERS=READY
make check (ubuntu-latest)	make check (includes isolated install-to-accept demo)	2026-09-16T13:55:39.8441327Z MESH_COCKPIT=READY
make check (ubuntu-latest)	make check (includes isolated install-to-accept demo)	2026-09-16T13:55:39.8522652Z MESH_RECOVERY=READY
make check (ubuntu-latest)	make check (includes isolated install-to-accept demo)	2026-09-16T13:55:39.8523400Z MESH_CONFORMANCE=READY
make check (ubuntu-latest)	make check (includes isolated install-to-accept demo)	2026-09-16T13:55:40.7142305Z MESH_CONTRACTS=READY
make check (ubuntu-latest)	make check (includes isolated install-to-accept demo)	2026-09-16T13:55:42.2336587Z MESH_DAEMON=READY
make check (ubuntu-latest)	make check (includes isolated install-to-accept demo)	2026-09-16T13:55:47.8154916Z MESH_COCKPIT=READY
make check (ubuntu-latest)	make check (includes isolated install-to-accept demo)	2026-09-16T13:55:47.8253934Z MESH_DEMO=READY
make check (ubuntu-latest)	make check (includes isolated install-to-accept demo)	2026-09-16T13:56:25.7501522Z INSTALL=OK
make check (ubuntu-latest)	make check (includes isolated install-to-accept demo)	2026-09-16T13:56:25.7508742Z MESH_INSTALL=READY
make check (ubuntu-latest)	make check (includes isolated install-to-accept demo)	2026-09-16T13:57:00.7270486Z MESH_ISOLATION=READY
make check (ubuntu-latest)	make check (includes isolated install-to-accept demo)	2026-09-16T13:57:09.4468260Z MESH_LEASES=READY
make check (ubuntu-latest)	make check (includes isolated install-to-accept demo)	2026-09-16T13:57:17.8413433Z MESH_ROUTING_INTEGRATION=READY
make check (ubuntu-latest)	make check (includes isolated install-to-accept demo)	2026-09-16T13:57:17.8610968Z ═══ Step 1: Install the agent surface into a fresh tempdir ═══
make check (ubuntu-latest)	make check (includes isolated install-to-accept demo)	2026-09-16T13:57:18.1166622Z   ✓ install.sh succeeded
make check (ubuntu-latest)	make check (includes isolated install-to-accept demo)	2026-09-16T13:57:18.1180553Z   ✓ installed: agents/task-architect.md
make check (ubuntu-latest)	make check (includes isolated install-to-accept demo)	2026-09-16T13:57:18.1183730Z   ✓ installed: skills/task-spec/SKILL.md
make check (ubuntu-latest)	make check (includes isolated install-to-accept demo)	2026-09-16T13:57:18.1184563Z 
make check (ubuntu-latest)	make check (includes isolated install-to-accept demo)	2026-09-16T13:57:18.1185175Z ═══ Step 2: --version reports task-spec v3.10.0 ═══
make check (ubuntu-latest)	make check (includes isolated install-to-accept demo)	2026-09-16T13:57:18.1256486Z   ✓ install --version → task-spec v3.10.0
make check (ubuntu-latest)	make check (includes isolated install-to-accept demo)	2026-09-16T13:57:18.1348193Z   ✓ validate-task-spec --version → task-spec v3.10.0
make check (ubuntu-latest)	make check (includes isolated install-to-accept demo)	2026-09-16T13:57:18.1440538Z   ✓ safe-to-delegate --version → task-spec v3.10.0
make check (ubuntu-latest)	make check (includes isolated install-to-accept demo)	2026-09-16T13:57:18.1531303Z   ✓ generate-task-spec --version → task-spec v3.10.0
make check (ubuntu-latest)	make check (includes isolated install-to-accept demo)	2026-09-16T13:57:18.1621833Z   ✓ list-ready --version → task-spec v3.10.0
make check (ubuntu-latest)	make check (includes isolated install-to-accept demo)	2026-09-16T13:57:18.1623025Z 
make check (ubuntu-latest)	make check (includes isolated install-to-accept demo)	2026-09-16T13:57:18.1623633Z ═══ Step 3: GENERATE a spec ═══
make check (ubuntu-latest)	make check (includes isolated install-to-accept demo)	2026-09-16T13:57:18.3404142Z   ✓ generator wrote a spec
make check (ubuntu-latest)	make check (includes isolated install-to-accept demo)	2026-09-16T13:57:18.3424104Z   ✓ generator stamped version 3.10.0
make check (ubuntu-latest)	make check (includes isolated install-to-accept demo)	2026-09-16T13:57:18.3444348Z   ✓ generator printed --stamp breadcrumb
make check (ubuntu-latest)	make check (includes isolated install-to-accept demo)	2026-09-16T13:57:18.3466822Z   ✓ spec file present at tasks/T-20260916-e2e-health-endpoint.md
make check (ubuntu-latest)	make check (includes isolated install-to-accept demo)	2026-09-16T13:57:18.3467683Z 
make check (ubuntu-latest)	make check (includes isolated install-to-accept demo)	2026-09-16T13:57:18.3468421Z ═══ Step 4: Fill stubs (synthesize a minimal valid spec) ═══
make check (ubuntu-latest)	make check (includes isolated install-to-accept demo)	2026-09-16T13:57:18.3505927Z captured spec id: T-20260916-e2e-health-endpoint
make check (ubuntu-latest)	make check (includes isolated install-to-accept demo)	2026-09-16T13:57:18.8123901Z   ✓ validate-task-spec.sh exits 0 on synthesized spec
make check (ubuntu-latest)	make check (includes isolated install-to-accept demo)	2026-09-16T13:57:18.8124907Z 
make check (ubuntu-latest)	make check (includes isolated install-to-accept demo)	2026-09-16T13:57:18.8125595Z ═══ Step 5: GATE (taskspec gate --stamp) ═══
make check (ubuntu-latest)	make check (includes isolated install-to-accept demo)	2026-09-16T13:57:19.4599068Z   ✓ gate reported DELEGATE
make check (ubuntu-latest)	make check (includes isolated install-to-accept demo)	2026-09-16T13:57:19.4618741Z   ✓ gate stamped signed_off:true
make check (ubuntu-latest)	make check (includes isolated install-to-accept demo)	2026-09-16T13:57:19.4707774Z   ✓ spec frontmatter signed_off: true
make check (ubuntu-latest)	make check (includes isolated install-to-accept demo)	2026-09-16T13:57:19.4708889Z   ✓ spec frontmatter signed_off_by: e2e-test
make check (ubuntu-latest)	make check (includes isolated install-to-accept demo)	2026-09-16T13:57:19.4710242Z   ✓ spec frontmatter signed_off_at is ISO-8601
make check (ubuntu-latest)	make check (includes isolated install-to-accept demo)	2026-09-16T13:57:19.9488311Z   ✓ validate accepts the stamped spec (sign-off envelope OK)
make check (ubuntu-latest)	make check (includes isolated install-to-accept demo)	2026-09-16T13:57:19.9489496Z 
make check (ubuntu-latest)	make check (includes isolated install-to-accept demo)	2026-09-16T13:57:19.9490480Z ═══ Step 6: Schema fidelity (Python consumer) ═══
make check (ubuntu-latest)	make check (includes isolated install-to-accept demo)	2026-09-16T13:57:19.9506331Z   ✓ copied golden fixture into tempdir
make check (ubuntu-latest)	make check (includes isolated install-to-accept demo)	2026-09-16T13:57:19.9507490Z   ✓ python consumer present at docs/examples/consume-task-spec.py
make check (ubuntu-latest)	make check (includes isolated install-to-accept demo)	2026-09-16T13:57:19.9508981Z   ✓ python consumer canonical schemas are packaged under spec/schemas
make check (ubuntu-latest)	make check (includes isolated install-to-accept demo)	2026-09-16T13:57:20.0855938Z   ✓ python consumer parsed golden fixture (exit 0)
make check (ubuntu-latest)	make check (includes isolated install-to-accept demo)	2026-09-16T13:57:20.0856718Z 
make check (ubuntu-latest)	make check (includes isolated install-to-accept demo)	2026-09-16T13:57:20.0857408Z ═══ Step 7: Cross-engine equivalence (Python vs TypeScript) ═══
make check (ubuntu-latest)	make check (includes isolated install-to-accept demo)	2026-09-16T13:57:20.1706318Z   ✓ node present (v22.23.2) — attempting cross-engine proof
make check (ubuntu-latest)	make check (includes isolated install-to-accept demo)	2026-09-16T13:57:20.1707625Z   installing TS consumer deps (npm install, 120s budget)…
make check (ubuntu-latest)	make check (includes isolated install-to-accept demo)	2026-09-16T13:57:27.1885598Z   ✓ typescript consumer parsed golden fixture (exit 0)
make check (ubuntu-latest)	make check (includes isolated install-to-accept demo)	2026-09-16T13:57:27.2363719Z   ✓ cross-engine equivalence: id/status/execution_backend/signed_off + ordered eval_ids + canonicalized validation_card ALL EQUAL
make check (ubuntu-latest)	make check (includes isolated install-to-accept demo)	2026-09-16T13:57:27.2369597Z       both engines: {"eval_ids": ["eval_1"], "execution_backend": "any", "id": "T-20260602-golden", "signed_off": false, "status": "ready", "validation_card": {"agent_contract": {"read": ["intent", "contract", "guardrails", "operations"]}, "retry_policy": {"circuit_breaker_no_progress": 3, "max_iterations": 15, "on_terminal_failure": "park_with_context"}, "success_criteria_keys": [{"check_type": "deterministic", "description": "synthetic", "expected_duration_sec": 1, "id": "eval_1", "runnable": "bash", "terminal": true}]}}
make check (ubuntu-latest)	make check (includes isolated install-to-accept demo)	2026-09-16T13:57:27.2373609Z 
make check (ubuntu-latest)	make check (includes isolated install-to-accept demo)	2026-09-16T13:57:27.2373927Z ========================================
make check (ubuntu-latest)	make check (includes isolated install-to-accept demo)	2026-09-16T13:57:27.2374588Z Results: 26 passed, 0 failed
make check (ubuntu-latest)	make check (includes isolated install-to-accept demo)	2026-09-16T13:57:27.2375174Z ========================================
make check (ubuntu-latest)	make check (includes isolated install-to-accept demo)	2026-09-16T13:57:28.0124963Z OFFICIAL_PROTOCOL_SDK=UNAVAILABLE retained evidence verified
make check (ubuntu-latest)	make check (includes isolated install-to-accept demo)	2026-09-16T13:57:28.0126154Z PROTOCOL_CONFORMANCE=READY
make check (ubuntu-latest)	make check (includes isolated install-to-accept demo)	2026-09-16T13:57:28.0427175Z README_COMMANDS=READY commands=24 images=4 mermaid=2
make check (ubuntu-latest)	make check (includes isolated install-to-accept demo)	2026-09-16T13:57:28.0784699Z RELEASE_STATUS=OK
make check (ubuntu-latest)	make check (includes isolated install-to-accept demo)	2026-09-16T13:57:28.1512936Z CLI_REFERENCE=OK
make check (ubuntu-latest)	make check (includes isolated install-to-accept demo)	2026-09-16T13:57:29.0020443Z RELEASE_AUDIT_TESTS=READY
make check (ubuntu-latest)	make check (includes isolated install-to-accept demo)	2026-09-16T13:57:29.1981868Z RELEASE_EVIDENCE_CONTRACTS=READY
make check (ubuntu-latest)	make check (includes isolated install-to-accept demo)	2026-09-16T13:57:44.0587132Z RELEASE_PACKAGING=READY
make check (ubuntu-latest)	make check (includes isolated install-to-accept demo)	2026-09-16T13:57:44.4220128Z tests/test-release-provenance.sh: line 77: rg: command not found
make check (ubuntu-latest)	make check (includes isolated install-to-accept demo)	2026-09-16T13:57:44.4601258Z PRIVATE_PROVENANCE=READY
make check (ubuntu-latest)	make check (includes isolated install-to-accept demo)	2026-09-16T13:57:44.4652529Z test-repo-layout.sh
make check (ubuntu-latest)	make check (includes isolated install-to-accept demo)	2026-09-16T13:57:44.4687876Z ════════════════════════════════════════
make check (ubuntu-latest)	make check (includes isolated install-to-accept demo)	2026-09-16T13:57:44.4789332Z   ok   top-level directories match the manifest (16 declared)
make check (ubuntu-latest)	make check (includes isolated install-to-accept demo)	2026-09-16T13:57:44.4919229Z   ok   root files match the manifest (16 declared)
make check (ubuntu-latest)	make check (includes isolated install-to-accept demo)	2026-09-16T13:57:44.5168518Z   ok   every top-level directory appears in the AGENTS.md layout table
make check (ubuntu-latest)	make check (includes isolated install-to-accept demo)	2026-09-16T13:57:44.5853648Z   ok   no undeclared single-file top-level directory
make check (ubuntu-latest)	make check (includes isolated install-to-accept demo)	2026-09-16T13:57:44.5854751Z   ok   no retired top-level or nested path reappeared
make check (ubuntu-latest)	make check (includes isolated install-to-accept demo)	2026-09-16T13:57:44.6151627Z   ok   no live file references a pre-consolidation path
make check (ubuntu-latest)	make check (includes isolated install-to-accept demo)	2026-09-16T13:57:44.6621656Z   ok   every byte-for-byte SKILL.md copy matches root SKILL.md
make check (ubuntu-latest)	make check (includes isolated install-to-accept demo)	2026-09-16T13:57:44.6700011Z   ok   fixtures live under exactly one root (tests/fixtures/)
make check (ubuntu-latest)	make check (includes isolated install-to-accept demo)	2026-09-16T13:57:44.6989907Z   ok   every digest-pinned evidence path still resolves
make check (ubuntu-latest)	make check (includes isolated install-to-accept demo)	2026-09-16T13:57:44.7037745Z   ok   docs/runbooks/ stays closed (12 of 12; new how-tos go in docs/guides/)
make check (ubuntu-latest)	make check (includes isolated install-to-accept demo)	2026-09-16T13:57:44.7038933Z   ok   every grouped directory has a README or index
make check (ubuntu-latest)	make check (includes isolated install-to-accept demo)	2026-09-16T13:57:44.7040190Z ════════════════════════════════════════
make check (ubuntu-latest)	make check (includes isolated install-to-accept demo)	2026-09-16T13:57:44.7040929Z REPO_LAYOUT=OK (11 checks)
make check (ubuntu-latest)	make check (includes isolated install-to-accept demo)	2026-09-16T13:57:44.7072490Z test-repo-organization-e2e.sh
make check (ubuntu-latest)	make check (includes isolated install-to-accept demo)	2026-09-16T13:57:44.7073318Z ════════════════════════════════════════
make check (ubuntu-latest)	make check (includes isolated install-to-accept demo)	2026-09-16T13:57:44.7134735Z   ok   live backlog has 2 open T-*.md file(s)
make check (ubuntu-latest)	make check (includes isolated install-to-accept demo)	2026-09-16T13:57:44.7316398Z   ok   every parked spec is a non-executable composition node (2)
make check (ubuntu-latest)	make check (includes isolated install-to-accept demo)	2026-09-16T13:57:44.9188467Z   ok   every accepted done leaf has an AcceptanceRecord (35)
make check (ubuntu-latest)	make check (includes isolated install-to-accept demo)	2026-09-16T13:57:44.9189957Z   ok   tasks/.plans/ still has the 3.8.1 and 3.9.0 TaskPlan manifests
make check (ubuntu-latest)	make check (includes isolated install-to-accept demo)	2026-09-16T13:57:44.9242699Z   ok   spec README, docs/index, and root README agree on orientation
make check (ubuntu-latest)	make check (includes isolated install-to-accept demo)	2026-09-16T13:57:44.9388735Z   ok   taskspec doctor → DOCTOR=READY
make check (ubuntu-latest)	make check (includes isolated install-to-accept demo)	2026-09-16T13:57:48.1197873Z   ok   taskspec demo walks plan → seal → handoff → accept
make check (ubuntu-latest)	make check (includes isolated install-to-accept demo)	2026-09-16T13:57:48.3320310Z   ok   graph --check is clean and ready rows agree with the live backlog
make check (ubuntu-latest)	make check (includes isolated install-to-accept demo)	2026-09-16T13:57:51.2554550Z   ok   every parked composition node still validates
make check (ubuntu-latest)	make check (includes isolated install-to-accept demo)	2026-09-16T13:57:51.2555960Z ════════════════════════════════════════
make check (ubuntu-latest)	make check (includes isolated install-to-accept demo)	2026-09-16T13:57:51.2557556Z REPO_ORGANIZATION=OK (9 checks)
make check (ubuntu-latest)	make check (includes isolated install-to-accept demo)	2026-09-16T13:57:51.4033555Z SCHEMAS=READY count=58 fixtures=18
make check (ubuntu-latest)	make check (includes isolated install-to-accept demo)	2026-09-16T13:57:51.4235196Z === 1. generate-task-spec.sh ===
make check (ubuntu-latest)	make check (includes isolated install-to-accept demo)	2026-09-16T13:57:51.6071396Z   ✓ generator created tasks/T-20260916-test-self-test-suite.md
make check (ubuntu-latest)	make check (includes isolated install-to-accept demo)	2026-09-16T13:57:51.6109719Z   ✓ id in frontmatter matches filename
make check (ubuntu-latest)	make check (includes isolated install-to-accept demo)	2026-09-16T13:57:51.6110762Z === 2. Fill generated file with valid v2 content ===
make check (ubuntu-latest)	make check (includes isolated install-to-accept demo)	2026-09-16T13:57:51.6128437Z   ✓ wrote valid v2 task spec
make check (ubuntu-latest)	make check (includes isolated install-to-accept demo)	2026-09-16T13:57:51.6129518Z === 3. validate-task-spec.sh (expect PASS) ===
make check (ubuntu-latest)	make check (includes isolated install-to-accept demo)	2026-09-16T13:57:52.0594312Z   ✓ validator passes on valid task
make check (ubuntu-latest)	make check (includes isolated install-to-accept demo)	2026-09-16T13:57:52.0599475Z === 4. validate-task-spec.sh with controlled error (expect FAIL) ===
make check (ubuntu-latest)	make check (includes isolated install-to-accept demo)	2026-09-16T13:57:52.3913474Z   ✓ validator catches placeholder regression
make check (ubuntu-latest)	make check (includes isolated install-to-accept demo)	2026-09-16T13:57:53.1320529Z   ✓ pre-gate authorizes the unbuilt task
make check (ubuntu-latest)	make check (includes isolated install-to-accept demo)	2026-09-16T13:57:53.1322879Z === 5. transition-status.sh: ready → in-progress ===
make check (ubuntu-latest)	make check (includes isolated install-to-accept demo)	2026-09-16T13:57:53.3879315Z   ✓ transition to in-progress succeeds
make check (ubuntu-latest)	make check (includes isolated install-to-accept demo)	2026-09-16T13:57:53.3894694Z   ✓ status updated to in-progress
make check (ubuntu-latest)	make check (includes isolated install-to-accept demo)	2026-09-16T13:57:53.3899924Z   ✓ file remains in tasks/ for active status
make check (ubuntu-latest)	make check (includes isolated install-to-accept demo)	2026-09-16T13:57:53.4591586Z   ✓ transition to done is blocked before acceptance
make check (ubuntu-latest)	make check (includes isolated install-to-accept demo)	2026-09-16T13:57:53.7700137Z   ✓ post-gate accepts and stamps the completed task
make check (ubuntu-latest)	make check (includes isolated install-to-accept demo)	2026-09-16T13:57:53.7716312Z === 6. transition-status.sh: in-progress → done ===
make check (ubuntu-latest)	make check (includes isolated install-to-accept demo)	2026-09-16T13:57:54.0470192Z   ✓ transition to done succeeds
make check (ubuntu-latest)	make check (includes isolated install-to-accept demo)	2026-09-16T13:57:54.0486529Z   ✓ file moved to tasks/done/
make check (ubuntu-latest)	make check (includes isolated install-to-accept demo)	2026-09-16T13:57:54.0493143Z   ✓ file no longer in tasks/
make check (ubuntu-latest)	make check (includes isolated install-to-accept demo)	2026-09-16T13:57:54.0493942Z === 7. rebuild-state.sh ===
make check (ubuntu-latest)	make check (includes isolated install-to-accept demo)	2026-09-16T13:57:54.1599035Z   ✓ rebuild-state succeeds
make check (ubuntu-latest)	make check (includes isolated install-to-accept demo)	2026-09-16T13:57:54.1600350Z   ✓ _state.yaml created
make check (ubuntu-latest)	make check (includes isolated install-to-accept demo)	2026-09-16T13:57:54.1613652Z   ✓ _state.yaml contains test task
make check (ubuntu-latest)	make check (includes isolated install-to-accept demo)	2026-09-16T13:57:54.1635480Z   ✓ _state.yaml reflects done status
make check (ubuntu-latest)	make check (includes isolated install-to-accept demo)	2026-09-16T13:57:54.2774808Z   ✓ rebuild-state is byte-deterministic
make check (ubuntu-latest)	make check (includes isolated install-to-accept demo)	2026-09-16T13:57:54.2776044Z === 8. list-ready.sh ===
make check (ubuntu-latest)	make check (includes isolated install-to-accept demo)	2026-09-16T13:57:54.3275047Z   ✓ list-ready excludes done task
make check (ubuntu-latest)	make check (includes isolated install-to-accept demo)	2026-09-16T13:57:54.3283145Z === 9. archive.sh ===
make check (ubuntu-latest)	make check (includes isolated install-to-accept demo)	2026-09-16T13:57:54.4624390Z   ✓ archive is no-op for already-archived task
make check (ubuntu-latest)	make check (includes isolated install-to-accept demo)	2026-09-16T13:57:54.4625669Z === 10. backup-backlog.sh ===
make check (ubuntu-latest)	make check (includes isolated install-to-accept demo)	2026-09-16T13:57:54.4927260Z   ✓ backup-backlog succeeds
make check (ubuntu-latest)	make check (includes isolated install-to-accept demo)	2026-09-16T13:57:54.4954609Z   ✓ backup archive created
make check (ubuntu-latest)	make check (includes isolated install-to-accept demo)	2026-09-16T13:57:54.4959858Z === 11. safe-to-delegate.sh (pre-delegation gate) ===
make check (ubuntu-latest)	make check (includes isolated install-to-accept demo)	2026-09-16T13:57:55.2375530Z   ✓ safe-to-delegate clears a valid spec
make check (ubuntu-latest)	make check (includes isolated install-to-accept demo)	2026-09-16T13:57:55.8960921Z   ✓ safe-to-delegate blocks a broken-eval spec
make check (ubuntu-latest)	make check (includes isolated install-to-accept demo)	2026-09-16T13:57:55.8971368Z 
make check (ubuntu-latest)	make check (includes isolated install-to-accept demo)	2026-09-16T13:57:55.8972305Z ========================================
make check (ubuntu-latest)	make check (includes isolated install-to-accept demo)	2026-09-16T13:57:55.8973639Z Results: 25 passed, 0 failed
make check (ubuntu-latest)	make check (includes isolated install-to-accept demo)	2026-09-16T13:57:55.8974441Z ========================================
make check (ubuntu-latest)	make check (includes isolated install-to-accept demo)	2026-09-16T13:58:13.3956457Z TOOLKIT_ATTESTED=PASS two rounds, distinct revoked credentials, signed evidence, canonical acceptance
make check (ubuntu-latest)	make check (includes isolated install-to-accept demo)	2026-09-16T13:58:21.2950218Z MESH_ISOLATION=READY
make check (ubuntu-latest)	make check (includes isolated install-to-accept demo)	2026-09-16T13:58:21.5671787Z TOOLKIT_AUTHORING=PASS
make check (ubuntu-latest)	make check (includes isolated install-to-accept demo)	2026-09-16T13:58:21.6200124Z TOOLKIT_CONFORMANCE=PASS optional recipe, self-contained schemas, and complete lineage shape
make check (ubuntu-latest)	make check (includes isolated install-to-accept demo)	2026-09-16T13:58:21.6527733Z TOOLKIT_CI=CONFIGURED hosted execution not inferred
make check (ubuntu-latest)	make check (includes isolated install-to-accept demo)	2026-09-16T13:58:28.4063231Z TOOLKIT_CLI=PASS
make check (ubuntu-latest)	make check (includes isolated install-to-accept demo)	2026-09-16T13:58:44.1583245Z TOOLKIT_DECOMPOSE=PASS
make check (ubuntu-latest)	make check (includes isolated install-to-accept demo)	2026-09-16T13:58:44.2296786Z TOOLKIT_EXPERIENCE=PASS static resources and trace-oracle negatives; live chat quality not inferred
make check (ubuntu-latest)	make check (includes isolated install-to-accept demo)	2026-09-16T13:58:45.0053273Z TOOLKIT_GUIDES=PASS
make check (ubuntu-latest)	make check (includes isolated install-to-accept demo)	2026-09-16T13:59:06.2764177Z TOOLKIT_DECOMPOSE=PASS
make check (ubuntu-latest)	make check (includes isolated install-to-accept demo)	2026-09-16T13:59:11.6275253Z TOOLKIT_INSTALL=PASS clean private runtime, path spaces, version identity, and corrupted-resource refusal
make check (ubuntu-latest)	make check (includes isolated install-to-accept demo)	2026-09-16T13:59:12.6094777Z ok  	github.com/luanmorenomaciel/task-spec/mesh/internal/mesh	(cached)
make check (ubuntu-latest)	make check (includes isolated install-to-accept demo)	2026-09-16T13:59:22.6939212Z TOOLKIT_MESH=PASS
make check (ubuntu-latest)	make check (includes isolated install-to-accept demo)	2026-09-16T13:59:22.8253841Z TOOLKIT_PERMISSION_GUARD=PASS recorded denial stops continuation; ordinary eval and validation failures remain distinct
make check (ubuntu-latest)	make check (includes isolated install-to-accept demo)	2026-09-16T13:59:22.9851516Z {"state": "paused", "before_block": 1, "reason": "Review the observed permission denial.", "next": "Inspect retained runs and remove the explicit PAUSE file only when authorized to continue."}
make check (ubuntu-latest)	make check (includes isolated install-to-accept demo)	2026-09-16T13:59:22.9872892Z {"id": "1-claude", "exit_code": 0, "run_id": "denied-cell", "accepted": false, "error": "permission denied", "elapsed_seconds": 1, "cost_usd": 0, "permission_denied": true}
make check (ubuntu-latest)	make check (includes isolated install-to-accept demo)	2026-09-16T13:59:22.9874465Z {"id": "1-codex", "exit_code": 0, "run_id": "denied-cell", "accepted": false, "error": "permission denied", "elapsed_seconds": 1, "cost_usd": 0, "permission_denied": true}
make check (ubuntu-latest)	make check (includes isolated install-to-accept demo)	2026-09-16T13:59:23.0579831Z TOOLKIT_PILOT_RECORDING=PASS prospective intervals, censored failures, retained outputs, tamper detection, cohort pause
make check (ubuntu-latest)	make check (includes isolated install-to-accept demo)	2026-09-16T13:59:24.2197777Z TOOLKIT_PUBLIC_EVALUATOR=PASS exact local resources; script and fixture substitution refused
make check (ubuntu-latest)	make check (includes isolated install-to-accept demo)	2026-09-16T13:59:24.3198766Z TOOLKIT_RUNTIME=PASS
make check (ubuntu-latest)	make check (includes isolated install-to-accept demo)	2026-09-16T13:59:24.8342367Z TOOLKIT_SDLC=PASS
make check (ubuntu-latest)	make check (includes isolated install-to-accept demo)	2026-09-16T13:59:24.8634742Z === Phase 1: AUTHOR a solvable v3 standard spec ===
make check (ubuntu-latest)	make check (includes isolated install-to-accept demo)	2026-09-16T13:59:24.8648056Z   ✓ spec file authored
make check (ubuntu-latest)	make check (includes isolated install-to-accept demo)	2026-09-16T13:59:24.8649215Z === Phase 2: VALIDATE (structural + profile + traceability) ===
make check (ubuntu-latest)	make check (includes isolated install-to-accept demo)	2026-09-16T13:59:25.3498972Z   ✓ validate passes (rc=0)
make check (ubuntu-latest)	make check (includes isolated install-to-accept demo)	2026-09-16T13:59:25.3518663Z   ✓ validate reports v3 + standard profile
make check (ubuntu-latest)	make check (includes isolated install-to-accept demo)	2026-09-16T13:59:25.3540506Z   ✓ validate maps status→A2A submitted
make check (ubuntu-latest)	make check (includes isolated install-to-accept demo)	2026-09-16T13:59:25.3541261Z === Phase 3: PRE-GATE (safe-to-delegate --stamp) ===
make check (ubuntu-latest)	make check (includes isolated install-to-accept demo)	2026-09-16T13:59:26.0971404Z   ✓ pre-gate verdict DELEGATE (rc=0)
make check (ubuntu-latest)	make check (includes isolated install-to-accept demo)	2026-09-16T13:59:26.0988462Z   ✓ pre-gate stamped signed_off: true
make check (ubuntu-latest)	make check (includes isolated install-to-accept demo)	2026-09-16T13:59:26.1009359Z   ✓ pre-gate sealed HMAC (Tier 1)
make check (ubuntu-latest)	make check (includes isolated install-to-accept demo)	2026-09-16T13:59:26.6320122Z === Phase 4: DISPATCH (reference executor drives the work) ===
make check (ubuntu-latest)	make check (includes isolated install-to-accept demo)	2026-09-16T13:59:26.9517614Z   ✓ executor created src/feature.txt == 'done'
make check (ubuntu-latest)	make check (includes isolated install-to-accept demo)	2026-09-16T13:59:26.9531654Z   ✓ executor leaves passing work in-progress pending acceptance
make check (ubuntu-latest)	make check (includes isolated install-to-accept demo)	2026-09-16T13:59:26.9543831Z === Phase 5: ACCEPT (post-execution gate) ===
make check (ubuntu-latest)	make check (includes isolated install-to-accept demo)	2026-09-16T13:59:27.3228593Z     accept-task: /tmp/tmp.loVt9FtZ9q/tasks/T-20260618-e2e-closed-loop.md
make check (ubuntu-latest)	make check (includes isolated install-to-accept demo)	2026-09-16T13:59:27.3233206Z     ────────────────────────────────────────────────────────
make check (ubuntu-latest)	make check (includes isolated install-to-accept demo)	2026-09-16T13:59:27.3233930Z     A. Independent evaluation ...
make check (ubuntu-latest)	make check (includes isolated install-to-accept demo)	2026-09-16T13:59:27.3234735Z        PASS — Exit Check returned 0
make check (ubuntu-latest)	make check (includes isolated install-to-accept demo)	2026-09-16T13:59:27.3235799Z     B. Handoff, graph, base commit, and blast radius ...
make check (ubuntu-latest)	make check (includes isolated install-to-accept demo)	2026-09-16T13:59:27.3236874Z        PASS — revision, closure, Git base, and write scope agree
make check (ubuntu-latest)	make check (includes isolated install-to-accept demo)	2026-09-16T13:59:27.3237550Z     C. Authorization integrity ...
make check (ubuntu-latest)	make check (includes isolated install-to-accept demo)	2026-09-16T13:59:27.3238288Z        PASS — TaskAuthorization/v3 verifies
make check (ubuntu-latest)	make check (includes isolated install-to-accept demo)	2026-09-16T13:59:27.3238899Z     E. Sealed evidence policy ...
make check (ubuntu-latest)	make check (includes isolated install-to-accept demo)	2026-09-16T13:59:27.3239744Z        PASS — required evidence matches this attempt
make check (ubuntu-latest)	make check (includes isolated install-to-accept demo)	2026-09-16T13:59:27.3240671Z     ────────────────────────────────────────────────────────
make check (ubuntu-latest)	make check (includes isolated install-to-accept demo)	2026-09-16T13:59:27.3245832Z        stamped — {"acceptance_record": "/tmp/tmp.loVt9FtZ9q/.taskspec/acceptance/T-20260618-e2e-closed-loop/b4951c27-24dc-42aa-860c-213e69069df6.json", "acceptance_record_digest": "sha256:5ce614b2640a71af9033027d629b237716dcc6e940acda26ba88257e49c94670", "accepted": true, "attempt_id": "b4951c27-24dc-42aa-860c-213e69069df6", "contract": "AcceptanceFinalized/v1", "task_id": "T-20260618-e2e-closed-loop", "tier": 1}
make check (ubuntu-latest)	make check (includes isolated install-to-accept demo)	2026-09-16T13:59:27.3249719Z     VERDICT: ACCEPT — Tier 1 evidence is bound to the authorized task attempt
make check (ubuntu-latest)	make check (includes isolated install-to-accept demo)	2026-09-16T13:59:27.3250555Z     ACCEPTED=1
make check (ubuntu-latest)	make check (includes isolated install-to-accept demo)	2026-09-16T13:59:27.3251449Z   ✓ accept verdict ACCEPT (rc=0)
make check (ubuntu-latest)	make check (includes isolated install-to-accept demo)	2026-09-16T13:59:27.3258320Z   ✓ accept stamped accepted: true
make check (ubuntu-latest)	make check (includes isolated install-to-accept demo)	2026-09-16T13:59:27.3271235Z   ✓ accept emitted ACCEPTED=1
make check (ubuntu-latest)	make check (includes isolated install-to-accept demo)	2026-09-16T13:59:27.3289405Z   ✓ accept GATE A (evals pass) reported
make check (ubuntu-latest)	make check (includes isolated install-to-accept demo)	2026-09-16T13:59:27.3291020Z === Phase 6: NEGATIVE — blast-radius breach is REJECTED ===
make check (ubuntu-latest)	make check (includes isolated install-to-accept demo)	2026-09-16T13:59:27.6612172Z   ✓ breach REJECTED (rc=1)
make check (ubuntu-latest)	make check (includes isolated install-to-accept demo)	2026-09-16T13:59:27.6633204Z   ✓ breach names the out-of-scope file
make check (ubuntu-latest)	make check (includes isolated install-to-accept demo)	2026-09-16T13:59:28.0028366Z   ✓ accepted work transitions status → done
make check (ubuntu-latest)	make check (includes isolated install-to-accept demo)	2026-09-16T13:59:28.0029686Z === Phase 7: LOOP CLOSED — final spec validates with full envelope ===
make check (ubuntu-latest)	make check (includes isolated install-to-accept demo)	2026-09-16T13:59:28.6108417Z   ✓ final validate passes
make check (ubuntu-latest)	make check (includes isolated install-to-accept demo)	2026-09-16T13:59:28.6128442Z   ✓ final validate confirms Tier-1 HMAC
make check (ubuntu-latest)	make check (includes isolated install-to-accept demo)	2026-09-16T13:59:28.6129207Z 
make check (ubuntu-latest)	make check (includes isolated install-to-accept demo)	2026-09-16T13:59:28.6130057Z ========================================
make check (ubuntu-latest)	make check (includes isolated install-to-accept demo)	2026-09-16T13:59:28.6131104Z Results: 18 passed, 0 failed
make check (ubuntu-latest)	make check (includes isolated install-to-accept demo)	2026-09-16T13:59:28.6131775Z ========================================
make check (ubuntu-latest)	make check (includes isolated install-to-accept demo)	2026-09-16T13:59:28.6232744Z == install ==
make check (ubuntu-latest)	make check (includes isolated install-to-accept demo)	2026-09-16T13:59:28.9423561Z   ✓ copy install
make check (ubuntu-latest)	make check (includes isolated install-to-accept demo)	2026-09-16T13:59:29.3263003Z   ✓ idempotent install
make check (ubuntu-latest)	make check (includes isolated install-to-accept demo)	2026-09-16T13:59:29.4414459Z   ✓ equivalent harness skills
make check (ubuntu-latest)	make check (includes isolated install-to-accept demo)	2026-09-16T13:59:29.7726983Z   ✓ global user install
make check (ubuntu-latest)	make check (includes isolated install-to-accept demo)	2026-09-16T13:59:29.9517965Z   ✓ checkout symlink install
make check (ubuntu-latest)	make check (includes isolated install-to-accept demo)	2026-09-16T13:59:30.2585307Z   ✓ skills-only install
make check (ubuntu-latest)	make check (includes isolated install-to-accept demo)	2026-09-16T13:59:30.3687239Z   ✓ unmanaged destination is preserved
make check (ubuntu-latest)	make check (includes isolated install-to-accept demo)	2026-09-16T13:59:30.6891727Z   ✓ forced replacement leaves a backup
make check (ubuntu-latest)	make check (includes isolated install-to-accept demo)	2026-09-16T13:59:31.0909151Z   ✓ managed launcher upgrades safely
make check (ubuntu-latest)	make check (includes isolated install-to-accept demo)	2026-09-16T13:59:31.0998829Z   ✓ installed version
make check (ubuntu-latest)	make check (includes isolated install-to-accept demo)	2026-09-16T13:59:34.2364595Z   ✓ installed isolated demo
make check (ubuntu-latest)	make check (includes isolated install-to-accept demo)	2026-09-16T13:59:34.2920948Z   ✓ agent context JSON
make check (ubuntu-latest)	make check (includes isolated install-to-accept demo)	2026-09-16T13:59:34.3417671Z   ✓ agent context covers the complete public command and schema surfaces
make check (ubuntu-latest)	make check (includes isolated install-to-accept demo)	2026-09-16T13:59:34.3519746Z   ✓ agent guidance surfaces share the 3.9 lifecycle
make check (ubuntu-latest)	make check (includes isolated install-to-accept demo)	2026-09-16T13:59:34.4410739Z   ✓ global JSON envelope
make check (ubuntu-latest)	make check (includes isolated install-to-accept demo)	2026-09-16T13:59:34.4777561Z   ✓ per-command help init
make check (ubuntu-latest)	make check (includes isolated install-to-accept demo)	2026-09-16T13:59:34.5160007Z   ✓ per-command help setup
make check (ubuntu-latest)	make check (includes isolated install-to-accept demo)	2026-09-16T13:59:34.5534349Z   ✓ per-command help demo
make check (ubuntu-latest)	make check (includes isolated install-to-accept demo)	2026-09-16T13:59:34.5887264Z   ✓ per-command help new
make check (ubuntu-latest)	make check (includes isolated install-to-accept demo)	2026-09-16T13:59:34.6253431Z   ✓ per-command help plan
make check (ubuntu-latest)	make check (includes isolated install-to-accept demo)	2026-09-16T13:59:34.6610881Z   ✓ per-command help batch
make check (ubuntu-latest)	make check (includes isolated install-to-accept demo)	2026-09-16T13:59:34.6964615Z   ✓ per-command help migrate
make check (ubuntu-latest)	make check (includes isolated install-to-accept demo)	2026-09-16T13:59:34.7313477Z   ✓ per-command help validate
make check (ubuntu-latest)	make check (includes isolated install-to-accept demo)	2026-09-16T13:59:34.7684177Z   ✓ per-command help dod
make check (ubuntu-latest)	make check (includes isolated install-to-accept demo)	2026-09-16T13:59:34.8040534Z   ✓ per-command help gate
make check (ubuntu-latest)	make check (includes isolated install-to-accept demo)	2026-09-16T13:59:34.8403035Z   ✓ per-command help handoff
make check (ubuntu-latest)	make check (includes isolated install-to-accept demo)	2026-09-16T13:59:34.8756323Z   ✓ per-command help run
make check (ubuntu-latest)	make check (includes isolated install-to-accept demo)	2026-09-16T13:59:34.9100835Z   ✓ per-command help accept
make check (ubuntu-latest)	make check (includes isolated install-to-accept demo)	2026-09-16T13:59:34.9452569Z   ✓ per-command help author-doctor
make check (ubuntu-latest)	make check (includes isolated install-to-accept demo)	2026-09-16T13:59:34.9803917Z   ✓ per-command help holdout
make check (ubuntu-latest)	make check (includes isolated install-to-accept demo)	2026-09-16T13:59:35.0153269Z   ✓ per-command help receipt
make check (ubuntu-latest)	make check (includes isolated install-to-accept demo)	2026-09-16T13:59:35.0514019Z   ✓ per-command help dsse
make check (ubuntu-latest)	make check (includes isolated install-to-accept demo)	2026-09-16T13:59:35.0887225Z   ✓ per-command help eval-audit
make check (ubuntu-latest)	make check (includes isolated install-to-accept demo)	2026-09-16T13:59:35.1265163Z   ✓ per-command help identity
make check (ubuntu-latest)	make check (includes isolated install-to-accept demo)	2026-09-16T13:59:35.1640336Z   ✓ per-command help evidence
make check (ubuntu-latest)	make check (includes isolated install-to-accept demo)	2026-09-16T13:59:35.2004029Z   ✓ per-command help bridge
make check (ubuntu-latest)	make check (includes isolated install-to-accept demo)	2026-09-16T13:59:35.2357147Z   ✓ per-command help mcp
make check (ubuntu-latest)	make check (includes isolated install-to-accept demo)	2026-09-16T13:59:35.2718600Z   ✓ per-command help mesh
make check (ubuntu-latest)	make check (includes isolated install-to-accept demo)	2026-09-16T13:59:35.3072960Z   ✓ per-command help ready
make check (ubuntu-latest)	make check (includes isolated install-to-accept demo)	2026-09-16T13:59:35.3427840Z   ✓ per-command help graph
make check (ubuntu-latest)	make check (includes isolated install-to-accept demo)	2026-09-16T13:59:35.3787134Z   ✓ per-command help status
make check (ubuntu-latest)	make check (includes isolated install-to-accept demo)	2026-09-16T13:59:35.4146844Z   ✓ per-command help lint
make check (ubuntu-latest)	make check (includes isolated install-to-accept demo)	2026-09-16T13:59:35.4504520Z   ✓ per-command help transition
make check (ubuntu-latest)	make check (includes isolated install-to-accept demo)	2026-09-16T13:59:35.4861409Z   ✓ per-command help rebuild-state
make check (ubuntu-latest)	make check (includes isolated install-to-accept demo)	2026-09-16T13:59:35.5230810Z   ✓ per-command help archive
make check (ubuntu-latest)	make check (includes isolated install-to-accept demo)	2026-09-16T13:59:35.5603006Z   ✓ per-command help backup
make check (ubuntu-latest)	make check (includes isolated install-to-accept demo)	2026-09-16T13:59:35.5969298Z   ✓ per-command help metrics
make check (ubuntu-latest)	make check (includes isolated install-to-accept demo)	2026-09-16T13:59:35.6341657Z   ✓ per-command help conformance
make check (ubuntu-latest)	make check (includes isolated install-to-accept demo)	2026-09-16T13:59:35.6698101Z   ✓ per-command help executor
make check (ubuntu-latest)	make check (includes isolated install-to-accept demo)	2026-09-16T13:59:35.7076564Z   ✓ per-command help agent-context
make check (ubuntu-latest)	make check (includes isolated install-to-accept demo)	2026-09-16T13:59:35.7438728Z   ✓ per-command help completion
make check (ubuntu-latest)	make check (includes isolated install-to-accept demo)	2026-09-16T13:59:35.7805977Z   ✓ per-command help doctor
make check (ubuntu-latest)	make check (includes isolated install-to-accept demo)	2026-09-16T13:59:35.8166227Z   ✓ per-command help version
make check (ubuntu-latest)	make check (includes isolated install-to-accept demo)	2026-09-16T13:59:35.8529798Z   ✓ per-command help help
make check (ubuntu-latest)	make check (includes isolated install-to-accept demo)	2026-09-16T13:59:35.9137881Z   ✓ usage exit 2: status
make check (ubuntu-latest)	make check (includes isolated install-to-accept demo)	2026-09-16T13:59:35.9293420Z   ✓ usage exit 2: transition
make check (ubuntu-latest)	make check (includes isolated install-to-accept demo)	2026-09-16T13:59:35.9443346Z   ✓ usage exit 2: migrate
make check (ubuntu-latest)	make check (includes isolated install-to-accept demo)	2026-09-16T13:59:35.9593590Z   ✓ usage exit 2: executor
make check (ubuntu-latest)	make check (includes isolated install-to-accept demo)	2026-09-16T13:59:35.9748220Z   ✓ usage exit 2: run
make check (ubuntu-latest)	make check (includes isolated install-to-accept demo)	2026-09-16T13:59:36.0138681Z   ✓ completion bash
make check (ubuntu-latest)	make check (includes isolated install-to-accept demo)	2026-09-16T13:59:36.0538497Z   ✓ completion zsh
make check (ubuntu-latest)	make check (includes isolated install-to-accept demo)	2026-09-16T13:59:36.0968065Z   ✓ completion fish
make check (ubuntu-latest)	make check (includes isolated install-to-accept demo)	2026-09-16T13:59:36.0968885Z == clean-room journey ==
make check (ubuntu-latest)	make check (includes isolated install-to-accept demo)	2026-09-16T13:59:41.3717974Z   ✓ install-to-accept clean room with structured materialization receipt
make check (ubuntu-latest)	make check (includes isolated install-to-accept demo)	2026-09-16T13:59:41.7549829Z   ✓ README v3 and opt-in v4 scaffold commands
make check (ubuntu-latest)	make check (includes isolated install-to-accept demo)	2026-09-16T13:59:41.8221128Z   ✓ malformed and dangling TaskPlan fails closed
make check (ubuntu-latest)	make check (includes isolated install-to-accept demo)	2026-09-16T13:59:41.8222733Z == dry-run and color ==
make check (ubuntu-latest)	make check (includes isolated install-to-accept demo)	2026-09-16T13:59:41.8384441Z   ✓ dry-run prevents init
make check (ubuntu-latest)	make check (includes isolated install-to-accept demo)	2026-09-16T13:59:41.8747812Z   ✓ NO_COLOR precedence
make check (ubuntu-latest)	make check (includes isolated install-to-accept demo)	2026-09-16T13:59:41.8748863Z == research evidence ==
make check (ubuntu-latest)	make check (includes isolated install-to-accept demo)	2026-09-16T13:59:41.9405402Z   ✓ firecrawl evidence
make check (ubuntu-latest)	make check (includes isolated install-to-accept demo)	2026-09-16T13:59:42.0063503Z   ✓ tavily evidence
make check (ubuntu-latest)	make check (includes isolated install-to-accept demo)	2026-09-16T13:59:42.0722453Z   ✓ exa evidence
make check (ubuntu-latest)	make check (includes isolated install-to-accept demo)	2026-09-16T13:59:42.1383563Z   ✓ named provider failure
make check (ubuntu-latest)	make check (includes isolated install-to-accept demo)	2026-09-16T13:59:42.1932820Z   ✓ evidence rejects credential-bearing keys
make check (ubuntu-latest)	make check (includes isolated install-to-accept demo)	2026-09-16T13:59:42.2574892Z   ✓ composition example preview
make check (ubuntu-latest)	make check (includes isolated install-to-accept demo)	2026-09-16T13:59:42.2872508Z   ✓ checked-in evidence example
make check (ubuntu-latest)	make check (includes isolated install-to-accept demo)	2026-09-16T13:59:42.3217409Z   ✓ checked-in handoff example
make check (ubuntu-latest)	make check (includes isolated install-to-accept demo)	2026-09-16T13:59:42.3569926Z   ✓ README release status is generated from evidence
make check (ubuntu-latest)	make check (includes isolated install-to-accept demo)	2026-09-16T13:59:42.3571346Z == checksum-backed release archive ==
make check (ubuntu-latest)	make check (includes isolated install-to-accept demo)	2026-09-16T13:59:43.5992967Z   ✓ checksum-backed remote install
make check (ubuntu-latest)	make check (includes isolated install-to-accept demo)	2026-09-16T13:59:43.6636497Z   ✓ tampered release archive fails closed
make check (ubuntu-latest)	make check (includes isolated install-to-accept demo)	2026-09-16T13:59:43.6656811Z == package ==
make check (ubuntu-latest)	make check (includes isolated install-to-accept demo)	2026-09-16T13:59:44.7674827Z   ✓ npm pack dry run
make check (ubuntu-latest)	make check (includes isolated install-to-accept demo)	2026-09-16T13:59:45.4629532Z   ✓ local npm package install
make check (ubuntu-latest)	make check (includes isolated install-to-accept demo)	2026-09-16T13:59:45.4644219Z 
make check (ubuntu-latest)	make check (includes isolated install-to-accept demo)	2026-09-16T13:59:45.4652841Z Results: 80 passed, 0 failed
make check (ubuntu-latest)	make check (includes isolated install-to-accept demo)	2026-09-16T13:59:45.4653394Z INSTALL=OK
make check (ubuntu-latest)	make check (includes isolated install-to-accept demo)	2026-09-16T13:59:45.6737102Z ok 1 - v4 authoring is explicit and non-default
make check (ubuntu-latest)	make check (includes isolated install-to-accept demo)	2026-09-16T13:59:46.2888745Z ok 2 - v3 compatibility fixture remains valid
make check (ubuntu-latest)	make check (includes isolated install-to-accept demo)	2026-09-16T13:59:46.7290915Z ok 3 - v4 policy validates
make check (ubuntu-latest)	make check (includes isolated install-to-accept demo)	2026-09-16T13:59:47.1507145Z ok 4 - sealed authoring evidence digest rejects artifact drift
make check (ubuntu-latest)	make check (includes isolated install-to-accept demo)	2026-09-16T13:59:47.2021257Z ok 5 - author doctor finds no blockers
make check (ubuntu-latest)	make check (includes isolated install-to-accept demo)	2026-09-16T13:59:48.1270685Z ok 6 - status reports authoring-evidence freshness without making age an acceptance gate
make check (ubuntu-latest)	make check (includes isolated install-to-accept demo)	2026-09-16T13:59:48.7070485Z ok 7 - v4 handoff emitted
make check (ubuntu-latest)	make check (includes isolated install-to-accept demo)	2026-09-16T13:59:48.8724943Z ok 8 - baseline discrimination audit
make check (ubuntu-latest)	make check (includes isolated install-to-accept demo)	2026-09-16T13:59:49.1647153Z ok 9 - repeated evaluation reports stable discrimination
make check (ubuntu-latest)	make check (includes isolated install-to-accept demo)	2026-09-16T13:59:49.2214639Z ok 10 - holdout descriptor sealed
make check (ubuntu-latest)	make check (includes isolated install-to-accept demo)	2026-09-16T13:59:49.3557537Z ok 11 - holdout rotation metadata is retained
make check (ubuntu-latest)	make check (includes isolated install-to-accept demo)	2026-09-16T13:59:49.4671870Z ok 12 - expired holdout requires rotation and reauthorization
make check (ubuntu-latest)	make check (includes isolated install-to-accept demo)	2026-09-16T13:59:49.5248988Z ok 13 - tampered holdout bundle is rejected
make check (ubuntu-latest)	make check (includes isolated install-to-accept demo)	2026-09-16T13:59:49.7064579Z ok 14 - holdout executed independently
make check (ubuntu-latest)	make check (includes isolated install-to-accept demo)	2026-09-16T13:59:49.7628324Z ok 15 - environment receipt created
make check (ubuntu-latest)	make check (includes isolated install-to-accept demo)	2026-09-16T13:59:49.8195381Z ok 16 - graded receipt created
make check (ubuntu-latest)	make check (includes isolated install-to-accept demo)	2026-09-16T13:59:49.8791712Z ok 17 - human receipt created
make check (ubuntu-latest)	make check (includes isolated install-to-accept demo)	2026-09-16T13:59:49.9573111Z ok 18 - identity receipt signed
make check (ubuntu-latest)	make check (includes isolated install-to-accept demo)	2026-09-16T13:59:50.0202995Z ok 19 - identity receipt verified
make check (ubuntu-latest)	make check (includes isolated install-to-accept demo)	2026-09-16T13:59:50.0903790Z ok 20 - signed holdout receipt
make check (ubuntu-latest)	make check (includes isolated install-to-accept demo)	2026-09-16T13:59:50.1592582Z ok 21 - signed environment receipt
make check (ubuntu-latest)	make check (includes isolated install-to-accept demo)	2026-09-16T13:59:50.2281385Z ok 22 - signed graded receipt
make check (ubuntu-latest)	make check (includes isolated install-to-accept demo)	2026-09-16T13:59:50.2948589Z ok 23 - signed human receipt
make check (ubuntu-latest)	make check (includes isolated install-to-accept demo)	2026-09-16T13:59:50.4023322Z ok 24 - wrong evaluator signer fails closed
make check (ubuntu-latest)	make check (includes isolated install-to-accept demo)	2026-09-16T13:59:50.4591203Z ok 25 - all typed receipts validate
make check (ubuntu-latest)	make check (includes isolated install-to-accept demo)	2026-09-16T13:59:50.5632749Z ok 26 - portable signed evidence satisfies Tier 1 policy
make check (ubuntu-latest)	make check (includes isolated install-to-accept demo)	2026-09-16T13:59:50.6856015Z ok 27 - DSSE receipt export verifies independently
make check (ubuntu-latest)	make check (includes isolated install-to-accept demo)	2026-09-16T13:59:50.7450420Z ok 28 - credential-bearing receipt is rejected
make check (ubuntu-latest)	make check (includes isolated install-to-accept demo)	2026-09-16T13:59:50.9680806Z ok 29 - enabled engine runs in a detached worktree
make check (ubuntu-latest)	make check (includes isolated install-to-accept demo)	2026-09-16T13:59:50.9920965Z ok 30 - isolated engine receipt records a real attempt
make check (ubuntu-latest)	make check (includes isolated install-to-accept demo)	2026-09-16T13:59:50.9980516Z ok 31 - isolated engine change is captured outside the source workspace
make check (ubuntu-latest)	make check (includes isolated install-to-accept demo)	2026-09-16T13:59:51.3524217Z ok 32 - acceptance blocks when evidence is omitted
make check (ubuntu-latest)	make check (includes isolated install-to-accept demo)	2026-09-16T13:59:51.7539920Z ok 33 - acceptance passes with matching supervised evidence
make check (ubuntu-latest)	make check (includes isolated install-to-accept demo)	2026-09-16T13:59:51.8703408Z ok 34 - revoked identity no longer verifies
make check (ubuntu-latest)	make check (includes isolated install-to-accept demo)	2026-09-16T13:59:51.9697125Z ok 35 - A2A v1.0 bridge round trip
make check (ubuntu-latest)	make check (includes isolated install-to-accept demo)	2026-09-16T13:59:52.0680923Z ok 36 - MCP bridge round trip
make check (ubuntu-latest)	make check (includes isolated install-to-accept demo)	2026-09-16T13:59:52.1413272Z ok 37 - A2A bridge detects embedded handoff tampering
make check (ubuntu-latest)	make check (includes isolated install-to-accept demo)	2026-09-16T13:59:52.2159764Z ok 38 - MCP bridge detects embedded handoff tampering
make check (ubuntu-latest)	make check (includes isolated install-to-accept demo)	2026-09-16T13:59:52.2592480Z ok 39 - MCP server lists read-only tools
make check (ubuntu-latest)	make check (includes isolated install-to-accept demo)	2026-09-16T13:59:52.3197129Z ok 40 - nine-family engine matrix validates
make check (ubuntu-latest)	make check (includes isolated install-to-accept demo)	2026-09-16T13:59:52.3862868Z ok 41 - disabled engine matrix records unavailable, not fabricated passes
make check (ubuntu-latest)	make check (includes isolated install-to-accept demo)	2026-09-16T13:59:52.4460598Z ok 42 - engine matrix emits typed run receipts
make check (ubuntu-latest)	make check (includes isolated install-to-accept demo)	2026-09-16T13:59:52.4461600Z PASS: Task-Spec 3.7 evidence integrity (42 checks)
make check (ubuntu-latest)	make check (includes isolated install-to-accept demo)	2026-09-16T13:59:53.6806877Z ok 1 - post-seal v4 to v3 downgrade fails closed
make check (ubuntu-latest)	make check (includes isolated install-to-accept demo)	2026-09-16T13:59:54.1868316Z ok 2 - sealed proof policy deletion fails closed
make check (ubuntu-latest)	make check (includes isolated install-to-accept demo)	2026-09-16T13:59:54.6889916Z ok 3 - sealed environment policy deletion fails closed
make check (ubuntu-latest)	make check (includes isolated install-to-accept demo)	2026-09-16T13:59:55.2132634Z ok 4 - parent-child authority mutation fails closed
make check (ubuntu-latest)	make check (includes isolated install-to-accept demo)	2026-09-16T13:59:55.7329411Z ok 5 - unknown future authority is sealed by default
make check (ubuntu-latest)	make check (includes isolated install-to-accept demo)	2026-09-16T13:59:56.2563592Z ok 6 - lifecycle and tracker projection remain mutable
make check (ubuntu-latest)	make check (includes isolated install-to-accept demo)	2026-09-16T13:59:56.3293403Z ok 7 - duplicate YAML keys are rejected
make check (ubuntu-latest)	make check (includes isolated install-to-accept demo)	2026-09-16T13:59:56.4054941Z ok 8 - ambiguous JSON numeric constants are rejected
make check (ubuntu-latest)	make check (includes isolated install-to-accept demo)	2026-09-16T13:59:56.5190682Z ok 9 - authority mapping key order is canonical
make check (ubuntu-latest)	make check (includes isolated install-to-accept demo)	2026-09-16T13:59:56.9603009Z ok 10 - textual authoring-evidence acceptance use produces a lint warning
make check (ubuntu-latest)	make check (includes isolated install-to-accept demo)	2026-09-16T13:59:58.5632532Z ok 11 - explicit workspace supports a nested custom backlog
make check (ubuntu-latest)	make check (includes isolated install-to-accept demo)	2026-09-16T14:00:00.8459276Z ok 12 - receipt replay across attempts fails
make check (ubuntu-latest)	make check (includes isolated install-to-accept demo)	2026-09-16T14:00:01.2757578Z ok 13 - global JSON returns typed receipt replay failure
make check (ubuntu-latest)	make check (includes isolated install-to-accept demo)	2026-09-16T14:00:01.6569107Z ok 14 - pre-authorization receipt timestamp fails
make check (ubuntu-latest)	make check (includes isolated install-to-accept demo)	2026-09-16T14:00:02.0526466Z ok 15 - receipt wrong task_id fails
make check (ubuntu-latest)	make check (includes isolated install-to-accept demo)	2026-09-16T14:00:02.4541421Z ok 16 - receipt wrong task_revision_digest fails
make check (ubuntu-latest)	make check (includes isolated install-to-accept demo)	2026-09-16T14:00:02.8718999Z ok 17 - receipt wrong base_commit fails
make check (ubuntu-latest)	make check (includes isolated install-to-accept demo)	2026-09-16T14:00:03.1927047Z ok 18 - legacy structural receipt cannot silently produce Tier 1
make check (ubuntu-latest)	make check (includes isolated install-to-accept demo)	2026-09-16T14:00:03.5530725Z ok 19 - required receipt rejects structural authorization fallback
make check (ubuntu-latest)	make check (includes isolated install-to-accept demo)	2026-09-16T14:00:03.9207318Z ok 20 - matching v2 receipt accepts Tier 1
make check (ubuntu-latest)	make check (includes isolated install-to-accept demo)	2026-09-16T14:00:05.5108558Z ok 21 - committed out-of-scope change is rejected
make check (ubuntu-latest)	make check (includes isolated install-to-accept demo)	2026-09-16T14:00:07.1611489Z ok 22 - symlink-escaped creation scope is rejected
make check (ubuntu-latest)	make check (includes isolated install-to-accept demo)	2026-09-16T14:00:08.7747069Z ok 23 - absolute handoff scope fails closed
make check (ubuntu-latest)	make check (includes isolated install-to-accept demo)	2026-09-16T14:00:09.1373787Z ok 24 - traversal handoff scope fails closed
make check (ubuntu-latest)	make check (includes isolated install-to-accept demo)	2026-09-16T14:00:09.4918121Z ok 25 - handoff budget expansion fails closed
make check (ubuntu-latest)	make check (includes isolated install-to-accept demo)	2026-09-16T14:00:09.8447013Z ok 26 - non-UUID attempt cannot escape acceptance storage
make check (ubuntu-latest)	make check (includes isolated install-to-accept demo)	2026-09-16T14:00:11.1729174Z ok 27 - handoff rejects conflict with an in-progress task
make check (ubuntu-latest)	make check (includes isolated install-to-accept demo)	2026-09-16T14:00:12.0845754Z ok 28 - acceptance rechecks active write conflicts
make check (ubuntu-latest)	make check (includes isolated install-to-accept demo)	2026-09-16T14:00:12.2596087Z ok 29 - interrupted status mutation leaves the old complete frontmatter
make check (ubuntu-latest)	make check (includes isolated install-to-accept demo)	2026-09-16T14:00:12.2646675Z ok 30 - interrupted status mutation leaves no partial state or temporary
make check (ubuntu-latest)	make check (includes isolated install-to-accept demo)	2026-09-16T14:00:13.8443402Z ok 31 - base commit divergence requires a new handoff
make check (ubuntu-latest)	make check (includes isolated install-to-accept demo)	2026-09-16T14:00:15.5452877Z ok 32 - dependency-closure drift fails closed
make check (ubuntu-latest)	make check (includes isolated install-to-accept demo)	2026-09-16T14:00:17.2009190Z ok 33 - injected finalize crash leaves old complete task state
make check (ubuntu-latest)	make check (includes isolated install-to-accept demo)	2026-09-16T14:00:17.2060656Z ok 34 - crash did not partially stamp accepted state
make check (ubuntu-latest)	make check (includes isolated install-to-accept demo)	2026-09-16T14:00:17.2644860Z ok 35 - doctor reports the orphan record left by interrupted acceptance
make check (ubuntu-latest)	make check (includes isolated install-to-accept demo)	2026-09-16T14:00:17.6334235Z ok 36 - same attempt recovers despite metrics projection failure
make check (ubuntu-latest)	make check (includes isolated install-to-accept demo)	2026-09-16T14:00:17.6945929Z ok 37 - doctor reports the missing accepted metrics projection
make check (ubuntu-latest)	make check (includes isolated install-to-accept demo)	2026-09-16T14:00:18.0670950Z ok 38 - same attempt cannot change its acceptor
make check (ubuntu-latest)	make check (includes isolated install-to-accept demo)	2026-09-16T14:00:18.1201335Z ok 39 - conflicting retry leaves record and task envelope consistent
make check (ubuntu-latest)	make check (includes isolated install-to-accept demo)	2026-09-16T14:00:18.4918195Z ok 40 - same accepted attempt can be retried without duplicate metrics
make check (ubuntu-latest)	make check (includes isolated install-to-accept demo)	2026-09-16T14:00:18.6021641Z ok 41 - TaskStatus names rebuild-state as the one safe projection recovery
make check (ubuntu-latest)	make check (includes isolated install-to-accept demo)	2026-09-16T14:00:18.8238493Z ok 42 - rebuilding projection advances the one safe next command
make check (ubuntu-latest)	make check (includes isolated install-to-accept demo)	2026-09-16T14:00:18.9335266Z ok 43 - global JSON preserves the same typed TaskStatus
make check (ubuntu-latest)	make check (includes isolated install-to-accept demo)	2026-09-16T14:00:19.0968743Z ok 44 - transition to done verifies the record subject and envelope
make check (ubuntu-latest)	make check (includes isolated install-to-accept demo)	2026-09-16T14:00:19.2091704Z ok 45 - status exposes semantic acceptance-record mismatch
make check (ubuntu-latest)	make check (includes isolated install-to-accept demo)	2026-09-16T14:00:19.2714343Z ok 46 - backlog doctor fails on semantic acceptance-record mismatch
make check (ubuntu-latest)	make check (includes isolated install-to-accept demo)	2026-09-16T14:00:19.2716044Z PASS: Task-Spec hardening adversarial suite (46 checks)
make check (ubuntu-latest)	make check (includes isolated install-to-accept demo)	2026-09-16T14:00:20.3793118Z CLI_REFERENCE=OK
make check (ubuntu-latest)	make check (includes isolated install-to-accept demo)	2026-09-16T14:00:20.4278049Z QUALITY_SCORE=97 SCORECARD=VALID
make check (ubuntu-latest)	make check (includes isolated install-to-accept demo)	2026-09-16T14:00:20.4647990Z RELEASE_STATUS=OK
make check (ubuntu-latest)	make check (includes isolated install-to-accept demo)	2026-09-16T14:00:20.5552329Z V381_EXPERIENCE=READY
make check (ubuntu-latest)	make check (includes isolated install-to-accept demo)	2026-09-16T14:00:21.8766010Z ok 1 - nested handoff binds the Git workspace
make check (ubuntu-latest)	make check (includes isolated install-to-accept demo)	2026-09-16T14:00:22.2437467Z ok 2 - nested acceptance uses the configured contained store
make check (ubuntu-latest)	make check (includes isolated install-to-accept demo)	2026-09-16T14:00:22.2457195Z ok 3 - nested acceptance record is separate from Converge receipts
make check (ubuntu-latest)	make check (includes isolated install-to-accept demo)	2026-09-16T14:00:23.5219419Z ok 4 - nested backlog infers repository root
make check (ubuntu-latest)	make check (includes isolated install-to-accept demo)	2026-09-16T14:00:23.6458393Z ok 5 - conflicting explicit workspace is rejected
make check (ubuntu-latest)	make check (includes isolated install-to-accept demo)	2026-09-16T14:00:25.2797882Z ok 6 - acceptance traversal is rejected
make check (ubuntu-latest)	make check (includes isolated install-to-accept demo)	2026-09-16T14:00:26.1865291Z ok 7 - acceptance symlink escape is rejected
make check (ubuntu-latest)	make check (includes isolated install-to-accept demo)	2026-09-16T14:00:26.5658340Z ok 8 - CLI acceptance directory overrides an unsafe environment value
make check (ubuntu-latest)	make check (includes isolated install-to-accept demo)	2026-09-16T14:00:26.5695486Z ok 9 - unsafe environment store was never written
make check (ubuntu-latest)	make check (includes isolated install-to-accept demo)	2026-09-16T14:00:27.3732261Z ok 10 - worktree gate resolves the common-directory key
make check (ubuntu-latest)	make check (includes isolated install-to-accept demo)	2026-09-16T14:00:27.3738052Z PASS: Task-Spec 3.8.1 nested workspace suite (10 checks)
make check (ubuntu-latest)	make check (includes isolated install-to-accept demo)	2026-09-16T14:00:27.3808291Z bash spec/conformance/run_conformance.sh
make check (ubuntu-latest)	make check (includes isolated install-to-accept demo)	2026-09-16T14:00:27.3898533Z == self-test floor: validating 8 conformance fixtures ==
make check (ubuntu-latest)	make check (includes isolated install-to-accept demo)	2026-09-16T14:00:32.5504476Z    self-test floor: all 8 fixtures valid
make check (ubuntu-latest)	make check (includes isolated install-to-accept demo)	2026-09-16T14:00:32.5513366Z 
make check (ubuntu-latest)	make check (includes isolated install-to-accept demo)	2026-09-16T14:00:32.5514297Z == running conformance (adapter: /home/runner/work/task-spec/task-spec/spec/conformance/adapters/self.sh) ==
make check (ubuntu-latest)	make check (includes isolated install-to-accept demo)	2026-09-16T14:00:32.5835946Z PASS   C1        T-conformance-001-status-lock
make check (ubuntu-latest)	make check (includes isolated install-to-accept demo)	2026-09-16T14:00:32.6349359Z PASS   C12       T-conformance-002-emit-enum
make check (ubuntu-latest)	make check (includes isolated install-to-accept demo)	2026-09-16T14:00:32.6889928Z PASS   C6        T-conformance-003-no-signed-off-mod
make check (ubuntu-latest)	make check (includes isolated install-to-accept demo)	2026-09-16T14:00:32.7309337Z PASS   C8        T-conformance-004-execution-backend
make check (ubuntu-latest)	make check (includes isolated install-to-accept demo)	2026-09-16T14:00:32.7693867Z PASS   C13,C16   T-conformance-005-budget-stop
make check (ubuntu-latest)	make check (includes isolated install-to-accept demo)	2026-09-16T14:00:32.8043596Z PASS   C5        T-conformance-006-do-not-touch
make check (ubuntu-latest)	make check (includes isolated install-to-accept demo)	2026-09-16T14:00:32.8321279Z PASS   C17       T-conformance-007-node-refusal
make check (ubuntu-latest)	make check (includes isolated install-to-accept demo)	2026-09-16T14:00:32.8598431Z PASS   C18       T-conformance-008-v4-policy
make check (ubuntu-latest)	make check (includes isolated install-to-accept demo)	2026-09-16T14:00:32.8656936Z 
make check (ubuntu-latest)	make check (includes isolated install-to-accept demo)	2026-09-16T14:00:32.8657864Z == results written to /home/runner/work/task-spec/task-spec/spec/conformance/results.json ==
make check (ubuntu-latest)	make check (includes isolated install-to-accept demo)	2026-09-16T14:00:32.8659256Z == non-waived failures: 0 ==
make check (ubuntu-latest)	make check (includes isolated install-to-accept demo)	2026-09-16T14:00:32.8660125Z bash bin/taskspec conformance --self-test
make check (ubuntu-latest)	make check (includes isolated install-to-accept demo)	2026-09-16T14:00:32.8860468Z Conformance check — level L2 — executor: bash /home/runner/work/task-spec/task-spec/src/dispatch/ref-executor.sh
make check (ubuntu-latest)	make check (includes isolated install-to-accept demo)	2026-09-16T14:00:32.8862768Z ────────────────────────────────────────────────────────
make check (ubuntu-latest)	make check (includes isolated install-to-accept demo)	2026-09-16T14:00:33.5774883Z L0. Executor drives a solvable spec to a passing Exit Check ...
make check (ubuntu-latest)	make check (includes isolated install-to-accept demo)	2026-09-16T14:00:35.1846176Z    PASS — Exit Check passes after execution (L0: reads format, runs evals)
make check (ubuntu-latest)	make check (includes isolated install-to-accept demo)	2026-09-16T14:00:35.1847623Z L1. Executor honors the status lifecycle (→ done on success) ...
make check (ubuntu-latest)	make check (includes isolated install-to-accept demo)	2026-09-16T14:00:35.1918941Z    PASS — status transitioned to 'done' (A2A: completed)
make check (ubuntu-latest)	make check (includes isolated install-to-accept demo)	2026-09-16T14:00:35.8860147Z L2. Executor parks an unsolvable spec within budget (no infinite loop) ...
make check (ubuntu-latest)	make check (includes isolated install-to-accept demo)	2026-09-16T14:00:37.1004610Z    PASS — unsolvable spec parked by the no-progress circuit breaker within the signed retry budget
make check (ubuntu-latest)	make check (includes isolated install-to-accept demo)	2026-09-16T14:00:37.1006716Z ────────────────────────────────────────────────────────
make check (ubuntu-latest)	make check (includes isolated install-to-accept demo)	2026-09-16T14:00:37.1008194Z CONFORMANT at L2 — this executor honors the Task-Spec contract.
make check (ubuntu-latest)	make check (includes isolated install-to-accept demo)	2026-09-16T14:00:37.1008982Z CONFORMANCE=L2
make check (ubuntu-latest)	make check (includes isolated install-to-accept demo)	2026-09-16T14:00:37.1054337Z CHECK=READY
make check (ubuntu-latest)	Post Install pinned Go toolchain for optional TaskMesh	﻿2026-09-16T14:00:37.1168092Z Post job cleanup.
make check (ubuntu-latest)	Post Install pinned Go toolchain for optional TaskMesh	2026-09-16T14:00:37.2463750Z [command]/opt/hostedtoolcache/go/1.25.0/x64/bin/go env GOMODCACHE
make check (ubuntu-latest)	Post Install pinned Go toolchain for optional TaskMesh	2026-09-16T14:00:37.2527112Z [command]/opt/hostedtoolcache/go/1.25.0/x64/bin/go env GOCACHE
make check (ubuntu-latest)	Post Install pinned Go toolchain for optional TaskMesh	2026-09-16T14:00:37.2617189Z /home/runner/go/pkg/mod
make check (ubuntu-latest)	Post Install pinned Go toolchain for optional TaskMesh	2026-09-16T14:00:37.2631076Z /home/runner/.cache/go-build
make check (ubuntu-latest)	Post Install pinned Go toolchain for optional TaskMesh	2026-09-16T14:00:37.2635034Z Cache hit occurred on the primary key setup-go-Linux-x64-ubuntu24-go-1.25.0-177c9a629613f64b62ff3bce8b5249e61de06089c1d63967a2ef301279610df5, not saving cache.
make check (ubuntu-latest)	Post Checkout	﻿2026-09-16T14:00:37.2904281Z Post job cleanup.
make check (ubuntu-latest)	Post Checkout	2026-09-16T14:00:37.3942926Z [command]/usr/bin/git version
make check (ubuntu-latest)	Post Checkout	2026-09-16T14:00:37.4017491Z git version 2.55.0
make check (ubuntu-latest)	Post Checkout	2026-09-16T14:00:37.4084900Z Temporarily overriding HOME='/home/runner/work/_temp/56cedd1f-63c3-4be8-ab7e-72c55c2a291c' before making global git config changes
make check (ubuntu-latest)	Post Checkout	2026-09-16T14:00:37.4106698Z Adding repository directory to the temporary git global config as a safe directory
make check (ubuntu-latest)	Post Checkout	2026-09-16T14:00:37.4108131Z [command]/usr/bin/git config --global --add safe.directory /home/runner/work/task-spec/task-spec
make check (ubuntu-latest)	Post Checkout	2026-09-16T14:00:37.4155259Z Removing SSH command configuration
make check (ubuntu-latest)	Post Checkout	2026-09-16T14:00:37.4193891Z [command]/usr/bin/git config --local --name-only --get-regexp core\.sshCommand
make check (ubuntu-latest)	Post Checkout	2026-09-16T14:00:37.4333605Z [command]/usr/bin/git submodule foreach --recursive sh -c "git config --local --name-only --get-regexp 'core\.sshCommand' && git config --local --unset-all 'core.sshCommand' || :"
make check (ubuntu-latest)	Post Checkout	2026-09-16T14:00:37.4983906Z Removing HTTP extra header
make check (ubuntu-latest)	Post Checkout	2026-09-16T14:00:37.5000531Z [command]/usr/bin/git config --local --name-only --get-regexp http\.https\:\/\/github\.com\/\.extraheader
make check (ubuntu-latest)	Post Checkout	2026-09-16T14:00:37.5127162Z [command]/usr/bin/git submodule foreach --recursive sh -c "git config --local --name-only --get-regexp 'http\.https\:\/\/github\.com\/\.extraheader' && git config --local --unset-all 'http.https://github.com/.extraheader' || :"
make check (ubuntu-latest)	Post Checkout	2026-09-16T14:00:37.5777581Z Removing includeIf entries pointing to credentials config files
make check (ubuntu-latest)	Post Checkout	2026-09-16T14:00:37.5796813Z [command]/usr/bin/git config --local --name-only --get-regexp ^includeIf\.gitdir:
make check (ubuntu-latest)	Post Checkout	2026-09-16T14:00:37.5849384Z [command]/usr/bin/git submodule foreach --recursive git config --local --show-origin --name-only --get-regexp remote.origin.url
make check (ubuntu-latest)	Complete job	﻿2026-09-16T14:00:37.6656432Z Cleaning up orphan processes
