make check (ubuntu-latest)	Set up job	﻿2026-09-15T11:20:56.4049937Z Current runner version: '2.337.0'
make check (ubuntu-latest)	Set up job	2026-09-15T11:20:56.4077184Z ##[group]Runner Image Provisioner
make check (ubuntu-latest)	Set up job	2026-09-15T11:20:56.4078194Z Hosted Compute Agent
make check (ubuntu-latest)	Set up job	2026-09-15T11:20:56.4078862Z Version: 20260828.587
make check (ubuntu-latest)	Set up job	2026-09-15T11:20:56.4079566Z Commit: abac92662cab4cc7352de4f9f9d2e2419aad9c29
make check (ubuntu-latest)	Set up job	2026-09-15T11:20:56.4080437Z Build Date: 2026-08-28T16:44:25Z
make check (ubuntu-latest)	Set up job	2026-09-15T11:20:56.4081595Z Worker ID: {0ce4fc65-6fd6-463d-a889-0375797fd5da}
make check (ubuntu-latest)	Set up job	2026-09-15T11:20:56.4082708Z Azure Region: eastus
make check (ubuntu-latest)	Set up job	2026-09-15T11:20:56.4083427Z ##[endgroup]
make check (ubuntu-latest)	Set up job	2026-09-15T11:20:56.4085115Z ##[group]Operating System
make check (ubuntu-latest)	Set up job	2026-09-15T11:20:56.4085942Z Ubuntu
make check (ubuntu-latest)	Set up job	2026-09-15T11:20:56.4086555Z 24.04.5
make check (ubuntu-latest)	Set up job	2026-09-15T11:20:56.4087158Z LTS
make check (ubuntu-latest)	Set up job	2026-09-15T11:20:56.4087860Z ##[endgroup]
make check (ubuntu-latest)	Set up job	2026-09-15T11:20:56.4088461Z ##[group]Runner Image
make check (ubuntu-latest)	Set up job	2026-09-15T11:20:56.4089338Z Image: ubuntu-24.04
make check (ubuntu-latest)	Set up job	2026-09-15T11:20:56.4089978Z Version: 20260907.300.1
make check (ubuntu-latest)	Set up job	2026-09-15T11:20:56.4091545Z Included Software: https://github.com/actions/runner-images/blob/ubuntu24/20260907.300/images/ubuntu/Ubuntu2404-Readme.md
make check (ubuntu-latest)	Set up job	2026-09-15T11:20:56.4093520Z Image Release: https://github.com/actions/runner-images/releases/tag/ubuntu24%2F20260907.300
make check (ubuntu-latest)	Set up job	2026-09-15T11:20:56.4095208Z ##[endgroup]
make check (ubuntu-latest)	Set up job	2026-09-15T11:20:56.4096912Z ##[group]GITHUB_TOKEN Permissions
make check (ubuntu-latest)	Set up job	2026-09-15T11:20:56.4099188Z Contents: read
make check (ubuntu-latest)	Set up job	2026-09-15T11:20:56.4099965Z Metadata: read
make check (ubuntu-latest)	Set up job	2026-09-15T11:20:56.4100628Z ##[endgroup]
make check (ubuntu-latest)	Set up job	2026-09-15T11:20:56.4103172Z Secret source: Actions
make check (ubuntu-latest)	Set up job	2026-09-15T11:20:56.4104297Z Cache mode: write
make check (ubuntu-latest)	Set up job	2026-09-15T11:20:56.4105350Z Prepare workflow directory
make check (ubuntu-latest)	Set up job	2026-09-15T11:20:56.4431163Z Prepare all required actions
make check (ubuntu-latest)	Set up job	2026-09-15T11:20:56.4479276Z Getting action download info
make check (ubuntu-latest)	Set up job	2026-09-15T11:20:56.6894636Z Download action repository 'actions/checkout@3d3c42e5aac5ba805825da76410c181273ba90b1' (SHA:3d3c42e5aac5ba805825da76410c181273ba90b1)
make check (ubuntu-latest)	Set up job	2026-09-15T11:20:56.8096005Z Download action repository 'actions/setup-go@b7ad1dad31e06c5925ef5d2fc7ad053ef454303e' (SHA:b7ad1dad31e06c5925ef5d2fc7ad053ef454303e)
make check (ubuntu-latest)	Set up job	2026-09-15T11:20:57.0773079Z Complete job name: make check (ubuntu-latest)
make check (ubuntu-latest)	Checkout	﻿2026-09-15T11:20:57.1544257Z ##[group]Run actions/checkout@3d3c42e5aac5ba805825da76410c181273ba90b1
make check (ubuntu-latest)	Checkout	2026-09-15T11:20:57.1545414Z with:
make check (ubuntu-latest)	Checkout	2026-09-15T11:20:57.1545933Z   persist-credentials: false
make check (ubuntu-latest)	Checkout	2026-09-15T11:20:57.1546536Z   repository: luanmorenommaciel/task-spec
make check (ubuntu-latest)	Checkout	2026-09-15T11:20:57.1551298Z   token: ***
make check (ubuntu-latest)	Checkout	2026-09-15T11:20:57.1551796Z   ssh-strict: true
make check (ubuntu-latest)	Checkout	2026-09-15T11:20:57.1552286Z   ssh-user: git
make check (ubuntu-latest)	Checkout	2026-09-15T11:20:57.1552744Z   clean: true
make check (ubuntu-latest)	Checkout	2026-09-15T11:20:57.1553233Z   sparse-checkout-cone-mode: true
make check (ubuntu-latest)	Checkout	2026-09-15T11:20:57.1553805Z   fetch-depth: 1
make check (ubuntu-latest)	Checkout	2026-09-15T11:20:57.1554273Z   fetch-tags: false
make check (ubuntu-latest)	Checkout	2026-09-15T11:20:57.1554764Z   show-progress: true
make check (ubuntu-latest)	Checkout	2026-09-15T11:20:57.1555257Z   lfs: false
make check (ubuntu-latest)	Checkout	2026-09-15T11:20:57.1555709Z   submodules: false
make check (ubuntu-latest)	Checkout	2026-09-15T11:20:57.1556203Z   set-safe-directory: true
make check (ubuntu-latest)	Checkout	2026-09-15T11:20:57.1556757Z   allow-unsafe-pr-checkout: false
make check (ubuntu-latest)	Checkout	2026-09-15T11:20:57.1557611Z ##[endgroup]
make check (ubuntu-latest)	Checkout	2026-09-15T11:20:57.2549757Z Syncing repository: luanmorenommaciel/task-spec
make check (ubuntu-latest)	Checkout	2026-09-15T11:20:57.2552733Z ##[group]Getting Git version info
make check (ubuntu-latest)	Checkout	2026-09-15T11:20:57.2554012Z Working directory is '/home/runner/work/task-spec/task-spec'
make check (ubuntu-latest)	Checkout	2026-09-15T11:20:57.2555703Z [command]/usr/bin/git version
make check (ubuntu-latest)	Checkout	2026-09-15T11:20:57.2604104Z git version 2.55.0
make check (ubuntu-latest)	Checkout	2026-09-15T11:20:57.2629815Z ##[endgroup]
make check (ubuntu-latest)	Checkout	2026-09-15T11:20:57.2636418Z Temporarily overriding HOME='/home/runner/work/_temp/b4253a8a-5ee6-4744-99be-93a110e705b7' before making global git config changes
make check (ubuntu-latest)	Checkout	2026-09-15T11:20:57.2638931Z Adding repository directory to the temporary git global config as a safe directory
make check (ubuntu-latest)	Checkout	2026-09-15T11:20:57.2641738Z [command]/usr/bin/git config --global --add safe.directory /home/runner/work/task-spec/task-spec
make check (ubuntu-latest)	Checkout	2026-09-15T11:20:57.2695715Z Deleting the contents of '/home/runner/work/task-spec/task-spec'
make check (ubuntu-latest)	Checkout	2026-09-15T11:20:57.2699282Z ##[group]Determining repository object format
make check (ubuntu-latest)	Checkout	2026-09-15T11:20:57.2701058Z ##[endgroup]
make check (ubuntu-latest)	Checkout	2026-09-15T11:20:57.2702355Z ##[group]Initializing the repository
make check (ubuntu-latest)	Checkout	2026-09-15T11:20:57.2705830Z [command]/usr/bin/git init /home/runner/work/task-spec/task-spec
make check (ubuntu-latest)	Checkout	2026-09-15T11:20:57.2820009Z hint: Using 'master' as the name for the initial branch. This default branch name
make check (ubuntu-latest)	Checkout	2026-09-15T11:20:57.2822013Z hint: will change to "main" in Git 3.0. To configure the initial branch name
make check (ubuntu-latest)	Checkout	2026-09-15T11:20:57.2823957Z hint: to use in all of your new repositories, which will suppress this warning,
make check (ubuntu-latest)	Checkout	2026-09-15T11:20:57.2825349Z hint: call:
make check (ubuntu-latest)	Checkout	2026-09-15T11:20:57.2826086Z hint:
make check (ubuntu-latest)	Checkout	2026-09-15T11:20:57.2826970Z hint: 	git config --global init.defaultBranch <name>
make check (ubuntu-latest)	Checkout	2026-09-15T11:20:57.2828029Z hint:
make check (ubuntu-latest)	Checkout	2026-09-15T11:20:57.2829011Z hint: Names commonly chosen instead of 'master' are 'main', 'trunk' and
make check (ubuntu-latest)	Checkout	2026-09-15T11:20:57.2830610Z hint: 'development'. The just-created branch can be renamed via this command:
make check (ubuntu-latest)	Checkout	2026-09-15T11:20:57.2832203Z hint:
make check (ubuntu-latest)	Checkout	2026-09-15T11:20:57.2832906Z hint: 	git branch -m <name>
make check (ubuntu-latest)	Checkout	2026-09-15T11:20:57.2833706Z hint:
make check (ubuntu-latest)	Checkout	2026-09-15T11:20:57.2834763Z hint: Disable this message with "git config set advice.defaultBranchName false"
make check (ubuntu-latest)	Checkout	2026-09-15T11:20:57.2836448Z Initialized empty Git repository in /home/runner/work/task-spec/task-spec/.git/
make check (ubuntu-latest)	Checkout	2026-09-15T11:20:57.2838219Z [command]/usr/bin/git remote add origin https://github.com/luanmorenommaciel/task-spec
make check (ubuntu-latest)	Checkout	2026-09-15T11:20:57.2883588Z ##[endgroup]
make check (ubuntu-latest)	Checkout	2026-09-15T11:20:57.2885204Z ##[group]Disabling automatic garbage collection
make check (ubuntu-latest)	Checkout	2026-09-15T11:20:57.2887161Z [command]/usr/bin/git config --local gc.auto 0
make check (ubuntu-latest)	Checkout	2026-09-15T11:20:57.2921428Z ##[endgroup]
make check (ubuntu-latest)	Checkout	2026-09-15T11:20:57.2922797Z ##[group]Setting up auth
make check (ubuntu-latest)	Checkout	2026-09-15T11:20:57.2927061Z Removing SSH command configuration
make check (ubuntu-latest)	Checkout	2026-09-15T11:20:57.2928362Z [command]/usr/bin/git config --local --name-only --get-regexp core\.sshCommand
make check (ubuntu-latest)	Checkout	2026-09-15T11:20:57.2963697Z [command]/usr/bin/git submodule foreach --recursive sh -c "git config --local --name-only --get-regexp 'core\.sshCommand' && git config --local --unset-all 'core.sshCommand' || :"
make check (ubuntu-latest)	Checkout	2026-09-15T11:20:57.3332421Z Removing HTTP extra header
make check (ubuntu-latest)	Checkout	2026-09-15T11:20:57.3338969Z [command]/usr/bin/git config --local --name-only --get-regexp http\.https\:\/\/github\.com\/\.extraheader
make check (ubuntu-latest)	Checkout	2026-09-15T11:20:57.3377674Z [command]/usr/bin/git submodule foreach --recursive sh -c "git config --local --name-only --get-regexp 'http\.https\:\/\/github\.com\/\.extraheader' && git config --local --unset-all 'http.https://github.com/.extraheader' || :"
make check (ubuntu-latest)	Checkout	2026-09-15T11:20:57.3603640Z Removing includeIf entries pointing to credentials config files
make check (ubuntu-latest)	Checkout	2026-09-15T11:20:57.3609670Z [command]/usr/bin/git config --local --name-only --get-regexp ^includeIf\.gitdir:
make check (ubuntu-latest)	Checkout	2026-09-15T11:20:57.3653356Z [command]/usr/bin/git submodule foreach --recursive git config --local --show-origin --name-only --get-regexp remote.origin.url
make check (ubuntu-latest)	Checkout	2026-09-15T11:20:57.3903302Z [command]/usr/bin/git config --file /home/runner/work/_temp/git-credentials-bfda1535-a8fb-4a7b-a9ad-e193b1c1677b.config http.https://github.com/.extraheader AUTHORIZATION: basic ***
make check (ubuntu-latest)	Checkout	2026-09-15T11:20:57.3949528Z [command]/usr/bin/git config --local includeIf.gitdir:/home/runner/work/task-spec/task-spec/.git.path /home/runner/work/_temp/git-credentials-bfda1535-a8fb-4a7b-a9ad-e193b1c1677b.config
make check (ubuntu-latest)	Checkout	2026-09-15T11:20:57.3989583Z [command]/usr/bin/git config --local includeIf.gitdir:/home/runner/work/task-spec/task-spec/.git/worktrees/*.path /home/runner/work/_temp/git-credentials-bfda1535-a8fb-4a7b-a9ad-e193b1c1677b.config
make check (ubuntu-latest)	Checkout	2026-09-15T11:20:57.4032728Z [command]/usr/bin/git config --local includeIf.gitdir:/github/workspace/.git.path /github/runner_temp/git-credentials-bfda1535-a8fb-4a7b-a9ad-e193b1c1677b.config
make check (ubuntu-latest)	Checkout	2026-09-15T11:20:57.4075552Z [command]/usr/bin/git config --local includeIf.gitdir:/github/workspace/.git/worktrees/*.path /github/runner_temp/git-credentials-bfda1535-a8fb-4a7b-a9ad-e193b1c1677b.config
make check (ubuntu-latest)	Checkout	2026-09-15T11:20:57.4110668Z ##[endgroup]
make check (ubuntu-latest)	Checkout	2026-09-15T11:20:57.4111941Z ##[group]Fetching the repository
make check (ubuntu-latest)	Checkout	2026-09-15T11:20:57.4121112Z [command]/usr/bin/git -c protocol.version=2 fetch --no-tags --prune --no-recurse-submodules --depth=1 origin +649884a9d1880178eec216ddcce0e9afd0e7b76a:refs/remotes/origin/main
make check (ubuntu-latest)	Checkout	2026-09-15T11:20:59.0322795Z From https://github.com/luanmorenommaciel/task-spec
make check (ubuntu-latest)	Checkout	2026-09-15T11:20:59.0324861Z  * [new ref]         649884a9d1880178eec216ddcce0e9afd0e7b76a -> origin/main
make check (ubuntu-latest)	Checkout	2026-09-15T11:20:59.0333249Z [command]/usr/bin/git branch --list --remote origin/main
make check (ubuntu-latest)	Checkout	2026-09-15T11:20:59.0366873Z   origin/main
make check (ubuntu-latest)	Checkout	2026-09-15T11:20:59.0375325Z [command]/usr/bin/git rev-parse refs/remotes/origin/main
make check (ubuntu-latest)	Checkout	2026-09-15T11:20:59.0401439Z 649884a9d1880178eec216ddcce0e9afd0e7b76a
make check (ubuntu-latest)	Checkout	2026-09-15T11:20:59.0406190Z ##[endgroup]
make check (ubuntu-latest)	Checkout	2026-09-15T11:20:59.0407360Z ##[group]Determining the checkout info
make check (ubuntu-latest)	Checkout	2026-09-15T11:20:59.0408380Z ##[endgroup]
make check (ubuntu-latest)	Checkout	2026-09-15T11:20:59.0410445Z [command]/usr/bin/git sparse-checkout disable
make check (ubuntu-latest)	Checkout	2026-09-15T11:20:59.0463511Z [command]/usr/bin/git config --local --unset-all extensions.worktreeConfig
make check (ubuntu-latest)	Checkout	2026-09-15T11:20:59.0498086Z ##[group]Checking out the ref
make check (ubuntu-latest)	Checkout	2026-09-15T11:20:59.0502259Z [command]/usr/bin/git checkout --progress --force -B main refs/remotes/origin/main
make check (ubuntu-latest)	Checkout	2026-09-15T11:20:59.3547071Z Switched to a new branch 'main'
make check (ubuntu-latest)	Checkout	2026-09-15T11:20:59.3554122Z branch 'main' set up to track 'origin/main'.
make check (ubuntu-latest)	Checkout	2026-09-15T11:20:59.3576995Z ##[endgroup]
make check (ubuntu-latest)	Checkout	2026-09-15T11:20:59.3628807Z [command]/usr/bin/git log -1 --format=%H
make check (ubuntu-latest)	Checkout	2026-09-15T11:20:59.3660802Z 649884a9d1880178eec216ddcce0e9afd0e7b76a
make check (ubuntu-latest)	Checkout	2026-09-15T11:20:59.3670082Z ##[group]Removing auth
make check (ubuntu-latest)	Checkout	2026-09-15T11:20:59.3671276Z Removing SSH command configuration
make check (ubuntu-latest)	Checkout	2026-09-15T11:20:59.3674112Z [command]/usr/bin/git config --local --name-only --get-regexp core\.sshCommand
make check (ubuntu-latest)	Checkout	2026-09-15T11:20:59.3715132Z [command]/usr/bin/git submodule foreach --recursive sh -c "git config --local --name-only --get-regexp 'core\.sshCommand' && git config --local --unset-all 'core.sshCommand' || :"
make check (ubuntu-latest)	Checkout	2026-09-15T11:20:59.3960620Z Removing HTTP extra header
make check (ubuntu-latest)	Checkout	2026-09-15T11:20:59.3965198Z [command]/usr/bin/git config --local --name-only --get-regexp http\.https\:\/\/github\.com\/\.extraheader
make check (ubuntu-latest)	Checkout	2026-09-15T11:20:59.4004884Z [command]/usr/bin/git submodule foreach --recursive sh -c "git config --local --name-only --get-regexp 'http\.https\:\/\/github\.com\/\.extraheader' && git config --local --unset-all 'http.https://github.com/.extraheader' || :"
make check (ubuntu-latest)	Checkout	2026-09-15T11:20:59.4236079Z Removing includeIf entries pointing to credentials config files
make check (ubuntu-latest)	Checkout	2026-09-15T11:20:59.4240247Z [command]/usr/bin/git config --local --name-only --get-regexp ^includeIf\.gitdir:
make check (ubuntu-latest)	Checkout	2026-09-15T11:20:59.4270553Z includeif.gitdir:/home/runner/work/task-spec/task-spec/.git.path
make check (ubuntu-latest)	Checkout	2026-09-15T11:20:59.4273998Z includeif.gitdir:/home/runner/work/task-spec/task-spec/.git/worktrees/*.path
make check (ubuntu-latest)	Checkout	2026-09-15T11:20:59.4276501Z includeif.gitdir:/github/workspace/.git.path
make check (ubuntu-latest)	Checkout	2026-09-15T11:20:59.4278968Z includeif.gitdir:/github/workspace/.git/worktrees/*.path
make check (ubuntu-latest)	Checkout	2026-09-15T11:20:59.4284052Z [command]/usr/bin/git config --local --get-all includeif.gitdir:/home/runner/work/task-spec/task-spec/.git.path
make check (ubuntu-latest)	Checkout	2026-09-15T11:20:59.4306825Z /home/runner/work/_temp/git-credentials-bfda1535-a8fb-4a7b-a9ad-e193b1c1677b.config
make check (ubuntu-latest)	Checkout	2026-09-15T11:20:59.4321216Z [command]/usr/bin/git config --local --unset includeif.gitdir:/home/runner/work/task-spec/task-spec/.git.path \/home\/runner\/work\/_temp\/git\-credentials\-bfda1535\-a8fb\-4a7b\-a9ad\-e193b1c1677b\.config
make check (ubuntu-latest)	Checkout	2026-09-15T11:20:59.4358404Z [command]/usr/bin/git config --local --get-all includeif.gitdir:/home/runner/work/task-spec/task-spec/.git/worktrees/*.path
make check (ubuntu-latest)	Checkout	2026-09-15T11:20:59.4390409Z /home/runner/work/_temp/git-credentials-bfda1535-a8fb-4a7b-a9ad-e193b1c1677b.config
make check (ubuntu-latest)	Checkout	2026-09-15T11:20:59.4401274Z [command]/usr/bin/git config --local --unset includeif.gitdir:/home/runner/work/task-spec/task-spec/.git/worktrees/*.path \/home\/runner\/work\/_temp\/git\-credentials\-bfda1535\-a8fb\-4a7b\-a9ad\-e193b1c1677b\.config
make check (ubuntu-latest)	Checkout	2026-09-15T11:20:59.4438278Z [command]/usr/bin/git config --local --get-all includeif.gitdir:/github/workspace/.git.path
make check (ubuntu-latest)	Checkout	2026-09-15T11:20:59.4494444Z /github/runner_temp/git-credentials-bfda1535-a8fb-4a7b-a9ad-e193b1c1677b.config
make check (ubuntu-latest)	Checkout	2026-09-15T11:20:59.4511191Z [command]/usr/bin/git config --local --unset includeif.gitdir:/github/workspace/.git.path \/github\/runner_temp\/git\-credentials\-bfda1535\-a8fb\-4a7b\-a9ad\-e193b1c1677b\.config
make check (ubuntu-latest)	Checkout	2026-09-15T11:20:59.4562709Z [command]/usr/bin/git config --local --get-all includeif.gitdir:/github/workspace/.git/worktrees/*.path
make check (ubuntu-latest)	Checkout	2026-09-15T11:20:59.4589153Z /github/runner_temp/git-credentials-bfda1535-a8fb-4a7b-a9ad-e193b1c1677b.config
make check (ubuntu-latest)	Checkout	2026-09-15T11:20:59.4598266Z [command]/usr/bin/git config --local --unset includeif.gitdir:/github/workspace/.git/worktrees/*.path \/github\/runner_temp\/git\-credentials\-bfda1535\-a8fb\-4a7b\-a9ad\-e193b1c1677b\.config
make check (ubuntu-latest)	Checkout	2026-09-15T11:20:59.4633794Z [command]/usr/bin/git submodule foreach --recursive git config --local --show-origin --name-only --get-regexp remote.origin.url
make check (ubuntu-latest)	Checkout	2026-09-15T11:20:59.4866432Z Removing credentials config '/home/runner/work/_temp/git-credentials-bfda1535-a8fb-4a7b-a9ad-e193b1c1677b.config'
make check (ubuntu-latest)	Checkout	2026-09-15T11:20:59.4874233Z ##[endgroup]
make check (ubuntu-latest)	Install pinned Go toolchain for optional TaskMesh	﻿2026-09-15T11:20:59.5211987Z ##[group]Run actions/setup-go@b7ad1dad31e06c5925ef5d2fc7ad053ef454303e
make check (ubuntu-latest)	Install pinned Go toolchain for optional TaskMesh	2026-09-15T11:20:59.5213688Z with:
make check (ubuntu-latest)	Install pinned Go toolchain for optional TaskMesh	2026-09-15T11:20:59.5214549Z   go-version: 1.25.0
make check (ubuntu-latest)	Install pinned Go toolchain for optional TaskMesh	2026-09-15T11:20:59.5215582Z   cache-dependency-path: go.sum
make check (ubuntu-latest)	Install pinned Go toolchain for optional TaskMesh	2026-09-15T11:20:59.5216714Z   check-latest: false
make check (ubuntu-latest)	Install pinned Go toolchain for optional TaskMesh	2026-09-15T11:20:59.5226383Z   token: ***
make check (ubuntu-latest)	Install pinned Go toolchain for optional TaskMesh	2026-09-15T11:20:59.5227297Z   cache: true
make check (ubuntu-latest)	Install pinned Go toolchain for optional TaskMesh	2026-09-15T11:20:59.5228183Z ##[endgroup]
make check (ubuntu-latest)	Install pinned Go toolchain for optional TaskMesh	2026-09-15T11:20:59.6378838Z Setup go version spec 1.25.0
make check (ubuntu-latest)	Install pinned Go toolchain for optional TaskMesh	2026-09-15T11:20:59.6390003Z Attempting to download 1.25.0...
make check (ubuntu-latest)	Install pinned Go toolchain for optional TaskMesh	2026-09-15T11:21:00.1110676Z matching 1.25.0...
make check (ubuntu-latest)	Install pinned Go toolchain for optional TaskMesh	2026-09-15T11:21:00.1124289Z Acquiring 1.25.0 from https://github.com/actions/go-versions/releases/download/1.25.0-16925932082/go-1.25.0-linux-x64.tar.gz
make check (ubuntu-latest)	Install pinned Go toolchain for optional TaskMesh	2026-09-15T11:21:00.5027356Z Extracting Go...
make check (ubuntu-latest)	Install pinned Go toolchain for optional TaskMesh	2026-09-15T11:21:00.5158947Z [command]/usr/bin/tar xz --warning=no-unknown-keyword --overwrite -C /home/runner/work/_temp/12ba1e5f-2003-4532-aaa8-8a49d4b0a275 -f /home/runner/work/_temp/e6e55486-ab45-4aa4-9b1c-e695778f0c5a
make check (ubuntu-latest)	Install pinned Go toolchain for optional TaskMesh	2026-09-15T11:21:01.9919779Z Successfully extracted go to /home/runner/work/_temp/12ba1e5f-2003-4532-aaa8-8a49d4b0a275
make check (ubuntu-latest)	Install pinned Go toolchain for optional TaskMesh	2026-09-15T11:21:01.9921209Z Adding to the cache ...
make check (ubuntu-latest)	Install pinned Go toolchain for optional TaskMesh	2026-09-15T11:21:07.2370727Z Successfully cached go to /opt/hostedtoolcache/go/1.25.0/x64
make check (ubuntu-latest)	Install pinned Go toolchain for optional TaskMesh	2026-09-15T11:21:07.2373897Z Added go to the path
make check (ubuntu-latest)	Install pinned Go toolchain for optional TaskMesh	2026-09-15T11:21:07.2375136Z Successfully set up Go version 1.25.0
make check (ubuntu-latest)	Install pinned Go toolchain for optional TaskMesh	2026-09-15T11:21:07.2571975Z [command]/opt/hostedtoolcache/go/1.25.0/x64/bin/go env GOMODCACHE
make check (ubuntu-latest)	Install pinned Go toolchain for optional TaskMesh	2026-09-15T11:21:07.2609284Z [command]/opt/hostedtoolcache/go/1.25.0/x64/bin/go env GOCACHE
make check (ubuntu-latest)	Install pinned Go toolchain for optional TaskMesh	2026-09-15T11:21:07.2640155Z /home/runner/go/pkg/mod
make check (ubuntu-latest)	Install pinned Go toolchain for optional TaskMesh	2026-09-15T11:21:07.2654853Z /home/runner/.cache/go-build
make check (ubuntu-latest)	Install pinned Go toolchain for optional TaskMesh	2026-09-15T11:21:07.3286681Z Cache hit for: setup-go-Linux-x64-ubuntu24-go-1.25.0-177c9a629613f64b62ff3bce8b5249e61de06089c1d63967a2ef301279610df5
make check (ubuntu-latest)	Install pinned Go toolchain for optional TaskMesh	2026-09-15T11:21:07.8744931Z Received 104912598 of 104912598 (100.0%), 198.5 MBs/sec
make check (ubuntu-latest)	Install pinned Go toolchain for optional TaskMesh	2026-09-15T11:21:07.8752253Z Cache Size: ~100 MB (104912598 B)
make check (ubuntu-latest)	Install pinned Go toolchain for optional TaskMesh	2026-09-15T11:21:07.8864537Z [command]/usr/bin/tar -xf /home/runner/work/_temp/1f9472bc-ffb2-40a6-a685-8011f0f15430/cache.tzst -P -C /home/runner/work/task-spec/task-spec --use-compress-program unzstd
make check (ubuntu-latest)	Install pinned Go toolchain for optional TaskMesh	2026-09-15T11:21:08.7283667Z Cache restored successfully
make check (ubuntu-latest)	Install pinned Go toolchain for optional TaskMesh	2026-09-15T11:21:08.7337890Z Cache restored from key: setup-go-Linux-x64-ubuntu24-go-1.25.0-177c9a629613f64b62ff3bce8b5249e61de06089c1d63967a2ef301279610df5
make check (ubuntu-latest)	Install pinned Go toolchain for optional TaskMesh	2026-09-15T11:21:08.7363014Z go version go1.25.0 linux/amd64
make check (ubuntu-latest)	Install pinned Go toolchain for optional TaskMesh	2026-09-15T11:21:08.7363344Z 
make check (ubuntu-latest)	Install pinned Go toolchain for optional TaskMesh	2026-09-15T11:21:08.7363792Z ##[group]go env
make check (ubuntu-latest)	Install pinned Go toolchain for optional TaskMesh	2026-09-15T11:21:08.7877872Z AR='ar'
make check (ubuntu-latest)	Install pinned Go toolchain for optional TaskMesh	2026-09-15T11:21:08.7878433Z CC='gcc'
make check (ubuntu-latest)	Install pinned Go toolchain for optional TaskMesh	2026-09-15T11:21:08.7878932Z CGO_CFLAGS='-O2 -g'
make check (ubuntu-latest)	Install pinned Go toolchain for optional TaskMesh	2026-09-15T11:21:08.7879571Z CGO_CPPFLAGS=''
make check (ubuntu-latest)	Install pinned Go toolchain for optional TaskMesh	2026-09-15T11:21:08.7880176Z CGO_CXXFLAGS='-O2 -g'
make check (ubuntu-latest)	Install pinned Go toolchain for optional TaskMesh	2026-09-15T11:21:08.7880766Z CGO_ENABLED='1'
make check (ubuntu-latest)	Install pinned Go toolchain for optional TaskMesh	2026-09-15T11:21:08.7881492Z CGO_FFLAGS='-O2 -g'
make check (ubuntu-latest)	Install pinned Go toolchain for optional TaskMesh	2026-09-15T11:21:08.7882115Z CGO_LDFLAGS='-O2 -g'
make check (ubuntu-latest)	Install pinned Go toolchain for optional TaskMesh	2026-09-15T11:21:08.7882955Z CXX='g++'
make check (ubuntu-latest)	Install pinned Go toolchain for optional TaskMesh	2026-09-15T11:21:08.7883460Z GCCGO='gccgo'
make check (ubuntu-latest)	Install pinned Go toolchain for optional TaskMesh	2026-09-15T11:21:08.7883937Z GO111MODULE=''
make check (ubuntu-latest)	Install pinned Go toolchain for optional TaskMesh	2026-09-15T11:21:08.7884422Z GOAMD64='v1'
make check (ubuntu-latest)	Install pinned Go toolchain for optional TaskMesh	2026-09-15T11:21:08.7884975Z GOARCH='amd64'
make check (ubuntu-latest)	Install pinned Go toolchain for optional TaskMesh	2026-09-15T11:21:08.7885488Z GOAUTH='netrc'
make check (ubuntu-latest)	Install pinned Go toolchain for optional TaskMesh	2026-09-15T11:21:08.7885962Z GOBIN=''
make check (ubuntu-latest)	Install pinned Go toolchain for optional TaskMesh	2026-09-15T11:21:08.7886498Z GOCACHE='/home/runner/.cache/go-build'
make check (ubuntu-latest)	Install pinned Go toolchain for optional TaskMesh	2026-09-15T11:21:08.7887545Z GOCACHEPROG=''
make check (ubuntu-latest)	Install pinned Go toolchain for optional TaskMesh	2026-09-15T11:21:08.7888104Z GODEBUG=''
make check (ubuntu-latest)	Install pinned Go toolchain for optional TaskMesh	2026-09-15T11:21:08.7888635Z GOENV='/home/runner/.config/go/env'
make check (ubuntu-latest)	Install pinned Go toolchain for optional TaskMesh	2026-09-15T11:21:08.7889345Z GOEXE=''
make check (ubuntu-latest)	Install pinned Go toolchain for optional TaskMesh	2026-09-15T11:21:08.7889834Z GOEXPERIMENT=''
make check (ubuntu-latest)	Install pinned Go toolchain for optional TaskMesh	2026-09-15T11:21:08.7890405Z GOFIPS140='off'
make check (ubuntu-latest)	Install pinned Go toolchain for optional TaskMesh	2026-09-15T11:21:08.7891166Z GOFLAGS=''
make check (ubuntu-latest)	Install pinned Go toolchain for optional TaskMesh	2026-09-15T11:21:08.7892929Z GOGCCFLAGS='-fPIC -m64 -pthread -Wl,--no-gc-sections -fmessage-length=0 -ffile-prefix-map=/tmp/go-build2528286780=/tmp/go-build -gno-record-gcc-switches'
make check (ubuntu-latest)	Install pinned Go toolchain for optional TaskMesh	2026-09-15T11:21:08.7894261Z GOHOSTARCH='amd64'
make check (ubuntu-latest)	Install pinned Go toolchain for optional TaskMesh	2026-09-15T11:21:08.7894640Z GOHOSTOS='linux'
make check (ubuntu-latest)	Install pinned Go toolchain for optional TaskMesh	2026-09-15T11:21:08.7894994Z GOINSECURE=''
make check (ubuntu-latest)	Install pinned Go toolchain for optional TaskMesh	2026-09-15T11:21:08.7895521Z GOMOD='/home/runner/work/task-spec/task-spec/go.mod'
make check (ubuntu-latest)	Install pinned Go toolchain for optional TaskMesh	2026-09-15T11:21:08.7896161Z GOMODCACHE='/home/runner/go/pkg/mod'
make check (ubuntu-latest)	Install pinned Go toolchain for optional TaskMesh	2026-09-15T11:21:08.7896642Z GONOPROXY=''
make check (ubuntu-latest)	Install pinned Go toolchain for optional TaskMesh	2026-09-15T11:21:08.7897002Z GONOSUMDB=''
make check (ubuntu-latest)	Install pinned Go toolchain for optional TaskMesh	2026-09-15T11:21:08.7897729Z GOOS='linux'
make check (ubuntu-latest)	Install pinned Go toolchain for optional TaskMesh	2026-09-15T11:21:08.7898111Z GOPATH='/home/runner/go'
make check (ubuntu-latest)	Install pinned Go toolchain for optional TaskMesh	2026-09-15T11:21:08.7898551Z GOPRIVATE=''
make check (ubuntu-latest)	Install pinned Go toolchain for optional TaskMesh	2026-09-15T11:21:08.7898994Z GOPROXY='https://proxy.golang.org,direct'
make check (ubuntu-latest)	Install pinned Go toolchain for optional TaskMesh	2026-09-15T11:21:08.7899584Z GOROOT='/opt/hostedtoolcache/go/1.25.0/x64'
make check (ubuntu-latest)	Install pinned Go toolchain for optional TaskMesh	2026-09-15T11:21:08.7900074Z GOSUMDB='sum.golang.org'
make check (ubuntu-latest)	Install pinned Go toolchain for optional TaskMesh	2026-09-15T11:21:08.7900477Z GOTELEMETRY='local'
make check (ubuntu-latest)	Install pinned Go toolchain for optional TaskMesh	2026-09-15T11:21:08.7901166Z GOTELEMETRYDIR='/home/runner/.config/go/telemetry'
make check (ubuntu-latest)	Install pinned Go toolchain for optional TaskMesh	2026-09-15T11:21:08.7901708Z GOTMPDIR=''
make check (ubuntu-latest)	Install pinned Go toolchain for optional TaskMesh	2026-09-15T11:21:08.7902083Z GOTOOLCHAIN='local'
make check (ubuntu-latest)	Install pinned Go toolchain for optional TaskMesh	2026-09-15T11:21:08.7902730Z GOTOOLDIR='/opt/hostedtoolcache/go/1.25.0/x64/pkg/tool/linux_amd64'
make check (ubuntu-latest)	Install pinned Go toolchain for optional TaskMesh	2026-09-15T11:21:08.7903443Z GOVCS=''
make check (ubuntu-latest)	Install pinned Go toolchain for optional TaskMesh	2026-09-15T11:21:08.7903781Z GOVERSION='go1.25.0'
make check (ubuntu-latest)	Install pinned Go toolchain for optional TaskMesh	2026-09-15T11:21:08.7904153Z GOWORK=''
make check (ubuntu-latest)	Install pinned Go toolchain for optional TaskMesh	2026-09-15T11:21:08.7904497Z PKG_CONFIG='pkg-config'
make check (ubuntu-latest)	Install pinned Go toolchain for optional TaskMesh	2026-09-15T11:21:08.7904738Z 
make check (ubuntu-latest)	Install pinned Go toolchain for optional TaskMesh	2026-09-15T11:21:08.7905154Z ##[endgroup]
make check (ubuntu-latest)	Provision private locked decomposition runtime	﻿2026-09-15T11:21:08.8090344Z ##[group]Run bash bin/taskspec setup decompose
make check (ubuntu-latest)	Provision private locked decomposition runtime	2026-09-15T11:21:08.8091124Z [36;1mbash bin/taskspec setup decompose[0m
make check (ubuntu-latest)	Provision private locked decomposition runtime	2026-09-15T11:21:08.8133447Z shell: /usr/bin/bash -e {0}
make check (ubuntu-latest)	Provision private locked decomposition runtime	2026-09-15T11:21:08.8133796Z env:
make check (ubuntu-latest)	Provision private locked decomposition runtime	2026-09-15T11:21:08.8134051Z   GOTOOLCHAIN: local
make check (ubuntu-latest)	Provision private locked decomposition runtime	2026-09-15T11:21:08.8134349Z ##[endgroup]
make check (ubuntu-latest)	Provision private locked decomposition runtime	2026-09-15T11:21:12.9948644Z Collecting attrs==26.1.0 (from -r /home/runner/work/task-spec/task-spec/src/decompose/requirements.lock (line 2))
make check (ubuntu-latest)	Provision private locked decomposition runtime	2026-09-15T11:21:13.0229744Z   Downloading attrs-26.1.0-py3-none-any.whl (67 kB)
make check (ubuntu-latest)	Provision private locked decomposition runtime	2026-09-15T11:21:13.0345256Z      ━━━━━━━━━━━━━━━━━━━━━━━━━━━━━━━━━━━━━━━━ 67.5/67.5 kB 6.3 MB/s eta 0:00:00
make check (ubuntu-latest)	Provision private locked decomposition runtime	2026-09-15T11:21:13.0829514Z Collecting jsonschema==4.26.0 (from -r /home/runner/work/task-spec/task-spec/src/decompose/requirements.lock (line 5))
make check (ubuntu-latest)	Provision private locked decomposition runtime	2026-09-15T11:21:13.0893423Z   Downloading jsonschema-4.26.0-py3-none-any.whl (90 kB)
make check (ubuntu-latest)	Provision private locked decomposition runtime	2026-09-15T11:21:13.0942657Z      ━━━━━━━━━━━━━━━━━━━━━━━━━━━━━━━━━━━━━━━━ 90.6/90.6 kB 26.8 MB/s eta 0:00:00
make check (ubuntu-latest)	Provision private locked decomposition runtime	2026-09-15T11:21:13.1112425Z Collecting jsonschema-specifications==2025.9.1 (from -r /home/runner/work/task-spec/task-spec/src/decompose/requirements.lock (line 8))
make check (ubuntu-latest)	Provision private locked decomposition runtime	2026-09-15T11:21:13.1143696Z   Downloading jsonschema_specifications-2025.9.1-py3-none-any.whl (18 kB)
make check (ubuntu-latest)	Provision private locked decomposition runtime	2026-09-15T11:21:13.1595572Z Collecting PyYAML==6.0.3 (from -r /home/runner/work/task-spec/task-spec/src/decompose/requirements.lock (line 11))
make check (ubuntu-latest)	Provision private locked decomposition runtime	2026-09-15T11:21:13.1627507Z   Downloading pyyaml-6.0.3-cp312-cp312-manylinux2014_x86_64.manylinux_2_17_x86_64.manylinux_2_28_x86_64.whl (807 kB)
make check (ubuntu-latest)	Provision private locked decomposition runtime	2026-09-15T11:21:13.1721582Z      ━━━━━━━━━━━━━━━━━━━━━━━━━━━━━━━━━━━━━ 807.9/807.9 kB 110.7 MB/s eta 0:00:00
make check (ubuntu-latest)	Provision private locked decomposition runtime	2026-09-15T11:21:13.2064338Z Collecting referencing==0.37.0 (from -r /home/runner/work/task-spec/task-spec/src/decompose/requirements.lock (line 85))
make check (ubuntu-latest)	Provision private locked decomposition runtime	2026-09-15T11:21:13.2099350Z   Downloading referencing-0.37.0-py3-none-any.whl (26 kB)
make check (ubuntu-latest)	Provision private locked decomposition runtime	2026-09-15T11:21:13.5176656Z Collecting rpds-py==2026.6.3 (from -r /home/runner/work/task-spec/task-spec/src/decompose/requirements.lock (line 88))
make check (ubuntu-latest)	Provision private locked decomposition runtime	2026-09-15T11:21:13.5210567Z   Downloading rpds_py-2026.6.3-cp312-cp312-manylinux_2_17_x86_64.manylinux2014_x86_64.whl (366 kB)
make check (ubuntu-latest)	Provision private locked decomposition runtime	2026-09-15T11:21:13.5268959Z      ━━━━━━━━━━━━━━━━━━━━━━━━━━━━━━━━━━━━━━ 366.2/366.2 kB 93.9 MB/s eta 0:00:00
make check (ubuntu-latest)	Provision private locked decomposition runtime	2026-09-15T11:21:13.5500332Z Collecting typing_extensions==4.15.0 (from -r /home/runner/work/task-spec/task-spec/src/decompose/requirements.lock (line 205))
make check (ubuntu-latest)	Provision private locked decomposition runtime	2026-09-15T11:21:13.5528471Z   Downloading typing_extensions-4.15.0-py3-none-any.whl (44 kB)
make check (ubuntu-latest)	Provision private locked decomposition runtime	2026-09-15T11:21:13.5565531Z      ━━━━━━━━━━━━━━━━━━━━━━━━━━━━━━━━━━━━━━━━ 44.6/44.6 kB 17.1 MB/s eta 0:00:00
make check (ubuntu-latest)	Provision private locked decomposition runtime	2026-09-15T11:21:13.6219045Z Installing collected packages: typing_extensions, rpds-py, PyYAML, attrs, referencing, jsonschema-specifications, jsonschema
make check (ubuntu-latest)	Provision private locked decomposition runtime	2026-09-15T11:21:13.8442699Z Successfully installed PyYAML-6.0.3 attrs-26.1.0 jsonschema-4.26.0 jsonschema-specifications-2025.9.1 referencing-0.37.0 rpds-py-2026.6.3 typing_extensions-4.15.0
make check (ubuntu-latest)	Provision private locked decomposition runtime	2026-09-15T11:21:14.0309318Z {"contract": "TaskRuntimeSetup/v1", "ready": true, "path": "/home/runner/work/task-spec/task-spec/.taskspec/runtime/decompose", "lock_digest": "eb1adcfe1266108d7587d9a561bb57d482a2104efa871db46c6287095649ba33"}
make check (ubuntu-latest)	Install schema-fidelity consumer dependencies	﻿2026-09-15T11:21:14.0416316Z ##[group]Run python3 -m pip install --disable-pip-version-check --quiet --break-system-packages pyyaml==6.0.2 jsonschema==4.26.0
make check (ubuntu-latest)	Install schema-fidelity consumer dependencies	2026-09-15T11:21:14.0417504Z [36;1mpython3 -m pip install --disable-pip-version-check --quiet --break-system-packages pyyaml==6.0.2 jsonschema==4.26.0[0m
make check (ubuntu-latest)	Install schema-fidelity consumer dependencies	2026-09-15T11:21:14.0455675Z shell: /usr/bin/bash -e {0}
make check (ubuntu-latest)	Install schema-fidelity consumer dependencies	2026-09-15T11:21:14.0455999Z env:
make check (ubuntu-latest)	Install schema-fidelity consumer dependencies	2026-09-15T11:21:14.0456254Z   GOTOOLCHAIN: local
make check (ubuntu-latest)	Install schema-fidelity consumer dependencies	2026-09-15T11:21:14.0456538Z ##[endgroup]
make check (ubuntu-latest)	make check (includes isolated install-to-accept demo)	﻿2026-09-15T11:21:17.0823113Z ##[group]Run make check
make check (ubuntu-latest)	make check (includes isolated install-to-accept demo)	2026-09-15T11:21:17.0823459Z [36;1mmake check[0m
make check (ubuntu-latest)	make check (includes isolated install-to-accept demo)	2026-09-15T11:21:17.0859740Z shell: /usr/bin/bash -e {0}
make check (ubuntu-latest)	make check (includes isolated install-to-accept demo)	2026-09-15T11:21:17.0860087Z env:
make check (ubuntu-latest)	make check (includes isolated install-to-accept demo)	2026-09-15T11:21:17.0860362Z   GOTOOLCHAIN: local
make check (ubuntu-latest)	make check (includes isolated install-to-accept demo)	2026-09-15T11:21:17.0860673Z ##[endgroup]
make check (ubuntu-latest)	make check (includes isolated install-to-accept demo)	2026-09-15T11:21:17.1091588Z bash bin/taskspec doctor
make check (ubuntu-latest)	make check (includes isolated install-to-accept demo)	2026-09-15T11:21:17.1132123Z PASS  bash >= 3.2 (5.2.21(1)-release)
make check (ubuntu-latest)	make check (includes isolated install-to-accept demo)	2026-09-15T11:21:17.1160254Z PASS  git (2.55.0)
make check (ubuntu-latest)	make check (includes isolated install-to-accept demo)	2026-09-15T11:21:17.1185391Z PASS  python3 (3.12.3)
make check (ubuntu-latest)	make check (includes isolated install-to-accept demo)	2026-09-15T11:21:17.1186046Z PASS  SHA-256/HMAC provider
make check (ubuntu-latest)	make check (includes isolated install-to-accept demo)	2026-09-15T11:21:17.1187410Z PASS  shellcheck
make check (ubuntu-latest)	make check (includes isolated install-to-accept demo)	2026-09-15T11:21:17.1211438Z WARN  no signing key; run: taskspec setup signing
make check (ubuntu-latest)	make check (includes isolated install-to-accept demo)	2026-09-15T11:21:17.1212175Z DOCTOR=READY
make check (ubuntu-latest)	make check (includes isolated install-to-accept demo)	2026-09-15T11:21:17.1215295Z bash tests/lint-skill-docs.sh
make check (ubuntu-latest)	make check (includes isolated install-to-accept demo)	2026-09-15T11:21:17.2446559Z lint-skill-docs.sh (10 checks)
make check (ubuntu-latest)	make check (includes isolated install-to-accept demo)	2026-09-15T11:21:17.2447438Z ════════════════════════════════════════
make check (ubuntu-latest)	make check (includes isolated install-to-accept demo)	2026-09-15T11:21:17.2448002Z OK: VERSION, CHANGELOG.md, and src/lib/_lib.sh agree at v3.10.0
make check (ubuntu-latest)	make check (includes isolated install-to-accept demo)	2026-09-15T11:21:17.2448778Z bash tests/lint-docs.sh
make check (ubuntu-latest)	make check (includes isolated install-to-accept demo)	2026-09-15T11:21:17.8946795Z CLI_REFERENCE=OK
make check (ubuntu-latest)	make check (includes isolated install-to-accept demo)	2026-09-15T11:21:17.8995811Z lint-docs: OK
make check (ubuntu-latest)	make check (includes isolated install-to-accept demo)	2026-09-15T11:21:17.9010652Z set -e; for t in tests/test-*.sh; do bash "$t"; done
make check (ubuntu-latest)	make check (includes isolated install-to-accept demo)	2026-09-15T11:21:18.0230450Z PASS — dependency-aware leaf frontier and --all behavior
make check (ubuntu-latest)	make check (includes isolated install-to-accept demo)	2026-09-15T11:21:18.0777546Z PASS — collisions, dangling edges, cycles, and concurrency are reported
make check (ubuntu-latest)	make check (includes isolated install-to-accept demo)	2026-09-15T11:21:18.2021808Z PASS — archived dependencies, supersession blocking, advisory blocks, and deterministic graph views
make check (ubuntu-latest)	make check (includes isolated install-to-accept demo)	2026-09-15T11:21:18.5312146Z PASS — recursive task resolution and active write conflicts share one graph universe
make check (ubuntu-latest)	make check (includes isolated install-to-accept demo)	2026-09-15T11:21:18.6757659Z PASS — dependency closure includes leaf dependencies and composition ancestors only
make check (ubuntu-latest)	make check (includes isolated install-to-accept demo)	2026-09-15T11:21:18.6808288Z === (a) bash -n syntax check for every src/*/*.sh ===
make check (ubuntu-latest)	make check (includes isolated install-to-accept demo)	2026-09-15T11:21:18.6833440Z   ✓ syntax ok: accept/accept-task.sh
make check (ubuntu-latest)	make check (includes isolated install-to-accept demo)	2026-09-15T11:21:18.6853320Z   ✓ syntax ok: author/batch-generate.sh
make check (ubuntu-latest)	make check (includes isolated install-to-accept demo)	2026-09-15T11:21:18.6871939Z   ✓ syntax ok: author/generate-task-spec.sh
make check (ubuntu-latest)	make check (includes isolated install-to-accept demo)	2026-09-15T11:21:18.6888266Z   ✓ syntax ok: author/migrate-legacy-task.sh
make check (ubuntu-latest)	make check (includes isolated install-to-accept demo)	2026-09-15T11:21:18.6904467Z   ✓ syntax ok: backlog/archive.sh
make check (ubuntu-latest)	make check (includes isolated install-to-accept demo)	2026-09-15T11:21:18.6920317Z   ✓ syntax ok: backlog/backup-backlog.sh
make check (ubuntu-latest)	make check (includes isolated install-to-accept demo)	2026-09-15T11:21:18.6936716Z   ✓ syntax ok: backlog/install-hooks.sh
make check (ubuntu-latest)	make check (includes isolated install-to-accept demo)	2026-09-15T11:21:18.6952286Z   ✓ syntax ok: backlog/lint-backlog.sh
make check (ubuntu-latest)	make check (includes isolated install-to-accept demo)	2026-09-15T11:21:18.6969890Z   ✓ syntax ok: backlog/list-ready.sh
make check (ubuntu-latest)	make check (includes isolated install-to-accept demo)	2026-09-15T11:21:18.6987623Z   ✓ syntax ok: backlog/query-metrics.sh
make check (ubuntu-latest)	make check (includes isolated install-to-accept demo)	2026-09-15T11:21:18.7005088Z   ✓ syntax ok: backlog/rebuild-state.sh
make check (ubuntu-latest)	make check (includes isolated install-to-accept demo)	2026-09-15T11:21:18.7022769Z   ✓ syntax ok: backlog/transition-status.sh
make check (ubuntu-latest)	make check (includes isolated install-to-accept demo)	2026-09-15T11:21:18.7038489Z   ✓ syntax ok: decompose/launch.sh
make check (ubuntu-latest)	make check (includes isolated install-to-accept demo)	2026-09-15T11:21:18.7056798Z   ✓ syntax ok: dispatch/conformance-check.sh
make check (ubuntu-latest)	make check (includes isolated install-to-accept demo)	2026-09-15T11:21:18.7073967Z   ✓ syntax ok: dispatch/ref-executor.sh
make check (ubuntu-latest)	make check (includes isolated install-to-accept demo)	2026-09-15T11:21:18.7089974Z   ✓ syntax ok: gate/definition-of-done.sh
make check (ubuntu-latest)	make check (includes isolated install-to-accept demo)	2026-09-15T11:21:18.7109286Z   ✓ syntax ok: gate/run-task-spec.sh
make check (ubuntu-latest)	make check (includes isolated install-to-accept demo)	2026-09-15T11:21:18.7129748Z   ✓ syntax ok: gate/safe-to-delegate.sh
make check (ubuntu-latest)	make check (includes isolated install-to-accept demo)	2026-09-15T11:21:18.7169780Z   ✓ syntax ok: gate/validate-task-spec.sh
make check (ubuntu-latest)	make check (includes isolated install-to-accept demo)	2026-09-15T11:21:18.7201292Z   ✓ syntax ok: lib/_lib.sh
make check (ubuntu-latest)	make check (includes isolated install-to-accept demo)	2026-09-15T11:21:18.7216919Z   ✓ syntax ok: lib/install.sh
make check (ubuntu-latest)	make check (includes isolated install-to-accept demo)	2026-09-15T11:21:18.7233440Z   ✓ syntax ok: setup/demo.sh
make check (ubuntu-latest)	make check (includes isolated install-to-accept demo)	2026-09-15T11:21:18.7248916Z   ✓ syntax ok: setup/init.sh
make check (ubuntu-latest)	make check (includes isolated install-to-accept demo)	2026-09-15T11:21:18.7265038Z   ✓ syntax ok: setup/readiness.sh
make check (ubuntu-latest)	make check (includes isolated install-to-accept demo)	2026-09-15T11:21:18.7265942Z === (b) core-path scripts contain no bash-4-only constructs ===
make check (ubuntu-latest)	make check (includes isolated install-to-accept demo)	2026-09-15T11:21:18.7316930Z   ✓ gate/validate-task-spec.sh has no 'declare -A'
make check (ubuntu-latest)	make check (includes isolated install-to-accept demo)	2026-09-15T11:21:18.7336249Z   ✓ gate/validate-task-spec.sh has no mapfile/readarray
make check (ubuntu-latest)	make check (includes isolated install-to-accept demo)	2026-09-15T11:21:18.7369513Z   ✓ gate/safe-to-delegate.sh has no 'declare -A'
make check (ubuntu-latest)	make check (includes isolated install-to-accept demo)	2026-09-15T11:21:18.7386112Z   ✓ gate/safe-to-delegate.sh has no mapfile/readarray
make check (ubuntu-latest)	make check (includes isolated install-to-accept demo)	2026-09-15T11:21:18.7418296Z   ✓ gate/run-task-spec.sh has no 'declare -A'
make check (ubuntu-latest)	make check (includes isolated install-to-accept demo)	2026-09-15T11:21:18.7435216Z   ✓ gate/run-task-spec.sh has no mapfile/readarray
make check (ubuntu-latest)	make check (includes isolated install-to-accept demo)	2026-09-15T11:21:18.7473219Z   ✓ lib/_lib.sh has no 'declare -A'
make check (ubuntu-latest)	make check (includes isolated install-to-accept demo)	2026-09-15T11:21:18.7490360Z   ✓ lib/_lib.sh has no mapfile/readarray
make check (ubuntu-latest)	make check (includes isolated install-to-accept demo)	2026-09-15T11:21:18.7491271Z === (c) aux scripts call ts_require_bash4 ===
make check (ubuntu-latest)	make check (includes isolated install-to-accept demo)	2026-09-15T11:21:18.7504474Z   ✓ backlog/query-metrics.sh calls ts_require_bash4
make check (ubuntu-latest)	make check (includes isolated install-to-accept demo)	2026-09-15T11:21:18.7505302Z === (d) conformance runner + adapters are bash-3.2-clean ===
make check (ubuntu-latest)	make check (includes isolated install-to-accept demo)	2026-09-15T11:21:18.7526930Z   ✓ syntax ok: conformance/run_conformance.sh
make check (ubuntu-latest)	make check (includes isolated install-to-accept demo)	2026-09-15T11:21:18.7574046Z   ✓ conformance/run_conformance.sh has no bash-4-only constructs
make check (ubuntu-latest)	make check (includes isolated install-to-accept demo)	2026-09-15T11:21:18.7590225Z   ✓ syntax ok: conformance/adapters/self.sh
make check (ubuntu-latest)	make check (includes isolated install-to-accept demo)	2026-09-15T11:21:18.7635488Z   ✓ conformance/adapters/self.sh has no bash-4-only constructs
make check (ubuntu-latest)	make check (includes isolated install-to-accept demo)	2026-09-15T11:21:18.7636382Z 
make check (ubuntu-latest)	make check (includes isolated install-to-accept demo)	2026-09-15T11:21:18.7636687Z ========================================
make check (ubuntu-latest)	make check (includes isolated install-to-accept demo)	2026-09-15T11:21:18.7637532Z Results: 37 passed, 0 failed
make check (ubuntu-latest)	make check (includes isolated install-to-accept demo)	2026-09-15T11:21:18.7638294Z ========================================
make check (ubuntu-latest)	make check (includes isolated install-to-accept demo)	2026-09-15T11:21:18.8358266Z ok    new requires slug and effort
make check (ubuntu-latest)	make check (includes isolated install-to-accept demo)	2026-09-15T11:21:18.9061133Z ok    new rejects an unknown option
make check (ubuntu-latest)	make check (includes isolated install-to-accept demo)	2026-09-15T11:21:18.9759168Z ok    new requires --format value
make check (ubuntu-latest)	make check (includes isolated install-to-accept demo)	2026-09-15T11:21:19.0447554Z ok    metrics rejects an unknown option
make check (ubuntu-latest)	make check (includes isolated install-to-accept demo)	2026-09-15T11:21:19.1135767Z ok    metrics requires --since value
make check (ubuntu-latest)	make check (includes isolated install-to-accept demo)	2026-09-15T11:21:19.1136478Z CLI_USAGE=PASS checks=5
make check (ubuntu-latest)	make check (includes isolated install-to-accept demo)	2026-09-15T11:21:29.3985802Z PASS — isolated demo reaches independent acceptance
make check (ubuntu-latest)	make check (includes isolated install-to-accept demo)	2026-09-15T11:21:29.4582326Z == effort sizing and composition ==
make check (ubuntu-latest)	make check (includes isolated install-to-accept demo)	2026-09-15T11:21:29.7375144Z ok    XS leaf                     
make check (ubuntu-latest)	make check (includes isolated install-to-accept demo)	2026-09-15T11:21:30.0186667Z ok    S leaf union budget         
make check (ubuntu-latest)	make check (includes isolated install-to-accept demo)	2026-09-15T11:21:30.2981536Z ok    M leaf                      
make check (ubuntu-latest)	make check (includes isolated install-to-accept demo)	2026-09-15T11:21:30.5805921Z ok    L long horizon              
make check (ubuntu-latest)	make check (includes isolated install-to-accept demo)	2026-09-15T11:21:30.8704951Z ok    L wrong backend             
make check (ubuntu-latest)	make check (includes isolated install-to-accept demo)	2026-09-15T11:21:31.1563016Z ok    S over budget warns         
make check (ubuntu-latest)	make check (includes isolated install-to-accept demo)	2026-09-15T11:21:31.4472594Z ok    leaf cannot have children   
make check (ubuntu-latest)	make check (includes isolated install-to-accept demo)	2026-09-15T11:21:31.7272980Z ok    XL needs children           
make check (ubuntu-latest)	make check (includes isolated install-to-accept demo)	2026-09-15T11:21:32.0190135Z ok    XXL needs three children    
make check (ubuntu-latest)	make check (includes isolated install-to-accept demo)	2026-09-15T11:21:32.3100437Z ok    XL composition node         
make check (ubuntu-latest)	make check (includes isolated install-to-accept demo)	2026-09-15T11:21:32.6023873Z ok    XXL composition node        
make check (ubuntu-latest)	make check (includes isolated install-to-accept demo)	2026-09-15T11:21:32.8905824Z ok    node owns no writes         
make check (ubuntu-latest)	make check (includes isolated install-to-accept demo)	2026-09-15T11:21:33.1793446Z ok    invalid child id            
make check (ubuntu-latest)	make check (includes isolated install-to-accept demo)	2026-09-15T11:21:33.4576492Z ok    unknown size                
make check (ubuntu-latest)	make check (includes isolated install-to-accept demo)	2026-09-15T11:21:33.4576816Z 
make check (ubuntu-latest)	make check (includes isolated install-to-accept demo)	2026-09-15T11:21:33.4577200Z PASS — all 14 sizing rows green.
make check (ubuntu-latest)	make check (includes isolated install-to-accept demo)	2026-09-15T11:21:41.1010475Z ENGINE_MATRIX_V2=READY
make check (ubuntu-latest)	make check (includes isolated install-to-accept demo)	2026-09-15T11:21:41.4915925Z ENVIRONMENT_ATTESTATION=READY
make check (ubuntu-latest)	make check (includes isolated install-to-accept demo)	2026-09-15T11:21:41.5082517Z ═══ test-extractor-fuzz.sh (adversarial extract-and-run, v3.10.0) ═══
make check (ubuntu-latest)	make check (includes isolated install-to-accept demo)	2026-09-15T11:21:41.5083648Z ── (A) extraction correctness ──
make check (ubuntu-latest)	make check (includes isolated install-to-accept demo)	2026-09-15T11:21:41.6774326Z   ✓ A:arith-shift extracted
make check (ubuntu-latest)	make check (includes isolated install-to-accept demo)	2026-09-15T11:21:41.8498322Z   ✓ A:heredoc-EOF-bash extracted
make check (ubuntu-latest)	make check (includes isolated install-to-accept demo)	2026-09-15T11:21:42.0209494Z   ✓ A:heredoc-fake-fence extracted
make check (ubuntu-latest)	make check (includes isolated install-to-accept demo)	2026-09-15T11:21:42.2033251Z   ✓ A:heredoc-fake-header extracted
make check (ubuntu-latest)	make check (includes isolated install-to-accept demo)	2026-09-15T11:21:42.3799025Z   ✓ A:nested-heredoc extracted
make check (ubuntu-latest)	make check (includes isolated install-to-accept demo)	2026-09-15T11:21:42.6143653Z   ✓ A:heredoc-dquote extracted
make check (ubuntu-latest)	make check (includes isolated install-to-accept demo)	2026-09-15T11:21:42.6144290Z ── (B) robustness invariant (no hang, no raw-error leak) ──
make check (ubuntu-latest)	make check (includes isolated install-to-accept demo)	2026-09-15T11:21:42.8010757Z   ✓ B:emoji-body clean (EXTRACTED)
make check (ubuntu-latest)	make check (includes isolated install-to-accept demo)	2026-09-15T11:21:43.0614428Z   ✓ B:two-evals clean (EXTRACTED)
make check (ubuntu-latest)	make check (includes isolated install-to-accept demo)	2026-09-15T11:21:43.2299638Z   ✓ B:unbalanced-brace clean (EXTRACTED)
make check (ubuntu-latest)	make check (includes isolated install-to-accept demo)	2026-09-15T11:21:43.3998525Z   ✓ B:fence-in-string clean (EXTRACTED)
make check (ubuntu-latest)	make check (includes isolated install-to-accept demo)	2026-09-15T11:21:43.5713590Z   ✓ B:header-looking-cmd clean (EXTRACTED)
make check (ubuntu-latest)	make check (includes isolated install-to-accept demo)	2026-09-15T11:21:43.7433251Z   ✓ B:backtick-cmd clean (EXTRACTED)
make check (ubuntu-latest)	make check (includes isolated install-to-accept demo)	2026-09-15T11:21:43.9118552Z   ✓ B:comment-only clean (EXTRACTED)
make check (ubuntu-latest)	make check (includes isolated install-to-accept demo)	2026-09-15T11:21:44.0831494Z   ✓ B:exit-in-eval clean (EXTRACTED)
make check (ubuntu-latest)	make check (includes isolated install-to-accept demo)	2026-09-15T11:21:44.2550426Z   ✓ B:reads-stdin clean (EXTRACTED)
make check (ubuntu-latest)	make check (includes isolated install-to-accept demo)	2026-09-15T11:21:44.4321464Z   ✓ B:many-heredocs clean (EXTRACTED)
make check (ubuntu-latest)	make check (includes isolated install-to-accept demo)	2026-09-15T11:21:44.4322414Z ── (C) exit-check robustness (defense-in-depth, no hang on malformed Exit Check) ──
make check (ubuntu-latest)	make check (includes isolated install-to-accept demo)	2026-09-15T11:21:44.6010758Z   ✓ C:ec-unbalanced-quote clean (EXTRACTED)
make check (ubuntu-latest)	make check (includes isolated install-to-accept demo)	2026-09-15T11:21:44.7667510Z   ✓ C:ec-unbalanced-btick clean (EXTRACTED)
make check (ubuntu-latest)	make check (includes isolated install-to-accept demo)	2026-09-15T11:21:44.9365348Z   ✓ C:ec-heredoc-no-close clean (EXTRACTED)
make check (ubuntu-latest)	make check (includes isolated install-to-accept demo)	2026-09-15T11:21:44.9382879Z 
make check (ubuntu-latest)	make check (includes isolated install-to-accept demo)	2026-09-15T11:21:44.9383166Z ========================================
make check (ubuntu-latest)	make check (includes isolated install-to-accept demo)	2026-09-15T11:21:44.9383649Z Results: 19 passed, 0 failed
make check (ubuntu-latest)	make check (includes isolated install-to-accept demo)	2026-09-15T11:21:44.9384028Z ========================================
make check (ubuntu-latest)	make check (includes isolated install-to-accept demo)	2026-09-15T11:21:44.9454473Z ═══ test-hmac-envelope.sh (TaskAuthorization/v3 suite) ═══
make check (ubuntu-latest)	make check (includes isolated install-to-accept demo)	2026-09-15T11:21:44.9455289Z ── Scenario 1: Tier 1 stamp-then-verify ──
make check (ubuntu-latest)	make check (includes isolated install-to-accept demo)	2026-09-15T11:21:46.0597499Z   ✓ S1 sealed
make check (ubuntu-latest)	make check (includes isolated install-to-accept demo)	2026-09-15T11:21:46.0598089Z   ✓ S1 sig-format
make check (ubuntu-latest)	make check (includes isolated install-to-accept demo)	2026-09-15T11:21:46.0598470Z   ✓ S1 verify-tier1
make check (ubuntu-latest)	make check (includes isolated install-to-accept demo)	2026-09-15T11:21:46.0618320Z ── Scenario 2: Tier 3 tampered body ──
make check (ubuntu-latest)	make check (includes isolated install-to-accept demo)	2026-09-15T11:21:47.5740056Z   ✓ S2 pre-tamper-tier1
make check (ubuntu-latest)	make check (includes isolated install-to-accept demo)	2026-09-15T11:21:47.5740732Z   ✓ S2 tamper-caught-tier3
make check (ubuntu-latest)	make check (includes isolated install-to-accept demo)	2026-09-15T11:21:47.5759736Z ── Scenario 3: Tier 3 envelope tamper / wrong key / malformed ──
make check (ubuntu-latest)	make check (includes isolated install-to-accept demo)	2026-09-15T11:21:50.5718801Z   ✓ S3 envelope-value-tamper
make check (ubuntu-latest)	make check (includes isolated install-to-accept demo)	2026-09-15T11:21:50.5719293Z   ✓ S3 wrong-key-tier3
make check (ubuntu-latest)	make check (includes isolated install-to-accept demo)	2026-09-15T11:21:50.5719666Z   ✓ S3 malformed-sig-tier3
make check (ubuntu-latest)	make check (includes isolated install-to-accept demo)	2026-09-15T11:21:50.5739003Z ── Scenario 4: Tier 2 no-key degrade ──
make check (ubuntu-latest)	make check (includes isolated install-to-accept demo)	2026-09-15T11:21:52.0075123Z   ✓ S4 no-key-tier2
make check (ubuntu-latest)	make check (includes isolated install-to-accept demo)	2026-09-15T11:21:52.0076034Z   ✓ S4 legacy-nosig-tier2
make check (ubuntu-latest)	make check (includes isolated install-to-accept demo)	2026-09-15T11:21:52.0095455Z ── Scenario 5: portability floor (crypto masked) ──
make check (ubuntu-latest)	make check (includes isolated install-to-accept demo)	2026-09-15T11:21:53.7461765Z   ✓ S5 provider-none
make check (ubuntu-latest)	make check (includes isolated install-to-accept demo)	2026-09-15T11:21:53.7462295Z   ✓ S5 masked-stamp-stdlib-hmac
make check (ubuntu-latest)	make check (includes isolated install-to-accept demo)	2026-09-15T11:21:53.7462770Z   ✓ S5 masked-verify-tier2
make check (ubuntu-latest)	make check (includes isolated install-to-accept demo)	2026-09-15T11:21:53.7483669Z ── Scenario 6: .git/info key fallback ──
make check (ubuntu-latest)	make check (includes isolated install-to-accept demo)	2026-09-15T11:21:54.9007617Z   ✓ S6 keyfile-written
make check (ubuntu-latest)	make check (includes isolated install-to-accept demo)	2026-09-15T11:21:54.9008465Z   ✓ S6 gitinfo-stamp-sealed
make check (ubuntu-latest)	make check (includes isolated install-to-accept demo)	2026-09-15T11:21:54.9009437Z   ✓ S6 gitinfo-verify-tier1
make check (ubuntu-latest)	make check (includes isolated install-to-accept demo)	2026-09-15T11:21:54.9027741Z ── Scenario 7: injection-safe --stamp-by ──
make check (ubuntu-latest)	make check (includes isolated install-to-accept demo)	2026-09-15T11:22:00.4245943Z   ✓ S7 literal-verbatim-tier1 [build|42]
make check (ubuntu-latest)	make check (includes isolated install-to-accept demo)	2026-09-15T11:22:00.4246915Z   ✓ S7 literal-verbatim-tier1 [a&b]
make check (ubuntu-latest)	make check (includes isolated install-to-accept demo)	2026-09-15T11:22:00.4247868Z   ✓ S7 literal-verbatim-tier1 [team/build]
make check (ubuntu-latest)	make check (includes isolated install-to-accept demo)	2026-09-15T11:22:00.4248804Z   ✓ S7 literal-verbatim-tier1 [X|p;s|.*|INJECTED]
make check (ubuntu-latest)	make check (includes isolated install-to-accept demo)	2026-09-15T11:22:00.4249484Z   ✓ S7 literal-verbatim-tier1 [name with space]
make check (ubuntu-latest)	make check (includes isolated install-to-accept demo)	2026-09-15T11:22:00.4267462Z ── Scenario 8: --require-tier1 enforcement + TIER= line ──
make check (ubuntu-latest)	make check (includes isolated install-to-accept demo)	2026-09-15T11:22:02.2188121Z   ✓ S8 tier1-require-passes
make check (ubuntu-latest)	make check (includes isolated install-to-accept demo)	2026-09-15T11:22:02.2188712Z   ✓ S8 tier2-require-blocks
make check (ubuntu-latest)	make check (includes isolated install-to-accept demo)	2026-09-15T11:22:02.2191605Z   ✓ S8 tier2-noflag-delegates
make check (ubuntu-latest)	make check (includes isolated install-to-accept demo)	2026-09-15T11:22:02.2208729Z ── Scenario 9: ts_set_frontmatter_field newline + malformed + backslash-escape ──
make check (ubuntu-latest)	make check (includes isolated install-to-accept demo)	2026-09-15T11:22:02.2725388Z   ✓ S9 newline-rejected-file-untouched
make check (ubuntu-latest)	make check (includes isolated install-to-accept demo)	2026-09-15T11:22:02.2726349Z   ✓ S9 malformed-frontmatter-hard-fails
make check (ubuntu-latest)	make check (includes isolated install-to-accept demo)	2026-09-15T11:22:02.2727422Z   ✓ S9 backslash-n-written-verbatim-no-injection
make check (ubuntu-latest)	make check (includes isolated install-to-accept demo)	2026-09-15T11:22:02.2728780Z   ✓ S9 symlink-temp-path-defused
make check (ubuntu-latest)	make check (includes isolated install-to-accept demo)	2026-09-15T11:22:02.2739895Z ── Scenario 10: envelope v3 authorization boundary ──
make check (ubuntu-latest)	make check (includes isolated install-to-accept demo)	2026-09-15T11:22:03.2961882Z   ✓ S10 scope-widening-caught
make check (ubuntu-latest)	make check (includes isolated install-to-accept demo)	2026-09-15T11:22:04.3207818Z   ✓ S10 dependency-change-caught
make check (ubuntu-latest)	make check (includes isolated install-to-accept demo)	2026-09-15T11:22:05.3384538Z   ✓ S10 budget-raise-caught
make check (ubuntu-latest)	make check (includes isolated install-to-accept demo)	2026-09-15T11:22:06.3587260Z   ✓ S10 agent-change-caught
make check (ubuntu-latest)	make check (includes isolated install-to-accept demo)	2026-09-15T11:22:07.3885893Z   ✓ S10 backend-reroute-caught
make check (ubuntu-latest)	make check (includes isolated install-to-accept demo)	2026-09-15T11:22:08.5039359Z   ✓ S10 status-change-allowed
make check (ubuntu-latest)	make check (includes isolated install-to-accept demo)	2026-09-15T11:22:09.6210521Z   ✓ S10 tracker-writeback-allowed
make check (ubuntu-latest)	make check (includes isolated install-to-accept demo)	2026-09-15T11:22:09.6232085Z ── Scenario 11: legacy v1 verification and re-stamp ──
make check (ubuntu-latest)	make check (includes isolated install-to-accept demo)	2026-09-15T11:22:12.6578728Z   ✓ S11 legacy-v1-tier2
make check (ubuntu-latest)	make check (includes isolated install-to-accept demo)	2026-09-15T11:22:12.6579439Z   ✓ S11 legacy-restamped-v3
make check (ubuntu-latest)	make check (includes isolated install-to-accept demo)	2026-09-15T11:22:12.6580052Z   ✓ S11 legacy-v2-tier2
make check (ubuntu-latest)	make check (includes isolated install-to-accept demo)	2026-09-15T11:22:12.6580657Z   ✓ S11 legacy-v2-restamped-v3
make check (ubuntu-latest)	make check (includes isolated install-to-accept demo)	2026-09-15T11:22:12.6600048Z ── Scenario 12: re-stamp an amended spec ──
make check (ubuntu-latest)	make check (includes isolated install-to-accept demo)	2026-09-15T11:22:14.3939430Z   ✓ S12 edit-breaks-seal
make check (ubuntu-latest)	make check (includes isolated install-to-accept demo)	2026-09-15T11:22:14.3940311Z   ✓ S12 amendment-resealed
make check (ubuntu-latest)	make check (includes isolated install-to-accept demo)	2026-09-15T11:22:14.3940746Z 
make check (ubuntu-latest)	make check (includes isolated install-to-accept demo)	2026-09-15T11:22:14.3942046Z ========================================
make check (ubuntu-latest)	make check (includes isolated install-to-accept demo)	2026-09-15T11:22:14.3942738Z Results: 41 passed, 0 failed
make check (ubuntu-latest)	make check (includes isolated install-to-accept demo)	2026-09-15T11:22:14.3943320Z ========================================
make check (ubuntu-latest)	make check (includes isolated install-to-accept demo)	2026-09-15T11:22:21.3880049Z MESH_ADAPTERS=READY
make check (ubuntu-latest)	make check (includes isolated install-to-accept demo)	2026-09-15T11:22:26.3990711Z MESH_COCKPIT=READY
make check (ubuntu-latest)	make check (includes isolated install-to-accept demo)	2026-09-15T11:22:32.6893789Z ok  	github.com/luanmorenomaciel/task-spec/mesh/cmd/taskspec-meshd	0.016s
make check (ubuntu-latest)	make check (includes isolated install-to-accept demo)	2026-09-15T11:22:34.6623683Z ok  	github.com/luanmorenomaciel/task-spec/mesh/internal/mesh	1.971s
make check (ubuntu-latest)	make check (includes isolated install-to-accept demo)	2026-09-15T11:22:40.3293801Z MESH_CONTRACTS=READY
make check (ubuntu-latest)	make check (includes isolated install-to-accept demo)	2026-09-15T11:22:41.6814781Z MESH_DAEMON=READY
make check (ubuntu-latest)	make check (includes isolated install-to-accept demo)	2026-09-15T11:22:49.5940318Z MESH_LEASES=READY
make check (ubuntu-latest)	make check (includes isolated install-to-accept demo)	2026-09-15T11:22:57.1446069Z MESH_ROUTING_INTEGRATION=READY
make check (ubuntu-latest)	make check (includes isolated install-to-accept demo)	2026-09-15T11:23:03.4267074Z MESH_ADAPTERS=READY
make check (ubuntu-latest)	make check (includes isolated install-to-accept demo)	2026-09-15T11:23:08.4703263Z MESH_COCKPIT=READY
make check (ubuntu-latest)	make check (includes isolated install-to-accept demo)	2026-09-15T11:23:08.4764826Z MESH_RECOVERY=READY
make check (ubuntu-latest)	make check (includes isolated install-to-accept demo)	2026-09-15T11:23:08.4767822Z MESH_CONFORMANCE=READY
make check (ubuntu-latest)	make check (includes isolated install-to-accept demo)	2026-09-15T11:23:09.2614505Z MESH_CONTRACTS=READY
make check (ubuntu-latest)	make check (includes isolated install-to-accept demo)	2026-09-15T11:23:10.6198187Z MESH_DAEMON=READY
make check (ubuntu-latest)	make check (includes isolated install-to-accept demo)	2026-09-15T11:23:15.6574090Z MESH_COCKPIT=READY
make check (ubuntu-latest)	make check (includes isolated install-to-accept demo)	2026-09-15T11:23:15.6658017Z MESH_DEMO=READY
make check (ubuntu-latest)	make check (includes isolated install-to-accept demo)	2026-09-15T11:23:38.0738062Z INSTALL=OK
make check (ubuntu-latest)	make check (includes isolated install-to-accept demo)	2026-09-15T11:23:38.0738679Z MESH_INSTALL=READY
make check (ubuntu-latest)	make check (includes isolated install-to-accept demo)	2026-09-15T11:24:06.7265741Z MESH_ISOLATION=READY
make check (ubuntu-latest)	make check (includes isolated install-to-accept demo)	2026-09-15T11:24:14.6766212Z MESH_LEASES=READY
make check (ubuntu-latest)	make check (includes isolated install-to-accept demo)	2026-09-15T11:24:22.1880545Z MESH_ROUTING_INTEGRATION=READY
make check (ubuntu-latest)	make check (includes isolated install-to-accept demo)	2026-09-15T11:24:22.2068210Z ═══ Step 1: Install the agent surface into a fresh tempdir ═══
make check (ubuntu-latest)	make check (includes isolated install-to-accept demo)	2026-09-15T11:24:22.4490610Z   ✓ install.sh succeeded
make check (ubuntu-latest)	make check (includes isolated install-to-accept demo)	2026-09-15T11:24:22.4492295Z   ✓ installed: agents/task-architect.md
make check (ubuntu-latest)	make check (includes isolated install-to-accept demo)	2026-09-15T11:24:22.4493370Z   ✓ installed: skills/task-spec/SKILL.md
make check (ubuntu-latest)	make check (includes isolated install-to-accept demo)	2026-09-15T11:24:22.4508752Z 
make check (ubuntu-latest)	make check (includes isolated install-to-accept demo)	2026-09-15T11:24:22.4509360Z ═══ Step 2: --version reports task-spec v3.10.0 ═══
make check (ubuntu-latest)	make check (includes isolated install-to-accept demo)	2026-09-15T11:24:22.4573559Z   ✓ install --version → task-spec v3.10.0
make check (ubuntu-latest)	make check (includes isolated install-to-accept demo)	2026-09-15T11:24:22.4664634Z   ✓ validate-task-spec --version → task-spec v3.10.0
make check (ubuntu-latest)	make check (includes isolated install-to-accept demo)	2026-09-15T11:24:22.4753373Z   ✓ safe-to-delegate --version → task-spec v3.10.0
make check (ubuntu-latest)	make check (includes isolated install-to-accept demo)	2026-09-15T11:24:22.4841199Z   ✓ generate-task-spec --version → task-spec v3.10.0
make check (ubuntu-latest)	make check (includes isolated install-to-accept demo)	2026-09-15T11:24:22.4928004Z   ✓ list-ready --version → task-spec v3.10.0
make check (ubuntu-latest)	make check (includes isolated install-to-accept demo)	2026-09-15T11:24:22.4928464Z 
make check (ubuntu-latest)	make check (includes isolated install-to-accept demo)	2026-09-15T11:24:22.4928777Z ═══ Step 3: GENERATE a spec ═══
make check (ubuntu-latest)	make check (includes isolated install-to-accept demo)	2026-09-15T11:24:22.6517814Z   ✓ generator wrote a spec
make check (ubuntu-latest)	make check (includes isolated install-to-accept demo)	2026-09-15T11:24:22.6534680Z   ✓ generator stamped version 3.10.0
make check (ubuntu-latest)	make check (includes isolated install-to-accept demo)	2026-09-15T11:24:22.6551231Z   ✓ generator printed --stamp breadcrumb
make check (ubuntu-latest)	make check (includes isolated install-to-accept demo)	2026-09-15T11:24:22.6571383Z   ✓ spec file present at tasks/T-20260915-e2e-health-endpoint.md
make check (ubuntu-latest)	make check (includes isolated install-to-accept demo)	2026-09-15T11:24:22.6572094Z 
make check (ubuntu-latest)	make check (includes isolated install-to-accept demo)	2026-09-15T11:24:22.6572550Z ═══ Step 4: Fill stubs (synthesize a minimal valid spec) ═══
make check (ubuntu-latest)	make check (includes isolated install-to-accept demo)	2026-09-15T11:24:22.6596118Z captured spec id: T-20260915-e2e-health-endpoint
make check (ubuntu-latest)	make check (includes isolated install-to-accept demo)	2026-09-15T11:24:23.0604974Z   ✓ validate-task-spec.sh exits 0 on synthesized spec
make check (ubuntu-latest)	make check (includes isolated install-to-accept demo)	2026-09-15T11:24:23.0605432Z 
make check (ubuntu-latest)	make check (includes isolated install-to-accept demo)	2026-09-15T11:24:23.0606041Z ═══ Step 5: GATE (taskspec gate --stamp) ═══
make check (ubuntu-latest)	make check (includes isolated install-to-accept demo)	2026-09-15T11:24:23.6254594Z   ✓ gate reported DELEGATE
make check (ubuntu-latest)	make check (includes isolated install-to-accept demo)	2026-09-15T11:24:23.6269735Z   ✓ gate stamped signed_off:true
make check (ubuntu-latest)	make check (includes isolated install-to-accept demo)	2026-09-15T11:24:23.6343095Z   ✓ spec frontmatter signed_off: true
make check (ubuntu-latest)	make check (includes isolated install-to-accept demo)	2026-09-15T11:24:23.6343680Z   ✓ spec frontmatter signed_off_by: e2e-test
make check (ubuntu-latest)	make check (includes isolated install-to-accept demo)	2026-09-15T11:24:23.6344716Z   ✓ spec frontmatter signed_off_at is ISO-8601
make check (ubuntu-latest)	make check (includes isolated install-to-accept demo)	2026-09-15T11:24:24.0437366Z   ✓ validate accepts the stamped spec (sign-off envelope OK)
make check (ubuntu-latest)	make check (includes isolated install-to-accept demo)	2026-09-15T11:24:24.0438036Z 
make check (ubuntu-latest)	make check (includes isolated install-to-accept demo)	2026-09-15T11:24:24.0438511Z ═══ Step 6: Schema fidelity (Python consumer) ═══
make check (ubuntu-latest)	make check (includes isolated install-to-accept demo)	2026-09-15T11:24:24.0453025Z   ✓ copied golden fixture into tempdir
make check (ubuntu-latest)	make check (includes isolated install-to-accept demo)	2026-09-15T11:24:24.0454304Z   ✓ python consumer present at docs/examples/consume-task-spec.py
make check (ubuntu-latest)	make check (includes isolated install-to-accept demo)	2026-09-15T11:24:24.0455813Z   ✓ python consumer canonical schemas are packaged under spec/schemas
make check (ubuntu-latest)	make check (includes isolated install-to-accept demo)	2026-09-15T11:24:24.1746433Z   ✓ python consumer parsed golden fixture (exit 0)
make check (ubuntu-latest)	make check (includes isolated install-to-accept demo)	2026-09-15T11:24:24.1747164Z 
make check (ubuntu-latest)	make check (includes isolated install-to-accept demo)	2026-09-15T11:24:24.1747815Z ═══ Step 7: Cross-engine equivalence (Python vs TypeScript) ═══
make check (ubuntu-latest)	make check (includes isolated install-to-accept demo)	2026-09-15T11:24:24.9738136Z   ✓ node present (v22.23.2) — attempting cross-engine proof
make check (ubuntu-latest)	make check (includes isolated install-to-accept demo)	2026-09-15T11:24:24.9739672Z   installing TS consumer deps (npm install, 120s budget)…
make check (ubuntu-latest)	make check (includes isolated install-to-accept demo)	2026-09-15T11:24:31.9873662Z   ✓ typescript consumer parsed golden fixture (exit 0)
make check (ubuntu-latest)	make check (includes isolated install-to-accept demo)	2026-09-15T11:24:32.0341383Z   ✓ cross-engine equivalence: id/status/execution_backend/signed_off + ordered eval_ids + canonicalized validation_card ALL EQUAL
make check (ubuntu-latest)	make check (includes isolated install-to-accept demo)	2026-09-15T11:24:32.0349462Z       both engines: {"eval_ids": ["eval_1"], "execution_backend": "any", "id": "T-20260602-golden", "signed_off": false, "status": "ready", "validation_card": {"agent_contract": {"read": ["intent", "contract", "guardrails", "operations"]}, "retry_policy": {"circuit_breaker_no_progress": 3, "max_iterations": 15, "on_terminal_failure": "park_with_context"}, "success_criteria_keys": [{"check_type": "deterministic", "description": "synthetic", "expected_duration_sec": 1, "id": "eval_1", "runnable": "bash", "terminal": true}]}}
make check (ubuntu-latest)	make check (includes isolated install-to-accept demo)	2026-09-15T11:24:32.0352785Z 
make check (ubuntu-latest)	make check (includes isolated install-to-accept demo)	2026-09-15T11:24:32.0352943Z ========================================
make check (ubuntu-latest)	make check (includes isolated install-to-accept demo)	2026-09-15T11:24:32.0353354Z Results: 26 passed, 0 failed
make check (ubuntu-latest)	make check (includes isolated install-to-accept demo)	2026-09-15T11:24:32.0353719Z ========================================
make check (ubuntu-latest)	make check (includes isolated install-to-accept demo)	2026-09-15T11:24:32.7757782Z OFFICIAL_PROTOCOL_SDK=UNAVAILABLE retained evidence verified
make check (ubuntu-latest)	make check (includes isolated install-to-accept demo)	2026-09-15T11:24:32.7758733Z PROTOCOL_CONFORMANCE=READY
make check (ubuntu-latest)	make check (includes isolated install-to-accept demo)	2026-09-15T11:24:32.8060884Z README_COMMANDS=READY commands=24 images=9 mermaid=4
make check (ubuntu-latest)	make check (includes isolated install-to-accept demo)	2026-09-15T11:24:32.8388779Z RELEASE_STATUS=OK
make check (ubuntu-latest)	make check (includes isolated install-to-accept demo)	2026-09-15T11:24:32.9073794Z CLI_REFERENCE=OK
make check (ubuntu-latest)	make check (includes isolated install-to-accept demo)	2026-09-15T11:24:33.7001245Z RELEASE_AUDIT_TESTS=READY
make check (ubuntu-latest)	make check (includes isolated install-to-accept demo)	2026-09-15T11:24:33.8878152Z RELEASE_EVIDENCE_CONTRACTS=READY
make check (ubuntu-latest)	make check (includes isolated install-to-accept demo)	2026-09-15T11:24:43.8993164Z RELEASE_PACKAGING=READY
make check (ubuntu-latest)	make check (includes isolated install-to-accept demo)	2026-09-15T11:24:44.2264082Z tests/test-release-provenance.sh: line 77: rg: command not found
make check (ubuntu-latest)	make check (includes isolated install-to-accept demo)	2026-09-15T11:24:44.2616538Z PRIVATE_PROVENANCE=READY
make check (ubuntu-latest)	make check (includes isolated install-to-accept demo)	2026-09-15T11:24:44.2660749Z test-repo-layout.sh
make check (ubuntu-latest)	make check (includes isolated install-to-accept demo)	2026-09-15T11:24:44.2662093Z ════════════════════════════════════════
make check (ubuntu-latest)	make check (includes isolated install-to-accept demo)	2026-09-15T11:24:44.2752529Z   ok   top-level directories match the manifest (16 declared)
make check (ubuntu-latest)	make check (includes isolated install-to-accept demo)	2026-09-15T11:24:44.2831959Z   ok   root files match the manifest (16 declared)
make check (ubuntu-latest)	make check (includes isolated install-to-accept demo)	2026-09-15T11:24:44.3071929Z   ok   every top-level directory appears in the AGENTS.md layout table
make check (ubuntu-latest)	make check (includes isolated install-to-accept demo)	2026-09-15T11:24:44.3565898Z   ok   no undeclared single-file top-level directory
make check (ubuntu-latest)	make check (includes isolated install-to-accept demo)	2026-09-15T11:24:44.3567337Z   ok   no retired top-level or nested path reappeared
make check (ubuntu-latest)	make check (includes isolated install-to-accept demo)	2026-09-15T11:24:44.3824212Z   ok   no live file references a pre-consolidation path
make check (ubuntu-latest)	make check (includes isolated install-to-accept demo)	2026-09-15T11:24:44.4218871Z   ok   every byte-for-byte SKILL.md copy matches root SKILL.md
make check (ubuntu-latest)	make check (includes isolated install-to-accept demo)	2026-09-15T11:24:44.4258991Z   ok   fixtures live under exactly one root (tests/fixtures/)
make check (ubuntu-latest)	make check (includes isolated install-to-accept demo)	2026-09-15T11:24:44.4541830Z   ok   every digest-pinned evidence path still resolves
make check (ubuntu-latest)	make check (includes isolated install-to-accept demo)	2026-09-15T11:24:44.4572884Z   ok   docs/runbooks/ stays closed (12 of 12; new how-tos go in docs/guides/)
make check (ubuntu-latest)	make check (includes isolated install-to-accept demo)	2026-09-15T11:24:44.4573935Z   ok   every grouped directory has a README or index
make check (ubuntu-latest)	make check (includes isolated install-to-accept demo)	2026-09-15T11:24:44.4574959Z ════════════════════════════════════════
make check (ubuntu-latest)	make check (includes isolated install-to-accept demo)	2026-09-15T11:24:44.4575589Z REPO_LAYOUT=OK (11 checks)
make check (ubuntu-latest)	make check (includes isolated install-to-accept demo)	2026-09-15T11:24:44.4605422Z test-repo-organization-e2e.sh
make check (ubuntu-latest)	make check (includes isolated install-to-accept demo)	2026-09-15T11:24:44.4606379Z ════════════════════════════════════════
make check (ubuntu-latest)	make check (includes isolated install-to-accept demo)	2026-09-15T11:24:44.4659661Z   ok   live backlog has 15 open T-*.md file(s)
make check (ubuntu-latest)	make check (includes isolated install-to-accept demo)	2026-09-15T11:24:44.4831713Z   ok   every parked spec is a non-executable composition node (2)
make check (ubuntu-latest)	make check (includes isolated install-to-accept demo)	2026-09-15T11:24:44.5786100Z   ok   every accepted done leaf has an AcceptanceRecord (20)
make check (ubuntu-latest)	make check (includes isolated install-to-accept demo)	2026-09-15T11:24:44.5787506Z   ok   tasks/.plans/ still has the 3.8.1 and 3.9.0 TaskPlan manifests
make check (ubuntu-latest)	make check (includes isolated install-to-accept demo)	2026-09-15T11:24:44.5840217Z   ok   spec README, docs/index, and root README agree on orientation
make check (ubuntu-latest)	make check (includes isolated install-to-accept demo)	2026-09-15T11:24:44.5983383Z   ok   taskspec doctor → DOCTOR=READY
make check (ubuntu-latest)	make check (includes isolated install-to-accept demo)	2026-09-15T11:24:47.3292271Z   ok   taskspec demo walks plan → seal → handoff → accept
make check (ubuntu-latest)	make check (includes isolated install-to-accept demo)	2026-09-15T11:24:47.5606778Z   ok   graph --check is clean and ready rows agree with the live backlog
make check (ubuntu-latest)	make check (includes isolated install-to-accept demo)	2026-09-15T11:24:49.8203871Z   ok   every parked composition node still validates
make check (ubuntu-latest)	make check (includes isolated install-to-accept demo)	2026-09-15T11:24:49.8204855Z ════════════════════════════════════════
make check (ubuntu-latest)	make check (includes isolated install-to-accept demo)	2026-09-15T11:24:49.8205283Z REPO_ORGANIZATION=OK (9 checks)
make check (ubuntu-latest)	make check (includes isolated install-to-accept demo)	2026-09-15T11:24:49.9600199Z SCHEMAS=READY count=58 fixtures=18
make check (ubuntu-latest)	make check (includes isolated install-to-accept demo)	2026-09-15T11:24:49.9784945Z === 1. generate-task-spec.sh ===
make check (ubuntu-latest)	make check (includes isolated install-to-accept demo)	2026-09-15T11:24:50.1384549Z   ✓ generator created tasks/T-20260915-test-self-test-suite.md
make check (ubuntu-latest)	make check (includes isolated install-to-accept demo)	2026-09-15T11:24:50.1413672Z   ✓ id in frontmatter matches filename
make check (ubuntu-latest)	make check (includes isolated install-to-accept demo)	2026-09-15T11:24:50.1414321Z === 2. Fill generated file with valid v2 content ===
make check (ubuntu-latest)	make check (includes isolated install-to-accept demo)	2026-09-15T11:24:50.1429344Z   ✓ wrote valid v2 task spec
make check (ubuntu-latest)	make check (includes isolated install-to-accept demo)	2026-09-15T11:24:50.1429975Z === 3. validate-task-spec.sh (expect PASS) ===
make check (ubuntu-latest)	make check (includes isolated install-to-accept demo)	2026-09-15T11:24:50.5207324Z   ✓ validator passes on valid task
make check (ubuntu-latest)	make check (includes isolated install-to-accept demo)	2026-09-15T11:24:50.5208984Z === 4. validate-task-spec.sh with controlled error (expect FAIL) ===
make check (ubuntu-latest)	make check (includes isolated install-to-accept demo)	2026-09-15T11:24:50.8060243Z   ✓ validator catches placeholder regression
make check (ubuntu-latest)	make check (includes isolated install-to-accept demo)	2026-09-15T11:24:51.4596438Z   ✓ pre-gate authorizes the unbuilt task
make check (ubuntu-latest)	make check (includes isolated install-to-accept demo)	2026-09-15T11:24:51.4597547Z === 5. transition-status.sh: ready → in-progress ===
make check (ubuntu-latest)	make check (includes isolated install-to-accept demo)	2026-09-15T11:24:51.6904400Z   ✓ transition to in-progress succeeds
make check (ubuntu-latest)	make check (includes isolated install-to-accept demo)	2026-09-15T11:24:51.6917302Z   ✓ status updated to in-progress
make check (ubuntu-latest)	make check (includes isolated install-to-accept demo)	2026-09-15T11:24:51.6918302Z   ✓ file remains in tasks/ for active status
make check (ubuntu-latest)	make check (includes isolated install-to-accept demo)	2026-09-15T11:24:51.7548810Z   ✓ transition to done is blocked before acceptance
make check (ubuntu-latest)	make check (includes isolated install-to-accept demo)	2026-09-15T11:24:52.0434940Z   ✓ post-gate accepts and stamps the completed task
make check (ubuntu-latest)	make check (includes isolated install-to-accept demo)	2026-09-15T11:24:52.0436545Z === 6. transition-status.sh: in-progress → done ===
make check (ubuntu-latest)	make check (includes isolated install-to-accept demo)	2026-09-15T11:24:52.2859468Z   ✓ transition to done succeeds
make check (ubuntu-latest)	make check (includes isolated install-to-accept demo)	2026-09-15T11:24:52.2861033Z   ✓ file moved to tasks/done/
make check (ubuntu-latest)	make check (includes isolated install-to-accept demo)	2026-09-15T11:24:52.2862054Z   ✓ file no longer in tasks/
make check (ubuntu-latest)	make check (includes isolated install-to-accept demo)	2026-09-15T11:24:52.2862860Z === 7. rebuild-state.sh ===
make check (ubuntu-latest)	make check (includes isolated install-to-accept demo)	2026-09-15T11:24:52.3758199Z   ✓ rebuild-state succeeds
make check (ubuntu-latest)	make check (includes isolated install-to-accept demo)	2026-09-15T11:24:52.3759395Z   ✓ _state.yaml created
make check (ubuntu-latest)	make check (includes isolated install-to-accept demo)	2026-09-15T11:24:52.3772077Z   ✓ _state.yaml contains test task
make check (ubuntu-latest)	make check (includes isolated install-to-accept demo)	2026-09-15T11:24:52.3790288Z   ✓ _state.yaml reflects done status
make check (ubuntu-latest)	make check (includes isolated install-to-accept demo)	2026-09-15T11:24:52.4716763Z   ✓ rebuild-state is byte-deterministic
make check (ubuntu-latest)	make check (includes isolated install-to-accept demo)	2026-09-15T11:24:52.4717376Z === 8. list-ready.sh ===
make check (ubuntu-latest)	make check (includes isolated install-to-accept demo)	2026-09-15T11:24:52.5188380Z   ✓ list-ready excludes done task
make check (ubuntu-latest)	make check (includes isolated install-to-accept demo)	2026-09-15T11:24:52.5189209Z === 9. archive.sh ===
make check (ubuntu-latest)	make check (includes isolated install-to-accept demo)	2026-09-15T11:24:52.6228090Z   ✓ archive is no-op for already-archived task
make check (ubuntu-latest)	make check (includes isolated install-to-accept demo)	2026-09-15T11:24:52.6228813Z === 10. backup-backlog.sh ===
make check (ubuntu-latest)	make check (includes isolated install-to-accept demo)	2026-09-15T11:24:52.6514297Z   ✓ backup-backlog succeeds
make check (ubuntu-latest)	make check (includes isolated install-to-accept demo)	2026-09-15T11:24:52.6534546Z   ✓ backup archive created
make check (ubuntu-latest)	make check (includes isolated install-to-accept demo)	2026-09-15T11:24:52.6535439Z === 11. safe-to-delegate.sh (pre-delegation gate) ===
make check (ubuntu-latest)	make check (includes isolated install-to-accept demo)	2026-09-15T11:24:53.2955896Z   ✓ safe-to-delegate clears a valid spec
make check (ubuntu-latest)	make check (includes isolated install-to-accept demo)	2026-09-15T11:24:53.8671906Z   ✓ safe-to-delegate blocks a broken-eval spec
make check (ubuntu-latest)	make check (includes isolated install-to-accept demo)	2026-09-15T11:24:53.8682845Z 
make check (ubuntu-latest)	make check (includes isolated install-to-accept demo)	2026-09-15T11:24:53.8683115Z ========================================
make check (ubuntu-latest)	make check (includes isolated install-to-accept demo)	2026-09-15T11:24:53.8683519Z Results: 25 passed, 0 failed
make check (ubuntu-latest)	make check (includes isolated install-to-accept demo)	2026-09-15T11:24:53.8683864Z ========================================
make check (ubuntu-latest)	make check (includes isolated install-to-accept demo)	2026-09-15T11:25:07.6758514Z TOOLKIT_ATTESTED=PASS two rounds, distinct revoked credentials, signed evidence, canonical acceptance
make check (ubuntu-latest)	make check (includes isolated install-to-accept demo)	2026-09-15T11:25:14.0506884Z MESH_ISOLATION=READY
make check (ubuntu-latest)	make check (includes isolated install-to-accept demo)	2026-09-15T11:25:14.2969957Z TOOLKIT_AUTHORING=PASS
make check (ubuntu-latest)	make check (includes isolated install-to-accept demo)	2026-09-15T11:25:14.3474975Z TOOLKIT_CONFORMANCE=PASS optional recipe, self-contained schemas, and complete lineage shape
make check (ubuntu-latest)	make check (includes isolated install-to-accept demo)	2026-09-15T11:25:14.3772003Z TOOLKIT_CI=CONFIGURED hosted execution not inferred
make check (ubuntu-latest)	make check (includes isolated install-to-accept demo)	2026-09-15T11:25:20.5945511Z TOOLKIT_CLI=PASS
make check (ubuntu-latest)	make check (includes isolated install-to-accept demo)	2026-09-15T11:25:33.2127227Z TOOLKIT_DECOMPOSE=PASS
make check (ubuntu-latest)	make check (includes isolated install-to-accept demo)	2026-09-15T11:25:33.2800777Z TOOLKIT_EXPERIENCE=PASS static resources and trace-oracle negatives; live chat quality not inferred
make check (ubuntu-latest)	make check (includes isolated install-to-accept demo)	2026-09-15T11:25:34.0076999Z TOOLKIT_GUIDES=PASS
make check (ubuntu-latest)	make check (includes isolated install-to-accept demo)	2026-09-15T11:25:51.6465542Z TOOLKIT_DECOMPOSE=PASS
make check (ubuntu-latest)	make check (includes isolated install-to-accept demo)	2026-09-15T11:25:56.8244006Z TOOLKIT_INSTALL=PASS clean private runtime, path spaces, version identity, and corrupted-resource refusal
make check (ubuntu-latest)	make check (includes isolated install-to-accept demo)	2026-09-15T11:25:57.4660745Z ok  	github.com/luanmorenomaciel/task-spec/mesh/internal/mesh	(cached)
make check (ubuntu-latest)	make check (includes isolated install-to-accept demo)	2026-09-15T11:26:05.8995282Z TOOLKIT_MESH=PASS
make check (ubuntu-latest)	make check (includes isolated install-to-accept demo)	2026-09-15T11:26:06.0294158Z TOOLKIT_PERMISSION_GUARD=PASS recorded denial stops continuation; ordinary eval and validation failures remain distinct
make check (ubuntu-latest)	make check (includes isolated install-to-accept demo)	2026-09-15T11:26:06.1851391Z {"state": "paused", "before_block": 1, "reason": "Review the observed permission denial.", "next": "Inspect retained runs and remove the explicit PAUSE file only when authorized to continue."}
make check (ubuntu-latest)	make check (includes isolated install-to-accept demo)	2026-09-15T11:26:06.1871536Z {"id": "1-codex", "exit_code": 0, "run_id": "denied-cell", "accepted": false, "error": "permission denied", "elapsed_seconds": 1, "cost_usd": 0, "permission_denied": true}
make check (ubuntu-latest)	make check (includes isolated install-to-accept demo)	2026-09-15T11:26:06.1876651Z {"id": "1-claude", "exit_code": 0, "run_id": "denied-cell", "accepted": false, "error": "permission denied", "elapsed_seconds": 1, "cost_usd": 0, "permission_denied": true}
make check (ubuntu-latest)	make check (includes isolated install-to-accept demo)	2026-09-15T11:26:06.1882603Z TOOLKIT_PILOT_RECORDING=PASS prospective intervals, censored failures, retained outputs, tamper detection, cohort pause
make check (ubuntu-latest)	make check (includes isolated install-to-accept demo)	2026-09-15T11:26:06.2923811Z TOOLKIT_RUNTIME=PASS
make check (ubuntu-latest)	make check (includes isolated install-to-accept demo)	2026-09-15T11:26:06.7788864Z TOOLKIT_SDLC=PASS
make check (ubuntu-latest)	make check (includes isolated install-to-accept demo)	2026-09-15T11:26:06.8080372Z === Phase 1: AUTHOR a solvable v3 standard spec ===
make check (ubuntu-latest)	make check (includes isolated install-to-accept demo)	2026-09-15T11:26:06.8093082Z   ✓ spec file authored
make check (ubuntu-latest)	make check (includes isolated install-to-accept demo)	2026-09-15T11:26:06.8093752Z === Phase 2: VALIDATE (structural + profile + traceability) ===
make check (ubuntu-latest)	make check (includes isolated install-to-accept demo)	2026-09-15T11:26:07.2239626Z   ✓ validate passes (rc=0)
make check (ubuntu-latest)	make check (includes isolated install-to-accept demo)	2026-09-15T11:26:07.2255124Z   ✓ validate reports v3 + standard profile
make check (ubuntu-latest)	make check (includes isolated install-to-accept demo)	2026-09-15T11:26:07.2271201Z   ✓ validate maps status→A2A submitted
make check (ubuntu-latest)	make check (includes isolated install-to-accept demo)	2026-09-15T11:26:07.2271993Z === Phase 3: PRE-GATE (safe-to-delegate --stamp) ===
make check (ubuntu-latest)	make check (includes isolated install-to-accept demo)	2026-09-15T11:26:07.8700434Z   ✓ pre-gate verdict DELEGATE (rc=0)
make check (ubuntu-latest)	make check (includes isolated install-to-accept demo)	2026-09-15T11:26:07.8714986Z   ✓ pre-gate stamped signed_off: true
make check (ubuntu-latest)	make check (includes isolated install-to-accept demo)	2026-09-15T11:26:07.8730219Z   ✓ pre-gate sealed HMAC (Tier 1)
make check (ubuntu-latest)	make check (includes isolated install-to-accept demo)	2026-09-15T11:26:08.3364302Z === Phase 4: DISPATCH (reference executor drives the work) ===
make check (ubuntu-latest)	make check (includes isolated install-to-accept demo)	2026-09-15T11:26:08.6302853Z   ✓ executor created src/feature.txt == 'done'
make check (ubuntu-latest)	make check (includes isolated install-to-accept demo)	2026-09-15T11:26:08.6316782Z   ✓ executor leaves passing work in-progress pending acceptance
make check (ubuntu-latest)	make check (includes isolated install-to-accept demo)	2026-09-15T11:26:08.6317603Z === Phase 5: ACCEPT (post-execution gate) ===
make check (ubuntu-latest)	make check (includes isolated install-to-accept demo)	2026-09-15T11:26:08.9774492Z     accept-task: /tmp/tmp.VczhE84wvU/tasks/T-20260618-e2e-closed-loop.md
make check (ubuntu-latest)	make check (includes isolated install-to-accept demo)	2026-09-15T11:26:08.9775625Z     ────────────────────────────────────────────────────────
make check (ubuntu-latest)	make check (includes isolated install-to-accept demo)	2026-09-15T11:26:08.9776406Z     A. Independent evaluation ...
make check (ubuntu-latest)	make check (includes isolated install-to-accept demo)	2026-09-15T11:26:08.9777328Z        PASS — Exit Check returned 0
make check (ubuntu-latest)	make check (includes isolated install-to-accept demo)	2026-09-15T11:26:08.9778009Z     B. Handoff, graph, base commit, and blast radius ...
make check (ubuntu-latest)	make check (includes isolated install-to-accept demo)	2026-09-15T11:26:08.9779117Z        PASS — revision, closure, Git base, and write scope agree
make check (ubuntu-latest)	make check (includes isolated install-to-accept demo)	2026-09-15T11:26:08.9779637Z     C. Authorization integrity ...
make check (ubuntu-latest)	make check (includes isolated install-to-accept demo)	2026-09-15T11:26:08.9780167Z        PASS — TaskAuthorization/v3 verifies
make check (ubuntu-latest)	make check (includes isolated install-to-accept demo)	2026-09-15T11:26:08.9780607Z     E. Sealed evidence policy ...
make check (ubuntu-latest)	make check (includes isolated install-to-accept demo)	2026-09-15T11:26:08.9781498Z        PASS — required evidence matches this attempt
make check (ubuntu-latest)	make check (includes isolated install-to-accept demo)	2026-09-15T11:26:08.9782125Z     ────────────────────────────────────────────────────────
make check (ubuntu-latest)	make check (includes isolated install-to-accept demo)	2026-09-15T11:26:08.9785665Z        stamped — {"acceptance_record": "/tmp/tmp.VczhE84wvU/.taskspec/acceptance/T-20260618-e2e-closed-loop/15f3030f-9d94-4208-9ea9-921a950339b2.json", "acceptance_record_digest": "sha256:877d2d6746d591aed086c450ba9a63188794af04dfe3c347de76dcd633b99e32", "accepted": true, "attempt_id": "15f3030f-9d94-4208-9ea9-921a950339b2", "contract": "AcceptanceFinalized/v1", "task_id": "T-20260618-e2e-closed-loop", "tier": 1}
make check (ubuntu-latest)	make check (includes isolated install-to-accept demo)	2026-09-15T11:26:08.9788110Z     VERDICT: ACCEPT — Tier 1 evidence is bound to the authorized task attempt
make check (ubuntu-latest)	make check (includes isolated install-to-accept demo)	2026-09-15T11:26:08.9788622Z     ACCEPTED=1
make check (ubuntu-latest)	make check (includes isolated install-to-accept demo)	2026-09-15T11:26:08.9788958Z   ✓ accept verdict ACCEPT (rc=0)
make check (ubuntu-latest)	make check (includes isolated install-to-accept demo)	2026-09-15T11:26:08.9790449Z   ✓ accept stamped accepted: true
make check (ubuntu-latest)	make check (includes isolated install-to-accept demo)	2026-09-15T11:26:08.9806630Z   ✓ accept emitted ACCEPTED=1
make check (ubuntu-latest)	make check (includes isolated install-to-accept demo)	2026-09-15T11:26:08.9823345Z   ✓ accept GATE A (evals pass) reported
make check (ubuntu-latest)	make check (includes isolated install-to-accept demo)	2026-09-15T11:26:08.9824132Z === Phase 6: NEGATIVE — blast-radius breach is REJECTED ===
make check (ubuntu-latest)	make check (includes isolated install-to-accept demo)	2026-09-15T11:26:09.2934161Z   ✓ breach REJECTED (rc=1)
make check (ubuntu-latest)	make check (includes isolated install-to-accept demo)	2026-09-15T11:26:09.2951298Z   ✓ breach names the out-of-scope file
make check (ubuntu-latest)	make check (includes isolated install-to-accept demo)	2026-09-15T11:26:09.5968328Z   ✓ accepted work transitions status → done
make check (ubuntu-latest)	make check (includes isolated install-to-accept demo)	2026-09-15T11:26:09.5969160Z === Phase 7: LOOP CLOSED — final spec validates with full envelope ===
make check (ubuntu-latest)	make check (includes isolated install-to-accept demo)	2026-09-15T11:26:10.1070161Z   ✓ final validate passes
make check (ubuntu-latest)	make check (includes isolated install-to-accept demo)	2026-09-15T11:26:10.1086203Z   ✓ final validate confirms Tier-1 HMAC
make check (ubuntu-latest)	make check (includes isolated install-to-accept demo)	2026-09-15T11:26:10.1086825Z 
make check (ubuntu-latest)	make check (includes isolated install-to-accept demo)	2026-09-15T11:26:10.1087049Z ========================================
make check (ubuntu-latest)	make check (includes isolated install-to-accept demo)	2026-09-15T11:26:10.1087655Z Results: 18 passed, 0 failed
make check (ubuntu-latest)	make check (includes isolated install-to-accept demo)	2026-09-15T11:26:10.1088155Z ========================================
make check (ubuntu-latest)	make check (includes isolated install-to-accept demo)	2026-09-15T11:26:10.1181195Z == install ==
make check (ubuntu-latest)	make check (includes isolated install-to-accept demo)	2026-09-15T11:26:10.4256479Z   ✓ copy install
make check (ubuntu-latest)	make check (includes isolated install-to-accept demo)	2026-09-15T11:26:10.7871960Z   ✓ idempotent install
make check (ubuntu-latest)	make check (includes isolated install-to-accept demo)	2026-09-15T11:26:10.8943117Z   ✓ equivalent harness skills
make check (ubuntu-latest)	make check (includes isolated install-to-accept demo)	2026-09-15T11:26:11.2141254Z   ✓ global user install
make check (ubuntu-latest)	make check (includes isolated install-to-accept demo)	2026-09-15T11:26:11.3863582Z   ✓ checkout symlink install
make check (ubuntu-latest)	make check (includes isolated install-to-accept demo)	2026-09-15T11:26:11.6836513Z   ✓ skills-only install
make check (ubuntu-latest)	make check (includes isolated install-to-accept demo)	2026-09-15T11:26:11.7964010Z   ✓ unmanaged destination is preserved
make check (ubuntu-latest)	make check (includes isolated install-to-accept demo)	2026-09-15T11:26:12.1110117Z   ✓ forced replacement leaves a backup
make check (ubuntu-latest)	make check (includes isolated install-to-accept demo)	2026-09-15T11:26:12.4944639Z   ✓ managed launcher upgrades safely
make check (ubuntu-latest)	make check (includes isolated install-to-accept demo)	2026-09-15T11:26:12.5035453Z   ✓ installed version
make check (ubuntu-latest)	make check (includes isolated install-to-accept demo)	2026-09-15T11:26:15.2702523Z   ✓ installed isolated demo
make check (ubuntu-latest)	make check (includes isolated install-to-accept demo)	2026-09-15T11:26:15.3137112Z   ✓ agent context JSON
make check (ubuntu-latest)	make check (includes isolated install-to-accept demo)	2026-09-15T11:26:15.3554592Z   ✓ agent context covers the complete public command and schema surfaces
make check (ubuntu-latest)	make check (includes isolated install-to-accept demo)	2026-09-15T11:26:15.3646131Z   ✓ agent guidance surfaces share the 3.9 lifecycle
make check (ubuntu-latest)	make check (includes isolated install-to-accept demo)	2026-09-15T11:26:15.4430560Z   ✓ global JSON envelope
make check (ubuntu-latest)	make check (includes isolated install-to-accept demo)	2026-09-15T11:26:15.4780217Z   ✓ per-command help init
make check (ubuntu-latest)	make check (includes isolated install-to-accept demo)	2026-09-15T11:26:15.5123119Z   ✓ per-command help setup
make check (ubuntu-latest)	make check (includes isolated install-to-accept demo)	2026-09-15T11:26:15.5470793Z   ✓ per-command help demo
make check (ubuntu-latest)	make check (includes isolated install-to-accept demo)	2026-09-15T11:26:15.5818119Z   ✓ per-command help new
make check (ubuntu-latest)	make check (includes isolated install-to-accept demo)	2026-09-15T11:26:15.6156892Z   ✓ per-command help plan
make check (ubuntu-latest)	make check (includes isolated install-to-accept demo)	2026-09-15T11:26:15.6491438Z   ✓ per-command help batch
make check (ubuntu-latest)	make check (includes isolated install-to-accept demo)	2026-09-15T11:26:15.6826465Z   ✓ per-command help migrate
make check (ubuntu-latest)	make check (includes isolated install-to-accept demo)	2026-09-15T11:26:15.7166242Z   ✓ per-command help validate
make check (ubuntu-latest)	make check (includes isolated install-to-accept demo)	2026-09-15T11:26:15.7504391Z   ✓ per-command help dod
make check (ubuntu-latest)	make check (includes isolated install-to-accept demo)	2026-09-15T11:26:15.7846401Z   ✓ per-command help gate
make check (ubuntu-latest)	make check (includes isolated install-to-accept demo)	2026-09-15T11:26:15.8184133Z   ✓ per-command help handoff
make check (ubuntu-latest)	make check (includes isolated install-to-accept demo)	2026-09-15T11:26:15.8524009Z   ✓ per-command help run
make check (ubuntu-latest)	make check (includes isolated install-to-accept demo)	2026-09-15T11:26:15.8869652Z   ✓ per-command help accept
make check (ubuntu-latest)	make check (includes isolated install-to-accept demo)	2026-09-15T11:26:15.9232496Z   ✓ per-command help author-doctor
make check (ubuntu-latest)	make check (includes isolated install-to-accept demo)	2026-09-15T11:26:15.9590596Z   ✓ per-command help holdout
make check (ubuntu-latest)	make check (includes isolated install-to-accept demo)	2026-09-15T11:26:15.9941991Z   ✓ per-command help receipt
make check (ubuntu-latest)	make check (includes isolated install-to-accept demo)	2026-09-15T11:26:16.0295174Z   ✓ per-command help dsse
make check (ubuntu-latest)	make check (includes isolated install-to-accept demo)	2026-09-15T11:26:16.0646539Z   ✓ per-command help eval-audit
make check (ubuntu-latest)	make check (includes isolated install-to-accept demo)	2026-09-15T11:26:16.0996391Z   ✓ per-command help identity
make check (ubuntu-latest)	make check (includes isolated install-to-accept demo)	2026-09-15T11:26:16.1346102Z   ✓ per-command help evidence
make check (ubuntu-latest)	make check (includes isolated install-to-accept demo)	2026-09-15T11:26:16.1692071Z   ✓ per-command help bridge
make check (ubuntu-latest)	make check (includes isolated install-to-accept demo)	2026-09-15T11:26:16.2030354Z   ✓ per-command help mcp
make check (ubuntu-latest)	make check (includes isolated install-to-accept demo)	2026-09-15T11:26:16.2370360Z   ✓ per-command help mesh
make check (ubuntu-latest)	make check (includes isolated install-to-accept demo)	2026-09-15T11:26:16.2710603Z   ✓ per-command help ready
make check (ubuntu-latest)	make check (includes isolated install-to-accept demo)	2026-09-15T11:26:16.3054795Z   ✓ per-command help graph
make check (ubuntu-latest)	make check (includes isolated install-to-accept demo)	2026-09-15T11:26:16.3391789Z   ✓ per-command help status
make check (ubuntu-latest)	make check (includes isolated install-to-accept demo)	2026-09-15T11:26:16.3728370Z   ✓ per-command help lint
make check (ubuntu-latest)	make check (includes isolated install-to-accept demo)	2026-09-15T11:26:16.4071451Z   ✓ per-command help transition
make check (ubuntu-latest)	make check (includes isolated install-to-accept demo)	2026-09-15T11:26:16.4411421Z   ✓ per-command help rebuild-state
make check (ubuntu-latest)	make check (includes isolated install-to-accept demo)	2026-09-15T11:26:16.4759936Z   ✓ per-command help archive
make check (ubuntu-latest)	make check (includes isolated install-to-accept demo)	2026-09-15T11:26:16.5119931Z   ✓ per-command help backup
make check (ubuntu-latest)	make check (includes isolated install-to-accept demo)	2026-09-15T11:26:16.5480073Z   ✓ per-command help metrics
make check (ubuntu-latest)	make check (includes isolated install-to-accept demo)	2026-09-15T11:26:16.5829550Z   ✓ per-command help conformance
make check (ubuntu-latest)	make check (includes isolated install-to-accept demo)	2026-09-15T11:26:16.6170928Z   ✓ per-command help executor
make check (ubuntu-latest)	make check (includes isolated install-to-accept demo)	2026-09-15T11:26:16.6515356Z   ✓ per-command help agent-context
make check (ubuntu-latest)	make check (includes isolated install-to-accept demo)	2026-09-15T11:26:16.6858713Z   ✓ per-command help completion
make check (ubuntu-latest)	make check (includes isolated install-to-accept demo)	2026-09-15T11:26:16.7199619Z   ✓ per-command help doctor
make check (ubuntu-latest)	make check (includes isolated install-to-accept demo)	2026-09-15T11:26:16.7536561Z   ✓ per-command help version
make check (ubuntu-latest)	make check (includes isolated install-to-accept demo)	2026-09-15T11:26:16.7878966Z   ✓ per-command help help
make check (ubuntu-latest)	make check (includes isolated install-to-accept demo)	2026-09-15T11:26:16.8455738Z   ✓ usage exit 2: status
make check (ubuntu-latest)	make check (includes isolated install-to-accept demo)	2026-09-15T11:26:16.8604417Z   ✓ usage exit 2: transition
make check (ubuntu-latest)	make check (includes isolated install-to-accept demo)	2026-09-15T11:26:16.8754290Z   ✓ usage exit 2: migrate
make check (ubuntu-latest)	make check (includes isolated install-to-accept demo)	2026-09-15T11:26:16.8906418Z   ✓ usage exit 2: executor
make check (ubuntu-latest)	make check (includes isolated install-to-accept demo)	2026-09-15T11:26:16.9054351Z   ✓ usage exit 2: run
make check (ubuntu-latest)	make check (includes isolated install-to-accept demo)	2026-09-15T11:26:16.9428698Z   ✓ completion bash
make check (ubuntu-latest)	make check (includes isolated install-to-accept demo)	2026-09-15T11:26:16.9794607Z   ✓ completion zsh
make check (ubuntu-latest)	make check (includes isolated install-to-accept demo)	2026-09-15T11:26:17.0164686Z   ✓ completion fish
make check (ubuntu-latest)	make check (includes isolated install-to-accept demo)	2026-09-15T11:26:17.0165511Z == clean-room journey ==
make check (ubuntu-latest)	make check (includes isolated install-to-accept demo)	2026-09-15T11:26:21.7830451Z   ✓ install-to-accept clean room with structured materialization receipt
make check (ubuntu-latest)	make check (includes isolated install-to-accept demo)	2026-09-15T11:26:22.1352643Z   ✓ README v3 and opt-in v4 scaffold commands
make check (ubuntu-latest)	make check (includes isolated install-to-accept demo)	2026-09-15T11:26:22.1995445Z   ✓ malformed and dangling TaskPlan fails closed
make check (ubuntu-latest)	make check (includes isolated install-to-accept demo)	2026-09-15T11:26:22.1996322Z == dry-run and color ==
make check (ubuntu-latest)	make check (includes isolated install-to-accept demo)	2026-09-15T11:26:22.2159500Z   ✓ dry-run prevents init
make check (ubuntu-latest)	make check (includes isolated install-to-accept demo)	2026-09-15T11:26:22.2509863Z   ✓ NO_COLOR precedence
make check (ubuntu-latest)	make check (includes isolated install-to-accept demo)	2026-09-15T11:26:22.2510361Z == research evidence ==
make check (ubuntu-latest)	make check (includes isolated install-to-accept demo)	2026-09-15T11:26:22.3132380Z   ✓ firecrawl evidence
make check (ubuntu-latest)	make check (includes isolated install-to-accept demo)	2026-09-15T11:26:22.3753713Z   ✓ tavily evidence
make check (ubuntu-latest)	make check (includes isolated install-to-accept demo)	2026-09-15T11:26:22.4393226Z   ✓ exa evidence
make check (ubuntu-latest)	make check (includes isolated install-to-accept demo)	2026-09-15T11:26:22.5032354Z   ✓ named provider failure
make check (ubuntu-latest)	make check (includes isolated install-to-accept demo)	2026-09-15T11:26:22.5555132Z   ✓ evidence rejects credential-bearing keys
make check (ubuntu-latest)	make check (includes isolated install-to-accept demo)	2026-09-15T11:26:22.6151872Z   ✓ composition example preview
make check (ubuntu-latest)	make check (includes isolated install-to-accept demo)	2026-09-15T11:26:22.6443675Z   ✓ checked-in evidence example
make check (ubuntu-latest)	make check (includes isolated install-to-accept demo)	2026-09-15T11:26:22.6761449Z   ✓ checked-in handoff example
make check (ubuntu-latest)	make check (includes isolated install-to-accept demo)	2026-09-15T11:26:22.7088714Z   ✓ README release status is generated from evidence
make check (ubuntu-latest)	make check (includes isolated install-to-accept demo)	2026-09-15T11:26:22.7089806Z == checksum-backed release archive ==
make check (ubuntu-latest)	make check (includes isolated install-to-accept demo)	2026-09-15T11:26:23.8036530Z   ✓ checksum-backed remote install
make check (ubuntu-latest)	make check (includes isolated install-to-accept demo)	2026-09-15T11:26:23.8662947Z   ✓ tampered release archive fails closed
make check (ubuntu-latest)	make check (includes isolated install-to-accept demo)	2026-09-15T11:26:23.8681483Z == package ==
make check (ubuntu-latest)	make check (includes isolated install-to-accept demo)	2026-09-15T11:26:24.8152105Z   ✓ npm pack dry run
make check (ubuntu-latest)	make check (includes isolated install-to-accept demo)	2026-09-15T11:26:25.3852067Z   ✓ local npm package install
make check (ubuntu-latest)	make check (includes isolated install-to-accept demo)	2026-09-15T11:26:25.3852712Z 
make check (ubuntu-latest)	make check (includes isolated install-to-accept demo)	2026-09-15T11:26:25.3853039Z Results: 80 passed, 0 failed
make check (ubuntu-latest)	make check (includes isolated install-to-accept demo)	2026-09-15T11:26:25.3853837Z INSTALL=OK
make check (ubuntu-latest)	make check (includes isolated install-to-accept demo)	2026-09-15T11:26:25.5656927Z ok 1 - v4 authoring is explicit and non-default
make check (ubuntu-latest)	make check (includes isolated install-to-accept demo)	2026-09-15T11:26:26.0914297Z ok 2 - v3 compatibility fixture remains valid
make check (ubuntu-latest)	make check (includes isolated install-to-accept demo)	2026-09-15T11:26:26.4526619Z ok 3 - v4 policy validates
make check (ubuntu-latest)	make check (includes isolated install-to-accept demo)	2026-09-15T11:26:26.8234223Z ok 4 - sealed authoring evidence digest rejects artifact drift
make check (ubuntu-latest)	make check (includes isolated install-to-accept demo)	2026-09-15T11:26:26.8701075Z ok 5 - author doctor finds no blockers
make check (ubuntu-latest)	make check (includes isolated install-to-accept demo)	2026-09-15T11:26:27.6998889Z ok 6 - status reports authoring-evidence freshness without making age an acceptance gate
make check (ubuntu-latest)	make check (includes isolated install-to-accept demo)	2026-09-15T11:26:28.2123224Z ok 7 - v4 handoff emitted
make check (ubuntu-latest)	make check (includes isolated install-to-accept demo)	2026-09-15T11:26:28.3728742Z ok 8 - baseline discrimination audit
make check (ubuntu-latest)	make check (includes isolated install-to-accept demo)	2026-09-15T11:26:28.6554497Z ok 9 - repeated evaluation reports stable discrimination
make check (ubuntu-latest)	make check (includes isolated install-to-accept demo)	2026-09-15T11:26:28.7079008Z ok 10 - holdout descriptor sealed
make check (ubuntu-latest)	make check (includes isolated install-to-accept demo)	2026-09-15T11:26:28.8368661Z ok 11 - holdout rotation metadata is retained
make check (ubuntu-latest)	make check (includes isolated install-to-accept demo)	2026-09-15T11:26:28.9444259Z ok 12 - expired holdout requires rotation and reauthorization
make check (ubuntu-latest)	make check (includes isolated install-to-accept demo)	2026-09-15T11:26:29.0016573Z ok 13 - tampered holdout bundle is rejected
make check (ubuntu-latest)	make check (includes isolated install-to-accept demo)	2026-09-15T11:26:29.1788257Z ok 14 - holdout executed independently
make check (ubuntu-latest)	make check (includes isolated install-to-accept demo)	2026-09-15T11:26:29.2337673Z ok 15 - environment receipt created
make check (ubuntu-latest)	make check (includes isolated install-to-accept demo)	2026-09-15T11:26:29.2899388Z ok 16 - graded receipt created
make check (ubuntu-latest)	make check (includes isolated install-to-accept demo)	2026-09-15T11:26:29.3451289Z ok 17 - human receipt created
make check (ubuntu-latest)	make check (includes isolated install-to-accept demo)	2026-09-15T11:26:29.4173773Z ok 18 - identity receipt signed
make check (ubuntu-latest)	make check (includes isolated install-to-accept demo)	2026-09-15T11:26:29.4771220Z ok 19 - identity receipt verified
make check (ubuntu-latest)	make check (includes isolated install-to-accept demo)	2026-09-15T11:26:29.5438087Z ok 20 - signed holdout receipt
make check (ubuntu-latest)	make check (includes isolated install-to-accept demo)	2026-09-15T11:26:29.6095202Z ok 21 - signed environment receipt
make check (ubuntu-latest)	make check (includes isolated install-to-accept demo)	2026-09-15T11:26:29.6740233Z ok 22 - signed graded receipt
make check (ubuntu-latest)	make check (includes isolated install-to-accept demo)	2026-09-15T11:26:29.7378198Z ok 23 - signed human receipt
make check (ubuntu-latest)	make check (includes isolated install-to-accept demo)	2026-09-15T11:26:29.8409621Z ok 24 - wrong evaluator signer fails closed
make check (ubuntu-latest)	make check (includes isolated install-to-accept demo)	2026-09-15T11:26:29.8963016Z ok 25 - all typed receipts validate
make check (ubuntu-latest)	make check (includes isolated install-to-accept demo)	2026-09-15T11:26:29.9918151Z ok 26 - portable signed evidence satisfies Tier 1 policy
make check (ubuntu-latest)	make check (includes isolated install-to-accept demo)	2026-09-15T11:26:30.1105174Z ok 27 - DSSE receipt export verifies independently
make check (ubuntu-latest)	make check (includes isolated install-to-accept demo)	2026-09-15T11:26:30.1690351Z ok 28 - credential-bearing receipt is rejected
make check (ubuntu-latest)	make check (includes isolated install-to-accept demo)	2026-09-15T11:26:30.3858107Z ok 29 - enabled engine runs in a detached worktree
make check (ubuntu-latest)	make check (includes isolated install-to-accept demo)	2026-09-15T11:26:30.4090391Z ok 30 - isolated engine receipt records a real attempt
make check (ubuntu-latest)	make check (includes isolated install-to-accept demo)	2026-09-15T11:26:30.4145720Z ok 31 - isolated engine change is captured outside the source workspace
make check (ubuntu-latest)	make check (includes isolated install-to-accept demo)	2026-09-15T11:26:30.7456945Z ok 32 - acceptance blocks when evidence is omitted
make check (ubuntu-latest)	make check (includes isolated install-to-accept demo)	2026-09-15T11:26:31.1256186Z ok 33 - acceptance passes with matching supervised evidence
make check (ubuntu-latest)	make check (includes isolated install-to-accept demo)	2026-09-15T11:26:31.2376443Z ok 34 - revoked identity no longer verifies
make check (ubuntu-latest)	make check (includes isolated install-to-accept demo)	2026-09-15T11:26:31.3337764Z ok 35 - A2A v1.0 bridge round trip
make check (ubuntu-latest)	make check (includes isolated install-to-accept demo)	2026-09-15T11:26:31.4267568Z ok 36 - MCP bridge round trip
make check (ubuntu-latest)	make check (includes isolated install-to-accept demo)	2026-09-15T11:26:31.4971588Z ok 37 - A2A bridge detects embedded handoff tampering
make check (ubuntu-latest)	make check (includes isolated install-to-accept demo)	2026-09-15T11:26:31.5673722Z ok 38 - MCP bridge detects embedded handoff tampering
make check (ubuntu-latest)	make check (includes isolated install-to-accept demo)	2026-09-15T11:26:31.6088464Z ok 39 - MCP server lists read-only tools
make check (ubuntu-latest)	make check (includes isolated install-to-accept demo)	2026-09-15T11:26:31.6674982Z ok 40 - nine-family engine matrix validates
make check (ubuntu-latest)	make check (includes isolated install-to-accept demo)	2026-09-15T11:26:31.7328856Z ok 41 - disabled engine matrix records unavailable, not fabricated passes
make check (ubuntu-latest)	make check (includes isolated install-to-accept demo)	2026-09-15T11:26:31.7909358Z ok 42 - engine matrix emits typed run receipts
make check (ubuntu-latest)	make check (includes isolated install-to-accept demo)	2026-09-15T11:26:31.7910107Z PASS: Task-Spec 3.7 evidence integrity (42 checks)
make check (ubuntu-latest)	make check (includes isolated install-to-accept demo)	2026-09-15T11:26:32.9108329Z ok 1 - post-seal v4 to v3 downgrade fails closed
make check (ubuntu-latest)	make check (includes isolated install-to-accept demo)	2026-09-15T11:26:33.3545459Z ok 2 - sealed proof policy deletion fails closed
make check (ubuntu-latest)	make check (includes isolated install-to-accept demo)	2026-09-15T11:26:33.8029064Z ok 3 - sealed environment policy deletion fails closed
make check (ubuntu-latest)	make check (includes isolated install-to-accept demo)	2026-09-15T11:26:34.2706101Z ok 4 - parent-child authority mutation fails closed
make check (ubuntu-latest)	make check (includes isolated install-to-accept demo)	2026-09-15T11:26:34.7293326Z ok 5 - unknown future authority is sealed by default
make check (ubuntu-latest)	make check (includes isolated install-to-accept demo)	2026-09-15T11:26:35.1888383Z ok 6 - lifecycle and tracker projection remain mutable
make check (ubuntu-latest)	make check (includes isolated install-to-accept demo)	2026-09-15T11:26:35.2563984Z ok 7 - duplicate YAML keys are rejected
make check (ubuntu-latest)	make check (includes isolated install-to-accept demo)	2026-09-15T11:26:35.3239938Z ok 8 - ambiguous JSON numeric constants are rejected
make check (ubuntu-latest)	make check (includes isolated install-to-accept demo)	2026-09-15T11:26:35.4292803Z ok 9 - authority mapping key order is canonical
make check (ubuntu-latest)	make check (includes isolated install-to-accept demo)	2026-09-15T11:26:35.8261066Z ok 10 - textual authoring-evidence acceptance use produces a lint warning
make check (ubuntu-latest)	make check (includes isolated install-to-accept demo)	2026-09-15T11:26:37.2520001Z ok 11 - explicit workspace supports a nested custom backlog
make check (ubuntu-latest)	make check (includes isolated install-to-accept demo)	2026-09-15T11:26:39.3268249Z ok 12 - receipt replay across attempts fails
make check (ubuntu-latest)	make check (includes isolated install-to-accept demo)	2026-09-15T11:26:39.7245012Z ok 13 - global JSON returns typed receipt replay failure
make check (ubuntu-latest)	make check (includes isolated install-to-accept demo)	2026-09-15T11:26:40.0878144Z ok 14 - pre-authorization receipt timestamp fails
make check (ubuntu-latest)	make check (includes isolated install-to-accept demo)	2026-09-15T11:26:40.4521606Z ok 15 - receipt wrong task_id fails
make check (ubuntu-latest)	make check (includes isolated install-to-accept demo)	2026-09-15T11:26:40.8158742Z ok 16 - receipt wrong task_revision_digest fails
make check (ubuntu-latest)	make check (includes isolated install-to-accept demo)	2026-09-15T11:26:41.1793241Z ok 17 - receipt wrong base_commit fails
make check (ubuntu-latest)	make check (includes isolated install-to-accept demo)	2026-09-15T11:26:41.4806664Z ok 18 - legacy structural receipt cannot silently produce Tier 1
make check (ubuntu-latest)	make check (includes isolated install-to-accept demo)	2026-09-15T11:26:41.8219018Z ok 19 - required receipt rejects structural authorization fallback
make check (ubuntu-latest)	make check (includes isolated install-to-accept demo)	2026-09-15T11:26:42.1686842Z ok 20 - matching v2 receipt accepts Tier 1
make check (ubuntu-latest)	make check (includes isolated install-to-accept demo)	2026-09-15T11:26:43.5972423Z ok 21 - committed out-of-scope change is rejected
make check (ubuntu-latest)	make check (includes isolated install-to-accept demo)	2026-09-15T11:26:45.0684442Z ok 22 - symlink-escaped creation scope is rejected
make check (ubuntu-latest)	make check (includes isolated install-to-accept demo)	2026-09-15T11:26:46.5103276Z ok 23 - absolute handoff scope fails closed
make check (ubuntu-latest)	make check (includes isolated install-to-accept demo)	2026-09-15T11:26:46.8512828Z ok 24 - traversal handoff scope fails closed
make check (ubuntu-latest)	make check (includes isolated install-to-accept demo)	2026-09-15T11:26:47.1943907Z ok 25 - handoff budget expansion fails closed
make check (ubuntu-latest)	make check (includes isolated install-to-accept demo)	2026-09-15T11:26:47.5370244Z ok 26 - non-UUID attempt cannot escape acceptance storage
make check (ubuntu-latest)	make check (includes isolated install-to-accept demo)	2026-09-15T11:26:48.7245841Z ok 27 - handoff rejects conflict with an in-progress task
make check (ubuntu-latest)	make check (includes isolated install-to-accept demo)	2026-09-15T11:26:49.5650337Z ok 28 - acceptance rechecks active write conflicts
make check (ubuntu-latest)	make check (includes isolated install-to-accept demo)	2026-09-15T11:26:49.7309198Z ok 29 - interrupted status mutation leaves the old complete frontmatter
make check (ubuntu-latest)	make check (includes isolated install-to-accept demo)	2026-09-15T11:26:49.7357233Z ok 30 - interrupted status mutation leaves no partial state or temporary
make check (ubuntu-latest)	make check (includes isolated install-to-accept demo)	2026-09-15T11:26:51.1644258Z ok 31 - base commit divergence requires a new handoff
make check (ubuntu-latest)	make check (includes isolated install-to-accept demo)	2026-09-15T11:26:52.6943261Z ok 32 - dependency-closure drift fails closed
make check (ubuntu-latest)	make check (includes isolated install-to-accept demo)	2026-09-15T11:26:54.1424285Z ok 33 - injected finalize crash leaves old complete task state
make check (ubuntu-latest)	make check (includes isolated install-to-accept demo)	2026-09-15T11:26:54.1467312Z ok 34 - crash did not partially stamp accepted state
make check (ubuntu-latest)	make check (includes isolated install-to-accept demo)	2026-09-15T11:26:54.2023085Z ok 35 - doctor reports the orphan record left by interrupted acceptance
make check (ubuntu-latest)	make check (includes isolated install-to-accept demo)	2026-09-15T11:26:54.5476438Z ok 36 - same attempt recovers despite metrics projection failure
make check (ubuntu-latest)	make check (includes isolated install-to-accept demo)	2026-09-15T11:26:54.6063525Z ok 37 - doctor reports the missing accepted metrics projection
make check (ubuntu-latest)	make check (includes isolated install-to-accept demo)	2026-09-15T11:26:54.9525142Z ok 38 - same attempt cannot change its acceptor
make check (ubuntu-latest)	make check (includes isolated install-to-accept demo)	2026-09-15T11:26:55.0004760Z ok 39 - conflicting retry leaves record and task envelope consistent
make check (ubuntu-latest)	make check (includes isolated install-to-accept demo)	2026-09-15T11:26:55.3521890Z ok 40 - same accepted attempt can be retried without duplicate metrics
make check (ubuntu-latest)	make check (includes isolated install-to-accept demo)	2026-09-15T11:26:55.4523600Z ok 41 - TaskStatus names rebuild-state as the one safe projection recovery
make check (ubuntu-latest)	make check (includes isolated install-to-accept demo)	2026-09-15T11:26:55.6493361Z ok 42 - rebuilding projection advances the one safe next command
make check (ubuntu-latest)	make check (includes isolated install-to-accept demo)	2026-09-15T11:26:55.7508430Z ok 43 - global JSON preserves the same typed TaskStatus
make check (ubuntu-latest)	make check (includes isolated install-to-accept demo)	2026-09-15T11:26:55.9039172Z ok 44 - transition to done verifies the record subject and envelope
make check (ubuntu-latest)	make check (includes isolated install-to-accept demo)	2026-09-15T11:26:56.0036365Z ok 45 - status exposes semantic acceptance-record mismatch
make check (ubuntu-latest)	make check (includes isolated install-to-accept demo)	2026-09-15T11:26:56.0607526Z ok 46 - backlog doctor fails on semantic acceptance-record mismatch
make check (ubuntu-latest)	make check (includes isolated install-to-accept demo)	2026-09-15T11:26:56.0609809Z PASS: Task-Spec hardening adversarial suite (46 checks)
make check (ubuntu-latest)	make check (includes isolated install-to-accept demo)	2026-09-15T11:26:57.1404289Z CLI_REFERENCE=OK
make check (ubuntu-latest)	make check (includes isolated install-to-accept demo)	2026-09-15T11:26:57.1887261Z QUALITY_SCORE=97 SCORECARD=VALID
make check (ubuntu-latest)	make check (includes isolated install-to-accept demo)	2026-09-15T11:26:57.2228311Z RELEASE_STATUS=OK
make check (ubuntu-latest)	make check (includes isolated install-to-accept demo)	2026-09-15T11:26:57.3070482Z V381_EXPERIENCE=READY
make check (ubuntu-latest)	make check (includes isolated install-to-accept demo)	2026-09-15T11:26:58.4933033Z ok 1 - nested handoff binds the Git workspace
make check (ubuntu-latest)	make check (includes isolated install-to-accept demo)	2026-09-15T11:26:58.8395491Z ok 2 - nested acceptance uses the configured contained store
make check (ubuntu-latest)	make check (includes isolated install-to-accept demo)	2026-09-15T11:26:58.8413883Z ok 3 - nested acceptance record is separate from Converge receipts
make check (ubuntu-latest)	make check (includes isolated install-to-accept demo)	2026-09-15T11:26:59.9831227Z ok 4 - nested backlog infers repository root
make check (ubuntu-latest)	make check (includes isolated install-to-accept demo)	2026-09-15T11:27:00.1039746Z ok 5 - conflicting explicit workspace is rejected
make check (ubuntu-latest)	make check (includes isolated install-to-accept demo)	2026-09-15T11:27:01.5619586Z ok 6 - acceptance traversal is rejected
make check (ubuntu-latest)	make check (includes isolated install-to-accept demo)	2026-09-15T11:27:02.3545156Z ok 7 - acceptance symlink escape is rejected
make check (ubuntu-latest)	make check (includes isolated install-to-accept demo)	2026-09-15T11:27:02.7008230Z ok 8 - CLI acceptance directory overrides an unsafe environment value
make check (ubuntu-latest)	make check (includes isolated install-to-accept demo)	2026-09-15T11:27:02.7042070Z ok 9 - unsafe environment store was never written
make check (ubuntu-latest)	make check (includes isolated install-to-accept demo)	2026-09-15T11:27:03.4289715Z ok 10 - worktree gate resolves the common-directory key
make check (ubuntu-latest)	make check (includes isolated install-to-accept demo)	2026-09-15T11:27:03.4291338Z PASS: Task-Spec 3.8.1 nested workspace suite (10 checks)
make check (ubuntu-latest)	make check (includes isolated install-to-accept demo)	2026-09-15T11:27:03.4369463Z bash spec/conformance/run_conformance.sh
make check (ubuntu-latest)	make check (includes isolated install-to-accept demo)	2026-09-15T11:27:03.4432957Z == self-test floor: validating 8 conformance fixtures ==
make check (ubuntu-latest)	make check (includes isolated install-to-accept demo)	2026-09-15T11:27:07.7976447Z    self-test floor: all 8 fixtures valid
make check (ubuntu-latest)	make check (includes isolated install-to-accept demo)	2026-09-15T11:27:07.7977071Z 
make check (ubuntu-latest)	make check (includes isolated install-to-accept demo)	2026-09-15T11:27:07.7978100Z == running conformance (adapter: /home/runner/work/task-spec/task-spec/spec/conformance/adapters/self.sh) ==
make check (ubuntu-latest)	make check (includes isolated install-to-accept demo)	2026-09-15T11:27:07.8302373Z PASS   C1        T-conformance-001-status-lock
make check (ubuntu-latest)	make check (includes isolated install-to-accept demo)	2026-09-15T11:27:07.8777285Z PASS   C12       T-conformance-002-emit-enum
make check (ubuntu-latest)	make check (includes isolated install-to-accept demo)	2026-09-15T11:27:07.9287534Z PASS   C6        T-conformance-003-no-signed-off-mod
make check (ubuntu-latest)	make check (includes isolated install-to-accept demo)	2026-09-15T11:27:07.9676454Z PASS   C8        T-conformance-004-execution-backend
make check (ubuntu-latest)	make check (includes isolated install-to-accept demo)	2026-09-15T11:27:08.0031857Z PASS   C13,C16   T-conformance-005-budget-stop
make check (ubuntu-latest)	make check (includes isolated install-to-accept demo)	2026-09-15T11:27:08.0350472Z PASS   C5        T-conformance-006-do-not-touch
make check (ubuntu-latest)	make check (includes isolated install-to-accept demo)	2026-09-15T11:27:08.0608723Z PASS   C17       T-conformance-007-node-refusal
make check (ubuntu-latest)	make check (includes isolated install-to-accept demo)	2026-09-15T11:27:08.0873404Z PASS   C18       T-conformance-008-v4-policy
make check (ubuntu-latest)	make check (includes isolated install-to-accept demo)	2026-09-15T11:27:08.0927516Z 
make check (ubuntu-latest)	make check (includes isolated install-to-accept demo)	2026-09-15T11:27:08.0928722Z == results written to /home/runner/work/task-spec/task-spec/spec/conformance/results.json ==
make check (ubuntu-latest)	make check (includes isolated install-to-accept demo)	2026-09-15T11:27:08.0930466Z == non-waived failures: 0 ==
make check (ubuntu-latest)	make check (includes isolated install-to-accept demo)	2026-09-15T11:27:08.0932593Z bash bin/taskspec conformance --self-test
make check (ubuntu-latest)	make check (includes isolated install-to-accept demo)	2026-09-15T11:27:08.1138657Z Conformance check — level L2 — executor: bash /home/runner/work/task-spec/task-spec/src/dispatch/ref-executor.sh
make check (ubuntu-latest)	make check (includes isolated install-to-accept demo)	2026-09-15T11:27:08.1140794Z ────────────────────────────────────────────────────────
make check (ubuntu-latest)	make check (includes isolated install-to-accept demo)	2026-09-15T11:27:08.7295035Z L0. Executor drives a solvable spec to a passing Exit Check ...
make check (ubuntu-latest)	make check (includes isolated install-to-accept demo)	2026-09-15T11:27:10.1727877Z    PASS — Exit Check passes after execution (L0: reads format, runs evals)
make check (ubuntu-latest)	make check (includes isolated install-to-accept demo)	2026-09-15T11:27:10.1728791Z L1. Executor honors the status lifecycle (→ done on success) ...
make check (ubuntu-latest)	make check (includes isolated install-to-accept demo)	2026-09-15T11:27:10.1787782Z    PASS — status transitioned to 'done' (A2A: completed)
make check (ubuntu-latest)	make check (includes isolated install-to-accept demo)	2026-09-15T11:27:10.7968922Z L2. Executor parks an unsolvable spec within budget (no infinite loop) ...
make check (ubuntu-latest)	make check (includes isolated install-to-accept demo)	2026-09-15T11:27:11.8794182Z    PASS — unsolvable spec parked by the no-progress circuit breaker within the signed retry budget
make check (ubuntu-latest)	make check (includes isolated install-to-accept demo)	2026-09-15T11:27:11.8796383Z ────────────────────────────────────────────────────────
make check (ubuntu-latest)	make check (includes isolated install-to-accept demo)	2026-09-15T11:27:11.8797172Z CONFORMANT at L2 — this executor honors the Task-Spec contract.
make check (ubuntu-latest)	make check (includes isolated install-to-accept demo)	2026-09-15T11:27:11.8798064Z CONFORMANCE=L2
make check (ubuntu-latest)	make check (includes isolated install-to-accept demo)	2026-09-15T11:27:11.8839908Z CHECK=READY
make check (ubuntu-latest)	Post Install pinned Go toolchain for optional TaskMesh	﻿2026-09-15T11:27:11.8953775Z Post job cleanup.
make check (ubuntu-latest)	Post Install pinned Go toolchain for optional TaskMesh	2026-09-15T11:27:12.0211966Z [command]/opt/hostedtoolcache/go/1.25.0/x64/bin/go env GOMODCACHE
make check (ubuntu-latest)	Post Install pinned Go toolchain for optional TaskMesh	2026-09-15T11:27:12.0285287Z [command]/opt/hostedtoolcache/go/1.25.0/x64/bin/go env GOCACHE
make check (ubuntu-latest)	Post Install pinned Go toolchain for optional TaskMesh	2026-09-15T11:27:12.0321091Z /home/runner/go/pkg/mod
make check (ubuntu-latest)	Post Install pinned Go toolchain for optional TaskMesh	2026-09-15T11:27:12.0347438Z /home/runner/.cache/go-build
make check (ubuntu-latest)	Post Install pinned Go toolchain for optional TaskMesh	2026-09-15T11:27:12.0355139Z Cache hit occurred on the primary key setup-go-Linux-x64-ubuntu24-go-1.25.0-177c9a629613f64b62ff3bce8b5249e61de06089c1d63967a2ef301279610df5, not saving cache.
make check (ubuntu-latest)	Post Checkout	﻿2026-09-15T11:27:12.0548575Z Post job cleanup.
make check (ubuntu-latest)	Post Checkout	2026-09-15T11:27:12.1486646Z [command]/usr/bin/git version
make check (ubuntu-latest)	Post Checkout	2026-09-15T11:27:12.1533526Z git version 2.55.0
make check (ubuntu-latest)	Post Checkout	2026-09-15T11:27:12.1584445Z Temporarily overriding HOME='/home/runner/work/_temp/cafb2c50-4786-4262-ab95-4a2963f945bd' before making global git config changes
make check (ubuntu-latest)	Post Checkout	2026-09-15T11:27:12.1586000Z Adding repository directory to the temporary git global config as a safe directory
make check (ubuntu-latest)	Post Checkout	2026-09-15T11:27:12.1589861Z [command]/usr/bin/git config --global --add safe.directory /home/runner/work/task-spec/task-spec
make check (ubuntu-latest)	Post Checkout	2026-09-15T11:27:12.1622167Z Removing SSH command configuration
make check (ubuntu-latest)	Post Checkout	2026-09-15T11:27:12.1628384Z [command]/usr/bin/git config --local --name-only --get-regexp core\.sshCommand
make check (ubuntu-latest)	Post Checkout	2026-09-15T11:27:12.1663382Z [command]/usr/bin/git submodule foreach --recursive sh -c "git config --local --name-only --get-regexp 'core\.sshCommand' && git config --local --unset-all 'core.sshCommand' || :"
make check (ubuntu-latest)	Post Checkout	2026-09-15T11:27:12.1913454Z Removing HTTP extra header
make check (ubuntu-latest)	Post Checkout	2026-09-15T11:27:12.1918971Z [command]/usr/bin/git config --local --name-only --get-regexp http\.https\:\/\/github\.com\/\.extraheader
make check (ubuntu-latest)	Post Checkout	2026-09-15T11:27:12.1954524Z [command]/usr/bin/git submodule foreach --recursive sh -c "git config --local --name-only --get-regexp 'http\.https\:\/\/github\.com\/\.extraheader' && git config --local --unset-all 'http.https://github.com/.extraheader' || :"
make check (ubuntu-latest)	Post Checkout	2026-09-15T11:27:12.2199083Z Removing includeIf entries pointing to credentials config files
make check (ubuntu-latest)	Post Checkout	2026-09-15T11:27:12.2207222Z [command]/usr/bin/git config --local --name-only --get-regexp ^includeIf\.gitdir:
make check (ubuntu-latest)	Post Checkout	2026-09-15T11:27:12.2246064Z [command]/usr/bin/git submodule foreach --recursive git config --local --show-origin --name-only --get-regexp remote.origin.url
make check (ubuntu-latest)	Complete job	﻿2026-09-15T11:27:12.2662328Z Cleaning up orphan processes
TaskMesh autonomous isolation (ubuntu)	Set up job	﻿2026-09-15T11:20:57.2187531Z Current runner version: '2.337.0'
TaskMesh autonomous isolation (ubuntu)	Set up job	2026-09-15T11:20:57.2216675Z ##[group]Runner Image Provisioner
TaskMesh autonomous isolation (ubuntu)	Set up job	2026-09-15T11:20:57.2217682Z Hosted Compute Agent
TaskMesh autonomous isolation (ubuntu)	Set up job	2026-09-15T11:20:57.2218383Z Version: 20260828.587
TaskMesh autonomous isolation (ubuntu)	Set up job	2026-09-15T11:20:57.2219538Z Commit: abac92662cab4cc7352de4f9f9d2e2419aad9c29
TaskMesh autonomous isolation (ubuntu)	Set up job	2026-09-15T11:20:57.2220329Z Build Date: 2026-08-28T16:44:25Z
TaskMesh autonomous isolation (ubuntu)	Set up job	2026-09-15T11:20:57.2221112Z Worker ID: {af4257d9-fc64-4991-8f76-85dc9b92e11d}
TaskMesh autonomous isolation (ubuntu)	Set up job	2026-09-15T11:20:57.2221839Z Azure Region: westus
TaskMesh autonomous isolation (ubuntu)	Set up job	2026-09-15T11:20:57.2222458Z ##[endgroup]
TaskMesh autonomous isolation (ubuntu)	Set up job	2026-09-15T11:20:57.2224209Z ##[group]Operating System
TaskMesh autonomous isolation (ubuntu)	Set up job	2026-09-15T11:20:57.2224894Z Ubuntu
TaskMesh autonomous isolation (ubuntu)	Set up job	2026-09-15T11:20:57.2225544Z 24.04.5
TaskMesh autonomous isolation (ubuntu)	Set up job	2026-09-15T11:20:57.2226074Z LTS
TaskMesh autonomous isolation (ubuntu)	Set up job	2026-09-15T11:20:57.2226630Z ##[endgroup]
TaskMesh autonomous isolation (ubuntu)	Set up job	2026-09-15T11:20:57.2227241Z ##[group]Runner Image
TaskMesh autonomous isolation (ubuntu)	Set up job	2026-09-15T11:20:57.2227857Z Image: ubuntu-24.04
TaskMesh autonomous isolation (ubuntu)	Set up job	2026-09-15T11:20:57.2228507Z Version: 20260907.300.1
TaskMesh autonomous isolation (ubuntu)	Set up job	2026-09-15T11:20:57.2229969Z Included Software: https://github.com/actions/runner-images/blob/ubuntu24/20260907.300/images/ubuntu/Ubuntu2404-Readme.md
TaskMesh autonomous isolation (ubuntu)	Set up job	2026-09-15T11:20:57.2231882Z Image Release: https://github.com/actions/runner-images/releases/tag/ubuntu24%2F20260907.300
TaskMesh autonomous isolation (ubuntu)	Set up job	2026-09-15T11:20:57.2232869Z ##[endgroup]
TaskMesh autonomous isolation (ubuntu)	Set up job	2026-09-15T11:20:57.2234049Z ##[group]GITHUB_TOKEN Permissions
TaskMesh autonomous isolation (ubuntu)	Set up job	2026-09-15T11:20:57.2236214Z Contents: read
TaskMesh autonomous isolation (ubuntu)	Set up job	2026-09-15T11:20:57.2236981Z Metadata: read
TaskMesh autonomous isolation (ubuntu)	Set up job	2026-09-15T11:20:57.2237570Z ##[endgroup]
TaskMesh autonomous isolation (ubuntu)	Set up job	2026-09-15T11:20:57.2240440Z Secret source: Actions
TaskMesh autonomous isolation (ubuntu)	Set up job	2026-09-15T11:20:57.2241500Z Cache mode: write
TaskMesh autonomous isolation (ubuntu)	Set up job	2026-09-15T11:20:57.2242475Z Prepare workflow directory
TaskMesh autonomous isolation (ubuntu)	Set up job	2026-09-15T11:20:57.2591431Z Prepare all required actions
TaskMesh autonomous isolation (ubuntu)	Set up job	2026-09-15T11:20:57.2640624Z Getting action download info
TaskMesh autonomous isolation (ubuntu)	Set up job	2026-09-15T11:20:57.6287219Z Download action repository 'actions/checkout@3d3c42e5aac5ba805825da76410c181273ba90b1' (SHA:3d3c42e5aac5ba805825da76410c181273ba90b1)
TaskMesh autonomous isolation (ubuntu)	Set up job	2026-09-15T11:20:57.7512517Z Download action repository 'actions/setup-go@b7ad1dad31e06c5925ef5d2fc7ad053ef454303e' (SHA:b7ad1dad31e06c5925ef5d2fc7ad053ef454303e)
TaskMesh autonomous isolation (ubuntu)	Set up job	2026-09-15T11:20:58.3190827Z Complete job name: TaskMesh autonomous isolation (ubuntu)
TaskMesh autonomous isolation (ubuntu)	Checkout	﻿2026-09-15T11:20:58.4005130Z ##[group]Run actions/checkout@3d3c42e5aac5ba805825da76410c181273ba90b1
TaskMesh autonomous isolation (ubuntu)	Checkout	2026-09-15T11:20:58.4006367Z with:
TaskMesh autonomous isolation (ubuntu)	Checkout	2026-09-15T11:20:58.4006887Z   persist-credentials: false
TaskMesh autonomous isolation (ubuntu)	Checkout	2026-09-15T11:20:58.4007506Z   repository: luanmorenommaciel/task-spec
TaskMesh autonomous isolation (ubuntu)	Checkout	2026-09-15T11:20:58.4012193Z   token: ***
TaskMesh autonomous isolation (ubuntu)	Checkout	2026-09-15T11:20:58.4012697Z   ssh-strict: true
TaskMesh autonomous isolation (ubuntu)	Checkout	2026-09-15T11:20:58.4013199Z   ssh-user: git
TaskMesh autonomous isolation (ubuntu)	Checkout	2026-09-15T11:20:58.4013691Z   clean: true
TaskMesh autonomous isolation (ubuntu)	Checkout	2026-09-15T11:20:58.4014202Z   sparse-checkout-cone-mode: true
TaskMesh autonomous isolation (ubuntu)	Checkout	2026-09-15T11:20:58.4014783Z   fetch-depth: 1
TaskMesh autonomous isolation (ubuntu)	Checkout	2026-09-15T11:20:58.4015263Z   fetch-tags: false
TaskMesh autonomous isolation (ubuntu)	Checkout	2026-09-15T11:20:58.4015754Z   show-progress: true
TaskMesh autonomous isolation (ubuntu)	Checkout	2026-09-15T11:20:58.4016246Z   lfs: false
TaskMesh autonomous isolation (ubuntu)	Checkout	2026-09-15T11:20:58.4016707Z   submodules: false
TaskMesh autonomous isolation (ubuntu)	Checkout	2026-09-15T11:20:58.4017234Z   set-safe-directory: true
TaskMesh autonomous isolation (ubuntu)	Checkout	2026-09-15T11:20:58.4017791Z   allow-unsafe-pr-checkout: false
TaskMesh autonomous isolation (ubuntu)	Checkout	2026-09-15T11:20:58.4018668Z ##[endgroup]
TaskMesh autonomous isolation (ubuntu)	Checkout	2026-09-15T11:20:58.5068707Z Syncing repository: luanmorenommaciel/task-spec
TaskMesh autonomous isolation (ubuntu)	Checkout	2026-09-15T11:20:58.5071747Z ##[group]Getting Git version info
TaskMesh autonomous isolation (ubuntu)	Checkout	2026-09-15T11:20:58.5073214Z Working directory is '/home/runner/work/task-spec/task-spec'
TaskMesh autonomous isolation (ubuntu)	Checkout	2026-09-15T11:20:58.5074527Z [command]/usr/bin/git version
TaskMesh autonomous isolation (ubuntu)	Checkout	2026-09-15T11:20:58.5115819Z git version 2.55.0
TaskMesh autonomous isolation (ubuntu)	Checkout	2026-09-15T11:20:58.5140611Z ##[endgroup]
TaskMesh autonomous isolation (ubuntu)	Checkout	2026-09-15T11:20:58.5153015Z Temporarily overriding HOME='/home/runner/work/_temp/e8347645-fab7-4005-84a2-27ccc2f9d61e' before making global git config changes
TaskMesh autonomous isolation (ubuntu)	Checkout	2026-09-15T11:20:58.5154923Z Adding repository directory to the temporary git global config as a safe directory
TaskMesh autonomous isolation (ubuntu)	Checkout	2026-09-15T11:20:58.5160023Z [command]/usr/bin/git config --global --add safe.directory /home/runner/work/task-spec/task-spec
TaskMesh autonomous isolation (ubuntu)	Checkout	2026-09-15T11:20:58.5212563Z Deleting the contents of '/home/runner/work/task-spec/task-spec'
TaskMesh autonomous isolation (ubuntu)	Checkout	2026-09-15T11:20:58.5216758Z ##[group]Determining repository object format
TaskMesh autonomous isolation (ubuntu)	Checkout	2026-09-15T11:20:58.5219046Z ##[endgroup]
TaskMesh autonomous isolation (ubuntu)	Checkout	2026-09-15T11:20:58.5219988Z ##[group]Initializing the repository
TaskMesh autonomous isolation (ubuntu)	Checkout	2026-09-15T11:20:58.5226546Z [command]/usr/bin/git init /home/runner/work/task-spec/task-spec
TaskMesh autonomous isolation (ubuntu)	Checkout	2026-09-15T11:20:58.5344553Z hint: Using 'master' as the name for the initial branch. This default branch name
TaskMesh autonomous isolation (ubuntu)	Checkout	2026-09-15T11:20:58.5346896Z hint: will change to "main" in Git 3.0. To configure the initial branch name
TaskMesh autonomous isolation (ubuntu)	Checkout	2026-09-15T11:20:58.5348745Z hint: to use in all of your new repositories, which will suppress this warning,
TaskMesh autonomous isolation (ubuntu)	Checkout	2026-09-15T11:20:58.5350398Z hint: call:
TaskMesh autonomous isolation (ubuntu)	Checkout	2026-09-15T11:20:58.5351153Z hint:
TaskMesh autonomous isolation (ubuntu)	Checkout	2026-09-15T11:20:58.5351897Z hint: 	git config --global init.defaultBranch <name>
TaskMesh autonomous isolation (ubuntu)	Checkout	2026-09-15T11:20:58.5352857Z hint:
TaskMesh autonomous isolation (ubuntu)	Checkout	2026-09-15T11:20:58.5353531Z hint: Names commonly chosen instead of 'master' are 'main', 'trunk' and
TaskMesh autonomous isolation (ubuntu)	Checkout	2026-09-15T11:20:58.5354587Z hint: 'development'. The just-created branch can be renamed via this command:
TaskMesh autonomous isolation (ubuntu)	Checkout	2026-09-15T11:20:58.5355389Z hint:
TaskMesh autonomous isolation (ubuntu)	Checkout	2026-09-15T11:20:58.5355855Z hint: 	git branch -m <name>
TaskMesh autonomous isolation (ubuntu)	Checkout	2026-09-15T11:20:58.5356699Z hint:
TaskMesh autonomous isolation (ubuntu)	Checkout	2026-09-15T11:20:58.5357947Z hint: Disable this message with "git config set advice.defaultBranchName false"
TaskMesh autonomous isolation (ubuntu)	Checkout	2026-09-15T11:20:58.5360063Z Initialized empty Git repository in /home/runner/work/task-spec/task-spec/.git/
TaskMesh autonomous isolation (ubuntu)	Checkout	2026-09-15T11:20:58.5362630Z [command]/usr/bin/git remote add origin https://github.com/luanmorenommaciel/task-spec
TaskMesh autonomous isolation (ubuntu)	Checkout	2026-09-15T11:20:58.5408733Z ##[endgroup]
TaskMesh autonomous isolation (ubuntu)	Checkout	2026-09-15T11:20:58.5410513Z ##[group]Disabling automatic garbage collection
TaskMesh autonomous isolation (ubuntu)	Checkout	2026-09-15T11:20:58.5412738Z [command]/usr/bin/git config --local gc.auto 0
TaskMesh autonomous isolation (ubuntu)	Checkout	2026-09-15T11:20:58.5446715Z ##[endgroup]
TaskMesh autonomous isolation (ubuntu)	Checkout	2026-09-15T11:20:58.5448219Z ##[group]Setting up auth
TaskMesh autonomous isolation (ubuntu)	Checkout	2026-09-15T11:20:58.5450290Z Removing SSH command configuration
TaskMesh autonomous isolation (ubuntu)	Checkout	2026-09-15T11:20:58.5453363Z [command]/usr/bin/git config --local --name-only --get-regexp core\.sshCommand
TaskMesh autonomous isolation (ubuntu)	Checkout	2026-09-15T11:20:58.5491260Z [command]/usr/bin/git submodule foreach --recursive sh -c "git config --local --name-only --get-regexp 'core\.sshCommand' && git config --local --unset-all 'core.sshCommand' || :"
TaskMesh autonomous isolation (ubuntu)	Checkout	2026-09-15T11:20:58.5858234Z Removing HTTP extra header
TaskMesh autonomous isolation (ubuntu)	Checkout	2026-09-15T11:20:58.5864021Z [command]/usr/bin/git config --local --name-only --get-regexp http\.https\:\/\/github\.com\/\.extraheader
TaskMesh autonomous isolation (ubuntu)	Checkout	2026-09-15T11:20:58.5904096Z [command]/usr/bin/git submodule foreach --recursive sh -c "git config --local --name-only --get-regexp 'http\.https\:\/\/github\.com\/\.extraheader' && git config --local --unset-all 'http.https://github.com/.extraheader' || :"
TaskMesh autonomous isolation (ubuntu)	Checkout	2026-09-15T11:20:58.6140135Z Removing includeIf entries pointing to credentials config files
TaskMesh autonomous isolation (ubuntu)	Checkout	2026-09-15T11:20:58.6144455Z [command]/usr/bin/git config --local --name-only --get-regexp ^includeIf\.gitdir:
TaskMesh autonomous isolation (ubuntu)	Checkout	2026-09-15T11:20:58.6181211Z [command]/usr/bin/git submodule foreach --recursive git config --local --show-origin --name-only --get-regexp remote.origin.url
TaskMesh autonomous isolation (ubuntu)	Checkout	2026-09-15T11:20:58.6422746Z [command]/usr/bin/git config --file /home/runner/work/_temp/git-credentials-32f18b0d-0190-47ca-b91a-1d858328ba2f.config http.https://github.com/.extraheader AUTHORIZATION: basic ***
TaskMesh autonomous isolation (ubuntu)	Checkout	2026-09-15T11:20:58.6466790Z [command]/usr/bin/git config --local includeIf.gitdir:/home/runner/work/task-spec/task-spec/.git.path /home/runner/work/_temp/git-credentials-32f18b0d-0190-47ca-b91a-1d858328ba2f.config
TaskMesh autonomous isolation (ubuntu)	Checkout	2026-09-15T11:20:58.6503782Z [command]/usr/bin/git config --local includeIf.gitdir:/home/runner/work/task-spec/task-spec/.git/worktrees/*.path /home/runner/work/_temp/git-credentials-32f18b0d-0190-47ca-b91a-1d858328ba2f.config
TaskMesh autonomous isolation (ubuntu)	Checkout	2026-09-15T11:20:58.6542675Z [command]/usr/bin/git config --local includeIf.gitdir:/github/workspace/.git.path /github/runner_temp/git-credentials-32f18b0d-0190-47ca-b91a-1d858328ba2f.config
TaskMesh autonomous isolation (ubuntu)	Checkout	2026-09-15T11:20:58.6579457Z [command]/usr/bin/git config --local includeIf.gitdir:/github/workspace/.git/worktrees/*.path /github/runner_temp/git-credentials-32f18b0d-0190-47ca-b91a-1d858328ba2f.config
TaskMesh autonomous isolation (ubuntu)	Checkout	2026-09-15T11:20:58.6612933Z ##[endgroup]
TaskMesh autonomous isolation (ubuntu)	Checkout	2026-09-15T11:20:58.6614535Z ##[group]Fetching the repository
TaskMesh autonomous isolation (ubuntu)	Checkout	2026-09-15T11:20:58.6621309Z [command]/usr/bin/git -c protocol.version=2 fetch --no-tags --prune --no-recurse-submodules --depth=1 origin +649884a9d1880178eec216ddcce0e9afd0e7b76a:refs/remotes/origin/main
TaskMesh autonomous isolation (ubuntu)	Checkout	2026-09-15T11:21:00.6143424Z From https://github.com/luanmorenommaciel/task-spec
TaskMesh autonomous isolation (ubuntu)	Checkout	2026-09-15T11:21:00.6147114Z  * [new ref]         649884a9d1880178eec216ddcce0e9afd0e7b76a -> origin/main
TaskMesh autonomous isolation (ubuntu)	Checkout	2026-09-15T11:21:00.6155500Z [command]/usr/bin/git branch --list --remote origin/main
TaskMesh autonomous isolation (ubuntu)	Checkout	2026-09-15T11:21:00.6186035Z   origin/main
TaskMesh autonomous isolation (ubuntu)	Checkout	2026-09-15T11:21:00.6195217Z [command]/usr/bin/git rev-parse refs/remotes/origin/main
TaskMesh autonomous isolation (ubuntu)	Checkout	2026-09-15T11:21:00.6223151Z 649884a9d1880178eec216ddcce0e9afd0e7b76a
TaskMesh autonomous isolation (ubuntu)	Checkout	2026-09-15T11:21:00.6227171Z ##[endgroup]
TaskMesh autonomous isolation (ubuntu)	Checkout	2026-09-15T11:21:00.6227691Z ##[group]Determining the checkout info
TaskMesh autonomous isolation (ubuntu)	Checkout	2026-09-15T11:21:00.6228730Z ##[endgroup]
TaskMesh autonomous isolation (ubuntu)	Checkout	2026-09-15T11:21:00.6232802Z [command]/usr/bin/git sparse-checkout disable
TaskMesh autonomous isolation (ubuntu)	Checkout	2026-09-15T11:21:00.6285534Z [command]/usr/bin/git config --local --unset-all extensions.worktreeConfig
TaskMesh autonomous isolation (ubuntu)	Checkout	2026-09-15T11:21:00.6319789Z ##[group]Checking out the ref
TaskMesh autonomous isolation (ubuntu)	Checkout	2026-09-15T11:21:00.6324134Z [command]/usr/bin/git checkout --progress --force -B main refs/remotes/origin/main
TaskMesh autonomous isolation (ubuntu)	Checkout	2026-09-15T11:21:00.9347151Z Switched to a new branch 'main'
TaskMesh autonomous isolation (ubuntu)	Checkout	2026-09-15T11:21:00.9352519Z branch 'main' set up to track 'origin/main'.
TaskMesh autonomous isolation (ubuntu)	Checkout	2026-09-15T11:21:00.9382743Z ##[endgroup]
TaskMesh autonomous isolation (ubuntu)	Checkout	2026-09-15T11:21:00.9436161Z [command]/usr/bin/git log -1 --format=%H
TaskMesh autonomous isolation (ubuntu)	Checkout	2026-09-15T11:21:00.9466945Z 649884a9d1880178eec216ddcce0e9afd0e7b76a
TaskMesh autonomous isolation (ubuntu)	Checkout	2026-09-15T11:21:00.9480026Z ##[group]Removing auth
TaskMesh autonomous isolation (ubuntu)	Checkout	2026-09-15T11:21:00.9480462Z Removing SSH command configuration
TaskMesh autonomous isolation (ubuntu)	Checkout	2026-09-15T11:21:00.9490669Z [command]/usr/bin/git config --local --name-only --get-regexp core\.sshCommand
TaskMesh autonomous isolation (ubuntu)	Checkout	2026-09-15T11:21:00.9521167Z [command]/usr/bin/git submodule foreach --recursive sh -c "git config --local --name-only --get-regexp 'core\.sshCommand' && git config --local --unset-all 'core.sshCommand' || :"
TaskMesh autonomous isolation (ubuntu)	Checkout	2026-09-15T11:21:00.9789846Z Removing HTTP extra header
TaskMesh autonomous isolation (ubuntu)	Checkout	2026-09-15T11:21:00.9795168Z [command]/usr/bin/git config --local --name-only --get-regexp http\.https\:\/\/github\.com\/\.extraheader
TaskMesh autonomous isolation (ubuntu)	Checkout	2026-09-15T11:21:00.9835203Z [command]/usr/bin/git submodule foreach --recursive sh -c "git config --local --name-only --get-regexp 'http\.https\:\/\/github\.com\/\.extraheader' && git config --local --unset-all 'http.https://github.com/.extraheader' || :"
TaskMesh autonomous isolation (ubuntu)	Checkout	2026-09-15T11:21:01.0066935Z Removing includeIf entries pointing to credentials config files
TaskMesh autonomous isolation (ubuntu)	Checkout	2026-09-15T11:21:01.0071971Z [command]/usr/bin/git config --local --name-only --get-regexp ^includeIf\.gitdir:
TaskMesh autonomous isolation (ubuntu)	Checkout	2026-09-15T11:21:01.0105546Z includeif.gitdir:/home/runner/work/task-spec/task-spec/.git.path
TaskMesh autonomous isolation (ubuntu)	Checkout	2026-09-15T11:21:01.0106893Z includeif.gitdir:/home/runner/work/task-spec/task-spec/.git/worktrees/*.path
TaskMesh autonomous isolation (ubuntu)	Checkout	2026-09-15T11:21:01.0108041Z includeif.gitdir:/github/workspace/.git.path
TaskMesh autonomous isolation (ubuntu)	Checkout	2026-09-15T11:21:01.0109282Z includeif.gitdir:/github/workspace/.git/worktrees/*.path
TaskMesh autonomous isolation (ubuntu)	Checkout	2026-09-15T11:21:01.0116046Z [command]/usr/bin/git config --local --get-all includeif.gitdir:/home/runner/work/task-spec/task-spec/.git.path
TaskMesh autonomous isolation (ubuntu)	Checkout	2026-09-15T11:21:01.0146439Z /home/runner/work/_temp/git-credentials-32f18b0d-0190-47ca-b91a-1d858328ba2f.config
TaskMesh autonomous isolation (ubuntu)	Checkout	2026-09-15T11:21:01.0156558Z [command]/usr/bin/git config --local --unset includeif.gitdir:/home/runner/work/task-spec/task-spec/.git.path \/home\/runner\/work\/_temp\/git\-credentials\-32f18b0d\-0190\-47ca\-b91a\-1d858328ba2f\.config
TaskMesh autonomous isolation (ubuntu)	Checkout	2026-09-15T11:21:01.0195127Z [command]/usr/bin/git config --local --get-all includeif.gitdir:/home/runner/work/task-spec/task-spec/.git/worktrees/*.path
TaskMesh autonomous isolation (ubuntu)	Checkout	2026-09-15T11:21:01.0260252Z /home/runner/work/_temp/git-credentials-32f18b0d-0190-47ca-b91a-1d858328ba2f.config
TaskMesh autonomous isolation (ubuntu)	Checkout	2026-09-15T11:21:01.0268779Z [command]/usr/bin/git config --local --unset includeif.gitdir:/home/runner/work/task-spec/task-spec/.git/worktrees/*.path \/home\/runner\/work\/_temp\/git\-credentials\-32f18b0d\-0190\-47ca\-b91a\-1d858328ba2f\.config
TaskMesh autonomous isolation (ubuntu)	Checkout	2026-09-15T11:21:01.0316649Z [command]/usr/bin/git config --local --get-all includeif.gitdir:/github/workspace/.git.path
TaskMesh autonomous isolation (ubuntu)	Checkout	2026-09-15T11:21:01.0355865Z /github/runner_temp/git-credentials-32f18b0d-0190-47ca-b91a-1d858328ba2f.config
TaskMesh autonomous isolation (ubuntu)	Checkout	2026-09-15T11:21:01.0358177Z [command]/usr/bin/git config --local --unset includeif.gitdir:/github/workspace/.git.path \/github\/runner_temp\/git\-credentials\-32f18b0d\-0190\-47ca\-b91a\-1d858328ba2f\.config
TaskMesh autonomous isolation (ubuntu)	Checkout	2026-09-15T11:21:01.0431912Z [command]/usr/bin/git config --local --get-all includeif.gitdir:/github/workspace/.git/worktrees/*.path
TaskMesh autonomous isolation (ubuntu)	Checkout	2026-09-15T11:21:01.0480042Z /github/runner_temp/git-credentials-32f18b0d-0190-47ca-b91a-1d858328ba2f.config
TaskMesh autonomous isolation (ubuntu)	Checkout	2026-09-15T11:21:01.0488143Z [command]/usr/bin/git config --local --unset includeif.gitdir:/github/workspace/.git/worktrees/*.path \/github\/runner_temp\/git\-credentials\-32f18b0d\-0190\-47ca\-b91a\-1d858328ba2f\.config
TaskMesh autonomous isolation (ubuntu)	Checkout	2026-09-15T11:21:01.0528582Z [command]/usr/bin/git submodule foreach --recursive git config --local --show-origin --name-only --get-regexp remote.origin.url
TaskMesh autonomous isolation (ubuntu)	Checkout	2026-09-15T11:21:01.0764327Z Removing credentials config '/home/runner/work/_temp/git-credentials-32f18b0d-0190-47ca-b91a-1d858328ba2f.config'
TaskMesh autonomous isolation (ubuntu)	Checkout	2026-09-15T11:21:01.0773742Z ##[endgroup]
TaskMesh autonomous isolation (ubuntu)	Install pinned Go toolchain	﻿2026-09-15T11:21:01.1013753Z ##[group]Run actions/setup-go@b7ad1dad31e06c5925ef5d2fc7ad053ef454303e
TaskMesh autonomous isolation (ubuntu)	Install pinned Go toolchain	2026-09-15T11:21:01.1014177Z with:
TaskMesh autonomous isolation (ubuntu)	Install pinned Go toolchain	2026-09-15T11:21:01.1014389Z   go-version: 1.25.0
TaskMesh autonomous isolation (ubuntu)	Install pinned Go toolchain	2026-09-15T11:21:01.1014642Z   cache-dependency-path: go.sum
TaskMesh autonomous isolation (ubuntu)	Install pinned Go toolchain	2026-09-15T11:21:01.1014906Z   check-latest: false
TaskMesh autonomous isolation (ubuntu)	Install pinned Go toolchain	2026-09-15T11:21:01.1017634Z   token: ***
TaskMesh autonomous isolation (ubuntu)	Install pinned Go toolchain	2026-09-15T11:21:01.1017833Z   cache: true
TaskMesh autonomous isolation (ubuntu)	Install pinned Go toolchain	2026-09-15T11:21:01.1018031Z ##[endgroup]
TaskMesh autonomous isolation (ubuntu)	Install pinned Go toolchain	2026-09-15T11:21:01.2157388Z Setup go version spec 1.25.0
TaskMesh autonomous isolation (ubuntu)	Install pinned Go toolchain	2026-09-15T11:21:01.2166411Z Attempting to download 1.25.0...
TaskMesh autonomous isolation (ubuntu)	Install pinned Go toolchain	2026-09-15T11:21:01.7949719Z matching 1.25.0...
TaskMesh autonomous isolation (ubuntu)	Install pinned Go toolchain	2026-09-15T11:21:01.7982691Z Acquiring 1.25.0 from https://github.com/actions/go-versions/releases/download/1.25.0-16925932082/go-1.25.0-linux-x64.tar.gz
TaskMesh autonomous isolation (ubuntu)	Install pinned Go toolchain	2026-09-15T11:21:02.2865408Z Extracting Go...
TaskMesh autonomous isolation (ubuntu)	Install pinned Go toolchain	2026-09-15T11:21:02.3013664Z [command]/usr/bin/tar xz --warning=no-unknown-keyword --overwrite -C /home/runner/work/_temp/593a1667-c6e5-4381-b439-3bac9712fc5f -f /home/runner/work/_temp/a1685bb6-2c0a-483a-b141-dfe8786b5cbf
TaskMesh autonomous isolation (ubuntu)	Install pinned Go toolchain	2026-09-15T11:21:03.7534137Z Successfully extracted go to /home/runner/work/_temp/593a1667-c6e5-4381-b439-3bac9712fc5f
TaskMesh autonomous isolation (ubuntu)	Install pinned Go toolchain	2026-09-15T11:21:03.7535150Z Adding to the cache ...
TaskMesh autonomous isolation (ubuntu)	Install pinned Go toolchain	2026-09-15T11:21:09.1341379Z Successfully cached go to /opt/hostedtoolcache/go/1.25.0/x64
TaskMesh autonomous isolation (ubuntu)	Install pinned Go toolchain	2026-09-15T11:21:09.1345715Z Added go to the path
TaskMesh autonomous isolation (ubuntu)	Install pinned Go toolchain	2026-09-15T11:21:09.1346188Z Successfully set up Go version 1.25.0
TaskMesh autonomous isolation (ubuntu)	Install pinned Go toolchain	2026-09-15T11:21:09.1552556Z [command]/opt/hostedtoolcache/go/1.25.0/x64/bin/go env GOMODCACHE
TaskMesh autonomous isolation (ubuntu)	Install pinned Go toolchain	2026-09-15T11:21:09.1586373Z [command]/opt/hostedtoolcache/go/1.25.0/x64/bin/go env GOCACHE
TaskMesh autonomous isolation (ubuntu)	Install pinned Go toolchain	2026-09-15T11:21:09.1624308Z /home/runner/go/pkg/mod
TaskMesh autonomous isolation (ubuntu)	Install pinned Go toolchain	2026-09-15T11:21:09.1642584Z /home/runner/.cache/go-build
TaskMesh autonomous isolation (ubuntu)	Install pinned Go toolchain	2026-09-15T11:21:09.4147837Z Cache hit for: setup-go-Linux-x64-ubuntu24-go-1.25.0-177c9a629613f64b62ff3bce8b5249e61de06089c1d63967a2ef301279610df5
TaskMesh autonomous isolation (ubuntu)	Install pinned Go toolchain	2026-09-15T11:21:10.7240236Z Received 0 of 104912598 (0.0%), 0.0 MBs/sec
TaskMesh autonomous isolation (ubuntu)	Install pinned Go toolchain	2026-09-15T11:21:11.7254097Z Received 92329686 of 104912598 (88.0%), 44.0 MBs/sec
TaskMesh autonomous isolation (ubuntu)	Install pinned Go toolchain	2026-09-15T11:21:11.8966878Z Received 104912598 of 104912598 (100.0%), 46.0 MBs/sec
TaskMesh autonomous isolation (ubuntu)	Install pinned Go toolchain	2026-09-15T11:21:11.8967885Z Cache Size: ~100 MB (104912598 B)
TaskMesh autonomous isolation (ubuntu)	Install pinned Go toolchain	2026-09-15T11:21:11.9010869Z [command]/usr/bin/tar -xf /home/runner/work/_temp/dba4b66b-c538-4bb4-9b00-3948bc0a9e34/cache.tzst -P -C /home/runner/work/task-spec/task-spec --use-compress-program unzstd
TaskMesh autonomous isolation (ubuntu)	Install pinned Go toolchain	2026-09-15T11:21:12.8511563Z Cache restored successfully
TaskMesh autonomous isolation (ubuntu)	Install pinned Go toolchain	2026-09-15T11:21:12.8568193Z Cache restored from key: setup-go-Linux-x64-ubuntu24-go-1.25.0-177c9a629613f64b62ff3bce8b5249e61de06089c1d63967a2ef301279610df5
TaskMesh autonomous isolation (ubuntu)	Install pinned Go toolchain	2026-09-15T11:21:12.8592725Z go version go1.25.0 linux/amd64
TaskMesh autonomous isolation (ubuntu)	Install pinned Go toolchain	2026-09-15T11:21:12.8592959Z 
TaskMesh autonomous isolation (ubuntu)	Install pinned Go toolchain	2026-09-15T11:21:12.8593267Z ##[group]go env
TaskMesh autonomous isolation (ubuntu)	Install pinned Go toolchain	2026-09-15T11:21:12.8729536Z AR='ar'
TaskMesh autonomous isolation (ubuntu)	Install pinned Go toolchain	2026-09-15T11:21:12.8729793Z CC='gcc'
TaskMesh autonomous isolation (ubuntu)	Install pinned Go toolchain	2026-09-15T11:21:12.8730013Z CGO_CFLAGS='-O2 -g'
TaskMesh autonomous isolation (ubuntu)	Install pinned Go toolchain	2026-09-15T11:21:12.8730248Z CGO_CPPFLAGS=''
TaskMesh autonomous isolation (ubuntu)	Install pinned Go toolchain	2026-09-15T11:21:12.8730477Z CGO_CXXFLAGS='-O2 -g'
TaskMesh autonomous isolation (ubuntu)	Install pinned Go toolchain	2026-09-15T11:21:12.8730700Z CGO_ENABLED='1'
TaskMesh autonomous isolation (ubuntu)	Install pinned Go toolchain	2026-09-15T11:21:12.8730901Z CGO_FFLAGS='-O2 -g'
TaskMesh autonomous isolation (ubuntu)	Install pinned Go toolchain	2026-09-15T11:21:12.8731119Z CGO_LDFLAGS='-O2 -g'
TaskMesh autonomous isolation (ubuntu)	Install pinned Go toolchain	2026-09-15T11:21:12.8731328Z CXX='g++'
TaskMesh autonomous isolation (ubuntu)	Install pinned Go toolchain	2026-09-15T11:21:12.8731542Z GCCGO='gccgo'
TaskMesh autonomous isolation (ubuntu)	Install pinned Go toolchain	2026-09-15T11:21:12.8731742Z GO111MODULE=''
TaskMesh autonomous isolation (ubuntu)	Install pinned Go toolchain	2026-09-15T11:21:12.8731941Z GOAMD64='v1'
TaskMesh autonomous isolation (ubuntu)	Install pinned Go toolchain	2026-09-15T11:21:12.8732129Z GOARCH='amd64'
TaskMesh autonomous isolation (ubuntu)	Install pinned Go toolchain	2026-09-15T11:21:12.8732548Z GOAUTH='netrc'
TaskMesh autonomous isolation (ubuntu)	Install pinned Go toolchain	2026-09-15T11:21:12.8732744Z GOBIN=''
TaskMesh autonomous isolation (ubuntu)	Install pinned Go toolchain	2026-09-15T11:21:12.8732963Z GOCACHE='/home/runner/.cache/go-build'
TaskMesh autonomous isolation (ubuntu)	Install pinned Go toolchain	2026-09-15T11:21:12.8733273Z GOCACHEPROG=''
TaskMesh autonomous isolation (ubuntu)	Install pinned Go toolchain	2026-09-15T11:21:12.8733472Z GODEBUG=''
TaskMesh autonomous isolation (ubuntu)	Install pinned Go toolchain	2026-09-15T11:21:12.8733682Z GOENV='/home/runner/.config/go/env'
TaskMesh autonomous isolation (ubuntu)	Install pinned Go toolchain	2026-09-15T11:21:12.8733935Z GOEXE=''
TaskMesh autonomous isolation (ubuntu)	Install pinned Go toolchain	2026-09-15T11:21:12.8734131Z GOEXPERIMENT=''
TaskMesh autonomous isolation (ubuntu)	Install pinned Go toolchain	2026-09-15T11:21:12.8734338Z GOFIPS140='off'
TaskMesh autonomous isolation (ubuntu)	Install pinned Go toolchain	2026-09-15T11:21:12.8734558Z GOFLAGS=''
TaskMesh autonomous isolation (ubuntu)	Install pinned Go toolchain	2026-09-15T11:21:12.8735234Z GOGCCFLAGS='-fPIC -m64 -pthread -Wl,--no-gc-sections -fmessage-length=0 -ffile-prefix-map=/tmp/go-build3525236648=/tmp/go-build -gno-record-gcc-switches'
TaskMesh autonomous isolation (ubuntu)	Install pinned Go toolchain	2026-09-15T11:21:12.8735918Z GOHOSTARCH='amd64'
TaskMesh autonomous isolation (ubuntu)	Install pinned Go toolchain	2026-09-15T11:21:12.8736132Z GOHOSTOS='linux'
TaskMesh autonomous isolation (ubuntu)	Install pinned Go toolchain	2026-09-15T11:21:12.8736338Z GOINSECURE=''
TaskMesh autonomous isolation (ubuntu)	Install pinned Go toolchain	2026-09-15T11:21:12.8736600Z GOMOD='/home/runner/work/task-spec/task-spec/go.mod'
TaskMesh autonomous isolation (ubuntu)	Install pinned Go toolchain	2026-09-15T11:21:12.8737135Z GOMODCACHE='/home/runner/go/pkg/mod'
TaskMesh autonomous isolation (ubuntu)	Install pinned Go toolchain	2026-09-15T11:21:12.8737400Z GONOPROXY=''
TaskMesh autonomous isolation (ubuntu)	Install pinned Go toolchain	2026-09-15T11:21:12.8737600Z GONOSUMDB=''
TaskMesh autonomous isolation (ubuntu)	Install pinned Go toolchain	2026-09-15T11:21:12.8737799Z GOOS='linux'
TaskMesh autonomous isolation (ubuntu)	Install pinned Go toolchain	2026-09-15T11:21:12.8738010Z GOPATH='/home/runner/go'
TaskMesh autonomous isolation (ubuntu)	Install pinned Go toolchain	2026-09-15T11:21:12.8738259Z GOPRIVATE=''
TaskMesh autonomous isolation (ubuntu)	Install pinned Go toolchain	2026-09-15T11:21:12.8739077Z GOPROXY='https://proxy.golang.org,direct'
TaskMesh autonomous isolation (ubuntu)	Install pinned Go toolchain	2026-09-15T11:21:12.8739720Z GOROOT='/opt/hostedtoolcache/go/1.25.0/x64'
TaskMesh autonomous isolation (ubuntu)	Install pinned Go toolchain	2026-09-15T11:21:12.8740308Z GOSUMDB='sum.golang.org'
TaskMesh autonomous isolation (ubuntu)	Install pinned Go toolchain	2026-09-15T11:21:12.8740793Z GOTELEMETRY='local'
TaskMesh autonomous isolation (ubuntu)	Install pinned Go toolchain	2026-09-15T11:21:12.8741352Z GOTELEMETRYDIR='/home/runner/.config/go/telemetry'
TaskMesh autonomous isolation (ubuntu)	Install pinned Go toolchain	2026-09-15T11:21:12.8741869Z GOTMPDIR=''
TaskMesh autonomous isolation (ubuntu)	Install pinned Go toolchain	2026-09-15T11:21:12.8742360Z GOTOOLCHAIN='local'
TaskMesh autonomous isolation (ubuntu)	Install pinned Go toolchain	2026-09-15T11:21:12.8743021Z GOTOOLDIR='/opt/hostedtoolcache/go/1.25.0/x64/pkg/tool/linux_amd64'
TaskMesh autonomous isolation (ubuntu)	Install pinned Go toolchain	2026-09-15T11:21:12.8743541Z GOVCS=''
TaskMesh autonomous isolation (ubuntu)	Install pinned Go toolchain	2026-09-15T11:21:12.8744012Z GOVERSION='go1.25.0'
TaskMesh autonomous isolation (ubuntu)	Install pinned Go toolchain	2026-09-15T11:21:12.8744529Z GOWORK=''
TaskMesh autonomous isolation (ubuntu)	Install pinned Go toolchain	2026-09-15T11:21:12.8744968Z PKG_CONFIG='pkg-config'
TaskMesh autonomous isolation (ubuntu)	Install pinned Go toolchain	2026-09-15T11:21:12.8745284Z 
TaskMesh autonomous isolation (ubuntu)	Install pinned Go toolchain	2026-09-15T11:21:12.8745996Z ##[endgroup]
TaskMesh autonomous isolation (ubuntu)	Require live Docker isolation proof	﻿2026-09-15T11:21:12.8977958Z ##[group]Run bash tests/test-mesh-isolation.sh
TaskMesh autonomous isolation (ubuntu)	Require live Docker isolation proof	2026-09-15T11:21:12.8978409Z [36;1mbash tests/test-mesh-isolation.sh[0m
TaskMesh autonomous isolation (ubuntu)	Require live Docker isolation proof	2026-09-15T11:21:12.8978773Z [36;1mbash tests/test-toolkit-attested.sh[0m
TaskMesh autonomous isolation (ubuntu)	Require live Docker isolation proof	2026-09-15T11:21:12.9022949Z shell: /usr/bin/bash -e {0}
TaskMesh autonomous isolation (ubuntu)	Require live Docker isolation proof	2026-09-15T11:21:12.9023239Z env:
TaskMesh autonomous isolation (ubuntu)	Require live Docker isolation proof	2026-09-15T11:21:12.9023434Z   GOTOOLCHAIN: local
TaskMesh autonomous isolation (ubuntu)	Require live Docker isolation proof	2026-09-15T11:21:12.9023680Z   TASKSPEC_REQUIRE_MESH_ISOLATION: 1
TaskMesh autonomous isolation (ubuntu)	Require live Docker isolation proof	2026-09-15T11:21:12.9023940Z ##[endgroup]
TaskMesh autonomous isolation (ubuntu)	Require live Docker isolation proof	2026-09-15T11:21:50.0333344Z MESH_ISOLATION=READY
TaskMesh autonomous isolation (ubuntu)	Require live Docker isolation proof	2026-09-15T11:22:04.3707291Z TOOLKIT_ATTESTED=PASS two rounds, distinct revoked credentials, signed evidence, canonical acceptance
TaskMesh autonomous isolation (ubuntu)	Require live Docker isolation proof	2026-09-15T11:22:10.8512043Z MESH_ISOLATION=READY
TaskMesh autonomous isolation (ubuntu)	Post Install pinned Go toolchain	﻿2026-09-15T11:22:10.8751005Z Post job cleanup.
TaskMesh autonomous isolation (ubuntu)	Post Install pinned Go toolchain	2026-09-15T11:22:10.9980390Z [command]/opt/hostedtoolcache/go/1.25.0/x64/bin/go env GOMODCACHE
TaskMesh autonomous isolation (ubuntu)	Post Install pinned Go toolchain	2026-09-15T11:22:11.0032548Z [command]/opt/hostedtoolcache/go/1.25.0/x64/bin/go env GOCACHE
TaskMesh autonomous isolation (ubuntu)	Post Install pinned Go toolchain	2026-09-15T11:22:11.0063618Z /home/runner/go/pkg/mod
TaskMesh autonomous isolation (ubuntu)	Post Install pinned Go toolchain	2026-09-15T11:22:11.0085073Z /home/runner/.cache/go-build
TaskMesh autonomous isolation (ubuntu)	Post Install pinned Go toolchain	2026-09-15T11:22:11.0092102Z Cache hit occurred on the primary key setup-go-Linux-x64-ubuntu24-go-1.25.0-177c9a629613f64b62ff3bce8b5249e61de06089c1d63967a2ef301279610df5, not saving cache.
TaskMesh autonomous isolation (ubuntu)	Post Checkout	﻿2026-09-15T11:22:11.0295231Z Post job cleanup.
TaskMesh autonomous isolation (ubuntu)	Post Checkout	2026-09-15T11:22:11.1139508Z [command]/usr/bin/git version
TaskMesh autonomous isolation (ubuntu)	Post Checkout	2026-09-15T11:22:11.1190307Z git version 2.55.0
TaskMesh autonomous isolation (ubuntu)	Post Checkout	2026-09-15T11:22:11.1243034Z Temporarily overriding HOME='/home/runner/work/_temp/05af3a4c-a3a6-4a1a-b14c-21cf22479560' before making global git config changes
TaskMesh autonomous isolation (ubuntu)	Post Checkout	2026-09-15T11:22:11.1244119Z Adding repository directory to the temporary git global config as a safe directory
TaskMesh autonomous isolation (ubuntu)	Post Checkout	2026-09-15T11:22:11.1250628Z [command]/usr/bin/git config --global --add safe.directory /home/runner/work/task-spec/task-spec
TaskMesh autonomous isolation (ubuntu)	Post Checkout	2026-09-15T11:22:11.1285786Z Removing SSH command configuration
TaskMesh autonomous isolation (ubuntu)	Post Checkout	2026-09-15T11:22:11.1293154Z [command]/usr/bin/git config --local --name-only --get-regexp core\.sshCommand
TaskMesh autonomous isolation (ubuntu)	Post Checkout	2026-09-15T11:22:11.1329300Z [command]/usr/bin/git submodule foreach --recursive sh -c "git config --local --name-only --get-regexp 'core\.sshCommand' && git config --local --unset-all 'core.sshCommand' || :"
TaskMesh autonomous isolation (ubuntu)	Post Checkout	2026-09-15T11:22:11.1596232Z Removing HTTP extra header
TaskMesh autonomous isolation (ubuntu)	Post Checkout	2026-09-15T11:22:11.1602588Z [command]/usr/bin/git config --local --name-only --get-regexp http\.https\:\/\/github\.com\/\.extraheader
TaskMesh autonomous isolation (ubuntu)	Post Checkout	2026-09-15T11:22:11.1648229Z [command]/usr/bin/git submodule foreach --recursive sh -c "git config --local --name-only --get-regexp 'http\.https\:\/\/github\.com\/\.extraheader' && git config --local --unset-all 'http.https://github.com/.extraheader' || :"
TaskMesh autonomous isolation (ubuntu)	Post Checkout	2026-09-15T11:22:11.1903673Z Removing includeIf entries pointing to credentials config files
TaskMesh autonomous isolation (ubuntu)	Post Checkout	2026-09-15T11:22:11.1915111Z [command]/usr/bin/git config --local --name-only --get-regexp ^includeIf\.gitdir:
TaskMesh autonomous isolation (ubuntu)	Post Checkout	2026-09-15T11:22:11.1962055Z [command]/usr/bin/git submodule foreach --recursive git config --local --show-origin --name-only --get-regexp remote.origin.url
TaskMesh autonomous isolation (ubuntu)	Complete job	﻿2026-09-15T11:22:11.2443004Z Cleaning up orphan processes
make check (macos-latest)	Set up job	﻿2026-09-15T11:20:59.8922330Z Current runner version: '2.337.0'
make check (macos-latest)	Set up job	2026-09-15T11:20:59.8939900Z ##[group]Runner Image Provisioner
make check (macos-latest)	Set up job	2026-09-15T11:20:59.8940440Z Hosted Compute Agent
make check (macos-latest)	Set up job	2026-09-15T11:20:59.8940810Z Version: 20260828.587
make check (macos-latest)	Set up job	2026-09-15T11:20:59.8941220Z Commit: abac92662cab4cc7352de4f9f9d2e2419aad9c29
make check (macos-latest)	Set up job	2026-09-15T11:20:59.8941750Z Build Date: 2026-08-28T16:44:25Z
make check (macos-latest)	Set up job	2026-09-15T11:20:59.8942250Z Worker ID: {2363ad47-5762-4abb-be88-776cb469ba42}
make check (macos-latest)	Set up job	2026-09-15T11:20:59.8942700Z Azure Region: westus
make check (macos-latest)	Set up job	2026-09-15T11:20:59.8943060Z ##[endgroup]
make check (macos-latest)	Set up job	2026-09-15T11:20:59.8944130Z ##[group]Operating System
make check (macos-latest)	Set up job	2026-09-15T11:20:59.8945400Z macOS
make check (macos-latest)	Set up job	2026-09-15T11:20:59.8946050Z 26.6.2
make check (macos-latest)	Set up job	2026-09-15T11:20:59.8946460Z 25G83
make check (macos-latest)	Set up job	2026-09-15T11:20:59.8946900Z ##[endgroup]
make check (macos-latest)	Set up job	2026-09-15T11:20:59.8947340Z ##[group]Runner Image
make check (macos-latest)	Set up job	2026-09-15T11:20:59.8947820Z Image: macos-26-arm64
make check (macos-latest)	Set up job	2026-09-15T11:20:59.8948250Z Version: 20260907.0351.1
make check (macos-latest)	Set up job	2026-09-15T11:20:59.8949160Z Included Software: https://github.com/actions/runner-images/blob/macos-26-arm64/20260907.0351/images/macos/macos-26-arm64-Readme.md
make check (macos-latest)	Set up job	2026-09-15T11:20:59.8950420Z Image Release: https://github.com/actions/runner-images/releases/tag/macos-26-arm64%2F20260907.0351
make check (macos-latest)	Set up job	2026-09-15T11:20:59.8951220Z ##[endgroup]
make check (macos-latest)	Set up job	2026-09-15T11:20:59.8952070Z ##[group]GITHUB_TOKEN Permissions
make check (macos-latest)	Set up job	2026-09-15T11:20:59.8954000Z Contents: read
make check (macos-latest)	Set up job	2026-09-15T11:20:59.8954480Z Metadata: read
make check (macos-latest)	Set up job	2026-09-15T11:20:59.8954880Z ##[endgroup]
make check (macos-latest)	Set up job	2026-09-15T11:20:59.8956660Z Secret source: Actions
make check (macos-latest)	Set up job	2026-09-15T11:20:59.8957700Z Cache mode: write
make check (macos-latest)	Set up job	2026-09-15T11:20:59.8958430Z Prepare workflow directory
make check (macos-latest)	Set up job	2026-09-15T11:20:59.9179460Z Prepare all required actions
make check (macos-latest)	Set up job	2026-09-15T11:20:59.9214210Z Getting action download info
make check (macos-latest)	Set up job	2026-09-15T11:21:00.1612860Z Download action repository 'actions/checkout@3d3c42e5aac5ba805825da76410c181273ba90b1' (SHA:3d3c42e5aac5ba805825da76410c181273ba90b1)
make check (macos-latest)	Set up job	2026-09-15T11:21:00.5072150Z Download action repository 'actions/setup-go@b7ad1dad31e06c5925ef5d2fc7ad053ef454303e' (SHA:b7ad1dad31e06c5925ef5d2fc7ad053ef454303e)
make check (macos-latest)	Set up job	2026-09-15T11:21:01.6114380Z Complete job name: make check (macos-latest)
make check (macos-latest)	Checkout	﻿2026-09-15T11:21:01.6733770Z ##[group]Run actions/checkout@3d3c42e5aac5ba805825da76410c181273ba90b1
make check (macos-latest)	Checkout	2026-09-15T11:21:01.6738930Z with:
make check (macos-latest)	Checkout	2026-09-15T11:21:01.6740740Z   persist-credentials: false
make check (macos-latest)	Checkout	2026-09-15T11:21:01.6743680Z   repository: luanmorenommaciel/task-spec
make check (macos-latest)	Checkout	2026-09-15T11:21:01.6752560Z   token: ***
make check (macos-latest)	Checkout	2026-09-15T11:21:01.6753940Z   ssh-strict: true
make check (macos-latest)	Checkout	2026-09-15T11:21:01.6755200Z   ssh-user: git
make check (macos-latest)	Checkout	2026-09-15T11:21:01.6756720Z   clean: true
make check (macos-latest)	Checkout	2026-09-15T11:21:01.6757990Z   sparse-checkout-cone-mode: true
make check (macos-latest)	Checkout	2026-09-15T11:21:01.6759640Z   fetch-depth: 1
make check (macos-latest)	Checkout	2026-09-15T11:21:01.6760700Z   fetch-tags: false
make check (macos-latest)	Checkout	2026-09-15T11:21:01.6762230Z   show-progress: true
make check (macos-latest)	Checkout	2026-09-15T11:21:01.6762840Z   lfs: false
make check (macos-latest)	Checkout	2026-09-15T11:21:01.6763390Z   submodules: false
make check (macos-latest)	Checkout	2026-09-15T11:21:01.6764320Z   set-safe-directory: true
make check (macos-latest)	Checkout	2026-09-15T11:21:01.6765440Z   allow-unsafe-pr-checkout: false
make check (macos-latest)	Checkout	2026-09-15T11:21:01.6771810Z ##[endgroup]
make check (macos-latest)	Checkout	2026-09-15T11:21:02.1799120Z Syncing repository: luanmorenommaciel/task-spec
make check (macos-latest)	Checkout	2026-09-15T11:21:02.1800980Z ##[group]Getting Git version info
make check (macos-latest)	Checkout	2026-09-15T11:21:02.1801750Z Working directory is '/Users/runner/work/task-spec/task-spec'
make check (macos-latest)	Checkout	2026-09-15T11:21:02.1802820Z [command]/opt/homebrew/bin/git version
make check (macos-latest)	Checkout	2026-09-15T11:21:02.2601040Z git version 2.55.0
make check (macos-latest)	Checkout	2026-09-15T11:21:02.2634390Z ##[endgroup]
make check (macos-latest)	Checkout	2026-09-15T11:21:02.2662540Z Copying '/Users/runner/.gitconfig' to '/Users/runner/work/_temp/9cb40971-3fbf-4577-bef2-c6b1ed2d4c66/.gitconfig'
make check (macos-latest)	Checkout	2026-09-15T11:21:02.2664730Z Temporarily overriding HOME='/Users/runner/work/_temp/9cb40971-3fbf-4577-bef2-c6b1ed2d4c66' before making global git config changes
make check (macos-latest)	Checkout	2026-09-15T11:21:02.2672360Z Adding repository directory to the temporary git global config as a safe directory
make check (macos-latest)	Checkout	2026-09-15T11:21:02.2673510Z [command]/opt/homebrew/bin/git config --global --add safe.directory /Users/runner/work/task-spec/task-spec
make check (macos-latest)	Checkout	2026-09-15T11:21:02.2805670Z Deleting the contents of '/Users/runner/work/task-spec/task-spec'
make check (macos-latest)	Checkout	2026-09-15T11:21:02.2861750Z ##[group]Determining repository object format
make check (macos-latest)	Checkout	2026-09-15T11:21:02.2863690Z ##[endgroup]
make check (macos-latest)	Checkout	2026-09-15T11:21:02.2873090Z ##[group]Initializing the repository
make check (macos-latest)	Checkout	2026-09-15T11:21:02.2878050Z [command]/opt/homebrew/bin/git init /Users/runner/work/task-spec/task-spec
make check (macos-latest)	Checkout	2026-09-15T11:21:02.3123310Z hint: Using 'master' as the name for the initial branch. This default branch name
make check (macos-latest)	Checkout	2026-09-15T11:21:02.3124740Z hint: will change to "main" in Git 3.0. To configure the initial branch name
make check (macos-latest)	Checkout	2026-09-15T11:21:02.3125520Z hint: to use in all of your new repositories, which will suppress this warning,
make check (macos-latest)	Checkout	2026-09-15T11:21:02.3126290Z hint: call:
make check (macos-latest)	Checkout	2026-09-15T11:21:02.3126650Z hint:
make check (macos-latest)	Checkout	2026-09-15T11:21:02.3127110Z hint: 	git config --global init.defaultBranch <name>
make check (macos-latest)	Checkout	2026-09-15T11:21:02.3127620Z hint:
make check (macos-latest)	Checkout	2026-09-15T11:21:02.3128090Z hint: Names commonly chosen instead of 'master' are 'main', 'trunk' and
make check (macos-latest)	Checkout	2026-09-15T11:21:02.3129000Z hint: 'development'. The just-created branch can be renamed via this command:
make check (macos-latest)	Checkout	2026-09-15T11:21:02.3129810Z hint:
make check (macos-latest)	Checkout	2026-09-15T11:21:02.3130260Z hint: 	git branch -m <name>
make check (macos-latest)	Checkout	2026-09-15T11:21:02.3130750Z hint:
make check (macos-latest)	Checkout	2026-09-15T11:21:02.3131410Z hint: Disable this message with "git config set advice.defaultBranchName false"
make check (macos-latest)	Checkout	2026-09-15T11:21:02.3132550Z Initialized empty Git repository in /Users/runner/work/task-spec/task-spec/.git/
make check (macos-latest)	Checkout	2026-09-15T11:21:02.3146700Z [command]/opt/homebrew/bin/git remote add origin https://github.com/luanmorenommaciel/task-spec
make check (macos-latest)	Checkout	2026-09-15T11:21:02.3245990Z ##[endgroup]
make check (macos-latest)	Checkout	2026-09-15T11:21:02.3248140Z ##[group]Disabling automatic garbage collection
make check (macos-latest)	Checkout	2026-09-15T11:21:02.3249900Z [command]/opt/homebrew/bin/git config --local gc.auto 0
make check (macos-latest)	Checkout	2026-09-15T11:21:02.3336880Z ##[endgroup]
make check (macos-latest)	Checkout	2026-09-15T11:21:02.3338170Z ##[group]Setting up auth
make check (macos-latest)	Checkout	2026-09-15T11:21:02.3338700Z Removing SSH command configuration
make check (macos-latest)	Checkout	2026-09-15T11:21:02.3345130Z [command]/opt/homebrew/bin/git config --local --name-only --get-regexp core\.sshCommand
make check (macos-latest)	Checkout	2026-09-15T11:21:02.3430790Z [command]/opt/homebrew/bin/git submodule foreach --recursive sh -c "git config --local --name-only --get-regexp 'core\.sshCommand' && git config --local --unset-all 'core.sshCommand' || :"
make check (macos-latest)	Checkout	2026-09-15T11:21:02.5313680Z Removing HTTP extra header
make check (macos-latest)	Checkout	2026-09-15T11:21:02.5315200Z [command]/opt/homebrew/bin/git config --local --name-only --get-regexp http\.https\:\/\/github\.com\/\.extraheader
make check (macos-latest)	Checkout	2026-09-15T11:21:02.5420190Z [command]/opt/homebrew/bin/git submodule foreach --recursive sh -c "git config --local --name-only --get-regexp 'http\.https\:\/\/github\.com\/\.extraheader' && git config --local --unset-all 'http.https://github.com/.extraheader' || :"
make check (macos-latest)	Checkout	2026-09-15T11:21:02.6692560Z Removing includeIf entries pointing to credentials config files
make check (macos-latest)	Checkout	2026-09-15T11:21:02.6796120Z [command]/opt/homebrew/bin/git config --local --name-only --get-regexp ^includeIf\.gitdir:
make check (macos-latest)	Checkout	2026-09-15T11:21:02.7100410Z [command]/opt/homebrew/bin/git submodule foreach --recursive git config --local --show-origin --name-only --get-regexp remote.origin.url
make check (macos-latest)	Checkout	2026-09-15T11:21:02.9145800Z [command]/opt/homebrew/bin/git config --file /Users/runner/work/_temp/git-credentials-fc1f38fe-455d-4388-b790-e57e5be3cbfa.config http.https://github.com/.extraheader AUTHORIZATION: basic ***
make check (macos-latest)	Checkout	2026-09-15T11:21:02.9184410Z [command]/opt/homebrew/bin/git config --local includeIf.gitdir:/Users/runner/work/task-spec/task-spec/.git.path /Users/runner/work/_temp/git-credentials-fc1f38fe-455d-4388-b790-e57e5be3cbfa.config
make check (macos-latest)	Checkout	2026-09-15T11:21:02.9191500Z [command]/opt/homebrew/bin/git config --local includeIf.gitdir:/Users/runner/work/task-spec/task-spec/.git/worktrees/*.path /Users/runner/work/_temp/git-credentials-fc1f38fe-455d-4388-b790-e57e5be3cbfa.config
make check (macos-latest)	Checkout	2026-09-15T11:21:02.9197400Z [command]/opt/homebrew/bin/git config --local includeIf.gitdir:/github/workspace/.git.path /github/runner_temp/git-credentials-fc1f38fe-455d-4388-b790-e57e5be3cbfa.config
make check (macos-latest)	Checkout	2026-09-15T11:21:02.9203650Z [command]/opt/homebrew/bin/git config --local includeIf.gitdir:/github/workspace/.git/worktrees/*.path /github/runner_temp/git-credentials-fc1f38fe-455d-4388-b790-e57e5be3cbfa.config
make check (macos-latest)	Checkout	2026-09-15T11:21:02.9250060Z ##[endgroup]
make check (macos-latest)	Checkout	2026-09-15T11:21:02.9251930Z ##[group]Fetching the repository
make check (macos-latest)	Checkout	2026-09-15T11:21:02.9266900Z [command]/opt/homebrew/bin/git -c protocol.version=2 fetch --no-tags --prune --no-recurse-submodules --depth=1 origin +649884a9d1880178eec216ddcce0e9afd0e7b76a:refs/remotes/origin/main
make check (macos-latest)	Checkout	2026-09-15T11:21:06.1142400Z From https://github.com/luanmorenommaciel/task-spec
make check (macos-latest)	Checkout	2026-09-15T11:21:06.1146110Z  * [new ref]         649884a9d1880178eec216ddcce0e9afd0e7b76a -> origin/main
make check (macos-latest)	Checkout	2026-09-15T11:21:06.1153880Z [command]/opt/homebrew/bin/git branch --list --remote origin/main
make check (macos-latest)	Checkout	2026-09-15T11:21:06.1284560Z   origin/main
make check (macos-latest)	Checkout	2026-09-15T11:21:06.1300800Z [command]/opt/homebrew/bin/git rev-parse refs/remotes/origin/main
make check (macos-latest)	Checkout	2026-09-15T11:21:06.1444720Z 649884a9d1880178eec216ddcce0e9afd0e7b76a
make check (macos-latest)	Checkout	2026-09-15T11:21:06.1453510Z ##[endgroup]
make check (macos-latest)	Checkout	2026-09-15T11:21:06.1454900Z ##[group]Determining the checkout info
make check (macos-latest)	Checkout	2026-09-15T11:21:06.1456540Z ##[endgroup]
make check (macos-latest)	Checkout	2026-09-15T11:21:06.1459220Z [command]/opt/homebrew/bin/git sparse-checkout disable
make check (macos-latest)	Checkout	2026-09-15T11:21:06.1571190Z [command]/opt/homebrew/bin/git config --local --unset-all extensions.worktreeConfig
make check (macos-latest)	Checkout	2026-09-15T11:21:06.1653770Z ##[group]Checking out the ref
make check (macos-latest)	Checkout	2026-09-15T11:21:06.1655350Z [command]/opt/homebrew/bin/git checkout --progress --force -B main refs/remotes/origin/main
make check (macos-latest)	Checkout	2026-09-15T11:21:07.0015140Z Switched to a new branch 'main'
make check (macos-latest)	Checkout	2026-09-15T11:21:07.0019920Z branch 'main' set up to track 'origin/main'.
make check (macos-latest)	Checkout	2026-09-15T11:21:07.0044920Z ##[endgroup]
make check (macos-latest)	Checkout	2026-09-15T11:21:07.0283660Z [command]/opt/homebrew/bin/git log -1 --format=%H
make check (macos-latest)	Checkout	2026-09-15T11:21:07.0441380Z 649884a9d1880178eec216ddcce0e9afd0e7b76a
make check (macos-latest)	Checkout	2026-09-15T11:21:07.0463460Z ##[group]Removing auth
make check (macos-latest)	Checkout	2026-09-15T11:21:07.0465260Z Removing SSH command configuration
make check (macos-latest)	Checkout	2026-09-15T11:21:07.0471400Z [command]/opt/homebrew/bin/git config --local --name-only --get-regexp core\.sshCommand
make check (macos-latest)	Checkout	2026-09-15T11:21:07.0640070Z [command]/opt/homebrew/bin/git submodule foreach --recursive sh -c "git config --local --name-only --get-regexp 'core\.sshCommand' && git config --local --unset-all 'core.sshCommand' || :"
make check (macos-latest)	Checkout	2026-09-15T11:21:07.3146960Z Removing HTTP extra header
make check (macos-latest)	Checkout	2026-09-15T11:21:07.3255910Z [command]/opt/homebrew/bin/git config --local --name-only --get-regexp http\.https\:\/\/github\.com\/\.extraheader
make check (macos-latest)	Checkout	2026-09-15T11:21:07.3431570Z [command]/opt/homebrew/bin/git submodule foreach --recursive sh -c "git config --local --name-only --get-regexp 'http\.https\:\/\/github\.com\/\.extraheader' && git config --local --unset-all 'http.https://github.com/.extraheader' || :"
make check (macos-latest)	Checkout	2026-09-15T11:21:07.4858420Z Removing includeIf entries pointing to credentials config files
make check (macos-latest)	Checkout	2026-09-15T11:21:07.4960570Z [command]/opt/homebrew/bin/git config --local --name-only --get-regexp ^includeIf\.gitdir:
make check (macos-latest)	Checkout	2026-09-15T11:21:07.5062510Z includeif.gitdir:/Users/runner/work/task-spec/task-spec/.git.path
make check (macos-latest)	Checkout	2026-09-15T11:21:07.5069940Z includeif.gitdir:/Users/runner/work/task-spec/task-spec/.git/worktrees/*.path
make check (macos-latest)	Checkout	2026-09-15T11:21:07.5071160Z includeif.gitdir:/github/workspace/.git.path
make check (macos-latest)	Checkout	2026-09-15T11:21:07.5071870Z includeif.gitdir:/github/workspace/.git/worktrees/*.path
make check (macos-latest)	Checkout	2026-09-15T11:21:07.5073630Z [command]/opt/homebrew/bin/git config --local --get-all includeif.gitdir:/Users/runner/work/task-spec/task-spec/.git.path
make check (macos-latest)	Checkout	2026-09-15T11:21:07.5074700Z /Users/runner/work/_temp/git-credentials-fc1f38fe-455d-4388-b790-e57e5be3cbfa.config
make check (macos-latest)	Checkout	2026-09-15T11:21:07.5076160Z [command]/opt/homebrew/bin/git config --local --unset includeif.gitdir:/Users/runner/work/task-spec/task-spec/.git.path \/Users\/runner\/work\/_temp\/git\-credentials\-fc1f38fe\-455d\-4388\-b790\-e57e5be3cbfa\.config
make check (macos-latest)	Checkout	2026-09-15T11:21:07.5077780Z [command]/opt/homebrew/bin/git config --local --get-all includeif.gitdir:/Users/runner/work/task-spec/task-spec/.git/worktrees/*.path
make check (macos-latest)	Checkout	2026-09-15T11:21:07.5086530Z /Users/runner/work/_temp/git-credentials-fc1f38fe-455d-4388-b790-e57e5be3cbfa.config
make check (macos-latest)	Checkout	2026-09-15T11:21:07.5098240Z [command]/opt/homebrew/bin/git config --local --unset includeif.gitdir:/Users/runner/work/task-spec/task-spec/.git/worktrees/*.path \/Users\/runner\/work\/_temp\/git\-credentials\-fc1f38fe\-455d\-4388\-b790\-e57e5be3cbfa\.config
make check (macos-latest)	Checkout	2026-09-15T11:21:07.5180430Z [command]/opt/homebrew/bin/git config --local --get-all includeif.gitdir:/github/workspace/.git.path
make check (macos-latest)	Checkout	2026-09-15T11:21:07.5249520Z /github/runner_temp/git-credentials-fc1f38fe-455d-4388-b790-e57e5be3cbfa.config
make check (macos-latest)	Checkout	2026-09-15T11:21:07.5261050Z [command]/opt/homebrew/bin/git config --local --unset includeif.gitdir:/github/workspace/.git.path \/github\/runner_temp\/git\-credentials\-fc1f38fe\-455d\-4388\-b790\-e57e5be3cbfa\.config
make check (macos-latest)	Checkout	2026-09-15T11:21:07.5352200Z [command]/opt/homebrew/bin/git config --local --get-all includeif.gitdir:/github/workspace/.git/worktrees/*.path
make check (macos-latest)	Checkout	2026-09-15T11:21:07.5436880Z /github/runner_temp/git-credentials-fc1f38fe-455d-4388-b790-e57e5be3cbfa.config
make check (macos-latest)	Checkout	2026-09-15T11:21:07.5448370Z [command]/opt/homebrew/bin/git config --local --unset includeif.gitdir:/github/workspace/.git/worktrees/*.path \/github\/runner_temp\/git\-credentials\-fc1f38fe\-455d\-4388\-b790\-e57e5be3cbfa\.config
make check (macos-latest)	Checkout	2026-09-15T11:21:07.5540610Z [command]/opt/homebrew/bin/git submodule foreach --recursive git config --local --show-origin --name-only --get-regexp remote.origin.url
make check (macos-latest)	Checkout	2026-09-15T11:21:07.7238520Z Removing credentials config '/Users/runner/work/_temp/git-credentials-fc1f38fe-455d-4388-b790-e57e5be3cbfa.config'
make check (macos-latest)	Checkout	2026-09-15T11:21:07.7240490Z ##[endgroup]
make check (macos-latest)	Install pinned Go toolchain for optional TaskMesh	﻿2026-09-15T11:21:07.7650480Z ##[group]Run actions/setup-go@b7ad1dad31e06c5925ef5d2fc7ad053ef454303e
make check (macos-latest)	Install pinned Go toolchain for optional TaskMesh	2026-09-15T11:21:07.7651190Z with:
make check (macos-latest)	Install pinned Go toolchain for optional TaskMesh	2026-09-15T11:21:07.7651430Z   go-version: 1.25.0
make check (macos-latest)	Install pinned Go toolchain for optional TaskMesh	2026-09-15T11:21:07.7651620Z   cache-dependency-path: go.sum
make check (macos-latest)	Install pinned Go toolchain for optional TaskMesh	2026-09-15T11:21:07.7651840Z   check-latest: false
make check (macos-latest)	Install pinned Go toolchain for optional TaskMesh	2026-09-15T11:21:07.7654220Z   token: ***
make check (macos-latest)	Install pinned Go toolchain for optional TaskMesh	2026-09-15T11:21:07.7654420Z   cache: true
make check (macos-latest)	Install pinned Go toolchain for optional TaskMesh	2026-09-15T11:21:07.7654750Z ##[endgroup]
make check (macos-latest)	Install pinned Go toolchain for optional TaskMesh	2026-09-15T11:21:07.9732830Z Setup go version spec 1.25.0
make check (macos-latest)	Install pinned Go toolchain for optional TaskMesh	2026-09-15T11:21:07.9798980Z Attempting to download 1.25.0...
make check (macos-latest)	Install pinned Go toolchain for optional TaskMesh	2026-09-15T11:21:08.9782540Z matching 1.25.0...
make check (macos-latest)	Install pinned Go toolchain for optional TaskMesh	2026-09-15T11:21:08.9832510Z Acquiring 1.25.0 from https://github.com/actions/go-versions/releases/download/1.25.0-16925932082/go-1.25.0-darwin-arm64.tar.gz
make check (macos-latest)	Install pinned Go toolchain for optional TaskMesh	2026-09-15T11:21:09.7456600Z Extracting Go...
make check (macos-latest)	Install pinned Go toolchain for optional TaskMesh	2026-09-15T11:21:09.7641740Z [command]/usr/bin/tar xz -C /Users/runner/work/_temp/05d662ac-84e1-4a94-8f52-37b5813236e6 -f /Users/runner/work/_temp/12e2ae28-8195-465b-9e84-525c30e217e0
make check (macos-latest)	Install pinned Go toolchain for optional TaskMesh	2026-09-15T11:21:13.0489040Z Successfully extracted go to /Users/runner/work/_temp/05d662ac-84e1-4a94-8f52-37b5813236e6
make check (macos-latest)	Install pinned Go toolchain for optional TaskMesh	2026-09-15T11:21:13.0491710Z Adding to the cache ...
make check (macos-latest)	Install pinned Go toolchain for optional TaskMesh	2026-09-15T11:21:23.7888950Z Successfully cached go to /Users/runner/hostedtoolcache/go/1.25.0/arm64
make check (macos-latest)	Install pinned Go toolchain for optional TaskMesh	2026-09-15T11:21:23.7890220Z Added go to the path
make check (macos-latest)	Install pinned Go toolchain for optional TaskMesh	2026-09-15T11:21:23.7891750Z Successfully set up Go version 1.25.0
make check (macos-latest)	Install pinned Go toolchain for optional TaskMesh	2026-09-15T11:21:23.8946870Z [command]/Users/runner/hostedtoolcache/go/1.25.0/arm64/bin/go env GOMODCACHE
make check (macos-latest)	Install pinned Go toolchain for optional TaskMesh	2026-09-15T11:21:23.8999400Z [command]/Users/runner/hostedtoolcache/go/1.25.0/arm64/bin/go env GOCACHE
make check (macos-latest)	Install pinned Go toolchain for optional TaskMesh	2026-09-15T11:21:23.9132340Z /Users/runner/go/pkg/mod
make check (macos-latest)	Install pinned Go toolchain for optional TaskMesh	2026-09-15T11:21:23.9155820Z /Users/runner/Library/Caches/go-build
make check (macos-latest)	Install pinned Go toolchain for optional TaskMesh	2026-09-15T11:21:24.0361140Z Cache hit for: setup-go-macOS-arm64-go-1.25.0-177c9a629613f64b62ff3bce8b5249e61de06089c1d63967a2ef301279610df5
make check (macos-latest)	Install pinned Go toolchain for optional TaskMesh	2026-09-15T11:21:25.0433330Z Received 139017218 of 139017218 (100.0%), 135.0 MBs/sec
make check (macos-latest)	Install pinned Go toolchain for optional TaskMesh	2026-09-15T11:21:25.0444420Z Cache Size: ~133 MB (139017218 B)
make check (macos-latest)	Install pinned Go toolchain for optional TaskMesh	2026-09-15T11:21:25.0555430Z [command]/opt/homebrew/bin/gtar -xf /Users/runner/work/_temp/e39df432-706d-49f2-a5eb-5842e5bf8af3/cache.tzst -P -C /Users/runner/work/task-spec/task-spec --delay-directory-restore --use-compress-program unzstd
make check (macos-latest)	Install pinned Go toolchain for optional TaskMesh	2026-09-15T11:21:28.0917130Z Cache restored successfully
make check (macos-latest)	Install pinned Go toolchain for optional TaskMesh	2026-09-15T11:21:28.1033200Z Cache restored from key: setup-go-macOS-arm64-go-1.25.0-177c9a629613f64b62ff3bce8b5249e61de06089c1d63967a2ef301279610df5
make check (macos-latest)	Install pinned Go toolchain for optional TaskMesh	2026-09-15T11:21:28.1123590Z go version go1.25.0 darwin/arm64
make check (macos-latest)	Install pinned Go toolchain for optional TaskMesh	2026-09-15T11:21:28.1123880Z 
make check (macos-latest)	Install pinned Go toolchain for optional TaskMesh	2026-09-15T11:21:28.1124620Z ##[group]go env
make check (macos-latest)	Install pinned Go toolchain for optional TaskMesh	2026-09-15T11:21:30.1765410Z AR='ar'
make check (macos-latest)	Install pinned Go toolchain for optional TaskMesh	2026-09-15T11:21:30.1779510Z CC='clang'
make check (macos-latest)	Install pinned Go toolchain for optional TaskMesh	2026-09-15T11:21:30.1808730Z CGO_CFLAGS='-O2 -g'
make check (macos-latest)	Install pinned Go toolchain for optional TaskMesh	2026-09-15T11:21:30.1816180Z CGO_CPPFLAGS=''
make check (macos-latest)	Install pinned Go toolchain for optional TaskMesh	2026-09-15T11:21:30.1867500Z CGO_CXXFLAGS='-O2 -g'
make check (macos-latest)	Install pinned Go toolchain for optional TaskMesh	2026-09-15T11:21:30.1868870Z CGO_ENABLED='1'
make check (macos-latest)	Install pinned Go toolchain for optional TaskMesh	2026-09-15T11:21:30.1869750Z CGO_FFLAGS='-O2 -g'
make check (macos-latest)	Install pinned Go toolchain for optional TaskMesh	2026-09-15T11:21:30.1870750Z CGO_LDFLAGS='-O2 -g'
make check (macos-latest)	Install pinned Go toolchain for optional TaskMesh	2026-09-15T11:21:30.1871100Z CXX='clang++'
make check (macos-latest)	Install pinned Go toolchain for optional TaskMesh	2026-09-15T11:21:30.1871520Z GCCGO='gccgo'
make check (macos-latest)	Install pinned Go toolchain for optional TaskMesh	2026-09-15T11:21:30.1871910Z GO111MODULE=''
make check (macos-latest)	Install pinned Go toolchain for optional TaskMesh	2026-09-15T11:21:30.1872200Z GOARCH='arm64'
make check (macos-latest)	Install pinned Go toolchain for optional TaskMesh	2026-09-15T11:21:30.1872690Z GOARM64='v8.0'
make check (macos-latest)	Install pinned Go toolchain for optional TaskMesh	2026-09-15T11:21:30.1873010Z GOAUTH='netrc'
make check (macos-latest)	Install pinned Go toolchain for optional TaskMesh	2026-09-15T11:21:30.1873360Z GOBIN=''
make check (macos-latest)	Install pinned Go toolchain for optional TaskMesh	2026-09-15T11:21:30.1873780Z GOCACHE='/Users/runner/Library/Caches/go-build'
make check (macos-latest)	Install pinned Go toolchain for optional TaskMesh	2026-09-15T11:21:30.1874420Z GOCACHEPROG=''
make check (macos-latest)	Install pinned Go toolchain for optional TaskMesh	2026-09-15T11:21:30.1874770Z GODEBUG=''
make check (macos-latest)	Install pinned Go toolchain for optional TaskMesh	2026-09-15T11:21:30.1875250Z GOENV='/Users/runner/Library/Application Support/go/env'
make check (macos-latest)	Install pinned Go toolchain for optional TaskMesh	2026-09-15T11:21:30.1875820Z GOEXE=''
make check (macos-latest)	Install pinned Go toolchain for optional TaskMesh	2026-09-15T11:21:30.1876150Z GOEXPERIMENT=''
make check (macos-latest)	Install pinned Go toolchain for optional TaskMesh	2026-09-15T11:21:30.1876610Z GOFIPS140='off'
make check (macos-latest)	Install pinned Go toolchain for optional TaskMesh	2026-09-15T11:21:30.1876950Z GOFLAGS=''
make check (macos-latest)	Install pinned Go toolchain for optional TaskMesh	2026-09-15T11:21:30.1878270Z GOGCCFLAGS='-fPIC -arch arm64 -pthread -fno-caret-diagnostics -Qunused-arguments -fmessage-length=0 -ffile-prefix-map=/var/folders/36/tjdph2t965j8snz9_vkdnw0r0000gn/T/go-build2391562301=/tmp/go-build -gno-record-gcc-switches -fno-common'
make check (macos-latest)	Install pinned Go toolchain for optional TaskMesh	2026-09-15T11:21:30.1879700Z GOHOSTARCH='arm64'
make check (macos-latest)	Install pinned Go toolchain for optional TaskMesh	2026-09-15T11:21:30.1880030Z GOHOSTOS='darwin'
make check (macos-latest)	Install pinned Go toolchain for optional TaskMesh	2026-09-15T11:21:30.1880430Z GOINSECURE=''
make check (macos-latest)	Install pinned Go toolchain for optional TaskMesh	2026-09-15T11:21:30.1881030Z GOMOD='/Users/runner/work/task-spec/task-spec/go.mod'
make check (macos-latest)	Install pinned Go toolchain for optional TaskMesh	2026-09-15T11:21:30.1889070Z GOMODCACHE='/Users/runner/go/pkg/mod'
make check (macos-latest)	Install pinned Go toolchain for optional TaskMesh	2026-09-15T11:21:30.1889500Z GONOPROXY=''
make check (macos-latest)	Install pinned Go toolchain for optional TaskMesh	2026-09-15T11:21:30.1889870Z GONOSUMDB=''
make check (macos-latest)	Install pinned Go toolchain for optional TaskMesh	2026-09-15T11:21:30.1890250Z GOOS='darwin'
make check (macos-latest)	Install pinned Go toolchain for optional TaskMesh	2026-09-15T11:21:30.1890690Z GOPATH='/Users/runner/go'
make check (macos-latest)	Install pinned Go toolchain for optional TaskMesh	2026-09-15T11:21:30.1891030Z GOPRIVATE=''
make check (macos-latest)	Install pinned Go toolchain for optional TaskMesh	2026-09-15T11:21:30.1891500Z GOPROXY='https://proxy.golang.org,direct'
make check (macos-latest)	Install pinned Go toolchain for optional TaskMesh	2026-09-15T11:21:30.1891980Z GOROOT='/Users/runner/hostedtoolcache/go/1.25.0/arm64'
make check (macos-latest)	Install pinned Go toolchain for optional TaskMesh	2026-09-15T11:21:30.1892500Z GOSUMDB='sum.golang.org'
make check (macos-latest)	Install pinned Go toolchain for optional TaskMesh	2026-09-15T11:21:30.1892920Z GOTELEMETRY='local'
make check (macos-latest)	Install pinned Go toolchain for optional TaskMesh	2026-09-15T11:21:30.1893380Z GOTELEMETRYDIR='/Users/runner/Library/Application Support/go/telemetry'
make check (macos-latest)	Install pinned Go toolchain for optional TaskMesh	2026-09-15T11:21:30.1893970Z GOTMPDIR=''
make check (macos-latest)	Install pinned Go toolchain for optional TaskMesh	2026-09-15T11:21:30.1894380Z GOTOOLCHAIN='local'
make check (macos-latest)	Install pinned Go toolchain for optional TaskMesh	2026-09-15T11:21:30.1894820Z GOTOOLDIR='/Users/runner/hostedtoolcache/go/1.25.0/arm64/pkg/tool/darwin_arm64'
make check (macos-latest)	Install pinned Go toolchain for optional TaskMesh	2026-09-15T11:21:30.1895430Z GOVCS=''
make check (macos-latest)	Install pinned Go toolchain for optional TaskMesh	2026-09-15T11:21:30.1895730Z GOVERSION='go1.25.0'
make check (macos-latest)	Install pinned Go toolchain for optional TaskMesh	2026-09-15T11:21:30.1896140Z GOWORK=''
make check (macos-latest)	Install pinned Go toolchain for optional TaskMesh	2026-09-15T11:21:30.1896530Z PKG_CONFIG='pkg-config'
make check (macos-latest)	Install pinned Go toolchain for optional TaskMesh	2026-09-15T11:21:30.1896860Z 
make check (macos-latest)	Install pinned Go toolchain for optional TaskMesh	2026-09-15T11:21:30.1897600Z ##[endgroup]
make check (macos-latest)	Install macOS gate dependency	﻿2026-09-15T11:21:30.2048730Z ##[group]Run brew list shellcheck >/dev/null 2>&1 || brew install shellcheck
make check (macos-latest)	Install macOS gate dependency	2026-09-15T11:21:30.2049500Z [36;1mbrew list shellcheck >/dev/null 2>&1 || brew install shellcheck[0m
make check (macos-latest)	Install macOS gate dependency	2026-09-15T11:21:30.2240410Z shell: /bin/bash -e {0}
make check (macos-latest)	Install macOS gate dependency	2026-09-15T11:21:30.2240830Z env:
make check (macos-latest)	Install macOS gate dependency	2026-09-15T11:21:30.2241140Z   GOTOOLCHAIN: local
make check (macos-latest)	Install macOS gate dependency	2026-09-15T11:21:30.2241560Z ##[endgroup]
make check (macos-latest)	Install macOS gate dependency	2026-09-15T11:21:31.8654470Z [32m==>[0m [1mDownloading bottle manifests[0m
make check (macos-latest)	Install macOS gate dependency	2026-09-15T11:21:31.8739420Z ✔︎ Bottle Manifest shellcheck (0.11.0)
make check (macos-latest)	Install macOS gate dependency	2026-09-15T11:21:31.8741420Z [34m==>[0m [1mWould install 1 formula:[0m
make check (macos-latest)	Install macOS gate dependency	2026-09-15T11:21:31.8741880Z shellcheck
make check (macos-latest)	Install macOS gate dependency	2026-09-15T11:21:31.9367290Z [32m==>[0m [1mFetching downloads for: [32mshellcheck[39m[0m
make check (macos-latest)	Install macOS gate dependency	2026-09-15T11:21:32.4070720Z ✔︎ Bottle shellcheck (0.11.0)
make check (macos-latest)	Install macOS gate dependency	2026-09-15T11:21:32.4194170Z [34m==>[0m [1mPouring shellcheck--0.11.0.arm64_tahoe.bottle.1.tar.gz[0m
make check (macos-latest)	Install macOS gate dependency	2026-09-15T11:21:32.8410990Z 🍺  /opt/homebrew/Cellar/shellcheck/0.11.0: 8 files, 70.7MB
make check (macos-latest)	Provision private locked decomposition runtime	﻿2026-09-15T11:21:32.8548900Z ##[group]Run bash bin/taskspec setup decompose
make check (macos-latest)	Provision private locked decomposition runtime	2026-09-15T11:21:32.8549330Z [36;1mbash bin/taskspec setup decompose[0m
make check (macos-latest)	Provision private locked decomposition runtime	2026-09-15T11:21:32.8582790Z shell: /bin/bash -e {0}
make check (macos-latest)	Provision private locked decomposition runtime	2026-09-15T11:21:32.8583050Z env:
make check (macos-latest)	Provision private locked decomposition runtime	2026-09-15T11:21:32.8583300Z   GOTOOLCHAIN: local
make check (macos-latest)	Provision private locked decomposition runtime	2026-09-15T11:21:32.8583590Z ##[endgroup]
make check (macos-latest)	Provision private locked decomposition runtime	2026-09-15T11:21:36.0803770Z Collecting attrs==26.1.0 (from -r /Users/runner/work/task-spec/task-spec/src/decompose/requirements.lock (line 2))
make check (macos-latest)	Provision private locked decomposition runtime	2026-09-15T11:21:36.1104340Z   Downloading attrs-26.1.0-py3-none-any.whl (67 kB)
make check (macos-latest)	Provision private locked decomposition runtime	2026-09-15T11:21:36.1436860Z Collecting jsonschema==4.26.0 (from -r /Users/runner/work/task-spec/task-spec/src/decompose/requirements.lock (line 5))
make check (macos-latest)	Provision private locked decomposition runtime	2026-09-15T11:21:36.1485710Z   Downloading jsonschema-4.26.0-py3-none-any.whl (90 kB)
make check (macos-latest)	Provision private locked decomposition runtime	2026-09-15T11:21:36.1676170Z Collecting jsonschema-specifications==2025.9.1 (from -r /Users/runner/work/task-spec/task-spec/src/decompose/requirements.lock (line 8))
make check (macos-latest)	Provision private locked decomposition runtime	2026-09-15T11:21:36.1714270Z   Downloading jsonschema_specifications-2025.9.1-py3-none-any.whl (18 kB)
make check (macos-latest)	Provision private locked decomposition runtime	2026-09-15T11:21:36.2050800Z Collecting PyYAML==6.0.3 (from -r /Users/runner/work/task-spec/task-spec/src/decompose/requirements.lock (line 11))
make check (macos-latest)	Provision private locked decomposition runtime	2026-09-15T11:21:36.2091440Z   Downloading pyyaml-6.0.3-cp314-cp314-macosx_11_0_arm64.whl (173 kB)
make check (macos-latest)	Provision private locked decomposition runtime	2026-09-15T11:21:36.2291300Z Collecting referencing==0.37.0 (from -r /Users/runner/work/task-spec/task-spec/src/decompose/requirements.lock (line 85))
make check (macos-latest)	Provision private locked decomposition runtime	2026-09-15T11:21:36.2330030Z   Downloading referencing-0.37.0-py3-none-any.whl (26 kB)
make check (macos-latest)	Provision private locked decomposition runtime	2026-09-15T11:21:36.4050120Z Collecting rpds-py==2026.6.3 (from -r /Users/runner/work/task-spec/task-spec/src/decompose/requirements.lock (line 88))
make check (macos-latest)	Provision private locked decomposition runtime	2026-09-15T11:21:36.4151380Z   Downloading rpds_py-2026.6.3-cp314-cp314-macosx_11_0_arm64.whl (339 kB)
make check (macos-latest)	Provision private locked decomposition runtime	2026-09-15T11:21:36.4353740Z Collecting typing_extensions==4.15.0 (from -r /Users/runner/work/task-spec/task-spec/src/decompose/requirements.lock (line 205))
make check (macos-latest)	Provision private locked decomposition runtime	2026-09-15T11:21:36.4453890Z   Downloading typing_extensions-4.15.0-py3-none-any.whl (44 kB)
make check (macos-latest)	Provision private locked decomposition runtime	2026-09-15T11:21:36.4687680Z Installing collected packages: typing_extensions, rpds-py, PyYAML, attrs, referencing, jsonschema-specifications, jsonschema
make check (macos-latest)	Provision private locked decomposition runtime	2026-09-15T11:21:36.7813490Z 
make check (macos-latest)	Provision private locked decomposition runtime	2026-09-15T11:21:36.7828860Z Successfully installed PyYAML-6.0.3 attrs-26.1.0 jsonschema-4.26.0 jsonschema-specifications-2025.9.1 referencing-0.37.0 rpds-py-2026.6.3 typing_extensions-4.15.0
make check (macos-latest)	Provision private locked decomposition runtime	2026-09-15T11:21:36.9874480Z {"contract": "TaskRuntimeSetup/v1", "ready": true, "path": "/Users/runner/work/task-spec/task-spec/.taskspec/runtime/decompose", "lock_digest": "eb1adcfe1266108d7587d9a561bb57d482a2104efa871db46c6287095649ba33"}
make check (macos-latest)	Install schema-fidelity consumer dependencies	﻿2026-09-15T11:21:36.9984760Z ##[group]Run python3 -m pip install --disable-pip-version-check --quiet --break-system-packages pyyaml==6.0.2 jsonschema==4.26.0
make check (macos-latest)	Install schema-fidelity consumer dependencies	2026-09-15T11:21:36.9985570Z [36;1mpython3 -m pip install --disable-pip-version-check --quiet --break-system-packages pyyaml==6.0.2 jsonschema==4.26.0[0m
make check (macos-latest)	Install schema-fidelity consumer dependencies	2026-09-15T11:21:37.0021940Z shell: /bin/bash -e {0}
make check (macos-latest)	Install schema-fidelity consumer dependencies	2026-09-15T11:21:37.0022150Z env:
make check (macos-latest)	Install schema-fidelity consumer dependencies	2026-09-15T11:21:37.0022370Z   GOTOOLCHAIN: local
make check (macos-latest)	Install schema-fidelity consumer dependencies	2026-09-15T11:21:37.0022560Z ##[endgroup]
make check (macos-latest)	make check (includes isolated install-to-accept demo)	﻿2026-09-15T11:21:43.8111210Z ##[group]Run make check
make check (macos-latest)	make check (includes isolated install-to-accept demo)	2026-09-15T11:21:43.8111490Z [36;1mmake check[0m
make check (macos-latest)	make check (includes isolated install-to-accept demo)	2026-09-15T11:21:43.8147710Z shell: /bin/bash -e {0}
make check (macos-latest)	make check (includes isolated install-to-accept demo)	2026-09-15T11:21:43.8147960Z env:
make check (macos-latest)	make check (includes isolated install-to-accept demo)	2026-09-15T11:21:43.8148130Z   GOTOOLCHAIN: local
make check (macos-latest)	make check (includes isolated install-to-accept demo)	2026-09-15T11:21:43.8148350Z ##[endgroup]
make check (macos-latest)	make check (includes isolated install-to-accept demo)	2026-09-15T11:21:44.9094090Z bash bin/taskspec doctor
make check (macos-latest)	make check (includes isolated install-to-accept demo)	2026-09-15T11:21:44.9211940Z PASS  bash >= 3.2 (3.2.57(1)-release)
make check (macos-latest)	make check (includes isolated install-to-accept demo)	2026-09-15T11:21:44.9284930Z PASS  git (2.55.0)
make check (macos-latest)	make check (includes isolated install-to-accept demo)	2026-09-15T11:21:44.9439090Z PASS  python3 (3.14.7)
make check (macos-latest)	make check (includes isolated install-to-accept demo)	2026-09-15T11:21:44.9441770Z PASS  SHA-256/HMAC provider
make check (macos-latest)	make check (includes isolated install-to-accept demo)	2026-09-15T11:21:44.9442650Z PASS  shellcheck
make check (macos-latest)	make check (includes isolated install-to-accept demo)	2026-09-15T11:21:44.9535960Z WARN  no signing key; run: taskspec setup signing
make check (macos-latest)	make check (includes isolated install-to-accept demo)	2026-09-15T11:21:44.9536790Z DOCTOR=READY
make check (macos-latest)	make check (includes isolated install-to-accept demo)	2026-09-15T11:21:44.9538230Z bash tests/lint-skill-docs.sh
make check (macos-latest)	make check (includes isolated install-to-accept demo)	2026-09-15T11:21:45.1826710Z lint-skill-docs.sh (10 checks)
make check (macos-latest)	make check (includes isolated install-to-accept demo)	2026-09-15T11:21:45.1828200Z ════════════════════════════════════════
make check (macos-latest)	make check (includes isolated install-to-accept demo)	2026-09-15T11:21:45.1828870Z OK: VERSION, CHANGELOG.md, and src/lib/_lib.sh agree at v3.10.0
make check (macos-latest)	make check (includes isolated install-to-accept demo)	2026-09-15T11:21:45.1829340Z bash tests/lint-docs.sh
make check (macos-latest)	make check (includes isolated install-to-accept demo)	2026-09-15T11:21:47.0775020Z CLI_REFERENCE=OK
make check (macos-latest)	make check (includes isolated install-to-accept demo)	2026-09-15T11:21:47.0859810Z lint-docs: OK
make check (macos-latest)	make check (includes isolated install-to-accept demo)	2026-09-15T11:21:47.0912300Z set -e; for t in tests/test-*.sh; do bash "$t"; done
make check (macos-latest)	make check (includes isolated install-to-accept demo)	2026-09-15T11:21:47.3199740Z PASS — dependency-aware leaf frontier and --all behavior
make check (macos-latest)	make check (includes isolated install-to-accept demo)	2026-09-15T11:21:47.4487410Z PASS — collisions, dangling edges, cycles, and concurrency are reported
make check (macos-latest)	make check (includes isolated install-to-accept demo)	2026-09-15T11:21:47.7820680Z PASS — archived dependencies, supersession blocking, advisory blocks, and deterministic graph views
make check (macos-latest)	make check (includes isolated install-to-accept demo)	2026-09-15T11:21:48.4843370Z PASS — recursive task resolution and active write conflicts share one graph universe
make check (macos-latest)	make check (includes isolated install-to-accept demo)	2026-09-15T11:21:48.7810980Z PASS — dependency closure includes leaf dependencies and composition ancestors only
make check (macos-latest)	make check (includes isolated install-to-accept demo)	2026-09-15T11:21:48.8014420Z === (a) bash -n syntax check for every src/*/*.sh ===
make check (macos-latest)	make check (includes isolated install-to-accept demo)	2026-09-15T11:21:48.8228820Z   ✓ syntax ok: accept/accept-task.sh
make check (macos-latest)	make check (includes isolated install-to-accept demo)	2026-09-15T11:21:48.8323830Z   ✓ syntax ok: author/batch-generate.sh
make check (macos-latest)	make check (includes isolated install-to-accept demo)	2026-09-15T11:21:48.8375260Z   ✓ syntax ok: author/generate-task-spec.sh
make check (macos-latest)	make check (includes isolated install-to-accept demo)	2026-09-15T11:21:48.8419990Z   ✓ syntax ok: author/migrate-legacy-task.sh
make check (macos-latest)	make check (includes isolated install-to-accept demo)	2026-09-15T11:21:48.8479860Z   ✓ syntax ok: backlog/archive.sh
make check (macos-latest)	make check (includes isolated install-to-accept demo)	2026-09-15T11:21:48.8527960Z   ✓ syntax ok: backlog/backup-backlog.sh
make check (macos-latest)	make check (includes isolated install-to-accept demo)	2026-09-15T11:21:48.8581460Z   ✓ syntax ok: backlog/install-hooks.sh
make check (macos-latest)	make check (includes isolated install-to-accept demo)	2026-09-15T11:21:48.8652400Z   ✓ syntax ok: backlog/lint-backlog.sh
make check (macos-latest)	make check (includes isolated install-to-accept demo)	2026-09-15T11:21:48.8692090Z   ✓ syntax ok: backlog/list-ready.sh
make check (macos-latest)	make check (includes isolated install-to-accept demo)	2026-09-15T11:21:48.8729880Z   ✓ syntax ok: backlog/query-metrics.sh
make check (macos-latest)	make check (includes isolated install-to-accept demo)	2026-09-15T11:21:48.8766220Z   ✓ syntax ok: backlog/rebuild-state.sh
make check (macos-latest)	make check (includes isolated install-to-accept demo)	2026-09-15T11:21:48.8807820Z   ✓ syntax ok: backlog/transition-status.sh
make check (macos-latest)	make check (includes isolated install-to-accept demo)	2026-09-15T11:21:48.8842760Z   ✓ syntax ok: decompose/launch.sh
make check (macos-latest)	make check (includes isolated install-to-accept demo)	2026-09-15T11:21:48.8890480Z   ✓ syntax ok: dispatch/conformance-check.sh
make check (macos-latest)	make check (includes isolated install-to-accept demo)	2026-09-15T11:21:48.8929490Z   ✓ syntax ok: dispatch/ref-executor.sh
make check (macos-latest)	make check (includes isolated install-to-accept demo)	2026-09-15T11:21:48.8966380Z   ✓ syntax ok: gate/definition-of-done.sh
make check (macos-latest)	make check (includes isolated install-to-accept demo)	2026-09-15T11:21:48.9006350Z   ✓ syntax ok: gate/run-task-spec.sh
make check (macos-latest)	make check (includes isolated install-to-accept demo)	2026-09-15T11:21:48.9054240Z   ✓ syntax ok: gate/safe-to-delegate.sh
make check (macos-latest)	make check (includes isolated install-to-accept demo)	2026-09-15T11:21:48.9119220Z   ✓ syntax ok: gate/validate-task-spec.sh
make check (macos-latest)	make check (includes isolated install-to-accept demo)	2026-09-15T11:21:48.9171770Z   ✓ syntax ok: lib/_lib.sh
make check (macos-latest)	make check (includes isolated install-to-accept demo)	2026-09-15T11:21:48.9205280Z   ✓ syntax ok: lib/install.sh
make check (macos-latest)	make check (includes isolated install-to-accept demo)	2026-09-15T11:21:48.9240330Z   ✓ syntax ok: setup/demo.sh
make check (macos-latest)	make check (includes isolated install-to-accept demo)	2026-09-15T11:21:48.9274840Z   ✓ syntax ok: setup/init.sh
make check (macos-latest)	make check (includes isolated install-to-accept demo)	2026-09-15T11:21:48.9308440Z   ✓ syntax ok: setup/readiness.sh
make check (macos-latest)	make check (includes isolated install-to-accept demo)	2026-09-15T11:21:48.9309930Z === (b) core-path scripts contain no bash-4-only constructs ===
make check (macos-latest)	make check (includes isolated install-to-accept demo)	2026-09-15T11:21:48.9397680Z   ✓ gate/validate-task-spec.sh has no 'declare -A'
make check (macos-latest)	make check (includes isolated install-to-accept demo)	2026-09-15T11:21:48.9447370Z   ✓ gate/validate-task-spec.sh has no mapfile/readarray
make check (macos-latest)	make check (includes isolated install-to-accept demo)	2026-09-15T11:21:48.9529230Z   ✓ gate/safe-to-delegate.sh has no 'declare -A'
make check (macos-latest)	make check (includes isolated install-to-accept demo)	2026-09-15T11:21:48.9572930Z   ✓ gate/safe-to-delegate.sh has no mapfile/readarray
make check (macos-latest)	make check (includes isolated install-to-accept demo)	2026-09-15T11:21:48.9648280Z   ✓ gate/run-task-spec.sh has no 'declare -A'
make check (macos-latest)	make check (includes isolated install-to-accept demo)	2026-09-15T11:21:48.9692430Z   ✓ gate/run-task-spec.sh has no mapfile/readarray
make check (macos-latest)	make check (includes isolated install-to-accept demo)	2026-09-15T11:21:48.9801320Z   ✓ lib/_lib.sh has no 'declare -A'
make check (macos-latest)	make check (includes isolated install-to-accept demo)	2026-09-15T11:21:48.9853070Z   ✓ lib/_lib.sh has no mapfile/readarray
make check (macos-latest)	make check (includes isolated install-to-accept demo)	2026-09-15T11:21:48.9853560Z === (c) aux scripts call ts_require_bash4 ===
make check (macos-latest)	make check (includes isolated install-to-accept demo)	2026-09-15T11:21:48.9900840Z   ✓ backlog/query-metrics.sh calls ts_require_bash4
make check (macos-latest)	make check (includes isolated install-to-accept demo)	2026-09-15T11:21:48.9901630Z === (d) conformance runner + adapters are bash-3.2-clean ===
make check (macos-latest)	make check (includes isolated install-to-accept demo)	2026-09-15T11:21:48.9956030Z   ✓ syntax ok: conformance/run_conformance.sh
make check (macos-latest)	make check (includes isolated install-to-accept demo)	2026-09-15T11:21:49.0091960Z   ✓ conformance/run_conformance.sh has no bash-4-only constructs
make check (macos-latest)	make check (includes isolated install-to-accept demo)	2026-09-15T11:21:49.0133860Z   ✓ syntax ok: conformance/adapters/self.sh
make check (macos-latest)	make check (includes isolated install-to-accept demo)	2026-09-15T11:21:49.0287400Z   ✓ conformance/adapters/self.sh has no bash-4-only constructs
make check (macos-latest)	make check (includes isolated install-to-accept demo)	2026-09-15T11:21:49.0293970Z 
make check (macos-latest)	make check (includes isolated install-to-accept demo)	2026-09-15T11:21:49.0294210Z ========================================
make check (macos-latest)	make check (includes isolated install-to-accept demo)	2026-09-15T11:21:49.0295260Z Results: 37 passed, 0 failed
make check (macos-latest)	make check (includes isolated install-to-accept demo)	2026-09-15T11:21:49.0295810Z ========================================
make check (macos-latest)	make check (includes isolated install-to-accept demo)	2026-09-15T11:21:49.1766990Z ok    new requires slug and effort
make check (macos-latest)	make check (includes isolated install-to-accept demo)	2026-09-15T11:21:49.3885150Z ok    new rejects an unknown option
make check (macos-latest)	make check (includes isolated install-to-accept demo)	2026-09-15T11:21:49.6180180Z ok    new requires --format value
make check (macos-latest)	make check (includes isolated install-to-accept demo)	2026-09-15T11:21:49.8478480Z ok    metrics rejects an unknown option
make check (macos-latest)	make check (includes isolated install-to-accept demo)	2026-09-15T11:21:50.0728320Z ok    metrics requires --since value
make check (macos-latest)	make check (includes isolated install-to-accept demo)	2026-09-15T11:21:50.0828870Z CLI_USAGE=PASS checks=5
make check (macos-latest)	make check (includes isolated install-to-accept demo)	2026-09-15T11:22:16.1722890Z PASS — isolated demo reaches independent acceptance
make check (macos-latest)	make check (includes isolated install-to-accept demo)	2026-09-15T11:22:16.2245830Z == effort sizing and composition ==
make check (macos-latest)	make check (includes isolated install-to-accept demo)	2026-09-15T11:22:17.9223970Z ok    XS leaf                     
make check (macos-latest)	make check (includes isolated install-to-accept demo)	2026-09-15T11:22:19.1429330Z ok    S leaf union budget         
make check (macos-latest)	make check (includes isolated install-to-accept demo)	2026-09-15T11:22:20.0868080Z ok    M leaf                      
make check (macos-latest)	make check (includes isolated install-to-accept demo)	2026-09-15T11:22:21.0334640Z ok    L long horizon              
make check (macos-latest)	make check (includes isolated install-to-accept demo)	2026-09-15T11:22:22.1276670Z ok    L wrong backend             
make check (macos-latest)	make check (includes isolated install-to-accept demo)	2026-09-15T11:22:23.0464870Z ok    S over budget warns         
make check (macos-latest)	make check (includes isolated install-to-accept demo)	2026-09-15T11:22:24.0892780Z ok    leaf cannot have children   
make check (macos-latest)	make check (includes isolated install-to-accept demo)	2026-09-15T11:22:25.0633900Z ok    XL needs children           
make check (macos-latest)	make check (includes isolated install-to-accept demo)	2026-09-15T11:22:25.8138090Z ok    XXL needs three children    
make check (macos-latest)	make check (includes isolated install-to-accept demo)	2026-09-15T11:22:26.6995660Z ok    XL composition node         
make check (macos-latest)	make check (includes isolated install-to-accept demo)	2026-09-15T11:22:27.7946010Z ok    XXL composition node        
make check (macos-latest)	make check (includes isolated install-to-accept demo)	2026-09-15T11:22:29.1860970Z ok    node owns no writes         
make check (macos-latest)	make check (includes isolated install-to-accept demo)	2026-09-15T11:22:30.2569970Z ok    invalid child id            
make check (macos-latest)	make check (includes isolated install-to-accept demo)	2026-09-15T11:22:31.3131060Z ok    unknown size                
make check (macos-latest)	make check (includes isolated install-to-accept demo)	2026-09-15T11:22:31.3131550Z 
make check (macos-latest)	make check (includes isolated install-to-accept demo)	2026-09-15T11:22:31.3133410Z PASS — all 14 sizing rows green.
make check (macos-latest)	make check (includes isolated install-to-accept demo)	2026-09-15T11:22:53.5056260Z ENGINE_MATRIX_V2=READY
make check (macos-latest)	make check (includes isolated install-to-accept demo)	2026-09-15T11:22:54.0784090Z ENVIRONMENT_ATTESTATION=READY
make check (macos-latest)	make check (includes isolated install-to-accept demo)	2026-09-15T11:22:54.1214460Z ═══ test-extractor-fuzz.sh (adversarial extract-and-run, v3.10.0) ═══
make check (macos-latest)	make check (includes isolated install-to-accept demo)	2026-09-15T11:22:54.1215550Z ── (A) extraction correctness ──
make check (macos-latest)	make check (includes isolated install-to-accept demo)	2026-09-15T11:22:54.3622960Z   ✓ A:arith-shift extracted
make check (macos-latest)	make check (includes isolated install-to-accept demo)	2026-09-15T11:22:54.5988770Z   ✓ A:heredoc-EOF-bash extracted
make check (macos-latest)	make check (includes isolated install-to-accept demo)	2026-09-15T11:22:54.8302270Z   ✓ A:heredoc-fake-fence extracted
make check (macos-latest)	make check (includes isolated install-to-accept demo)	2026-09-15T11:22:55.0676470Z   ✓ A:heredoc-fake-header extracted
make check (macos-latest)	make check (includes isolated install-to-accept demo)	2026-09-15T11:22:55.2970430Z   ✓ A:nested-heredoc extracted
make check (macos-latest)	make check (includes isolated install-to-accept demo)	2026-09-15T11:22:55.5091140Z   ✓ A:heredoc-dquote extracted
make check (macos-latest)	make check (includes isolated install-to-accept demo)	2026-09-15T11:22:55.5091750Z ── (B) robustness invariant (no hang, no raw-error leak) ──
make check (macos-latest)	make check (includes isolated install-to-accept demo)	2026-09-15T11:22:55.7092150Z   ✓ B:emoji-body clean (EXTRACTED)
make check (macos-latest)	make check (includes isolated install-to-accept demo)	2026-09-15T11:22:56.0274840Z   ✓ B:two-evals clean (EXTRACTED)
make check (macos-latest)	make check (includes isolated install-to-accept demo)	2026-09-15T11:22:56.2478500Z   ✓ B:unbalanced-brace clean (EXTRACTED)
make check (macos-latest)	make check (includes isolated install-to-accept demo)	2026-09-15T11:22:56.4363160Z   ✓ B:fence-in-string clean (EXTRACTED)
make check (macos-latest)	make check (includes isolated install-to-accept demo)	2026-09-15T11:22:56.6275610Z   ✓ B:header-looking-cmd clean (EXTRACTED)
make check (macos-latest)	make check (includes isolated install-to-accept demo)	2026-09-15T11:22:56.8258210Z   ✓ B:backtick-cmd clean (EXTRACTED)
make check (macos-latest)	make check (includes isolated install-to-accept demo)	2026-09-15T11:22:57.0193750Z   ✓ B:comment-only clean (EXTRACTED)
make check (macos-latest)	make check (includes isolated install-to-accept demo)	2026-09-15T11:22:57.2088750Z   ✓ B:exit-in-eval clean (EXTRACTED)
make check (macos-latest)	make check (includes isolated install-to-accept demo)	2026-09-15T11:22:57.4065320Z   ✓ B:reads-stdin clean (EXTRACTED)
make check (macos-latest)	make check (includes isolated install-to-accept demo)	2026-09-15T11:22:57.6073820Z   ✓ B:many-heredocs clean (EXTRACTED)
make check (macos-latest)	make check (includes isolated install-to-accept demo)	2026-09-15T11:22:57.6075080Z ── (C) exit-check robustness (defense-in-depth, no hang on malformed Exit Check) ──
make check (macos-latest)	make check (includes isolated install-to-accept demo)	2026-09-15T11:22:57.7999790Z   ✓ C:ec-unbalanced-quote clean (EXTRACTED)
make check (macos-latest)	make check (includes isolated install-to-accept demo)	2026-09-15T11:22:58.0003970Z   ✓ C:ec-unbalanced-btick clean (EXTRACTED)
make check (macos-latest)	make check (includes isolated install-to-accept demo)	2026-09-15T11:22:58.1884100Z   ✓ C:ec-heredoc-no-close clean (EXTRACTED)
make check (macos-latest)	make check (includes isolated install-to-accept demo)	2026-09-15T11:22:58.1922480Z 
make check (macos-latest)	make check (includes isolated install-to-accept demo)	2026-09-15T11:22:58.1922860Z ========================================
make check (macos-latest)	make check (includes isolated install-to-accept demo)	2026-09-15T11:22:58.1923310Z Results: 19 passed, 0 failed
make check (macos-latest)	make check (includes isolated install-to-accept demo)	2026-09-15T11:22:58.1923650Z ========================================
make check (macos-latest)	make check (includes isolated install-to-accept demo)	2026-09-15T11:22:58.2026160Z ═══ test-hmac-envelope.sh (TaskAuthorization/v3 suite) ═══
make check (macos-latest)	make check (includes isolated install-to-accept demo)	2026-09-15T11:22:58.2026690Z ── Scenario 1: Tier 1 stamp-then-verify ──
make check (macos-latest)	make check (includes isolated install-to-accept demo)	2026-09-15T11:23:00.1811090Z   ✓ S1 sealed
make check (macos-latest)	make check (includes isolated install-to-accept demo)	2026-09-15T11:23:00.1811860Z   ✓ S1 sig-format
make check (macos-latest)	make check (includes isolated install-to-accept demo)	2026-09-15T11:23:00.1812220Z   ✓ S1 verify-tier1
make check (macos-latest)	make check (includes isolated install-to-accept demo)	2026-09-15T11:23:00.1854700Z ── Scenario 2: Tier 3 tampered body ──
make check (macos-latest)	make check (includes isolated install-to-accept demo)	2026-09-15T11:23:03.6828360Z   ✓ S2 pre-tamper-tier1
make check (macos-latest)	make check (includes isolated install-to-accept demo)	2026-09-15T11:23:03.6930070Z   ✓ S2 tamper-caught-tier3
make check (macos-latest)	make check (includes isolated install-to-accept demo)	2026-09-15T11:23:03.7070390Z ── Scenario 3: Tier 3 envelope tamper / wrong key / malformed ──
make check (macos-latest)	make check (includes isolated install-to-accept demo)	2026-09-15T11:23:09.9700380Z   ✓ S3 envelope-value-tamper
make check (macos-latest)	make check (includes isolated install-to-accept demo)	2026-09-15T11:23:09.9703530Z   ✓ S3 wrong-key-tier3
make check (macos-latest)	make check (includes isolated install-to-accept demo)	2026-09-15T11:23:09.9703930Z   ✓ S3 malformed-sig-tier3
make check (macos-latest)	make check (includes isolated install-to-accept demo)	2026-09-15T11:23:09.9758890Z ── Scenario 4: Tier 2 no-key degrade ──
make check (macos-latest)	make check (includes isolated install-to-accept demo)	2026-09-15T11:23:13.7334550Z   ✓ S4 no-key-tier2
make check (macos-latest)	make check (includes isolated install-to-accept demo)	2026-09-15T11:23:13.7335470Z   ✓ S4 legacy-nosig-tier2
make check (macos-latest)	make check (includes isolated install-to-accept demo)	2026-09-15T11:23:13.7373240Z ── Scenario 5: portability floor (crypto masked) ──
make check (macos-latest)	make check (includes isolated install-to-accept demo)	2026-09-15T11:23:17.7296440Z   ✓ S5 provider-none
make check (macos-latest)	make check (includes isolated install-to-accept demo)	2026-09-15T11:23:17.7297540Z   ✓ S5 masked-stamp-stdlib-hmac
make check (macos-latest)	make check (includes isolated install-to-accept demo)	2026-09-15T11:23:17.7298360Z   ✓ S5 masked-verify-tier2
make check (macos-latest)	make check (includes isolated install-to-accept demo)	2026-09-15T11:23:17.7354340Z ── Scenario 6: .git/info key fallback ──
make check (macos-latest)	make check (includes isolated install-to-accept demo)	2026-09-15T11:23:20.2831790Z   ✓ S6 keyfile-written
make check (macos-latest)	make check (includes isolated install-to-accept demo)	2026-09-15T11:23:20.2835150Z   ✓ S6 gitinfo-stamp-sealed
make check (macos-latest)	make check (includes isolated install-to-accept demo)	2026-09-15T11:23:20.2836190Z   ✓ S6 gitinfo-verify-tier1
make check (macos-latest)	make check (includes isolated install-to-accept demo)	2026-09-15T11:23:20.2882890Z ── Scenario 7: injection-safe --stamp-by ──
make check (macos-latest)	make check (includes isolated install-to-accept demo)	2026-09-15T11:23:34.2694060Z   ✓ S7 literal-verbatim-tier1 [build|42]
make check (macos-latest)	make check (includes isolated install-to-accept demo)	2026-09-15T11:23:34.2696800Z   ✓ S7 literal-verbatim-tier1 [a&b]
make check (macos-latest)	make check (includes isolated install-to-accept demo)	2026-09-15T11:23:34.2697540Z   ✓ S7 literal-verbatim-tier1 [team/build]
make check (macos-latest)	make check (includes isolated install-to-accept demo)	2026-09-15T11:23:34.2698550Z   ✓ S7 literal-verbatim-tier1 [X|p;s|.*|INJECTED]
make check (macos-latest)	make check (includes isolated install-to-accept demo)	2026-09-15T11:23:34.2699430Z   ✓ S7 literal-verbatim-tier1 [name with space]
make check (macos-latest)	make check (includes isolated install-to-accept demo)	2026-09-15T11:23:34.2764320Z ── Scenario 8: --require-tier1 enforcement + TIER= line ──
make check (macos-latest)	make check (includes isolated install-to-accept demo)	2026-09-15T11:23:38.9286130Z   ✓ S8 tier1-require-passes
make check (macos-latest)	make check (includes isolated install-to-accept demo)	2026-09-15T11:23:38.9286900Z   ✓ S8 tier2-require-blocks
make check (macos-latest)	make check (includes isolated install-to-accept demo)	2026-09-15T11:23:38.9287290Z   ✓ S8 tier2-noflag-delegates
make check (macos-latest)	make check (includes isolated install-to-accept demo)	2026-09-15T11:23:38.9350860Z ── Scenario 9: ts_set_frontmatter_field newline + malformed + backslash-escape ──
make check (macos-latest)	make check (includes isolated install-to-accept demo)	2026-09-15T11:23:39.1626280Z   ✓ S9 newline-rejected-file-untouched
make check (macos-latest)	make check (includes isolated install-to-accept demo)	2026-09-15T11:23:39.1626840Z   ✓ S9 malformed-frontmatter-hard-fails
make check (macos-latest)	make check (includes isolated install-to-accept demo)	2026-09-15T11:23:39.1631630Z   ✓ S9 backslash-n-written-verbatim-no-injection
make check (macos-latest)	make check (includes isolated install-to-accept demo)	2026-09-15T11:23:39.1635070Z   ✓ S9 symlink-temp-path-defused
make check (macos-latest)	make check (includes isolated install-to-accept demo)	2026-09-15T11:23:39.1667820Z ── Scenario 10: envelope v3 authorization boundary ──
make check (macos-latest)	make check (includes isolated install-to-accept demo)	2026-09-15T11:23:41.7145410Z   ✓ S10 scope-widening-caught
make check (macos-latest)	make check (includes isolated install-to-accept demo)	2026-09-15T11:23:44.1398430Z   ✓ S10 dependency-change-caught
make check (macos-latest)	make check (includes isolated install-to-accept demo)	2026-09-15T11:23:46.3546510Z   ✓ S10 budget-raise-caught
make check (macos-latest)	make check (includes isolated install-to-accept demo)	2026-09-15T11:23:48.6100980Z   ✓ S10 agent-change-caught
make check (macos-latest)	make check (includes isolated install-to-accept demo)	2026-09-15T11:23:50.6842330Z   ✓ S10 backend-reroute-caught
make check (macos-latest)	make check (includes isolated install-to-accept demo)	2026-09-15T11:23:53.0995290Z   ✓ S10 status-change-allowed
make check (macos-latest)	make check (includes isolated install-to-accept demo)	2026-09-15T11:23:55.3155970Z   ✓ S10 tracker-writeback-allowed
make check (macos-latest)	make check (includes isolated install-to-accept demo)	2026-09-15T11:23:55.3194300Z ── Scenario 11: legacy v1 verification and re-stamp ──
make check (macos-latest)	make check (includes isolated install-to-accept demo)	2026-09-15T11:24:01.7422100Z   ✓ S11 legacy-v1-tier2
make check (macos-latest)	make check (includes isolated install-to-accept demo)	2026-09-15T11:24:01.7464070Z   ✓ S11 legacy-restamped-v3
make check (macos-latest)	make check (includes isolated install-to-accept demo)	2026-09-15T11:24:01.7464830Z   ✓ S11 legacy-v2-tier2
make check (macos-latest)	make check (includes isolated install-to-accept demo)	2026-09-15T11:24:01.7465300Z   ✓ S11 legacy-v2-restamped-v3
make check (macos-latest)	make check (includes isolated install-to-accept demo)	2026-09-15T11:24:01.7614100Z ── Scenario 12: re-stamp an amended spec ──
make check (macos-latest)	make check (includes isolated install-to-accept demo)	2026-09-15T11:24:05.3070570Z   ✓ S12 edit-breaks-seal
make check (macos-latest)	make check (includes isolated install-to-accept demo)	2026-09-15T11:24:05.3168520Z   ✓ S12 amendment-resealed
make check (macos-latest)	make check (includes isolated install-to-accept demo)	2026-09-15T11:24:05.3173600Z 
make check (macos-latest)	make check (includes isolated install-to-accept demo)	2026-09-15T11:24:05.3186850Z ========================================
make check (macos-latest)	make check (includes isolated install-to-accept demo)	2026-09-15T11:24:05.3188800Z Results: 41 passed, 0 failed
make check (macos-latest)	make check (includes isolated install-to-accept demo)	2026-09-15T11:24:05.3189200Z ========================================
make check (macos-latest)	make check (includes isolated install-to-accept demo)	2026-09-15T11:24:20.4216880Z MESH_ADAPTERS=READY
make check (macos-latest)	make check (includes isolated install-to-accept demo)	2026-09-15T11:24:29.0471460Z MESH_COCKPIT=READY
make check (macos-latest)	make check (includes isolated install-to-accept demo)	2026-09-15T11:24:30.2300920Z ok  	github.com/luanmorenomaciel/task-spec/mesh/cmd/taskspec-meshd	0.111s
make check (macos-latest)	make check (includes isolated install-to-accept demo)	2026-09-15T11:24:32.6855710Z ok  	github.com/luanmorenomaciel/task-spec/mesh/internal/mesh	2.257s
make check (macos-latest)	make check (includes isolated install-to-accept demo)	2026-09-15T11:24:34.3091850Z MESH_CONTRACTS=READY
make check (macos-latest)	make check (includes isolated install-to-accept demo)	2026-09-15T11:24:36.8723870Z MESH_DAEMON=READY
make check (macos-latest)	make check (includes isolated install-to-accept demo)	2026-09-15T11:24:51.6572260Z MESH_LEASES=READY
make check (macos-latest)	make check (includes isolated install-to-accept demo)	2026-09-15T11:25:13.2126210Z MESH_ROUTING_INTEGRATION=READY
make check (macos-latest)	make check (includes isolated install-to-accept demo)	2026-09-15T11:25:25.6044000Z MESH_ADAPTERS=READY
make check (macos-latest)	make check (includes isolated install-to-accept demo)	2026-09-15T11:25:36.6827010Z MESH_COCKPIT=READY
make check (macos-latest)	make check (includes isolated install-to-accept demo)	2026-09-15T11:25:36.7088850Z MESH_RECOVERY=READY
make check (macos-latest)	make check (includes isolated install-to-accept demo)	2026-09-15T11:25:36.7089980Z MESH_CONFORMANCE=READY
make check (macos-latest)	make check (includes isolated install-to-accept demo)	2026-09-15T11:25:38.2712590Z MESH_CONTRACTS=READY
make check (macos-latest)	make check (includes isolated install-to-accept demo)	2026-09-15T11:25:40.9361730Z MESH_DAEMON=READY
make check (macos-latest)	make check (includes isolated install-to-accept demo)	2026-09-15T11:25:51.1031180Z MESH_COCKPIT=READY
make check (macos-latest)	make check (includes isolated install-to-accept demo)	2026-09-15T11:25:51.1218810Z MESH_DEMO=READY
make check (macos-latest)	make check (includes isolated install-to-accept demo)	2026-09-15T11:25:57.5170840Z INSTALL=OK
make check (macos-latest)	make check (includes isolated install-to-accept demo)	2026-09-15T11:25:57.5173940Z MESH_INSTALL=READY
make check (macos-latest)	make check (includes isolated install-to-accept demo)	2026-09-15T11:25:57.7448220Z MESH_ISOLATION=UNAVAILABLE reason=docker
make check (macos-latest)	make check (includes isolated install-to-accept demo)	2026-09-15T11:26:14.4312460Z MESH_LEASES=READY
make check (macos-latest)	make check (includes isolated install-to-accept demo)	2026-09-15T11:26:31.9288770Z MESH_ROUTING_INTEGRATION=READY
make check (macos-latest)	make check (includes isolated install-to-accept demo)	2026-09-15T11:26:32.0111970Z ═══ Step 1: Install the agent surface into a fresh tempdir ═══
make check (macos-latest)	make check (includes isolated install-to-accept demo)	2026-09-15T11:26:32.7882940Z   ✓ install.sh succeeded
make check (macos-latest)	make check (includes isolated install-to-accept demo)	2026-09-15T11:26:32.7884200Z   ✓ installed: agents/task-architect.md
make check (macos-latest)	make check (includes isolated install-to-accept demo)	2026-09-15T11:26:32.7885480Z   ✓ installed: skills/task-spec/SKILL.md
make check (macos-latest)	make check (includes isolated install-to-accept demo)	2026-09-15T11:26:32.7929800Z 
make check (macos-latest)	make check (includes isolated install-to-accept demo)	2026-09-15T11:26:32.7933590Z ═══ Step 2: --version reports task-spec v3.10.0 ═══
make check (macos-latest)	make check (includes isolated install-to-accept demo)	2026-09-15T11:26:32.8208750Z   ✓ install --version → task-spec v3.10.0
make check (macos-latest)	make check (includes isolated install-to-accept demo)	2026-09-15T11:26:32.8404120Z   ✓ validate-task-spec --version → task-spec v3.10.0
make check (macos-latest)	make check (includes isolated install-to-accept demo)	2026-09-15T11:26:32.8617670Z   ✓ safe-to-delegate --version → task-spec v3.10.0
make check (macos-latest)	make check (includes isolated install-to-accept demo)	2026-09-15T11:26:32.8820380Z   ✓ generate-task-spec --version → task-spec v3.10.0
make check (macos-latest)	make check (includes isolated install-to-accept demo)	2026-09-15T11:26:32.9070060Z   ✓ list-ready --version → task-spec v3.10.0
make check (macos-latest)	make check (includes isolated install-to-accept demo)	2026-09-15T11:26:32.9070640Z 
make check (macos-latest)	make check (includes isolated install-to-accept demo)	2026-09-15T11:26:32.9071180Z ═══ Step 3: GENERATE a spec ═══
make check (macos-latest)	make check (includes isolated install-to-accept demo)	2026-09-15T11:26:33.1905530Z   ✓ generator wrote a spec
make check (macos-latest)	make check (includes isolated install-to-accept demo)	2026-09-15T11:26:33.1941340Z   ✓ generator stamped version 3.10.0
make check (macos-latest)	make check (includes isolated install-to-accept demo)	2026-09-15T11:26:33.1973020Z   ✓ generator printed --stamp breadcrumb
make check (macos-latest)	make check (includes isolated install-to-accept demo)	2026-09-15T11:26:33.2028760Z   ✓ spec file present at tasks/T-20260915-e2e-health-endpoint.md
make check (macos-latest)	make check (includes isolated install-to-accept demo)	2026-09-15T11:26:33.2029390Z 
make check (macos-latest)	make check (includes isolated install-to-accept demo)	2026-09-15T11:26:33.2031800Z ═══ Step 4: Fill stubs (synthesize a minimal valid spec) ═══
make check (macos-latest)	make check (includes isolated install-to-accept demo)	2026-09-15T11:26:33.2088900Z captured spec id: T-20260915-e2e-health-endpoint
make check (macos-latest)	make check (includes isolated install-to-accept demo)	2026-09-15T11:26:34.3410450Z   ✓ validate-task-spec.sh exits 0 on synthesized spec
make check (macos-latest)	make check (includes isolated install-to-accept demo)	2026-09-15T11:26:34.3411380Z 
make check (macos-latest)	make check (includes isolated install-to-accept demo)	2026-09-15T11:26:34.3411740Z ═══ Step 5: GATE (taskspec gate --stamp) ═══
make check (macos-latest)	make check (includes isolated install-to-accept demo)	2026-09-15T11:26:35.9169530Z   ✓ gate reported DELEGATE
make check (macos-latest)	make check (includes isolated install-to-accept demo)	2026-09-15T11:26:35.9210800Z   ✓ gate stamped signed_off:true
make check (macos-latest)	make check (includes isolated install-to-accept demo)	2026-09-15T11:26:35.9400490Z   ✓ spec frontmatter signed_off: true
make check (macos-latest)	make check (includes isolated install-to-accept demo)	2026-09-15T11:26:35.9401610Z   ✓ spec frontmatter signed_off_by: e2e-test
make check (macos-latest)	make check (includes isolated install-to-accept demo)	2026-09-15T11:26:35.9402540Z   ✓ spec frontmatter signed_off_at is ISO-8601
make check (macos-latest)	make check (includes isolated install-to-accept demo)	2026-09-15T11:26:37.1401880Z   ✓ validate accepts the stamped spec (sign-off envelope OK)
make check (macos-latest)	make check (includes isolated install-to-accept demo)	2026-09-15T11:26:37.1402730Z 
make check (macos-latest)	make check (includes isolated install-to-accept demo)	2026-09-15T11:26:37.1403240Z ═══ Step 6: Schema fidelity (Python consumer) ═══
make check (macos-latest)	make check (includes isolated install-to-accept demo)	2026-09-15T11:26:37.1450090Z   ✓ copied golden fixture into tempdir
make check (macos-latest)	make check (includes isolated install-to-accept demo)	2026-09-15T11:26:37.1451340Z   ✓ python consumer present at docs/examples/consume-task-spec.py
make check (macos-latest)	make check (includes isolated install-to-accept demo)	2026-09-15T11:26:37.1452900Z   ✓ python consumer canonical schemas are packaged under spec/schemas
make check (macos-latest)	make check (includes isolated install-to-accept demo)	2026-09-15T11:26:37.4255880Z   ✓ python consumer parsed golden fixture (exit 0)
make check (macos-latest)	make check (includes isolated install-to-accept demo)	2026-09-15T11:26:37.4256290Z 
make check (macos-latest)	make check (includes isolated install-to-accept demo)	2026-09-15T11:26:37.4257020Z ═══ Step 7: Cross-engine equivalence (Python vs TypeScript) ═══
make check (macos-latest)	make check (includes isolated install-to-accept demo)	2026-09-15T11:26:37.6600080Z   ✓ node present (v24.20.0) — attempting cross-engine proof
make check (macos-latest)	make check (includes isolated install-to-accept demo)	2026-09-15T11:26:37.6608780Z   installing TS consumer deps (npm install, 120s budget)…
make check (macos-latest)	make check (includes isolated install-to-accept demo)	2026-09-15T11:26:42.9556240Z   ✓ typescript consumer parsed golden fixture (exit 0)
make check (macos-latest)	make check (includes isolated install-to-accept demo)	2026-09-15T11:26:43.0473310Z   ✓ cross-engine equivalence: id/status/execution_backend/signed_off + ordered eval_ids + canonicalized validation_card ALL EQUAL
make check (macos-latest)	make check (includes isolated install-to-accept demo)	2026-09-15T11:26:43.0476870Z       both engines: {"eval_ids": ["eval_1"], "execution_backend": "any", "id": "T-20260602-golden", "signed_off": false, "status": "ready", "validation_card": {"agent_contract": {"read": ["intent", "contract", "guardrails", "operations"]}, "retry_policy": {"circuit_breaker_no_progress": 3, "max_iterations": 15, "on_terminal_failure": "park_with_context"}, "success_criteria_keys": [{"check_type": "deterministic", "description": "synthetic", "expected_duration_sec": 1, "id": "eval_1", "runnable": "bash", "terminal": true}]}}
make check (macos-latest)	make check (includes isolated install-to-accept demo)	2026-09-15T11:26:43.0488750Z 
make check (macos-latest)	make check (includes isolated install-to-accept demo)	2026-09-15T11:26:43.0488890Z ========================================
make check (macos-latest)	make check (includes isolated install-to-accept demo)	2026-09-15T11:26:43.0489310Z Results: 26 passed, 0 failed
make check (macos-latest)	make check (includes isolated install-to-accept demo)	2026-09-15T11:26:43.0489620Z ========================================
make check (macos-latest)	make check (includes isolated install-to-accept demo)	2026-09-15T11:26:44.2372460Z OFFICIAL_PROTOCOL_SDK=UNAVAILABLE retained evidence verified
make check (macos-latest)	make check (includes isolated install-to-accept demo)	2026-09-15T11:26:44.2373900Z PROTOCOL_CONFORMANCE=READY
make check (macos-latest)	make check (includes isolated install-to-accept demo)	2026-09-15T11:26:44.3018180Z README_COMMANDS=READY commands=24 images=9 mermaid=4
make check (macos-latest)	make check (includes isolated install-to-accept demo)	2026-09-15T11:26:44.3605540Z RELEASE_STATUS=OK
make check (macos-latest)	make check (includes isolated install-to-accept demo)	2026-09-15T11:26:44.5040730Z CLI_REFERENCE=OK
make check (macos-latest)	make check (includes isolated install-to-accept demo)	2026-09-15T11:26:45.9831820Z RELEASE_AUDIT_TESTS=READY
make check (macos-latest)	make check (includes isolated install-to-accept demo)	2026-09-15T11:26:46.3269370Z RELEASE_EVIDENCE_CONTRACTS=READY
make check (macos-latest)	make check (includes isolated install-to-accept demo)	2026-09-15T11:27:01.1749220Z RELEASE_PACKAGING=READY
make check (macos-latest)	make check (includes isolated install-to-accept demo)	2026-09-15T11:27:01.8782660Z tests/test-release-provenance.sh: line 77: rg: command not found
make check (macos-latest)	make check (includes isolated install-to-accept demo)	2026-09-15T11:27:01.9508970Z PRIVATE_PROVENANCE=READY
make check (macos-latest)	make check (includes isolated install-to-accept demo)	2026-09-15T11:27:01.9738660Z test-repo-layout.sh
make check (macos-latest)	make check (includes isolated install-to-accept demo)	2026-09-15T11:27:01.9741490Z ════════════════════════════════════════
make check (macos-latest)	make check (includes isolated install-to-accept demo)	2026-09-15T11:27:02.0254550Z   ok   top-level directories match the manifest (16 declared)
make check (macos-latest)	make check (includes isolated install-to-accept demo)	2026-09-15T11:27:02.0631890Z   ok   root files match the manifest (16 declared)
make check (macos-latest)	make check (includes isolated install-to-accept demo)	2026-09-15T11:27:02.1445980Z   ok   every top-level directory appears in the AGENTS.md layout table
make check (macos-latest)	make check (includes isolated install-to-accept demo)	2026-09-15T11:27:02.3309080Z   ok   no undeclared single-file top-level directory
make check (macos-latest)	make check (includes isolated install-to-accept demo)	2026-09-15T11:27:02.3415450Z   ok   no retired top-level or nested path reappeared
make check (macos-latest)	make check (includes isolated install-to-accept demo)	2026-09-15T11:27:04.4504740Z   ok   no live file references a pre-consolidation path
make check (macos-latest)	make check (includes isolated install-to-accept demo)	2026-09-15T11:27:04.5422270Z   ok   every byte-for-byte SKILL.md copy matches root SKILL.md
make check (macos-latest)	make check (includes isolated install-to-accept demo)	2026-09-15T11:27:04.5562610Z   ok   fixtures live under exactly one root (tests/fixtures/)
make check (macos-latest)	make check (includes isolated install-to-accept demo)	2026-09-15T11:27:04.5971110Z   ok   every digest-pinned evidence path still resolves
make check (macos-latest)	make check (includes isolated install-to-accept demo)	2026-09-15T11:27:04.6071130Z   ok   docs/runbooks/ stays closed (12 of 12; new how-tos go in docs/guides/)
make check (macos-latest)	make check (includes isolated install-to-accept demo)	2026-09-15T11:27:04.6072350Z   ok   every grouped directory has a README or index
make check (macos-latest)	make check (includes isolated install-to-accept demo)	2026-09-15T11:27:04.6073820Z ════════════════════════════════════════
make check (macos-latest)	make check (includes isolated install-to-accept demo)	2026-09-15T11:27:04.6075030Z REPO_LAYOUT=OK (11 checks)
make check (macos-latest)	make check (includes isolated install-to-accept demo)	2026-09-15T11:27:04.6146820Z test-repo-organization-e2e.sh
make check (macos-latest)	make check (includes isolated install-to-accept demo)	2026-09-15T11:27:04.6148610Z ════════════════════════════════════════
make check (macos-latest)	make check (includes isolated install-to-accept demo)	2026-09-15T11:27:04.6315990Z   ok   live backlog has 15 open T-*.md file(s)
make check (macos-latest)	make check (includes isolated install-to-accept demo)	2026-09-15T11:27:04.6675480Z   ok   every parked spec is a non-executable composition node (2)
make check (macos-latest)	make check (includes isolated install-to-accept demo)	2026-09-15T11:27:04.9461860Z   ok   every accepted done leaf has an AcceptanceRecord (20)
make check (macos-latest)	make check (includes isolated install-to-accept demo)	2026-09-15T11:27:04.9462720Z   ok   tasks/.plans/ still has the 3.8.1 and 3.9.0 TaskPlan manifests
make check (macos-latest)	make check (includes isolated install-to-accept demo)	2026-09-15T11:27:04.9571130Z   ok   spec README, docs/index, and root README agree on orientation
make check (macos-latest)	make check (includes isolated install-to-accept demo)	2026-09-15T11:27:05.0027340Z   ok   taskspec doctor → DOCTOR=READY
make check (macos-latest)	make check (includes isolated install-to-accept demo)	2026-09-15T11:27:13.2502760Z   ok   taskspec demo walks plan → seal → handoff → accept
make check (macos-latest)	make check (includes isolated install-to-accept demo)	2026-09-15T11:27:13.6431250Z   ok   graph --check is clean and ready rows agree with the live backlog
make check (macos-latest)	make check (includes isolated install-to-accept demo)	2026-09-15T11:27:19.7589300Z   ok   every parked composition node still validates
make check (macos-latest)	make check (includes isolated install-to-accept demo)	2026-09-15T11:27:19.7592220Z ════════════════════════════════════════
make check (macos-latest)	make check (includes isolated install-to-accept demo)	2026-09-15T11:27:19.7593060Z REPO_ORGANIZATION=OK (9 checks)
make check (macos-latest)	make check (includes isolated install-to-accept demo)	2026-09-15T11:27:19.9782170Z SCHEMAS=READY count=58 fixtures=18
make check (macos-latest)	make check (includes isolated install-to-accept demo)	2026-09-15T11:27:20.0190890Z === 1. generate-task-spec.sh ===
make check (macos-latest)	make check (includes isolated install-to-accept demo)	2026-09-15T11:27:20.3874820Z   ✓ generator created tasks/T-20260915-test-self-test-suite.md
make check (macos-latest)	make check (includes isolated install-to-accept demo)	2026-09-15T11:27:20.3979590Z   ✓ id in frontmatter matches filename
make check (macos-latest)	make check (includes isolated install-to-accept demo)	2026-09-15T11:27:20.3994380Z === 2. Fill generated file with valid v2 content ===
make check (macos-latest)	make check (includes isolated install-to-accept demo)	2026-09-15T11:27:20.4029680Z   ✓ wrote valid v2 task spec
make check (macos-latest)	make check (includes isolated install-to-accept demo)	2026-09-15T11:27:20.4030680Z === 3. validate-task-spec.sh (expect PASS) ===
make check (macos-latest)	make check (includes isolated install-to-accept demo)	2026-09-15T11:27:21.3808230Z   ✓ validator passes on valid task
make check (macos-latest)	make check (includes isolated install-to-accept demo)	2026-09-15T11:27:21.3811770Z === 4. validate-task-spec.sh with controlled error (expect FAIL) ===
make check (macos-latest)	make check (includes isolated install-to-accept demo)	2026-09-15T11:27:22.0560030Z   ✓ validator catches placeholder regression
make check (macos-latest)	make check (includes isolated install-to-accept demo)	2026-09-15T11:27:23.4533360Z   ✓ pre-gate authorizes the unbuilt task
make check (macos-latest)	make check (includes isolated install-to-accept demo)	2026-09-15T11:27:23.4534790Z === 5. transition-status.sh: ready → in-progress ===
make check (macos-latest)	make check (includes isolated install-to-accept demo)	2026-09-15T11:27:23.8755940Z   ✓ transition to in-progress succeeds
make check (macos-latest)	make check (includes isolated install-to-accept demo)	2026-09-15T11:27:23.8799640Z   ✓ status updated to in-progress
make check (macos-latest)	make check (includes isolated install-to-accept demo)	2026-09-15T11:27:23.8802970Z   ✓ file remains in tasks/ for active status
make check (macos-latest)	make check (includes isolated install-to-accept demo)	2026-09-15T11:27:23.9842420Z   ✓ transition to done is blocked before acceptance
make check (macos-latest)	make check (includes isolated install-to-accept demo)	2026-09-15T11:27:24.5570850Z   ✓ post-gate accepts and stamps the completed task
make check (macos-latest)	make check (includes isolated install-to-accept demo)	2026-09-15T11:27:24.5572350Z === 6. transition-status.sh: in-progress → done ===
make check (macos-latest)	make check (includes isolated install-to-accept demo)	2026-09-15T11:27:24.9958680Z   ✓ transition to done succeeds
make check (macos-latest)	make check (includes isolated install-to-accept demo)	2026-09-15T11:27:24.9959550Z   ✓ file moved to tasks/done/
make check (macos-latest)	make check (includes isolated install-to-accept demo)	2026-09-15T11:27:24.9960090Z   ✓ file no longer in tasks/
make check (macos-latest)	make check (includes isolated install-to-accept demo)	2026-09-15T11:27:24.9960530Z === 7. rebuild-state.sh ===
make check (macos-latest)	make check (includes isolated install-to-accept demo)	2026-09-15T11:27:25.1673900Z   ✓ rebuild-state succeeds
make check (macos-latest)	make check (includes isolated install-to-accept demo)	2026-09-15T11:27:25.1682620Z   ✓ _state.yaml created
make check (macos-latest)	make check (includes isolated install-to-accept demo)	2026-09-15T11:27:25.1758110Z   ✓ _state.yaml contains test task
make check (macos-latest)	make check (includes isolated install-to-accept demo)	2026-09-15T11:27:25.1843250Z   ✓ _state.yaml reflects done status
make check (macos-latest)	make check (includes isolated install-to-accept demo)	2026-09-15T11:27:25.4073740Z   ✓ rebuild-state is byte-deterministic
make check (macos-latest)	make check (includes isolated install-to-accept demo)	2026-09-15T11:27:25.4074340Z === 8. list-ready.sh ===
make check (macos-latest)	make check (includes isolated install-to-accept demo)	2026-09-15T11:27:25.4911790Z   ✓ list-ready excludes done task
make check (macos-latest)	make check (includes isolated install-to-accept demo)	2026-09-15T11:27:25.4912680Z === 9. archive.sh ===
make check (macos-latest)	make check (includes isolated install-to-accept demo)	2026-09-15T11:27:25.7292560Z   ✓ archive is no-op for already-archived task
make check (macos-latest)	make check (includes isolated install-to-accept demo)	2026-09-15T11:27:25.7293500Z === 10. backup-backlog.sh ===
make check (macos-latest)	make check (includes isolated install-to-accept demo)	2026-09-15T11:27:25.7827570Z   ✓ backup-backlog succeeds
make check (macos-latest)	make check (includes isolated install-to-accept demo)	2026-09-15T11:27:25.7879380Z   ✓ backup archive created
make check (macos-latest)	make check (includes isolated install-to-accept demo)	2026-09-15T11:27:25.7880390Z === 11. safe-to-delegate.sh (pre-delegation gate) ===
make check (macos-latest)	make check (includes isolated install-to-accept demo)	2026-09-15T11:27:27.1981280Z   ✓ safe-to-delegate clears a valid spec
make check (macos-latest)	make check (includes isolated install-to-accept demo)	2026-09-15T11:27:28.3660140Z   ✓ safe-to-delegate blocks a broken-eval spec
make check (macos-latest)	make check (includes isolated install-to-accept demo)	2026-09-15T11:27:28.3689780Z 
make check (macos-latest)	make check (includes isolated install-to-accept demo)	2026-09-15T11:27:28.3691070Z ========================================
make check (macos-latest)	make check (includes isolated install-to-accept demo)	2026-09-15T11:27:28.3692210Z Results: 25 passed, 0 failed
make check (macos-latest)	make check (includes isolated install-to-accept demo)	2026-09-15T11:27:28.3712710Z ========================================
make check (macos-latest)	make check (includes isolated install-to-accept demo)	2026-09-15T11:27:28.4055350Z MESH_ISOLATION=UNAVAILABLE reason=docker
make check (macos-latest)	make check (includes isolated install-to-accept demo)	2026-09-15T11:27:28.7815410Z TOOLKIT_AUTHORING=PASS
make check (macos-latest)	make check (includes isolated install-to-accept demo)	2026-09-15T11:27:28.8450940Z TOOLKIT_CONFORMANCE=PASS optional recipe, self-contained schemas, and complete lineage shape
make check (macos-latest)	make check (includes isolated install-to-accept demo)	2026-09-15T11:27:28.8919720Z TOOLKIT_CI=CONFIGURED hosted execution not inferred
make check (macos-latest)	make check (includes isolated install-to-accept demo)	2026-09-15T11:27:40.4804410Z TOOLKIT_CLI=PASS
make check (macos-latest)	make check (includes isolated install-to-accept demo)	2026-09-15T11:27:57.8239110Z TOOLKIT_DECOMPOSE=PASS
make check (macos-latest)	make check (includes isolated install-to-accept demo)	2026-09-15T11:27:57.9440710Z TOOLKIT_EXPERIENCE=PASS static resources and trace-oracle negatives; live chat quality not inferred
make check (macos-latest)	make check (includes isolated install-to-accept demo)	2026-09-15T11:27:59.3907370Z TOOLKIT_GUIDES=PASS
make check (macos-latest)	make check (includes isolated install-to-accept demo)	2026-09-15T11:28:24.6365060Z TOOLKIT_DECOMPOSE=PASS
make check (macos-latest)	make check (includes isolated install-to-accept demo)	2026-09-15T11:28:30.8275170Z TOOLKIT_INSTALL=PASS clean private runtime, path spaces, version identity, and corrupted-resource refusal
make check (macos-latest)	make check (includes isolated install-to-accept demo)	2026-09-15T11:28:32.0073780Z ok  	github.com/luanmorenomaciel/task-spec/mesh/internal/mesh	(cached)
make check (macos-latest)	make check (includes isolated install-to-accept demo)	2026-09-15T11:28:55.9258260Z TOOLKIT_MESH=PASS
make check (macos-latest)	make check (includes isolated install-to-accept demo)	2026-09-15T11:28:56.2128500Z TOOLKIT_PERMISSION_GUARD=PASS recorded denial stops continuation; ordinary eval and validation failures remain distinct
make check (macos-latest)	make check (includes isolated install-to-accept demo)	2026-09-15T11:28:56.5871420Z {"state": "paused", "before_block": 1, "reason": "Review the observed permission denial.", "next": "Inspect retained runs and remove the explicit PAUSE file only when authorized to continue."}
make check (macos-latest)	make check (includes isolated install-to-accept demo)	2026-09-15T11:28:56.5889630Z {"id": "1-codex", "exit_code": 0, "run_id": "denied-cell", "accepted": false, "error": "permission denied", "elapsed_seconds": 1, "cost_usd": 0, "permission_denied": true}
make check (macos-latest)	make check (includes isolated install-to-accept demo)	2026-09-15T11:28:56.5892110Z {"id": "1-claude", "exit_code": 0, "run_id": "denied-cell", "accepted": false, "error": "permission denied", "elapsed_seconds": 1, "cost_usd": 0, "permission_denied": true}
make check (macos-latest)	make check (includes isolated install-to-accept demo)	2026-09-15T11:28:56.5902590Z TOOLKIT_PILOT_RECORDING=PASS prospective intervals, censored failures, retained outputs, tamper detection, cohort pause
make check (macos-latest)	make check (includes isolated install-to-accept demo)	2026-09-15T11:28:56.7642580Z TOOLKIT_RUNTIME=PASS
make check (macos-latest)	make check (includes isolated install-to-accept demo)	2026-09-15T11:28:57.6481570Z TOOLKIT_SDLC=PASS
make check (macos-latest)	make check (includes isolated install-to-accept demo)	2026-09-15T11:28:57.7628200Z === Phase 1: AUTHOR a solvable v3 standard spec ===
make check (macos-latest)	make check (includes isolated install-to-accept demo)	2026-09-15T11:28:57.7665420Z   ✓ spec file authored
make check (macos-latest)	make check (includes isolated install-to-accept demo)	2026-09-15T11:28:57.7665830Z === Phase 2: VALIDATE (structural + profile + traceability) ===
make check (macos-latest)	make check (includes isolated install-to-accept demo)	2026-09-15T11:28:58.7392580Z   ✓ validate passes (rc=0)
make check (macos-latest)	make check (includes isolated install-to-accept demo)	2026-09-15T11:28:58.7438270Z   ✓ validate reports v3 + standard profile
make check (macos-latest)	make check (includes isolated install-to-accept demo)	2026-09-15T11:28:58.7473030Z   ✓ validate maps status→A2A submitted
make check (macos-latest)	make check (includes isolated install-to-accept demo)	2026-09-15T11:28:58.7473830Z === Phase 3: PRE-GATE (safe-to-delegate --stamp) ===
make check (macos-latest)	make check (includes isolated install-to-accept demo)	2026-09-15T11:29:00.3469870Z   ✓ pre-gate verdict DELEGATE (rc=0)
make check (macos-latest)	make check (includes isolated install-to-accept demo)	2026-09-15T11:29:00.3511260Z   ✓ pre-gate stamped signed_off: true
make check (macos-latest)	make check (includes isolated install-to-accept demo)	2026-09-15T11:29:00.3541340Z   ✓ pre-gate sealed HMAC (Tier 1)
make check (macos-latest)	make check (includes isolated install-to-accept demo)	2026-09-15T11:29:01.7384080Z === Phase 4: DISPATCH (reference executor drives the work) ===
make check (macos-latest)	make check (includes isolated install-to-accept demo)	2026-09-15T11:29:02.3973290Z   ✓ executor created src/feature.txt == 'done'
make check (macos-latest)	make check (includes isolated install-to-accept demo)	2026-09-15T11:29:02.4050250Z   ✓ executor leaves passing work in-progress pending acceptance
make check (macos-latest)	make check (includes isolated install-to-accept demo)	2026-09-15T11:29:02.4050800Z === Phase 5: ACCEPT (post-execution gate) ===
make check (macos-latest)	make check (includes isolated install-to-accept demo)	2026-09-15T11:29:03.3261490Z     accept-task: /var/folders/36/tjdph2t965j8snz9_vkdnw0r0000gn/T/tmp.5vmYfyxl9C/tasks/T-20260618-e2e-closed-loop.md
make check (macos-latest)	make check (includes isolated install-to-accept demo)	2026-09-15T11:29:03.3262810Z     ────────────────────────────────────────────────────────
make check (macos-latest)	make check (includes isolated install-to-accept demo)	2026-09-15T11:29:03.3264090Z     A. Independent evaluation ...
make check (macos-latest)	make check (includes isolated install-to-accept demo)	2026-09-15T11:29:03.3264750Z        PASS — Exit Check returned 0
make check (macos-latest)	make check (includes isolated install-to-accept demo)	2026-09-15T11:29:03.3265290Z     B. Handoff, graph, base commit, and blast radius ...
make check (macos-latest)	make check (includes isolated install-to-accept demo)	2026-09-15T11:29:03.3285730Z        PASS — revision, closure, Git base, and write scope agree
make check (macos-latest)	make check (includes isolated install-to-accept demo)	2026-09-15T11:29:03.3286220Z     C. Authorization integrity ...
make check (macos-latest)	make check (includes isolated install-to-accept demo)	2026-09-15T11:29:03.3286680Z        PASS — TaskAuthorization/v3 verifies
make check (macos-latest)	make check (includes isolated install-to-accept demo)	2026-09-15T11:29:03.3287010Z     E. Sealed evidence policy ...
make check (macos-latest)	make check (includes isolated install-to-accept demo)	2026-09-15T11:29:03.3287490Z        PASS — required evidence matches this attempt
make check (macos-latest)	make check (includes isolated install-to-accept demo)	2026-09-15T11:29:03.3288070Z     ────────────────────────────────────────────────────────
make check (macos-latest)	make check (includes isolated install-to-accept demo)	2026-09-15T11:29:03.3291060Z        stamped — {"acceptance_record": "/private/var/folders/36/tjdph2t965j8snz9_vkdnw0r0000gn/T/tmp.5vmYfyxl9C/.taskspec/acceptance/T-20260618-e2e-closed-loop/9262efe9-66a0-4452-8acd-3703f2448d86.json", "acceptance_record_digest": "sha256:910636be360bdd73a7c55f810a9db5e2313a2973354b07ee0bbf15bd56314110", "accepted": true, "attempt_id": "9262efe9-66a0-4452-8acd-3703f2448d86", "contract": "AcceptanceFinalized/v1", "task_id": "T-20260618-e2e-closed-loop", "tier": 1}
make check (macos-latest)	make check (includes isolated install-to-accept demo)	2026-09-15T11:29:03.3293030Z     VERDICT: ACCEPT — Tier 1 evidence is bound to the authorized task attempt
make check (macos-latest)	make check (includes isolated install-to-accept demo)	2026-09-15T11:29:03.3293490Z     ACCEPTED=1
make check (macos-latest)	make check (includes isolated install-to-accept demo)	2026-09-15T11:29:03.3293760Z   ✓ accept verdict ACCEPT (rc=0)
make check (macos-latest)	make check (includes isolated install-to-accept demo)	2026-09-15T11:29:03.3318350Z   ✓ accept stamped accepted: true
make check (macos-latest)	make check (includes isolated install-to-accept demo)	2026-09-15T11:29:03.3348660Z   ✓ accept emitted ACCEPTED=1
make check (macos-latest)	make check (includes isolated install-to-accept demo)	2026-09-15T11:29:03.3376780Z   ✓ accept GATE A (evals pass) reported
make check (macos-latest)	make check (includes isolated install-to-accept demo)	2026-09-15T11:29:03.3379990Z === Phase 6: NEGATIVE — blast-radius breach is REJECTED ===
make check (macos-latest)	make check (includes isolated install-to-accept demo)	2026-09-15T11:29:04.0936710Z   ✓ breach REJECTED (rc=1)
make check (macos-latest)	make check (includes isolated install-to-accept demo)	2026-09-15T11:29:04.0982760Z   ✓ breach names the out-of-scope file
make check (macos-latest)	make check (includes isolated install-to-accept demo)	2026-09-15T11:29:04.9300300Z   ✓ accepted work transitions status → done
make check (macos-latest)	make check (includes isolated install-to-accept demo)	2026-09-15T11:29:04.9302090Z === Phase 7: LOOP CLOSED — final spec validates with full envelope ===
make check (macos-latest)	make check (includes isolated install-to-accept demo)	2026-09-15T11:29:06.6207520Z   ✓ final validate passes
make check (macos-latest)	make check (includes isolated install-to-accept demo)	2026-09-15T11:29:06.6254370Z   ✓ final validate confirms Tier-1 HMAC
make check (macos-latest)	make check (includes isolated install-to-accept demo)	2026-09-15T11:29:06.6254750Z 
make check (macos-latest)	make check (includes isolated install-to-accept demo)	2026-09-15T11:29:06.6254970Z ========================================
make check (macos-latest)	make check (includes isolated install-to-accept demo)	2026-09-15T11:29:06.6255760Z Results: 18 passed, 0 failed
make check (macos-latest)	make check (includes isolated install-to-accept demo)	2026-09-15T11:29:06.6256350Z ========================================
make check (macos-latest)	make check (includes isolated install-to-accept demo)	2026-09-15T11:29:06.6583340Z == install ==
make check (macos-latest)	make check (includes isolated install-to-accept demo)	2026-09-15T11:29:08.4471120Z   ✓ copy install
make check (macos-latest)	make check (includes isolated install-to-accept demo)	2026-09-15T11:29:09.3459290Z   ✓ idempotent install
make check (macos-latest)	make check (includes isolated install-to-accept demo)	2026-09-15T11:29:09.5447990Z   ✓ equivalent harness skills
make check (macos-latest)	make check (includes isolated install-to-accept demo)	2026-09-15T11:29:11.0677190Z   ✓ global user install
make check (macos-latest)	make check (includes isolated install-to-accept demo)	2026-09-15T11:29:11.3560740Z   ✓ checkout symlink install
make check (macos-latest)	make check (includes isolated install-to-accept demo)	2026-09-15T11:29:13.0230730Z   ✓ skills-only install
make check (macos-latest)	make check (includes isolated install-to-accept demo)	2026-09-15T11:29:14.1594440Z   ✓ unmanaged destination is preserved
make check (macos-latest)	make check (includes isolated install-to-accept demo)	2026-09-15T11:29:15.6902970Z   ✓ forced replacement leaves a backup
make check (macos-latest)	make check (includes isolated install-to-accept demo)	2026-09-15T11:29:16.5011600Z   ✓ managed launcher upgrades safely
make check (macos-latest)	make check (includes isolated install-to-accept demo)	2026-09-15T11:29:16.5273710Z   ✓ installed version
make check (macos-latest)	make check (includes isolated install-to-accept demo)	2026-09-15T11:29:22.4515800Z   ✓ installed isolated demo
make check (macos-latest)	make check (includes isolated install-to-accept demo)	2026-09-15T11:29:22.5312390Z   ✓ agent context JSON
make check (macos-latest)	make check (includes isolated install-to-accept demo)	2026-09-15T11:29:22.6049640Z   ✓ agent context covers the complete public command and schema surfaces
make check (macos-latest)	make check (includes isolated install-to-accept demo)	2026-09-15T11:29:22.6352620Z   ✓ agent guidance surfaces share the 3.9 lifecycle
make check (macos-latest)	make check (includes isolated install-to-accept demo)	2026-09-15T11:29:22.7676410Z   ✓ global JSON envelope
make check (macos-latest)	make check (includes isolated install-to-accept demo)	2026-09-15T11:29:22.8218020Z   ✓ per-command help init
make check (macos-latest)	make check (includes isolated install-to-accept demo)	2026-09-15T11:29:22.8764710Z   ✓ per-command help setup
make check (macos-latest)	make check (includes isolated install-to-accept demo)	2026-09-15T11:29:22.9378680Z   ✓ per-command help demo
make check (macos-latest)	make check (includes isolated install-to-accept demo)	2026-09-15T11:29:22.9969990Z   ✓ per-command help new
make check (macos-latest)	make check (includes isolated install-to-accept demo)	2026-09-15T11:29:23.0632840Z   ✓ per-command help plan
make check (macos-latest)	make check (includes isolated install-to-accept demo)	2026-09-15T11:29:23.1330620Z   ✓ per-command help batch
make check (macos-latest)	make check (includes isolated install-to-accept demo)	2026-09-15T11:29:23.1923480Z   ✓ per-command help migrate
make check (macos-latest)	make check (includes isolated install-to-accept demo)	2026-09-15T11:29:23.2533830Z   ✓ per-command help validate
make check (macos-latest)	make check (includes isolated install-to-accept demo)	2026-09-15T11:29:23.3279560Z   ✓ per-command help dod
make check (macos-latest)	make check (includes isolated install-to-accept demo)	2026-09-15T11:29:23.3914380Z   ✓ per-command help gate
make check (macos-latest)	make check (includes isolated install-to-accept demo)	2026-09-15T11:29:23.4499910Z   ✓ per-command help handoff
make check (macos-latest)	make check (includes isolated install-to-accept demo)	2026-09-15T11:29:23.5365890Z   ✓ per-command help run
make check (macos-latest)	make check (includes isolated install-to-accept demo)	2026-09-15T11:29:23.6825830Z   ✓ per-command help accept
make check (macos-latest)	make check (includes isolated install-to-accept demo)	2026-09-15T11:29:23.7599250Z   ✓ per-command help author-doctor
make check (macos-latest)	make check (includes isolated install-to-accept demo)	2026-09-15T11:29:23.8499960Z   ✓ per-command help holdout
make check (macos-latest)	make check (includes isolated install-to-accept demo)	2026-09-15T11:29:23.9302020Z   ✓ per-command help receipt
make check (macos-latest)	make check (includes isolated install-to-accept demo)	2026-09-15T11:29:24.0009210Z   ✓ per-command help dsse
make check (macos-latest)	make check (includes isolated install-to-accept demo)	2026-09-15T11:29:24.0750530Z   ✓ per-command help eval-audit
make check (macos-latest)	make check (includes isolated install-to-accept demo)	2026-09-15T11:29:24.1596020Z   ✓ per-command help identity
make check (macos-latest)	make check (includes isolated install-to-accept demo)	2026-09-15T11:29:24.2341480Z   ✓ per-command help evidence
make check (macos-latest)	make check (includes isolated install-to-accept demo)	2026-09-15T11:29:24.3770000Z   ✓ per-command help bridge
make check (macos-latest)	make check (includes isolated install-to-accept demo)	2026-09-15T11:29:24.4395980Z   ✓ per-command help mcp
make check (macos-latest)	make check (includes isolated install-to-accept demo)	2026-09-15T11:29:24.5365600Z   ✓ per-command help mesh
make check (macos-latest)	make check (includes isolated install-to-accept demo)	2026-09-15T11:29:24.6535810Z   ✓ per-command help ready
make check (macos-latest)	make check (includes isolated install-to-accept demo)	2026-09-15T11:29:24.7674980Z   ✓ per-command help graph
make check (macos-latest)	make check (includes isolated install-to-accept demo)	2026-09-15T11:29:24.9044650Z   ✓ per-command help status
make check (macos-latest)	make check (includes isolated install-to-accept demo)	2026-09-15T11:29:24.9949740Z   ✓ per-command help lint
make check (macos-latest)	make check (includes isolated install-to-accept demo)	2026-09-15T11:29:25.1072540Z   ✓ per-command help transition
make check (macos-latest)	make check (includes isolated install-to-accept demo)	2026-09-15T11:29:25.2236200Z   ✓ per-command help rebuild-state
make check (macos-latest)	make check (includes isolated install-to-accept demo)	2026-09-15T11:29:25.2820470Z   ✓ per-command help archive
make check (macos-latest)	make check (includes isolated install-to-accept demo)	2026-09-15T11:29:25.3515360Z   ✓ per-command help backup
make check (macos-latest)	make check (includes isolated install-to-accept demo)	2026-09-15T11:29:25.4233720Z   ✓ per-command help metrics
make check (macos-latest)	make check (includes isolated install-to-accept demo)	2026-09-15T11:29:25.4854670Z   ✓ per-command help conformance
make check (macos-latest)	make check (includes isolated install-to-accept demo)	2026-09-15T11:29:25.5536580Z   ✓ per-command help executor
make check (macos-latest)	make check (includes isolated install-to-accept demo)	2026-09-15T11:29:25.6285690Z   ✓ per-command help agent-context
make check (macos-latest)	make check (includes isolated install-to-accept demo)	2026-09-15T11:29:25.6936840Z   ✓ per-command help completion
make check (macos-latest)	make check (includes isolated install-to-accept demo)	2026-09-15T11:29:25.7507710Z   ✓ per-command help doctor
make check (macos-latest)	make check (includes isolated install-to-accept demo)	2026-09-15T11:29:25.8109200Z   ✓ per-command help version
make check (macos-latest)	make check (includes isolated install-to-accept demo)	2026-09-15T11:29:25.8655070Z   ✓ per-command help help
make check (macos-latest)	make check (includes isolated install-to-accept demo)	2026-09-15T11:29:25.9913230Z   ✓ usage exit 2: status
make check (macos-latest)	make check (includes isolated install-to-accept demo)	2026-09-15T11:29:26.0440520Z   ✓ usage exit 2: transition
make check (macos-latest)	make check (includes isolated install-to-accept demo)	2026-09-15T11:29:26.1032480Z   ✓ usage exit 2: migrate
make check (macos-latest)	make check (includes isolated install-to-accept demo)	2026-09-15T11:29:26.1508060Z   ✓ usage exit 2: executor
make check (macos-latest)	make check (includes isolated install-to-accept demo)	2026-09-15T11:29:26.1910940Z   ✓ usage exit 2: run
make check (macos-latest)	make check (includes isolated install-to-accept demo)	2026-09-15T11:29:26.2532620Z   ✓ completion bash
make check (macos-latest)	make check (includes isolated install-to-accept demo)	2026-09-15T11:29:26.3297910Z   ✓ completion zsh
make check (macos-latest)	make check (includes isolated install-to-accept demo)	2026-09-15T11:29:26.3969670Z   ✓ completion fish
make check (macos-latest)	make check (includes isolated install-to-accept demo)	2026-09-15T11:29:26.3970100Z == clean-room journey ==
make check (macos-latest)	make check (includes isolated install-to-accept demo)	2026-09-15T11:29:37.8601060Z   ✓ install-to-accept clean room with structured materialization receipt
make check (macos-latest)	make check (includes isolated install-to-accept demo)	2026-09-15T11:29:38.5596160Z   ✓ README v3 and opt-in v4 scaffold commands
make check (macos-latest)	make check (includes isolated install-to-accept demo)	2026-09-15T11:29:38.6975860Z   ✓ malformed and dangling TaskPlan fails closed
make check (macos-latest)	make check (includes isolated install-to-accept demo)	2026-09-15T11:29:38.6977220Z == dry-run and color ==
make check (macos-latest)	make check (includes isolated install-to-accept demo)	2026-09-15T11:29:38.7578940Z   ✓ dry-run prevents init
make check (macos-latest)	make check (includes isolated install-to-accept demo)	2026-09-15T11:29:38.8315410Z   ✓ NO_COLOR precedence
make check (macos-latest)	make check (includes isolated install-to-accept demo)	2026-09-15T11:29:38.8316670Z == research evidence ==
make check (macos-latest)	make check (includes isolated install-to-accept demo)	2026-09-15T11:29:38.9400570Z   ✓ firecrawl evidence
make check (macos-latest)	make check (includes isolated install-to-accept demo)	2026-09-15T11:29:39.0689750Z   ✓ tavily evidence
make check (macos-latest)	make check (includes isolated install-to-accept demo)	2026-09-15T11:29:39.1901690Z   ✓ exa evidence
make check (macos-latest)	make check (includes isolated install-to-accept demo)	2026-09-15T11:29:39.3174470Z   ✓ named provider failure
make check (macos-latest)	make check (includes isolated install-to-accept demo)	2026-09-15T11:29:39.4031310Z   ✓ evidence rejects credential-bearing keys
make check (macos-latest)	make check (includes isolated install-to-accept demo)	2026-09-15T11:29:39.5148920Z   ✓ composition example preview
make check (macos-latest)	make check (includes isolated install-to-accept demo)	2026-09-15T11:29:39.5483410Z   ✓ checked-in evidence example
make check (macos-latest)	make check (includes isolated install-to-accept demo)	2026-09-15T11:29:39.5977040Z   ✓ checked-in handoff example
make check (macos-latest)	make check (includes isolated install-to-accept demo)	2026-09-15T11:29:39.6663410Z   ✓ README release status is generated from evidence
make check (macos-latest)	make check (includes isolated install-to-accept demo)	2026-09-15T11:29:39.6664600Z == checksum-backed release archive ==
make check (macos-latest)	make check (includes isolated install-to-accept demo)	2026-09-15T11:29:41.1776910Z   ✓ checksum-backed remote install
make check (macos-latest)	make check (includes isolated install-to-accept demo)	2026-09-15T11:29:41.2820320Z   ✓ tampered release archive fails closed
make check (macos-latest)	make check (includes isolated install-to-accept demo)	2026-09-15T11:29:41.2847180Z == package ==
make check (macos-latest)	make check (includes isolated install-to-accept demo)	2026-09-15T11:29:43.1564470Z   ✓ npm pack dry run
make check (macos-latest)	make check (includes isolated install-to-accept demo)	2026-09-15T11:29:44.7889650Z   ✓ local npm package install
make check (macos-latest)	make check (includes isolated install-to-accept demo)	2026-09-15T11:29:44.8006770Z 
make check (macos-latest)	make check (includes isolated install-to-accept demo)	2026-09-15T11:29:44.8007210Z Results: 80 passed, 0 failed
make check (macos-latest)	make check (includes isolated install-to-accept demo)	2026-09-15T11:29:44.8007800Z INSTALL=OK
make check (macos-latest)	make check (includes isolated install-to-accept demo)	2026-09-15T11:29:45.1806840Z ok 1 - v4 authoring is explicit and non-default
make check (macos-latest)	make check (includes isolated install-to-accept demo)	2026-09-15T11:29:46.2198690Z ok 2 - v3 compatibility fixture remains valid
make check (macos-latest)	make check (includes isolated install-to-accept demo)	2026-09-15T11:29:46.9578530Z ok 3 - v4 policy validates
make check (macos-latest)	make check (includes isolated install-to-accept demo)	2026-09-15T11:29:47.6585260Z ok 4 - sealed authoring evidence digest rejects artifact drift
make check (macos-latest)	make check (includes isolated install-to-accept demo)	2026-09-15T11:29:47.7359270Z ok 5 - author doctor finds no blockers
make check (macos-latest)	make check (includes isolated install-to-accept demo)	2026-09-15T11:29:49.2854640Z ok 6 - status reports authoring-evidence freshness without making age an acceptance gate
make check (macos-latest)	make check (includes isolated install-to-accept demo)	2026-09-15T11:29:50.4177400Z ok 7 - v4 handoff emitted
make check (macos-latest)	make check (includes isolated install-to-accept demo)	2026-09-15T11:29:50.9065150Z ok 8 - baseline discrimination audit
make check (macos-latest)	make check (includes isolated install-to-accept demo)	2026-09-15T11:29:51.5273940Z ok 9 - repeated evaluation reports stable discrimination
make check (macos-latest)	make check (includes isolated install-to-accept demo)	2026-09-15T11:29:51.6022510Z ok 10 - holdout descriptor sealed
make check (macos-latest)	make check (includes isolated install-to-accept demo)	2026-09-15T11:29:51.7969000Z ok 11 - holdout rotation metadata is retained
make check (macos-latest)	make check (includes isolated install-to-accept demo)	2026-09-15T11:29:51.9977510Z ok 12 - expired holdout requires rotation and reauthorization
make check (macos-latest)	make check (includes isolated install-to-accept demo)	2026-09-15T11:29:52.0892370Z ok 13 - tampered holdout bundle is rejected
make check (macos-latest)	make check (includes isolated install-to-accept demo)	2026-09-15T11:29:52.2145720Z ok 14 - holdout executed independently
make check (macos-latest)	make check (includes isolated install-to-accept demo)	2026-09-15T11:29:52.2876490Z ok 15 - environment receipt created
make check (macos-latest)	make check (includes isolated install-to-accept demo)	2026-09-15T11:29:52.3658740Z ok 16 - graded receipt created
make check (macos-latest)	make check (includes isolated install-to-accept demo)	2026-09-15T11:29:52.4475220Z ok 17 - human receipt created
make check (macos-latest)	make check (includes isolated install-to-accept demo)	2026-09-15T11:29:52.5595210Z ok 18 - identity receipt signed
make check (macos-latest)	make check (includes isolated install-to-accept demo)	2026-09-15T11:29:52.6494170Z ok 19 - identity receipt verified
make check (macos-latest)	make check (includes isolated install-to-accept demo)	2026-09-15T11:29:52.7430710Z ok 20 - signed holdout receipt
make check (macos-latest)	make check (includes isolated install-to-accept demo)	2026-09-15T11:29:52.8347860Z ok 21 - signed environment receipt
make check (macos-latest)	make check (includes isolated install-to-accept demo)	2026-09-15T11:29:52.9289940Z ok 22 - signed graded receipt
make check (macos-latest)	make check (includes isolated install-to-accept demo)	2026-09-15T11:29:53.0304730Z ok 23 - signed human receipt
make check (macos-latest)	make check (includes isolated install-to-accept demo)	2026-09-15T11:29:53.2068030Z ok 24 - wrong evaluator signer fails closed
make check (macos-latest)	make check (includes isolated install-to-accept demo)	2026-09-15T11:29:53.2847870Z ok 25 - all typed receipts validate
make check (macos-latest)	make check (includes isolated install-to-accept demo)	2026-09-15T11:29:53.4441060Z ok 26 - portable signed evidence satisfies Tier 1 policy
make check (macos-latest)	make check (includes isolated install-to-accept demo)	2026-09-15T11:29:53.6242180Z ok 27 - DSSE receipt export verifies independently
make check (macos-latest)	make check (includes isolated install-to-accept demo)	2026-09-15T11:29:53.7013560Z ok 28 - credential-bearing receipt is rejected
make check (macos-latest)	make check (includes isolated install-to-accept demo)	2026-09-15T11:29:53.9717260Z ok 29 - enabled engine runs in a detached worktree
make check (macos-latest)	make check (includes isolated install-to-accept demo)	2026-09-15T11:29:53.9991880Z ok 30 - isolated engine receipt records a real attempt
make check (macos-latest)	make check (includes isolated install-to-accept demo)	2026-09-15T11:29:54.0105290Z ok 31 - isolated engine change is captured outside the source workspace
make check (macos-latest)	make check (includes isolated install-to-accept demo)	2026-09-15T11:29:54.5206720Z ok 32 - acceptance blocks when evidence is omitted
make check (macos-latest)	make check (includes isolated install-to-accept demo)	2026-09-15T11:29:55.1098280Z ok 33 - acceptance passes with matching supervised evidence
make check (macos-latest)	make check (includes isolated install-to-accept demo)	2026-09-15T11:29:55.2971200Z ok 34 - revoked identity no longer verifies
make check (macos-latest)	make check (includes isolated install-to-accept demo)	2026-09-15T11:29:55.4288670Z ok 35 - A2A v1.0 bridge round trip
make check (macos-latest)	make check (includes isolated install-to-accept demo)	2026-09-15T11:29:55.5613270Z ok 36 - MCP bridge round trip
make check (macos-latest)	make check (includes isolated install-to-accept demo)	2026-09-15T11:29:55.6557670Z ok 37 - A2A bridge detects embedded handoff tampering
make check (macos-latest)	make check (includes isolated install-to-accept demo)	2026-09-15T11:29:55.7507810Z ok 38 - MCP bridge detects embedded handoff tampering
make check (macos-latest)	make check (includes isolated install-to-accept demo)	2026-09-15T11:29:55.7994110Z ok 39 - MCP server lists read-only tools
make check (macos-latest)	make check (includes isolated install-to-accept demo)	2026-09-15T11:29:55.8801690Z ok 40 - nine-family engine matrix validates
make check (macos-latest)	make check (includes isolated install-to-accept demo)	2026-09-15T11:29:55.9705720Z ok 41 - disabled engine matrix records unavailable, not fabricated passes
make check (macos-latest)	make check (includes isolated install-to-accept demo)	2026-09-15T11:29:56.0480360Z ok 42 - engine matrix emits typed run receipts
make check (macos-latest)	make check (includes isolated install-to-accept demo)	2026-09-15T11:29:56.0481480Z PASS: Task-Spec 3.7 evidence integrity (42 checks)
make check (macos-latest)	make check (includes isolated install-to-accept demo)	2026-09-15T11:29:58.2074020Z ok 1 - post-seal v4 to v3 downgrade fails closed
make check (macos-latest)	make check (includes isolated install-to-accept demo)	2026-09-15T11:29:59.0091930Z ok 2 - sealed proof policy deletion fails closed
make check (macos-latest)	make check (includes isolated install-to-accept demo)	2026-09-15T11:29:59.6688540Z ok 3 - sealed environment policy deletion fails closed
make check (macos-latest)	make check (includes isolated install-to-accept demo)	2026-09-15T11:30:00.3565850Z ok 4 - parent-child authority mutation fails closed
make check (macos-latest)	make check (includes isolated install-to-accept demo)	2026-09-15T11:30:01.0818370Z ok 5 - unknown future authority is sealed by default
make check (macos-latest)	make check (includes isolated install-to-accept demo)	2026-09-15T11:30:02.1287350Z ok 6 - lifecycle and tracker projection remain mutable
make check (macos-latest)	make check (includes isolated install-to-accept demo)	2026-09-15T11:30:02.2392250Z ok 7 - duplicate YAML keys are rejected
make check (macos-latest)	make check (includes isolated install-to-accept demo)	2026-09-15T11:30:02.3500830Z ok 8 - ambiguous JSON numeric constants are rejected
make check (macos-latest)	make check (includes isolated install-to-accept demo)	2026-09-15T11:30:02.5103690Z ok 9 - authority mapping key order is canonical
make check (macos-latest)	make check (includes isolated install-to-accept demo)	2026-09-15T11:30:03.2402720Z ok 10 - textual authoring-evidence acceptance use produces a lint warning
make check (macos-latest)	make check (includes isolated install-to-accept demo)	2026-09-15T11:30:05.8478130Z ok 11 - explicit workspace supports a nested custom backlog
make check (macos-latest)	make check (includes isolated install-to-accept demo)	2026-09-15T11:30:09.6642180Z ok 12 - receipt replay across attempts fails
make check (macos-latest)	make check (includes isolated install-to-accept demo)	2026-09-15T11:30:10.4047840Z ok 13 - global JSON returns typed receipt replay failure
make check (macos-latest)	make check (includes isolated install-to-accept demo)	2026-09-15T11:30:11.0153540Z ok 14 - pre-authorization receipt timestamp fails
make check (macos-latest)	make check (includes isolated install-to-accept demo)	2026-09-15T11:30:11.5315920Z ok 15 - receipt wrong task_id fails
make check (macos-latest)	make check (includes isolated install-to-accept demo)	2026-09-15T11:30:12.1396190Z ok 16 - receipt wrong task_revision_digest fails
make check (macos-latest)	make check (includes isolated install-to-accept demo)	2026-09-15T11:30:12.8516480Z ok 17 - receipt wrong base_commit fails
make check (macos-latest)	make check (includes isolated install-to-accept demo)	2026-09-15T11:30:13.4537410Z ok 18 - legacy structural receipt cannot silently produce Tier 1
make check (macos-latest)	make check (includes isolated install-to-accept demo)	2026-09-15T11:30:14.0735520Z ok 19 - required receipt rejects structural authorization fallback
make check (macos-latest)	make check (includes isolated install-to-accept demo)	2026-09-15T11:30:14.7146320Z ok 20 - matching v2 receipt accepts Tier 1
make check (macos-latest)	make check (includes isolated install-to-accept demo)	2026-09-15T11:30:18.0165300Z ok 21 - committed out-of-scope change is rejected
make check (macos-latest)	make check (includes isolated install-to-accept demo)	2026-09-15T11:30:20.6703640Z ok 22 - symlink-escaped creation scope is rejected
make check (macos-latest)	make check (includes isolated install-to-accept demo)	2026-09-15T11:30:23.8424990Z ok 23 - absolute handoff scope fails closed
make check (macos-latest)	make check (includes isolated install-to-accept demo)	2026-09-15T11:30:24.6483150Z ok 24 - traversal handoff scope fails closed
make check (macos-latest)	make check (includes isolated install-to-accept demo)	2026-09-15T11:30:25.2702350Z ok 25 - handoff budget expansion fails closed
make check (macos-latest)	make check (includes isolated install-to-accept demo)	2026-09-15T11:30:25.8843960Z ok 26 - non-UUID attempt cannot escape acceptance storage
make check (macos-latest)	make check (includes isolated install-to-accept demo)	2026-09-15T11:30:28.0229410Z ok 27 - handoff rejects conflict with an in-progress task
make check (macos-latest)	make check (includes isolated install-to-accept demo)	2026-09-15T11:30:29.3576220Z ok 28 - acceptance rechecks active write conflicts
make check (macos-latest)	make check (includes isolated install-to-accept demo)	2026-09-15T11:30:29.6165060Z ok 29 - interrupted status mutation leaves the old complete frontmatter
make check (macos-latest)	make check (includes isolated install-to-accept demo)	2026-09-15T11:30:29.6267840Z ok 30 - interrupted status mutation leaves no partial state or temporary
make check (macos-latest)	make check (includes isolated install-to-accept demo)	2026-09-15T11:30:32.2570920Z ok 31 - base commit divergence requires a new handoff
make check (macos-latest)	make check (includes isolated install-to-accept demo)	2026-09-15T11:30:35.0746470Z ok 32 - dependency-closure drift fails closed
make check (macos-latest)	make check (includes isolated install-to-accept demo)	2026-09-15T11:30:37.7922330Z ok 33 - injected finalize crash leaves old complete task state
make check (macos-latest)	make check (includes isolated install-to-accept demo)	2026-09-15T11:30:37.8011470Z ok 34 - crash did not partially stamp accepted state
make check (macos-latest)	make check (includes isolated install-to-accept demo)	2026-09-15T11:30:37.9023430Z ok 35 - doctor reports the orphan record left by interrupted acceptance
make check (macos-latest)	make check (includes isolated install-to-accept demo)	2026-09-15T11:30:38.4838470Z ok 36 - same attempt recovers despite metrics projection failure
make check (macos-latest)	make check (includes isolated install-to-accept demo)	2026-09-15T11:30:38.5797090Z ok 37 - doctor reports the missing accepted metrics projection
make check (macos-latest)	make check (includes isolated install-to-accept demo)	2026-09-15T11:30:39.1611760Z ok 38 - same attempt cannot change its acceptor
make check (macos-latest)	make check (includes isolated install-to-accept demo)	2026-09-15T11:30:39.2360890Z ok 39 - conflicting retry leaves record and task envelope consistent
make check (macos-latest)	make check (includes isolated install-to-accept demo)	2026-09-15T11:30:39.8463680Z ok 40 - same accepted attempt can be retried without duplicate metrics
make check (macos-latest)	make check (includes isolated install-to-accept demo)	2026-09-15T11:30:39.9903410Z ok 41 - TaskStatus names rebuild-state as the one safe projection recovery
make check (macos-latest)	make check (includes isolated install-to-accept demo)	2026-09-15T11:30:40.2763130Z ok 42 - rebuilding projection advances the one safe next command
make check (macos-latest)	make check (includes isolated install-to-accept demo)	2026-09-15T11:30:40.4149750Z ok 43 - global JSON preserves the same typed TaskStatus
make check (macos-latest)	make check (includes isolated install-to-accept demo)	2026-09-15T11:30:40.6409190Z ok 44 - transition to done verifies the record subject and envelope
make check (macos-latest)	make check (includes isolated install-to-accept demo)	2026-09-15T11:30:40.7750040Z ok 45 - status exposes semantic acceptance-record mismatch
make check (macos-latest)	make check (includes isolated install-to-accept demo)	2026-09-15T11:30:40.8719660Z ok 46 - backlog doctor fails on semantic acceptance-record mismatch
make check (macos-latest)	make check (includes isolated install-to-accept demo)	2026-09-15T11:30:40.8720790Z PASS: Task-Spec hardening adversarial suite (46 checks)
make check (macos-latest)	make check (includes isolated install-to-accept demo)	2026-09-15T11:30:43.1925380Z CLI_REFERENCE=OK
make check (macos-latest)	make check (includes isolated install-to-accept demo)	2026-09-15T11:30:43.2576750Z QUALITY_SCORE=97 SCORECARD=VALID
make check (macos-latest)	make check (includes isolated install-to-accept demo)	2026-09-15T11:30:43.3073170Z RELEASE_STATUS=OK
make check (macos-latest)	make check (includes isolated install-to-accept demo)	2026-09-15T11:30:43.4451800Z V381_EXPERIENCE=READY
make check (macos-latest)	make check (includes isolated install-to-accept demo)	2026-09-15T11:30:45.6103660Z ok 1 - nested handoff binds the Git workspace
make check (macos-latest)	make check (includes isolated install-to-accept demo)	2026-09-15T11:30:46.2349630Z ok 2 - nested acceptance uses the configured contained store
make check (macos-latest)	make check (includes isolated install-to-accept demo)	2026-09-15T11:30:46.2399540Z ok 3 - nested acceptance record is separate from Converge receipts
make check (macos-latest)	make check (includes isolated install-to-accept demo)	2026-09-15T11:30:48.7516120Z ok 4 - nested backlog infers repository root
make check (macos-latest)	make check (includes isolated install-to-accept demo)	2026-09-15T11:30:48.8463770Z ok 5 - conflicting explicit workspace is rejected
make check (macos-latest)	make check (includes isolated install-to-accept demo)	2026-09-15T11:30:51.5148990Z ok 6 - acceptance traversal is rejected
make check (macos-latest)	make check (includes isolated install-to-accept demo)	2026-09-15T11:30:52.8528690Z ok 7 - acceptance symlink escape is rejected
make check (macos-latest)	make check (includes isolated install-to-accept demo)	2026-09-15T11:30:53.4482750Z ok 8 - CLI acceptance directory overrides an unsafe environment value
make check (macos-latest)	make check (includes isolated install-to-accept demo)	2026-09-15T11:30:53.4539200Z ok 9 - unsafe environment store was never written
make check (macos-latest)	make check (includes isolated install-to-accept demo)	2026-09-15T11:30:54.7448540Z ok 10 - worktree gate resolves the common-directory key
make check (macos-latest)	make check (includes isolated install-to-accept demo)	2026-09-15T11:30:54.7449700Z PASS: Task-Spec 3.8.1 nested workspace suite (10 checks)
make check (macos-latest)	make check (includes isolated install-to-accept demo)	2026-09-15T11:30:54.7704300Z bash spec/conformance/run_conformance.sh
make check (macos-latest)	make check (includes isolated install-to-accept demo)	2026-09-15T11:30:54.7850770Z == self-test floor: validating 8 conformance fixtures ==
make check (macos-latest)	make check (includes isolated install-to-accept demo)	2026-09-15T11:31:02.8287930Z    self-test floor: all 8 fixtures valid
make check (macos-latest)	make check (includes isolated install-to-accept demo)	2026-09-15T11:31:02.8289940Z 
make check (macos-latest)	make check (includes isolated install-to-accept demo)	2026-09-15T11:31:02.8291560Z == running conformance (adapter: /Users/runner/work/task-spec/task-spec/spec/conformance/adapters/self.sh) ==
make check (macos-latest)	make check (includes isolated install-to-accept demo)	2026-09-15T11:31:02.8966790Z PASS   C1        T-conformance-001-status-lock
make check (macos-latest)	make check (includes isolated install-to-accept demo)	2026-09-15T11:31:02.9935300Z PASS   C12       T-conformance-002-emit-enum
make check (macos-latest)	make check (includes isolated install-to-accept demo)	2026-09-15T11:31:03.0641360Z PASS   C6        T-conformance-003-no-signed-off-mod
make check (macos-latest)	make check (includes isolated install-to-accept demo)	2026-09-15T11:31:03.1352500Z PASS   C8        T-conformance-004-execution-backend
make check (macos-latest)	make check (includes isolated install-to-accept demo)	2026-09-15T11:31:03.2135190Z PASS   C13,C16   T-conformance-005-budget-stop
make check (macos-latest)	make check (includes isolated install-to-accept demo)	2026-09-15T11:31:03.2794310Z PASS   C5        T-conformance-006-do-not-touch
make check (macos-latest)	make check (includes isolated install-to-accept demo)	2026-09-15T11:31:03.3257850Z PASS   C17       T-conformance-007-node-refusal
make check (macos-latest)	make check (includes isolated install-to-accept demo)	2026-09-15T11:31:03.3795820Z PASS   C18       T-conformance-008-v4-policy
make check (macos-latest)	make check (includes isolated install-to-accept demo)	2026-09-15T11:31:03.3905910Z 
make check (macos-latest)	make check (includes isolated install-to-accept demo)	2026-09-15T11:31:03.3907290Z == results written to /Users/runner/work/task-spec/task-spec/spec/conformance/results.json ==
make check (macos-latest)	make check (includes isolated install-to-accept demo)	2026-09-15T11:31:03.3908200Z == non-waived failures: 0 ==
make check (macos-latest)	make check (includes isolated install-to-accept demo)	2026-09-15T11:31:03.3908670Z bash bin/taskspec conformance --self-test
make check (macos-latest)	make check (includes isolated install-to-accept demo)	2026-09-15T11:31:03.4463370Z Conformance check — level L2 — executor: bash /Users/runner/work/task-spec/task-spec/src/dispatch/ref-executor.sh
make check (macos-latest)	make check (includes isolated install-to-accept demo)	2026-09-15T11:31:03.4465360Z ────────────────────────────────────────────────────────
make check (macos-latest)	make check (includes isolated install-to-accept demo)	2026-09-15T11:31:04.6227270Z L0. Executor drives a solvable spec to a passing Exit Check ...
make check (macos-latest)	make check (includes isolated install-to-accept demo)	2026-09-15T11:31:07.0318430Z    PASS — Exit Check passes after execution (L0: reads format, runs evals)
make check (macos-latest)	make check (includes isolated install-to-accept demo)	2026-09-15T11:31:07.0319260Z L1. Executor honors the status lifecycle (→ done on success) ...
make check (macos-latest)	make check (includes isolated install-to-accept demo)	2026-09-15T11:31:07.0442070Z    PASS — status transitioned to 'done' (A2A: completed)
make check (macos-latest)	make check (includes isolated install-to-accept demo)	2026-09-15T11:31:08.0993010Z L2. Executor parks an unsolvable spec within budget (no infinite loop) ...
make check (macos-latest)	make check (includes isolated install-to-accept demo)	2026-09-15T11:31:10.0402640Z    PASS — unsolvable spec parked by the no-progress circuit breaker within the signed retry budget
make check (macos-latest)	make check (includes isolated install-to-accept demo)	2026-09-15T11:31:10.0404220Z ────────────────────────────────────────────────────────
make check (macos-latest)	make check (includes isolated install-to-accept demo)	2026-09-15T11:31:10.0404720Z CONFORMANT at L2 — this executor honors the Task-Spec contract.
make check (macos-latest)	make check (includes isolated install-to-accept demo)	2026-09-15T11:31:10.0406590Z CONFORMANCE=L2
make check (macos-latest)	make check (includes isolated install-to-accept demo)	2026-09-15T11:31:10.0532960Z CHECK=READY
make check (macos-latest)	Post Install pinned Go toolchain for optional TaskMesh	﻿2026-09-15T11:31:10.0711560Z Post job cleanup.
make check (macos-latest)	Post Install pinned Go toolchain for optional TaskMesh	2026-09-15T11:31:10.5069320Z [command]/Users/runner/hostedtoolcache/go/1.25.0/arm64/bin/go env GOMODCACHE
make check (macos-latest)	Post Install pinned Go toolchain for optional TaskMesh	2026-09-15T11:31:10.5103950Z [command]/Users/runner/hostedtoolcache/go/1.25.0/arm64/bin/go env GOCACHE
make check (macos-latest)	Post Install pinned Go toolchain for optional TaskMesh	2026-09-15T11:31:10.5226230Z /Users/runner/Library/Caches/go-build
make check (macos-latest)	Post Install pinned Go toolchain for optional TaskMesh	2026-09-15T11:31:10.5230720Z /Users/runner/go/pkg/mod
make check (macos-latest)	Post Install pinned Go toolchain for optional TaskMesh	2026-09-15T11:31:10.5242450Z Cache hit occurred on the primary key setup-go-macOS-arm64-go-1.25.0-177c9a629613f64b62ff3bce8b5249e61de06089c1d63967a2ef301279610df5, not saving cache.
make check (macos-latest)	Post Checkout	﻿2026-09-15T11:31:10.5394440Z Post job cleanup.
make check (macos-latest)	Post Checkout	2026-09-15T11:31:10.7294910Z [command]/opt/homebrew/bin/git version
make check (macos-latest)	Post Checkout	2026-09-15T11:31:10.7378380Z git version 2.55.0
make check (macos-latest)	Post Checkout	2026-09-15T11:31:10.7407590Z Copying '/Users/runner/.gitconfig' to '/Users/runner/work/_temp/af5058e7-3e72-4eb7-89fc-857566f58bfc/.gitconfig'
make check (macos-latest)	Post Checkout	2026-09-15T11:31:10.7418480Z Temporarily overriding HOME='/Users/runner/work/_temp/af5058e7-3e72-4eb7-89fc-857566f58bfc' before making global git config changes
make check (macos-latest)	Post Checkout	2026-09-15T11:31:10.7420490Z Adding repository directory to the temporary git global config as a safe directory
make check (macos-latest)	Post Checkout	2026-09-15T11:31:10.7422140Z [command]/opt/homebrew/bin/git config --global --add safe.directory /Users/runner/work/task-spec/task-spec
make check (macos-latest)	Post Checkout	2026-09-15T11:31:10.7497960Z Removing SSH command configuration
make check (macos-latest)	Post Checkout	2026-09-15T11:31:10.7506860Z [command]/opt/homebrew/bin/git config --local --name-only --get-regexp core\.sshCommand
make check (macos-latest)	Post Checkout	2026-09-15T11:31:10.7589870Z [command]/opt/homebrew/bin/git submodule foreach --recursive sh -c "git config --local --name-only --get-regexp 'core\.sshCommand' && git config --local --unset-all 'core.sshCommand' || :"
make check (macos-latest)	Post Checkout	2026-09-15T11:31:10.8947450Z Removing HTTP extra header
make check (macos-latest)	Post Checkout	2026-09-15T11:31:10.8962860Z [command]/opt/homebrew/bin/git config --local --name-only --get-regexp http\.https\:\/\/github\.com\/\.extraheader
make check (macos-latest)	Post Checkout	2026-09-15T11:31:10.9126290Z [command]/opt/homebrew/bin/git submodule foreach --recursive sh -c "git config --local --name-only --get-regexp 'http\.https\:\/\/github\.com\/\.extraheader' && git config --local --unset-all 'http.https://github.com/.extraheader' || :"
make check (macos-latest)	Post Checkout	2026-09-15T11:31:11.0061860Z Removing includeIf entries pointing to credentials config files
make check (macos-latest)	Post Checkout	2026-09-15T11:31:11.0067360Z [command]/opt/homebrew/bin/git config --local --name-only --get-regexp ^includeIf\.gitdir:
make check (macos-latest)	Post Checkout	2026-09-15T11:31:11.0143190Z [command]/opt/homebrew/bin/git submodule foreach --recursive git config --local --show-origin --name-only --get-regexp remote.origin.url
make check (macos-latest)	Complete job	﻿2026-09-15T11:31:11.1295690Z Cleaning up orphan processes
make check (macos-latest)	Complete job	2026-09-15T11:31:11.3144780Z Terminate orphan process: pid (26624) (sleep)
