make check (macos-latest)	Set up job	﻿2026-09-14T22:58:30.3383530Z Current runner version: '2.337.0'
make check (macos-latest)	Set up job	2026-09-14T22:58:30.3438150Z ##[group]Runner Image Provisioner
make check (macos-latest)	Set up job	2026-09-14T22:58:30.3438980Z Hosted Compute Agent
make check (macos-latest)	Set up job	2026-09-14T22:58:30.3439350Z Version: 20260828.587
make check (macos-latest)	Set up job	2026-09-14T22:58:30.3439760Z Commit: abac92662cab4cc7352de4f9f9d2e2419aad9c29
make check (macos-latest)	Set up job	2026-09-14T22:58:30.3440270Z Build Date: 2026-08-28T16:44:25Z
make check (macos-latest)	Set up job	2026-09-14T22:58:30.3440790Z Worker ID: {c5eed6ed-ef47-4a8f-8fb8-67e9d38b7abd}
make check (macos-latest)	Set up job	2026-09-14T22:58:30.3441340Z Azure Region: westus
make check (macos-latest)	Set up job	2026-09-14T22:58:30.3441730Z ##[endgroup]
make check (macos-latest)	Set up job	2026-09-14T22:58:30.3443910Z ##[group]Operating System
make check (macos-latest)	Set up job	2026-09-14T22:58:30.3444360Z macOS
make check (macos-latest)	Set up job	2026-09-14T22:58:30.3444700Z 26.6.2
make check (macos-latest)	Set up job	2026-09-14T22:58:30.3445050Z 25G83
make check (macos-latest)	Set up job	2026-09-14T22:58:30.3445420Z ##[endgroup]
make check (macos-latest)	Set up job	2026-09-14T22:58:30.3445780Z ##[group]Runner Image
make check (macos-latest)	Set up job	2026-09-14T22:58:30.3446200Z Image: macos-26-arm64
make check (macos-latest)	Set up job	2026-09-14T22:58:30.3446650Z Version: 20260907.0351.1
make check (macos-latest)	Set up job	2026-09-14T22:58:30.3447480Z Included Software: https://github.com/actions/runner-images/blob/macos-26-arm64/20260907.0351/images/macos/macos-26-arm64-Readme.md
make check (macos-latest)	Set up job	2026-09-14T22:58:30.3448750Z Image Release: https://github.com/actions/runner-images/releases/tag/macos-26-arm64%2F20260907.0351
make check (macos-latest)	Set up job	2026-09-14T22:58:30.3449440Z ##[endgroup]
make check (macos-latest)	Set up job	2026-09-14T22:58:30.3450230Z ##[group]GITHUB_TOKEN Permissions
make check (macos-latest)	Set up job	2026-09-14T22:58:30.3455790Z Contents: read
make check (macos-latest)	Set up job	2026-09-14T22:58:30.3456870Z Metadata: read
make check (macos-latest)	Set up job	2026-09-14T22:58:30.3457820Z ##[endgroup]
make check (macos-latest)	Set up job	2026-09-14T22:58:30.3462450Z Secret source: Actions
make check (macos-latest)	Set up job	2026-09-14T22:58:30.3464110Z Cache mode: write
make check (macos-latest)	Set up job	2026-09-14T22:58:30.3465260Z Prepare workflow directory
make check (macos-latest)	Set up job	2026-09-14T22:58:30.3743600Z Prepare all required actions
make check (macos-latest)	Set up job	2026-09-14T22:58:30.3801130Z Getting action download info
make check (macos-latest)	Set up job	2026-09-14T22:58:30.7028500Z Download action repository 'actions/checkout@3d3c42e5aac5ba805825da76410c181273ba90b1' (SHA:3d3c42e5aac5ba805825da76410c181273ba90b1)
make check (macos-latest)	Set up job	2026-09-14T22:58:31.0443480Z Download action repository 'actions/setup-go@b7ad1dad31e06c5925ef5d2fc7ad053ef454303e' (SHA:b7ad1dad31e06c5925ef5d2fc7ad053ef454303e)
make check (macos-latest)	Set up job	2026-09-14T22:58:31.8777710Z Complete job name: make check (macos-latest)
make check (macos-latest)	Checkout	﻿2026-09-14T22:58:31.9339450Z ##[group]Run actions/checkout@3d3c42e5aac5ba805825da76410c181273ba90b1
make check (macos-latest)	Checkout	2026-09-14T22:58:31.9340730Z with:
make check (macos-latest)	Checkout	2026-09-14T22:58:31.9341200Z   persist-credentials: false
make check (macos-latest)	Checkout	2026-09-14T22:58:31.9341720Z   repository: luanmorenommaciel/task-spec
make check (macos-latest)	Checkout	2026-09-14T22:58:31.9345520Z   token: ***
make check (macos-latest)	Checkout	2026-09-14T22:58:31.9345930Z   ssh-strict: true
make check (macos-latest)	Checkout	2026-09-14T22:58:31.9346350Z   ssh-user: git
make check (macos-latest)	Checkout	2026-09-14T22:58:31.9346780Z   clean: true
make check (macos-latest)	Checkout	2026-09-14T22:58:31.9347190Z   sparse-checkout-cone-mode: true
make check (macos-latest)	Checkout	2026-09-14T22:58:31.9347660Z   fetch-depth: 1
make check (macos-latest)	Checkout	2026-09-14T22:58:31.9348070Z   fetch-tags: false
make check (macos-latest)	Checkout	2026-09-14T22:58:31.9348470Z   show-progress: true
make check (macos-latest)	Checkout	2026-09-14T22:58:31.9348850Z   lfs: false
make check (macos-latest)	Checkout	2026-09-14T22:58:31.9349290Z   submodules: false
make check (macos-latest)	Checkout	2026-09-14T22:58:31.9349690Z   set-safe-directory: true
make check (macos-latest)	Checkout	2026-09-14T22:58:31.9350200Z   allow-unsafe-pr-checkout: false
make check (macos-latest)	Checkout	2026-09-14T22:58:31.9351000Z ##[endgroup]
make check (macos-latest)	Checkout	2026-09-14T22:58:32.3025690Z Syncing repository: luanmorenommaciel/task-spec
make check (macos-latest)	Checkout	2026-09-14T22:58:32.3027820Z ##[group]Getting Git version info
make check (macos-latest)	Checkout	2026-09-14T22:58:32.3028640Z Working directory is '/Users/runner/work/task-spec/task-spec'
make check (macos-latest)	Checkout	2026-09-14T22:58:32.3029670Z [command]/opt/homebrew/bin/git version
make check (macos-latest)	Checkout	2026-09-14T22:58:32.3802390Z git version 2.55.0
make check (macos-latest)	Checkout	2026-09-14T22:58:32.3807430Z ##[endgroup]
make check (macos-latest)	Checkout	2026-09-14T22:58:32.3812470Z Copying '/Users/runner/.gitconfig' to '/Users/runner/work/_temp/de9e8ab0-0afa-4123-bbe7-7a2e0f94f462/.gitconfig'
make check (macos-latest)	Checkout	2026-09-14T22:58:32.3814010Z Temporarily overriding HOME='/Users/runner/work/_temp/de9e8ab0-0afa-4123-bbe7-7a2e0f94f462' before making global git config changes
make check (macos-latest)	Checkout	2026-09-14T22:58:32.3815570Z Adding repository directory to the temporary git global config as a safe directory
make check (macos-latest)	Checkout	2026-09-14T22:58:32.3817300Z [command]/opt/homebrew/bin/git config --global --add safe.directory /Users/runner/work/task-spec/task-spec
make check (macos-latest)	Checkout	2026-09-14T22:58:32.3845290Z Deleting the contents of '/Users/runner/work/task-spec/task-spec'
make check (macos-latest)	Checkout	2026-09-14T22:58:32.3847160Z ##[group]Determining repository object format
make check (macos-latest)	Checkout	2026-09-14T22:58:32.3849030Z ##[endgroup]
make check (macos-latest)	Checkout	2026-09-14T22:58:32.3850720Z ##[group]Initializing the repository
make check (macos-latest)	Checkout	2026-09-14T22:58:32.3851770Z [command]/opt/homebrew/bin/git init /Users/runner/work/task-spec/task-spec
make check (macos-latest)	Checkout	2026-09-14T22:58:32.4142010Z hint: Using 'master' as the name for the initial branch. This default branch name
make check (macos-latest)	Checkout	2026-09-14T22:58:32.4144640Z hint: will change to "main" in Git 3.0. To configure the initial branch name
make check (macos-latest)	Checkout	2026-09-14T22:58:32.4145800Z hint: to use in all of your new repositories, which will suppress this warning,
make check (macos-latest)	Checkout	2026-09-14T22:58:32.4146630Z hint: call:
make check (macos-latest)	Checkout	2026-09-14T22:58:32.4147090Z hint:
make check (macos-latest)	Checkout	2026-09-14T22:58:32.4147630Z hint: 	git config --global init.defaultBranch <name>
make check (macos-latest)	Checkout	2026-09-14T22:58:32.4148240Z hint:
make check (macos-latest)	Checkout	2026-09-14T22:58:32.4148820Z hint: Names commonly chosen instead of 'master' are 'main', 'trunk' and
make check (macos-latest)	Checkout	2026-09-14T22:58:32.4149780Z hint: 'development'. The just-created branch can be renamed via this command:
make check (macos-latest)	Checkout	2026-09-14T22:58:32.4150510Z hint:
make check (macos-latest)	Checkout	2026-09-14T22:58:32.4151040Z hint: 	git branch -m <name>
make check (macos-latest)	Checkout	2026-09-14T22:58:32.4151630Z hint:
make check (macos-latest)	Checkout	2026-09-14T22:58:32.4152260Z hint: Disable this message with "git config set advice.defaultBranchName false"
make check (macos-latest)	Checkout	2026-09-14T22:58:32.4153410Z Initialized empty Git repository in /Users/runner/work/task-spec/task-spec/.git/
make check (macos-latest)	Checkout	2026-09-14T22:58:32.4155460Z [command]/opt/homebrew/bin/git remote add origin https://github.com/luanmorenommaciel/task-spec
make check (macos-latest)	Checkout	2026-09-14T22:58:32.4222620Z ##[endgroup]
make check (macos-latest)	Checkout	2026-09-14T22:58:32.4223490Z ##[group]Disabling automatic garbage collection
make check (macos-latest)	Checkout	2026-09-14T22:58:32.4226320Z [command]/opt/homebrew/bin/git config --local gc.auto 0
make check (macos-latest)	Checkout	2026-09-14T22:58:32.4307920Z ##[endgroup]
make check (macos-latest)	Checkout	2026-09-14T22:58:32.4309920Z ##[group]Setting up auth
make check (macos-latest)	Checkout	2026-09-14T22:58:32.4311310Z Removing SSH command configuration
make check (macos-latest)	Checkout	2026-09-14T22:58:32.4313410Z [command]/opt/homebrew/bin/git config --local --name-only --get-regexp core\.sshCommand
make check (macos-latest)	Checkout	2026-09-14T22:58:32.4385320Z [command]/opt/homebrew/bin/git submodule foreach --recursive sh -c "git config --local --name-only --get-regexp 'core\.sshCommand' && git config --local --unset-all 'core.sshCommand' || :"
make check (macos-latest)	Checkout	2026-09-14T22:58:32.5403330Z Removing HTTP extra header
make check (macos-latest)	Checkout	2026-09-14T22:58:32.5406780Z [command]/opt/homebrew/bin/git config --local --name-only --get-regexp http\.https\:\/\/github\.com\/\.extraheader
make check (macos-latest)	Checkout	2026-09-14T22:58:32.5474300Z [command]/opt/homebrew/bin/git submodule foreach --recursive sh -c "git config --local --name-only --get-regexp 'http\.https\:\/\/github\.com\/\.extraheader' && git config --local --unset-all 'http.https://github.com/.extraheader' || :"
make check (macos-latest)	Checkout	2026-09-14T22:58:32.6267950Z Removing includeIf entries pointing to credentials config files
make check (macos-latest)	Checkout	2026-09-14T22:58:32.6270800Z [command]/opt/homebrew/bin/git config --local --name-only --get-regexp ^includeIf\.gitdir:
make check (macos-latest)	Checkout	2026-09-14T22:58:32.6331700Z [command]/opt/homebrew/bin/git submodule foreach --recursive git config --local --show-origin --name-only --get-regexp remote.origin.url
make check (macos-latest)	Checkout	2026-09-14T22:58:32.7684700Z [command]/opt/homebrew/bin/git config --file /Users/runner/work/_temp/git-credentials-3297fcd7-b625-4fe9-b493-33bc781ab8b9.config http.https://github.com/.extraheader AUTHORIZATION: basic ***
make check (macos-latest)	Checkout	2026-09-14T22:58:32.7687230Z [command]/opt/homebrew/bin/git config --local includeIf.gitdir:/Users/runner/work/task-spec/task-spec/.git.path /Users/runner/work/_temp/git-credentials-3297fcd7-b625-4fe9-b493-33bc781ab8b9.config
make check (macos-latest)	Checkout	2026-09-14T22:58:32.7689650Z [command]/opt/homebrew/bin/git config --local includeIf.gitdir:/Users/runner/work/task-spec/task-spec/.git/worktrees/*.path /Users/runner/work/_temp/git-credentials-3297fcd7-b625-4fe9-b493-33bc781ab8b9.config
make check (macos-latest)	Checkout	2026-09-14T22:58:32.7724560Z [command]/opt/homebrew/bin/git config --local includeIf.gitdir:/github/workspace/.git.path /github/runner_temp/git-credentials-3297fcd7-b625-4fe9-b493-33bc781ab8b9.config
make check (macos-latest)	Checkout	2026-09-14T22:58:32.7787330Z [command]/opt/homebrew/bin/git config --local includeIf.gitdir:/github/workspace/.git/worktrees/*.path /github/runner_temp/git-credentials-3297fcd7-b625-4fe9-b493-33bc781ab8b9.config
make check (macos-latest)	Checkout	2026-09-14T22:58:32.7844910Z ##[endgroup]
make check (macos-latest)	Checkout	2026-09-14T22:58:32.7846130Z ##[group]Fetching the repository
make check (macos-latest)	Checkout	2026-09-14T22:58:32.7849510Z [command]/opt/homebrew/bin/git -c protocol.version=2 fetch --no-tags --prune --no-recurse-submodules --depth=1 origin +30a0d1ce3965312b43938fdb145eb29fc66cffc2:refs/remotes/origin/main
make check (macos-latest)	Checkout	2026-09-14T22:58:34.9496730Z From https://github.com/luanmorenommaciel/task-spec
make check (macos-latest)	Checkout	2026-09-14T22:58:34.9503400Z  * [new ref]         30a0d1ce3965312b43938fdb145eb29fc66cffc2 -> origin/main
make check (macos-latest)	Checkout	2026-09-14T22:58:34.9514510Z [command]/opt/homebrew/bin/git branch --list --remote origin/main
make check (macos-latest)	Checkout	2026-09-14T22:58:34.9613720Z   origin/main
make check (macos-latest)	Checkout	2026-09-14T22:58:34.9621620Z [command]/opt/homebrew/bin/git rev-parse refs/remotes/origin/main
make check (macos-latest)	Checkout	2026-09-14T22:58:34.9689590Z 30a0d1ce3965312b43938fdb145eb29fc66cffc2
make check (macos-latest)	Checkout	2026-09-14T22:58:34.9691780Z ##[endgroup]
make check (macos-latest)	Checkout	2026-09-14T22:58:34.9692310Z ##[group]Determining the checkout info
make check (macos-latest)	Checkout	2026-09-14T22:58:34.9692780Z ##[endgroup]
make check (macos-latest)	Checkout	2026-09-14T22:58:34.9697610Z [command]/opt/homebrew/bin/git sparse-checkout disable
make check (macos-latest)	Checkout	2026-09-14T22:58:34.9784040Z [command]/opt/homebrew/bin/git config --local --unset-all extensions.worktreeConfig
make check (macos-latest)	Checkout	2026-09-14T22:58:34.9856910Z ##[group]Checking out the ref
make check (macos-latest)	Checkout	2026-09-14T22:58:34.9860170Z [command]/opt/homebrew/bin/git checkout --progress --force -B main refs/remotes/origin/main
make check (macos-latest)	Checkout	2026-09-14T22:58:35.5799090Z Switched to a new branch 'main'
make check (macos-latest)	Checkout	2026-09-14T22:58:35.5845720Z branch 'main' set up to track 'origin/main'.
make check (macos-latest)	Checkout	2026-09-14T22:58:35.6154370Z ##[endgroup]
make check (macos-latest)	Checkout	2026-09-14T22:58:35.6373260Z [command]/opt/homebrew/bin/git log -1 --format=%H
make check (macos-latest)	Checkout	2026-09-14T22:58:35.6412230Z 30a0d1ce3965312b43938fdb145eb29fc66cffc2
make check (macos-latest)	Checkout	2026-09-14T22:58:35.6446570Z ##[group]Removing auth
make check (macos-latest)	Checkout	2026-09-14T22:58:35.6454250Z Removing SSH command configuration
make check (macos-latest)	Checkout	2026-09-14T22:58:35.6463600Z [command]/opt/homebrew/bin/git config --local --name-only --get-regexp core\.sshCommand
make check (macos-latest)	Checkout	2026-09-14T22:58:35.6523430Z [command]/opt/homebrew/bin/git submodule foreach --recursive sh -c "git config --local --name-only --get-regexp 'core\.sshCommand' && git config --local --unset-all 'core.sshCommand' || :"
make check (macos-latest)	Checkout	2026-09-14T22:58:35.7717320Z Removing HTTP extra header
make check (macos-latest)	Checkout	2026-09-14T22:58:35.7819150Z [command]/opt/homebrew/bin/git config --local --name-only --get-regexp http\.https\:\/\/github\.com\/\.extraheader
make check (macos-latest)	Checkout	2026-09-14T22:58:35.8122980Z [command]/opt/homebrew/bin/git submodule foreach --recursive sh -c "git config --local --name-only --get-regexp 'http\.https\:\/\/github\.com\/\.extraheader' && git config --local --unset-all 'http.https://github.com/.extraheader' || :"
make check (macos-latest)	Checkout	2026-09-14T22:58:35.9476210Z Removing includeIf entries pointing to credentials config files
make check (macos-latest)	Checkout	2026-09-14T22:58:35.9578200Z [command]/opt/homebrew/bin/git config --local --name-only --get-regexp ^includeIf\.gitdir:
make check (macos-latest)	Checkout	2026-09-14T22:58:35.9741840Z includeif.gitdir:/Users/runner/work/task-spec/task-spec/.git.path
make check (macos-latest)	Checkout	2026-09-14T22:58:35.9743880Z includeif.gitdir:/Users/runner/work/task-spec/task-spec/.git/worktrees/*.path
make check (macos-latest)	Checkout	2026-09-14T22:58:35.9849620Z includeif.gitdir:/github/workspace/.git.path
make check (macos-latest)	Checkout	2026-09-14T22:58:35.9950780Z includeif.gitdir:/github/workspace/.git/worktrees/*.path
make check (macos-latest)	Checkout	2026-09-14T22:58:36.0090150Z [command]/opt/homebrew/bin/git config --local --get-all includeif.gitdir:/Users/runner/work/task-spec/task-spec/.git.path
make check (macos-latest)	Checkout	2026-09-14T22:58:36.0118820Z /Users/runner/work/_temp/git-credentials-3297fcd7-b625-4fe9-b493-33bc781ab8b9.config
make check (macos-latest)	Checkout	2026-09-14T22:58:36.0128940Z [command]/opt/homebrew/bin/git config --local --unset includeif.gitdir:/Users/runner/work/task-spec/task-spec/.git.path \/Users\/runner\/work\/_temp\/git\-credentials\-3297fcd7\-b625\-4fe9\-b493\-33bc781ab8b9\.config
make check (macos-latest)	Checkout	2026-09-14T22:58:36.0155770Z [command]/opt/homebrew/bin/git config --local --get-all includeif.gitdir:/Users/runner/work/task-spec/task-spec/.git/worktrees/*.path
make check (macos-latest)	Checkout	2026-09-14T22:58:36.0162730Z /Users/runner/work/_temp/git-credentials-3297fcd7-b625-4fe9-b493-33bc781ab8b9.config
make check (macos-latest)	Checkout	2026-09-14T22:58:36.0191350Z [command]/opt/homebrew/bin/git config --local --unset includeif.gitdir:/Users/runner/work/task-spec/task-spec/.git/worktrees/*.path \/Users\/runner\/work\/_temp\/git\-credentials\-3297fcd7\-b625\-4fe9\-b493\-33bc781ab8b9\.config
make check (macos-latest)	Checkout	2026-09-14T22:58:36.0313510Z [command]/opt/homebrew/bin/git config --local --get-all includeif.gitdir:/github/workspace/.git.path
make check (macos-latest)	Checkout	2026-09-14T22:58:36.0369520Z /github/runner_temp/git-credentials-3297fcd7-b625-4fe9-b493-33bc781ab8b9.config
make check (macos-latest)	Checkout	2026-09-14T22:58:36.0641580Z [command]/opt/homebrew/bin/git config --local --unset includeif.gitdir:/github/workspace/.git.path \/github\/runner_temp\/git\-credentials\-3297fcd7\-b625\-4fe9\-b493\-33bc781ab8b9\.config
make check (macos-latest)	Checkout	2026-09-14T22:58:36.0650850Z [command]/opt/homebrew/bin/git config --local --get-all includeif.gitdir:/github/workspace/.git/worktrees/*.path
make check (macos-latest)	Checkout	2026-09-14T22:58:36.0651640Z /github/runner_temp/git-credentials-3297fcd7-b625-4fe9-b493-33bc781ab8b9.config
make check (macos-latest)	Checkout	2026-09-14T22:58:36.0653480Z [command]/opt/homebrew/bin/git config --local --unset includeif.gitdir:/github/workspace/.git/worktrees/*.path \/github\/runner_temp\/git\-credentials\-3297fcd7\-b625\-4fe9\-b493\-33bc781ab8b9\.config
make check (macos-latest)	Checkout	2026-09-14T22:58:36.0658790Z [command]/opt/homebrew/bin/git submodule foreach --recursive git config --local --show-origin --name-only --get-regexp remote.origin.url
make check (macos-latest)	Checkout	2026-09-14T22:58:36.1565720Z Removing credentials config '/Users/runner/work/_temp/git-credentials-3297fcd7-b625-4fe9-b493-33bc781ab8b9.config'
make check (macos-latest)	Checkout	2026-09-14T22:58:36.1613350Z ##[endgroup]
make check (macos-latest)	Install pinned Go toolchain for optional TaskMesh	﻿2026-09-14T22:58:36.1855310Z ##[group]Run actions/setup-go@b7ad1dad31e06c5925ef5d2fc7ad053ef454303e
make check (macos-latest)	Install pinned Go toolchain for optional TaskMesh	2026-09-14T22:58:36.1856560Z with:
make check (macos-latest)	Install pinned Go toolchain for optional TaskMesh	2026-09-14T22:58:36.1857030Z   go-version: 1.25.0
make check (macos-latest)	Install pinned Go toolchain for optional TaskMesh	2026-09-14T22:58:36.1857510Z   cache-dependency-path: go.sum
make check (macos-latest)	Install pinned Go toolchain for optional TaskMesh	2026-09-14T22:58:36.1858130Z   check-latest: false
make check (macos-latest)	Install pinned Go toolchain for optional TaskMesh	2026-09-14T22:58:36.1863870Z   token: ***
make check (macos-latest)	Install pinned Go toolchain for optional TaskMesh	2026-09-14T22:58:36.1864390Z   cache: true
make check (macos-latest)	Install pinned Go toolchain for optional TaskMesh	2026-09-14T22:58:36.1864800Z ##[endgroup]
make check (macos-latest)	Install pinned Go toolchain for optional TaskMesh	2026-09-14T22:58:36.3374280Z Setup go version spec 1.25.0
make check (macos-latest)	Install pinned Go toolchain for optional TaskMesh	2026-09-14T22:58:36.3397060Z Attempting to download 1.25.0...
make check (macos-latest)	Install pinned Go toolchain for optional TaskMesh	2026-09-14T22:58:36.9089110Z matching 1.25.0...
make check (macos-latest)	Install pinned Go toolchain for optional TaskMesh	2026-09-14T22:58:36.9538040Z Acquiring 1.25.0 from https://github.com/actions/go-versions/releases/download/1.25.0-16925932082/go-1.25.0-darwin-arm64.tar.gz
make check (macos-latest)	Install pinned Go toolchain for optional TaskMesh	2026-09-14T22:58:37.7597310Z Extracting Go...
make check (macos-latest)	Install pinned Go toolchain for optional TaskMesh	2026-09-14T22:58:37.7840180Z [command]/usr/bin/tar xz -C /Users/runner/work/_temp/49c4713b-8b37-455e-bd67-055a52ccf18e -f /Users/runner/work/_temp/fc80276a-d92c-4abd-a591-af7100e8f7a3
make check (macos-latest)	Install pinned Go toolchain for optional TaskMesh	2026-09-14T22:58:40.4319510Z Successfully extracted go to /Users/runner/work/_temp/49c4713b-8b37-455e-bd67-055a52ccf18e
make check (macos-latest)	Install pinned Go toolchain for optional TaskMesh	2026-09-14T22:58:40.4321670Z Adding to the cache ...
make check (macos-latest)	Install pinned Go toolchain for optional TaskMesh	2026-09-14T22:58:51.2741370Z Successfully cached go to /Users/runner/hostedtoolcache/go/1.25.0/arm64
make check (macos-latest)	Install pinned Go toolchain for optional TaskMesh	2026-09-14T22:58:51.2744790Z Added go to the path
make check (macos-latest)	Install pinned Go toolchain for optional TaskMesh	2026-09-14T22:58:51.2746030Z Successfully set up Go version 1.25.0
make check (macos-latest)	Install pinned Go toolchain for optional TaskMesh	2026-09-14T22:58:51.4636520Z [command]/Users/runner/hostedtoolcache/go/1.25.0/arm64/bin/go env GOCACHE
make check (macos-latest)	Install pinned Go toolchain for optional TaskMesh	2026-09-14T22:58:51.4656240Z [command]/Users/runner/hostedtoolcache/go/1.25.0/arm64/bin/go env GOMODCACHE
make check (macos-latest)	Install pinned Go toolchain for optional TaskMesh	2026-09-14T22:58:51.4849250Z /Users/runner/go/pkg/mod
make check (macos-latest)	Install pinned Go toolchain for optional TaskMesh	2026-09-14T22:58:51.4855360Z /Users/runner/Library/Caches/go-build
make check (macos-latest)	Install pinned Go toolchain for optional TaskMesh	2026-09-14T22:58:51.6631420Z Cache is not found
make check (macos-latest)	Install pinned Go toolchain for optional TaskMesh	2026-09-14T22:58:51.6697080Z go version go1.25.0 darwin/arm64
make check (macos-latest)	Install pinned Go toolchain for optional TaskMesh	2026-09-14T22:58:51.6697690Z 
make check (macos-latest)	Install pinned Go toolchain for optional TaskMesh	2026-09-14T22:58:51.6698720Z ##[group]go env
make check (macos-latest)	Install pinned Go toolchain for optional TaskMesh	2026-09-14T22:58:54.1283350Z AR='ar'
make check (macos-latest)	Install pinned Go toolchain for optional TaskMesh	2026-09-14T22:58:54.1284020Z CC='clang'
make check (macos-latest)	Install pinned Go toolchain for optional TaskMesh	2026-09-14T22:58:54.1284830Z CGO_CFLAGS='-O2 -g'
make check (macos-latest)	Install pinned Go toolchain for optional TaskMesh	2026-09-14T22:58:54.1285610Z CGO_CPPFLAGS=''
make check (macos-latest)	Install pinned Go toolchain for optional TaskMesh	2026-09-14T22:58:54.1291720Z CGO_CXXFLAGS='-O2 -g'
make check (macos-latest)	Install pinned Go toolchain for optional TaskMesh	2026-09-14T22:58:54.1292280Z CGO_ENABLED='1'
make check (macos-latest)	Install pinned Go toolchain for optional TaskMesh	2026-09-14T22:58:54.1292680Z CGO_FFLAGS='-O2 -g'
make check (macos-latest)	Install pinned Go toolchain for optional TaskMesh	2026-09-14T22:58:54.1292950Z CGO_LDFLAGS='-O2 -g'
make check (macos-latest)	Install pinned Go toolchain for optional TaskMesh	2026-09-14T22:58:54.1293280Z CXX='clang++'
make check (macos-latest)	Install pinned Go toolchain for optional TaskMesh	2026-09-14T22:58:54.1293540Z GCCGO='gccgo'
make check (macos-latest)	Install pinned Go toolchain for optional TaskMesh	2026-09-14T22:58:54.1293940Z GO111MODULE=''
make check (macos-latest)	Install pinned Go toolchain for optional TaskMesh	2026-09-14T22:58:54.1294200Z GOARCH='arm64'
make check (macos-latest)	Install pinned Go toolchain for optional TaskMesh	2026-09-14T22:58:54.1294530Z GOARM64='v8.0'
make check (macos-latest)	Install pinned Go toolchain for optional TaskMesh	2026-09-14T22:58:54.1294770Z GOAUTH='netrc'
make check (macos-latest)	Install pinned Go toolchain for optional TaskMesh	2026-09-14T22:58:54.1295130Z GOBIN=''
make check (macos-latest)	Install pinned Go toolchain for optional TaskMesh	2026-09-14T22:58:54.1295410Z GOCACHE='/Users/runner/Library/Caches/go-build'
make check (macos-latest)	Install pinned Go toolchain for optional TaskMesh	2026-09-14T22:58:54.1295870Z GOCACHEPROG=''
make check (macos-latest)	Install pinned Go toolchain for optional TaskMesh	2026-09-14T22:58:54.1296160Z GODEBUG=''
make check (macos-latest)	Install pinned Go toolchain for optional TaskMesh	2026-09-14T22:58:54.1296590Z GOENV='/Users/runner/Library/Application Support/go/env'
make check (macos-latest)	Install pinned Go toolchain for optional TaskMesh	2026-09-14T22:58:54.1318620Z GOEXE=''
make check (macos-latest)	Install pinned Go toolchain for optional TaskMesh	2026-09-14T22:58:54.1320180Z GOEXPERIMENT=''
make check (macos-latest)	Install pinned Go toolchain for optional TaskMesh	2026-09-14T22:58:54.1323230Z GOFIPS140='off'
make check (macos-latest)	Install pinned Go toolchain for optional TaskMesh	2026-09-14T22:58:54.1327170Z GOFLAGS=''
make check (macos-latest)	Install pinned Go toolchain for optional TaskMesh	2026-09-14T22:58:54.1331220Z GOGCCFLAGS='-fPIC -arch arm64 -pthread -fno-caret-diagnostics -Qunused-arguments -fmessage-length=0 -ffile-prefix-map=/var/folders/36/tjdph2t965j8snz9_vkdnw0r0000gn/T/go-build92829580=/tmp/go-build -gno-record-gcc-switches -fno-common'
make check (macos-latest)	Install pinned Go toolchain for optional TaskMesh	2026-09-14T22:58:54.1339090Z GOHOSTARCH='arm64'
make check (macos-latest)	Install pinned Go toolchain for optional TaskMesh	2026-09-14T22:58:54.1341190Z GOHOSTOS='darwin'
make check (macos-latest)	Install pinned Go toolchain for optional TaskMesh	2026-09-14T22:58:54.1343720Z GOINSECURE=''
make check (macos-latest)	Install pinned Go toolchain for optional TaskMesh	2026-09-14T22:58:54.1346590Z GOMOD='/Users/runner/work/task-spec/task-spec/go.mod'
make check (macos-latest)	Install pinned Go toolchain for optional TaskMesh	2026-09-14T22:58:54.1348680Z GOMODCACHE='/Users/runner/go/pkg/mod'
make check (macos-latest)	Install pinned Go toolchain for optional TaskMesh	2026-09-14T22:58:54.1350400Z GONOPROXY=''
make check (macos-latest)	Install pinned Go toolchain for optional TaskMesh	2026-09-14T22:58:54.1350960Z GONOSUMDB=''
make check (macos-latest)	Install pinned Go toolchain for optional TaskMesh	2026-09-14T22:58:54.1351860Z GOOS='darwin'
make check (macos-latest)	Install pinned Go toolchain for optional TaskMesh	2026-09-14T22:58:54.1353020Z GOPATH='/Users/runner/go'
make check (macos-latest)	Install pinned Go toolchain for optional TaskMesh	2026-09-14T22:58:54.1353430Z GOPRIVATE=''
make check (macos-latest)	Install pinned Go toolchain for optional TaskMesh	2026-09-14T22:58:54.1355110Z GOPROXY='https://proxy.golang.org,direct'
make check (macos-latest)	Install pinned Go toolchain for optional TaskMesh	2026-09-14T22:58:54.1355860Z GOROOT='/Users/runner/hostedtoolcache/go/1.25.0/arm64'
make check (macos-latest)	Install pinned Go toolchain for optional TaskMesh	2026-09-14T22:58:54.1357370Z GOSUMDB='sum.golang.org'
make check (macos-latest)	Install pinned Go toolchain for optional TaskMesh	2026-09-14T22:58:54.1359030Z GOTELEMETRY='local'
make check (macos-latest)	Install pinned Go toolchain for optional TaskMesh	2026-09-14T22:58:54.1360260Z GOTELEMETRYDIR='/Users/runner/Library/Application Support/go/telemetry'
make check (macos-latest)	Install pinned Go toolchain for optional TaskMesh	2026-09-14T22:58:54.1365230Z GOTMPDIR=''
make check (macos-latest)	Install pinned Go toolchain for optional TaskMesh	2026-09-14T22:58:54.1365710Z GOTOOLCHAIN='local'
make check (macos-latest)	Install pinned Go toolchain for optional TaskMesh	2026-09-14T22:58:54.1366800Z GOTOOLDIR='/Users/runner/hostedtoolcache/go/1.25.0/arm64/pkg/tool/darwin_arm64'
make check (macos-latest)	Install pinned Go toolchain for optional TaskMesh	2026-09-14T22:58:54.1367770Z GOVCS=''
make check (macos-latest)	Install pinned Go toolchain for optional TaskMesh	2026-09-14T22:58:54.1368170Z GOVERSION='go1.25.0'
make check (macos-latest)	Install pinned Go toolchain for optional TaskMesh	2026-09-14T22:58:54.1368520Z GOWORK=''
make check (macos-latest)	Install pinned Go toolchain for optional TaskMesh	2026-09-14T22:58:54.1368820Z PKG_CONFIG='pkg-config'
make check (macos-latest)	Install pinned Go toolchain for optional TaskMesh	2026-09-14T22:58:54.1369050Z 
make check (macos-latest)	Install pinned Go toolchain for optional TaskMesh	2026-09-14T22:58:54.1369780Z ##[endgroup]
make check (macos-latest)	Install macOS gate dependency	﻿2026-09-14T22:58:54.1525000Z ##[group]Run brew list shellcheck >/dev/null 2>&1 || brew install shellcheck
make check (macos-latest)	Install macOS gate dependency	2026-09-14T22:58:54.1525750Z [36;1mbrew list shellcheck >/dev/null 2>&1 || brew install shellcheck[0m
make check (macos-latest)	Install macOS gate dependency	2026-09-14T22:58:54.1598390Z shell: /bin/bash -e {0}
make check (macos-latest)	Install macOS gate dependency	2026-09-14T22:58:54.1598870Z env:
make check (macos-latest)	Install macOS gate dependency	2026-09-14T22:58:54.1599090Z   GOTOOLCHAIN: local
make check (macos-latest)	Install macOS gate dependency	2026-09-14T22:58:54.1599400Z ##[endgroup]
make check (macos-latest)	Install macOS gate dependency	2026-09-14T22:58:56.6726770Z [32m==>[0m [1mDownloading bottle manifests[0m
make check (macos-latest)	Install macOS gate dependency	2026-09-14T22:58:56.6841390Z ✔︎ Bottle Manifest shellcheck (0.11.0)
make check (macos-latest)	Install macOS gate dependency	2026-09-14T22:58:56.6843210Z [34m==>[0m [1mWould install 1 formula:[0m
make check (macos-latest)	Install macOS gate dependency	2026-09-14T22:58:56.6843650Z shellcheck
make check (macos-latest)	Install macOS gate dependency	2026-09-14T22:58:56.7602420Z [32m==>[0m [1mFetching downloads for: [32mshellcheck[39m[0m
make check (macos-latest)	Install macOS gate dependency	2026-09-14T22:58:57.3149450Z ✔︎ Bottle shellcheck (0.11.0)
make check (macos-latest)	Install macOS gate dependency	2026-09-14T22:58:57.3284020Z [34m==>[0m [1mPouring shellcheck--0.11.0.arm64_tahoe.bottle.1.tar.gz[0m
make check (macos-latest)	Install macOS gate dependency	2026-09-14T22:58:58.2678260Z 🍺  /opt/homebrew/Cellar/shellcheck/0.11.0: 8 files, 70.7MB
make check (macos-latest)	Provision private locked decomposition runtime	﻿2026-09-14T22:58:58.2941300Z ##[group]Run bash bin/taskspec setup decompose
make check (macos-latest)	Provision private locked decomposition runtime	2026-09-14T22:58:58.2941730Z [36;1mbash bin/taskspec setup decompose[0m
make check (macos-latest)	Provision private locked decomposition runtime	2026-09-14T22:58:58.3005400Z shell: /bin/bash -e {0}
make check (macos-latest)	Provision private locked decomposition runtime	2026-09-14T22:58:58.3005620Z env:
make check (macos-latest)	Provision private locked decomposition runtime	2026-09-14T22:58:58.3006620Z   GOTOOLCHAIN: local
make check (macos-latest)	Provision private locked decomposition runtime	2026-09-14T22:58:58.3007020Z ##[endgroup]
make check (macos-latest)	Provision private locked decomposition runtime	2026-09-14T22:59:02.1314460Z Collecting attrs==26.1.0 (from -r /Users/runner/work/task-spec/task-spec/src/decompose/requirements.lock (line 2))
make check (macos-latest)	Provision private locked decomposition runtime	2026-09-14T22:59:02.1981390Z   Downloading attrs-26.1.0-py3-none-any.whl (67 kB)
make check (macos-latest)	Provision private locked decomposition runtime	2026-09-14T22:59:02.2531980Z Collecting jsonschema==4.26.0 (from -r /Users/runner/work/task-spec/task-spec/src/decompose/requirements.lock (line 5))
make check (macos-latest)	Provision private locked decomposition runtime	2026-09-14T22:59:02.2650780Z   Downloading jsonschema-4.26.0-py3-none-any.whl (90 kB)
make check (macos-latest)	Provision private locked decomposition runtime	2026-09-14T22:59:02.3025080Z Collecting jsonschema-specifications==2025.9.1 (from -r /Users/runner/work/task-spec/task-spec/src/decompose/requirements.lock (line 8))
make check (macos-latest)	Provision private locked decomposition runtime	2026-09-14T22:59:02.3159560Z   Downloading jsonschema_specifications-2025.9.1-py3-none-any.whl (18 kB)
make check (macos-latest)	Provision private locked decomposition runtime	2026-09-14T22:59:02.3671980Z Collecting PyYAML==6.0.3 (from -r /Users/runner/work/task-spec/task-spec/src/decompose/requirements.lock (line 11))
make check (macos-latest)	Provision private locked decomposition runtime	2026-09-14T22:59:02.3806020Z   Downloading pyyaml-6.0.3-cp314-cp314-macosx_11_0_arm64.whl (173 kB)
make check (macos-latest)	Provision private locked decomposition runtime	2026-09-14T22:59:02.4192080Z Collecting referencing==0.37.0 (from -r /Users/runner/work/task-spec/task-spec/src/decompose/requirements.lock (line 85))
make check (macos-latest)	Provision private locked decomposition runtime	2026-09-14T22:59:02.4415350Z   Downloading referencing-0.37.0-py3-none-any.whl (26 kB)
make check (macos-latest)	Provision private locked decomposition runtime	2026-09-14T22:59:02.6699210Z Collecting rpds-py==2026.6.3 (from -r /Users/runner/work/task-spec/task-spec/src/decompose/requirements.lock (line 88))
make check (macos-latest)	Provision private locked decomposition runtime	2026-09-14T22:59:02.6802370Z   Downloading rpds_py-2026.6.3-cp314-cp314-macosx_11_0_arm64.whl (339 kB)
make check (macos-latest)	Provision private locked decomposition runtime	2026-09-14T22:59:02.7101040Z Collecting typing_extensions==4.15.0 (from -r /Users/runner/work/task-spec/task-spec/src/decompose/requirements.lock (line 205))
make check (macos-latest)	Provision private locked decomposition runtime	2026-09-14T22:59:02.7230360Z   Downloading typing_extensions-4.15.0-py3-none-any.whl (44 kB)
make check (macos-latest)	Provision private locked decomposition runtime	2026-09-14T22:59:02.7586230Z Installing collected packages: typing_extensions, rpds-py, PyYAML, attrs, referencing, jsonschema-specifications, jsonschema
make check (macos-latest)	Provision private locked decomposition runtime	2026-09-14T22:59:03.0802440Z 
make check (macos-latest)	Provision private locked decomposition runtime	2026-09-14T22:59:03.0818020Z Successfully installed PyYAML-6.0.3 attrs-26.1.0 jsonschema-4.26.0 jsonschema-specifications-2025.9.1 referencing-0.37.0 rpds-py-2026.6.3 typing_extensions-4.15.0
make check (macos-latest)	Provision private locked decomposition runtime	2026-09-14T22:59:03.2983990Z {"contract": "TaskRuntimeSetup/v1", "ready": true, "path": "/Users/runner/work/task-spec/task-spec/.taskspec/runtime/decompose", "lock_digest": "eb1adcfe1266108d7587d9a561bb57d482a2104efa871db46c6287095649ba33"}
make check (macos-latest)	Install schema-fidelity consumer dependencies	﻿2026-09-14T22:59:03.3090020Z ##[group]Run python3 -m pip install --disable-pip-version-check --quiet --break-system-packages pyyaml==6.0.2 jsonschema==4.26.0
make check (macos-latest)	Install schema-fidelity consumer dependencies	2026-09-14T22:59:03.3090930Z [36;1mpython3 -m pip install --disable-pip-version-check --quiet --break-system-packages pyyaml==6.0.2 jsonschema==4.26.0[0m
make check (macos-latest)	Install schema-fidelity consumer dependencies	2026-09-14T22:59:03.3131410Z shell: /bin/bash -e {0}
make check (macos-latest)	Install schema-fidelity consumer dependencies	2026-09-14T22:59:03.3132020Z env:
make check (macos-latest)	Install schema-fidelity consumer dependencies	2026-09-14T22:59:03.3132260Z   GOTOOLCHAIN: local
make check (macos-latest)	Install schema-fidelity consumer dependencies	2026-09-14T22:59:03.3132540Z ##[endgroup]
make check (macos-latest)	make check (includes isolated install-to-accept demo)	﻿2026-09-14T22:59:10.7442280Z ##[group]Run make check
make check (macos-latest)	make check (includes isolated install-to-accept demo)	2026-09-14T22:59:10.7442760Z [36;1mmake check[0m
make check (macos-latest)	make check (includes isolated install-to-accept demo)	2026-09-14T22:59:10.7499650Z shell: /bin/bash -e {0}
make check (macos-latest)	make check (includes isolated install-to-accept demo)	2026-09-14T22:59:10.7500640Z env:
make check (macos-latest)	make check (includes isolated install-to-accept demo)	2026-09-14T22:59:10.7501240Z   GOTOOLCHAIN: local
make check (macos-latest)	make check (includes isolated install-to-accept demo)	2026-09-14T22:59:10.7501940Z ##[endgroup]
make check (macos-latest)	make check (includes isolated install-to-accept demo)	2026-09-14T22:59:12.5036900Z bash bin/taskspec doctor
make check (macos-latest)	make check (includes isolated install-to-accept demo)	2026-09-14T22:59:12.5192060Z PASS  bash >= 3.2 (3.2.57(1)-release)
make check (macos-latest)	make check (includes isolated install-to-accept demo)	2026-09-14T22:59:12.5291700Z PASS  git (2.55.0)
make check (macos-latest)	make check (includes isolated install-to-accept demo)	2026-09-14T22:59:12.5464590Z PASS  python3 (3.14.7)
make check (macos-latest)	make check (includes isolated install-to-accept demo)	2026-09-14T22:59:12.5465520Z PASS  SHA-256/HMAC provider
make check (macos-latest)	make check (includes isolated install-to-accept demo)	2026-09-14T22:59:12.5466370Z PASS  shellcheck
make check (macos-latest)	make check (includes isolated install-to-accept demo)	2026-09-14T22:59:12.5589760Z WARN  no signing key; run: taskspec setup signing
make check (macos-latest)	make check (includes isolated install-to-accept demo)	2026-09-14T22:59:12.5591650Z DOCTOR=READY
make check (macos-latest)	make check (includes isolated install-to-accept demo)	2026-09-14T22:59:12.5592120Z bash tests/lint-skill-docs.sh
make check (macos-latest)	make check (includes isolated install-to-accept demo)	2026-09-14T22:59:12.8120840Z lint-skill-docs.sh (10 checks)
make check (macos-latest)	make check (includes isolated install-to-accept demo)	2026-09-14T22:59:12.8125030Z ════════════════════════════════════════
make check (macos-latest)	make check (includes isolated install-to-accept demo)	2026-09-14T22:59:12.8125570Z OK: VERSION, CHANGELOG.md, and src/lib/_lib.sh agree at v3.10.0
make check (macos-latest)	make check (includes isolated install-to-accept demo)	2026-09-14T22:59:12.8125900Z bash tests/lint-docs.sh
make check (macos-latest)	make check (includes isolated install-to-accept demo)	2026-09-14T22:59:14.6167610Z CLI_REFERENCE=OK
make check (macos-latest)	make check (includes isolated install-to-accept demo)	2026-09-14T22:59:14.6310770Z lint-docs: OK
make check (macos-latest)	make check (includes isolated install-to-accept demo)	2026-09-14T22:59:14.6435460Z set -e; for t in tests/test-*.sh; do bash "$t"; done
make check (macos-latest)	make check (includes isolated install-to-accept demo)	2026-09-14T22:59:14.9807770Z PASS — dependency-aware leaf frontier and --all behavior
make check (macos-latest)	make check (includes isolated install-to-accept demo)	2026-09-14T22:59:15.1156650Z PASS — collisions, dangling edges, cycles, and concurrency are reported
make check (macos-latest)	make check (includes isolated install-to-accept demo)	2026-09-14T22:59:15.3674490Z PASS — archived dependencies, supersession blocking, advisory blocks, and deterministic graph views
make check (macos-latest)	make check (includes isolated install-to-accept demo)	2026-09-14T22:59:15.9522630Z PASS — recursive task resolution and active write conflicts share one graph universe
make check (macos-latest)	make check (includes isolated install-to-accept demo)	2026-09-14T22:59:16.1628460Z PASS — dependency closure includes leaf dependencies and composition ancestors only
make check (macos-latest)	make check (includes isolated install-to-accept demo)	2026-09-14T22:59:16.1810140Z === (a) bash -n syntax check for every src/*/*.sh ===
make check (macos-latest)	make check (includes isolated install-to-accept demo)	2026-09-14T22:59:16.2055480Z   ✓ syntax ok: accept/accept-task.sh
make check (macos-latest)	make check (includes isolated install-to-accept demo)	2026-09-14T22:59:16.2096310Z   ✓ syntax ok: author/batch-generate.sh
make check (macos-latest)	make check (includes isolated install-to-accept demo)	2026-09-14T22:59:16.2132830Z   ✓ syntax ok: author/generate-task-spec.sh
make check (macos-latest)	make check (includes isolated install-to-accept demo)	2026-09-14T22:59:16.2167750Z   ✓ syntax ok: author/migrate-legacy-task.sh
make check (macos-latest)	make check (includes isolated install-to-accept demo)	2026-09-14T22:59:16.2203770Z   ✓ syntax ok: backlog/archive.sh
make check (macos-latest)	make check (includes isolated install-to-accept demo)	2026-09-14T22:59:16.2240100Z   ✓ syntax ok: backlog/backup-backlog.sh
make check (macos-latest)	make check (includes isolated install-to-accept demo)	2026-09-14T22:59:16.2274130Z   ✓ syntax ok: backlog/install-hooks.sh
make check (macos-latest)	make check (includes isolated install-to-accept demo)	2026-09-14T22:59:16.2307150Z   ✓ syntax ok: backlog/lint-backlog.sh
make check (macos-latest)	make check (includes isolated install-to-accept demo)	2026-09-14T22:59:16.2338300Z   ✓ syntax ok: backlog/list-ready.sh
make check (macos-latest)	make check (includes isolated install-to-accept demo)	2026-09-14T22:59:16.2374980Z   ✓ syntax ok: backlog/query-metrics.sh
make check (macos-latest)	make check (includes isolated install-to-accept demo)	2026-09-14T22:59:16.2407730Z   ✓ syntax ok: backlog/rebuild-state.sh
make check (macos-latest)	make check (includes isolated install-to-accept demo)	2026-09-14T22:59:16.2440820Z   ✓ syntax ok: backlog/transition-status.sh
make check (macos-latest)	make check (includes isolated install-to-accept demo)	2026-09-14T22:59:16.2469690Z   ✓ syntax ok: decompose/launch.sh
make check (macos-latest)	make check (includes isolated install-to-accept demo)	2026-09-14T22:59:16.2501940Z   ✓ syntax ok: dispatch/conformance-check.sh
make check (macos-latest)	make check (includes isolated install-to-accept demo)	2026-09-14T22:59:16.2535060Z   ✓ syntax ok: dispatch/ref-executor.sh
make check (macos-latest)	make check (includes isolated install-to-accept demo)	2026-09-14T22:59:16.2563770Z   ✓ syntax ok: gate/definition-of-done.sh
make check (macos-latest)	make check (includes isolated install-to-accept demo)	2026-09-14T22:59:16.2593090Z   ✓ syntax ok: gate/run-task-spec.sh
make check (macos-latest)	make check (includes isolated install-to-accept demo)	2026-09-14T22:59:16.2627030Z   ✓ syntax ok: gate/safe-to-delegate.sh
make check (macos-latest)	make check (includes isolated install-to-accept demo)	2026-09-14T22:59:16.2677310Z   ✓ syntax ok: gate/validate-task-spec.sh
make check (macos-latest)	make check (includes isolated install-to-accept demo)	2026-09-14T22:59:16.2718040Z   ✓ syntax ok: lib/_lib.sh
make check (macos-latest)	make check (includes isolated install-to-accept demo)	2026-09-14T22:59:16.2743180Z   ✓ syntax ok: lib/install.sh
make check (macos-latest)	make check (includes isolated install-to-accept demo)	2026-09-14T22:59:16.2769260Z   ✓ syntax ok: setup/demo.sh
make check (macos-latest)	make check (includes isolated install-to-accept demo)	2026-09-14T22:59:16.2797360Z   ✓ syntax ok: setup/init.sh
make check (macos-latest)	make check (includes isolated install-to-accept demo)	2026-09-14T22:59:16.2827640Z   ✓ syntax ok: setup/readiness.sh
make check (macos-latest)	make check (includes isolated install-to-accept demo)	2026-09-14T22:59:16.2828240Z === (b) core-path scripts contain no bash-4-only constructs ===
make check (macos-latest)	make check (includes isolated install-to-accept demo)	2026-09-14T22:59:16.2895250Z   ✓ gate/validate-task-spec.sh has no 'declare -A'
make check (macos-latest)	make check (includes isolated install-to-accept demo)	2026-09-14T22:59:16.2927010Z   ✓ gate/validate-task-spec.sh has no mapfile/readarray
make check (macos-latest)	make check (includes isolated install-to-accept demo)	2026-09-14T22:59:16.2978360Z   ✓ gate/safe-to-delegate.sh has no 'declare -A'
make check (macos-latest)	make check (includes isolated install-to-accept demo)	2026-09-14T22:59:16.3005390Z   ✓ gate/safe-to-delegate.sh has no mapfile/readarray
make check (macos-latest)	make check (includes isolated install-to-accept demo)	2026-09-14T22:59:16.3064510Z   ✓ gate/run-task-spec.sh has no 'declare -A'
make check (macos-latest)	make check (includes isolated install-to-accept demo)	2026-09-14T22:59:16.3091600Z   ✓ gate/run-task-spec.sh has no mapfile/readarray
make check (macos-latest)	make check (includes isolated install-to-accept demo)	2026-09-14T22:59:16.3149370Z   ✓ lib/_lib.sh has no 'declare -A'
make check (macos-latest)	make check (includes isolated install-to-accept demo)	2026-09-14T22:59:16.3180780Z   ✓ lib/_lib.sh has no mapfile/readarray
make check (macos-latest)	make check (includes isolated install-to-accept demo)	2026-09-14T22:59:16.3181360Z === (c) aux scripts call ts_require_bash4 ===
make check (macos-latest)	make check (includes isolated install-to-accept demo)	2026-09-14T22:59:16.3205760Z   ✓ backlog/query-metrics.sh calls ts_require_bash4
make check (macos-latest)	make check (includes isolated install-to-accept demo)	2026-09-14T22:59:16.3206260Z === (d) conformance runner + adapters are bash-3.2-clean ===
make check (macos-latest)	make check (includes isolated install-to-accept demo)	2026-09-14T22:59:16.3245580Z   ✓ syntax ok: conformance/run_conformance.sh
make check (macos-latest)	make check (includes isolated install-to-accept demo)	2026-09-14T22:59:16.3323370Z   ✓ conformance/run_conformance.sh has no bash-4-only constructs
make check (macos-latest)	make check (includes isolated install-to-accept demo)	2026-09-14T22:59:16.3351080Z   ✓ syntax ok: conformance/adapters/self.sh
make check (macos-latest)	make check (includes isolated install-to-accept demo)	2026-09-14T22:59:16.3424820Z   ✓ conformance/adapters/self.sh has no bash-4-only constructs
make check (macos-latest)	make check (includes isolated install-to-accept demo)	2026-09-14T22:59:16.3425230Z 
make check (macos-latest)	make check (includes isolated install-to-accept demo)	2026-09-14T22:59:16.3425380Z ========================================
make check (macos-latest)	make check (includes isolated install-to-accept demo)	2026-09-14T22:59:16.3425780Z Results: 37 passed, 0 failed
make check (macos-latest)	make check (includes isolated install-to-accept demo)	2026-09-14T22:59:16.3426040Z ========================================
make check (macos-latest)	make check (includes isolated install-to-accept demo)	2026-09-14T22:59:16.4331160Z ok    new requires slug and effort
make check (macos-latest)	make check (includes isolated install-to-accept demo)	2026-09-14T22:59:16.5223820Z ok    new rejects an unknown option
make check (macos-latest)	make check (includes isolated install-to-accept demo)	2026-09-14T22:59:16.6151440Z ok    new requires --format value
make check (macos-latest)	make check (includes isolated install-to-accept demo)	2026-09-14T22:59:16.7624660Z ok    metrics rejects an unknown option
make check (macos-latest)	make check (includes isolated install-to-accept demo)	2026-09-14T22:59:16.9167430Z ok    metrics requires --since value
make check (macos-latest)	make check (includes isolated install-to-accept demo)	2026-09-14T22:59:16.9168150Z CLI_USAGE=PASS checks=5
make check (macos-latest)	make check (includes isolated install-to-accept demo)	2026-09-14T22:59:34.6241520Z PASS — isolated demo reaches independent acceptance
make check (macos-latest)	make check (includes isolated install-to-accept demo)	2026-09-14T22:59:34.6596790Z == effort sizing and composition ==
make check (macos-latest)	make check (includes isolated install-to-accept demo)	2026-09-14T22:59:35.5306930Z ok    XS leaf                     
make check (macos-latest)	make check (includes isolated install-to-accept demo)	2026-09-14T22:59:36.1999240Z ok    S leaf union budget         
make check (macos-latest)	make check (includes isolated install-to-accept demo)	2026-09-14T22:59:36.9087300Z ok    M leaf                      
make check (macos-latest)	make check (includes isolated install-to-accept demo)	2026-09-14T22:59:37.7537670Z ok    L long horizon              
make check (macos-latest)	make check (includes isolated install-to-accept demo)	2026-09-14T22:59:38.4394480Z ok    L wrong backend             
make check (macos-latest)	make check (includes isolated install-to-accept demo)	2026-09-14T22:59:39.1294360Z ok    S over budget warns         
make check (macos-latest)	make check (includes isolated install-to-accept demo)	2026-09-14T22:59:39.8013230Z ok    leaf cannot have children   
make check (macos-latest)	make check (includes isolated install-to-accept demo)	2026-09-14T22:59:40.4206900Z ok    XL needs children           
make check (macos-latest)	make check (includes isolated install-to-accept demo)	2026-09-14T22:59:41.1182060Z ok    XXL needs three children    
make check (macos-latest)	make check (includes isolated install-to-accept demo)	2026-09-14T22:59:42.0661270Z ok    XL composition node         
make check (macos-latest)	make check (includes isolated install-to-accept demo)	2026-09-14T22:59:43.2206930Z ok    XXL composition node        
make check (macos-latest)	make check (includes isolated install-to-accept demo)	2026-09-14T22:59:44.2254210Z ok    node owns no writes         
make check (macos-latest)	make check (includes isolated install-to-accept demo)	2026-09-14T22:59:45.2202600Z ok    invalid child id            
make check (macos-latest)	make check (includes isolated install-to-accept demo)	2026-09-14T22:59:46.0409180Z ok    unknown size                
make check (macos-latest)	make check (includes isolated install-to-accept demo)	2026-09-14T22:59:46.0409590Z 
make check (macos-latest)	make check (includes isolated install-to-accept demo)	2026-09-14T22:59:46.0415890Z PASS — all 14 sizing rows green.
make check (macos-latest)	make check (includes isolated install-to-accept demo)	2026-09-14T23:00:10.3829570Z ENGINE_MATRIX_V2=READY
make check (macos-latest)	make check (includes isolated install-to-accept demo)	2026-09-14T23:00:11.0853530Z ENVIRONMENT_ATTESTATION=READY
make check (macos-latest)	make check (includes isolated install-to-accept demo)	2026-09-14T23:00:11.1341510Z ═══ test-extractor-fuzz.sh (adversarial extract-and-run, v3.10.0) ═══
make check (macos-latest)	make check (includes isolated install-to-accept demo)	2026-09-14T23:00:11.1342320Z ── (A) extraction correctness ──
make check (macos-latest)	make check (includes isolated install-to-accept demo)	2026-09-14T23:00:11.4188200Z   ✓ A:arith-shift extracted
make check (macos-latest)	make check (includes isolated install-to-accept demo)	2026-09-14T23:00:11.7682640Z   ✓ A:heredoc-EOF-bash extracted
make check (macos-latest)	make check (includes isolated install-to-accept demo)	2026-09-14T23:00:12.2746840Z   ✓ A:heredoc-fake-fence extracted
make check (macos-latest)	make check (includes isolated install-to-accept demo)	2026-09-14T23:00:12.7172040Z   ✓ A:heredoc-fake-header extracted
make check (macos-latest)	make check (includes isolated install-to-accept demo)	2026-09-14T23:00:13.2466090Z   ✓ A:nested-heredoc extracted
make check (macos-latest)	make check (includes isolated install-to-accept demo)	2026-09-14T23:00:13.6819180Z   ✓ A:heredoc-dquote extracted
make check (macos-latest)	make check (includes isolated install-to-accept demo)	2026-09-14T23:00:13.6922540Z ── (B) robustness invariant (no hang, no raw-error leak) ──
make check (macos-latest)	make check (includes isolated install-to-accept demo)	2026-09-14T23:00:14.0753650Z   ✓ B:emoji-body clean (EXTRACTED)
make check (macos-latest)	make check (includes isolated install-to-accept demo)	2026-09-14T23:00:14.5827500Z   ✓ B:two-evals clean (EXTRACTED)
make check (macos-latest)	make check (includes isolated install-to-accept demo)	2026-09-14T23:00:14.8934380Z   ✓ B:unbalanced-brace clean (EXTRACTED)
make check (macos-latest)	make check (includes isolated install-to-accept demo)	2026-09-14T23:00:15.1720450Z   ✓ B:fence-in-string clean (EXTRACTED)
make check (macos-latest)	make check (includes isolated install-to-accept demo)	2026-09-14T23:00:15.4726930Z   ✓ B:header-looking-cmd clean (EXTRACTED)
make check (macos-latest)	make check (includes isolated install-to-accept demo)	2026-09-14T23:00:15.8362100Z   ✓ B:backtick-cmd clean (EXTRACTED)
make check (macos-latest)	make check (includes isolated install-to-accept demo)	2026-09-14T23:00:16.1304840Z   ✓ B:comment-only clean (EXTRACTED)
make check (macos-latest)	make check (includes isolated install-to-accept demo)	2026-09-14T23:00:16.4125700Z   ✓ B:exit-in-eval clean (EXTRACTED)
make check (macos-latest)	make check (includes isolated install-to-accept demo)	2026-09-14T23:00:16.6973540Z   ✓ B:reads-stdin clean (EXTRACTED)
make check (macos-latest)	make check (includes isolated install-to-accept demo)	2026-09-14T23:00:16.9816680Z   ✓ B:many-heredocs clean (EXTRACTED)
make check (macos-latest)	make check (includes isolated install-to-accept demo)	2026-09-14T23:00:16.9817420Z ── (C) exit-check robustness (defense-in-depth, no hang on malformed Exit Check) ──
make check (macos-latest)	make check (includes isolated install-to-accept demo)	2026-09-14T23:00:17.2648760Z   ✓ C:ec-unbalanced-quote clean (EXTRACTED)
make check (macos-latest)	make check (includes isolated install-to-accept demo)	2026-09-14T23:00:17.5334130Z   ✓ C:ec-unbalanced-btick clean (EXTRACTED)
make check (macos-latest)	make check (includes isolated install-to-accept demo)	2026-09-14T23:00:17.7946260Z   ✓ C:ec-heredoc-no-close clean (EXTRACTED)
make check (macos-latest)	make check (includes isolated install-to-accept demo)	2026-09-14T23:00:17.7993500Z 
make check (macos-latest)	make check (includes isolated install-to-accept demo)	2026-09-14T23:00:17.7994550Z ========================================
make check (macos-latest)	make check (includes isolated install-to-accept demo)	2026-09-14T23:00:17.7995510Z Results: 19 passed, 0 failed
make check (macos-latest)	make check (includes isolated install-to-accept demo)	2026-09-14T23:00:17.7996270Z ========================================
make check (macos-latest)	make check (includes isolated install-to-accept demo)	2026-09-14T23:00:17.8154370Z ═══ test-hmac-envelope.sh (TaskAuthorization/v3 suite) ═══
make check (macos-latest)	make check (includes isolated install-to-accept demo)	2026-09-14T23:00:17.8155550Z ── Scenario 1: Tier 1 stamp-then-verify ──
make check (macos-latest)	make check (includes isolated install-to-accept demo)	2026-09-14T23:00:21.5847000Z   ✓ S1 sealed
make check (macos-latest)	make check (includes isolated install-to-accept demo)	2026-09-14T23:00:21.5847670Z   ✓ S1 sig-format
make check (macos-latest)	make check (includes isolated install-to-accept demo)	2026-09-14T23:00:21.5848080Z   ✓ S1 verify-tier1
make check (macos-latest)	make check (includes isolated install-to-accept demo)	2026-09-14T23:00:21.5903860Z ── Scenario 2: Tier 3 tampered body ──
make check (macos-latest)	make check (includes isolated install-to-accept demo)	2026-09-14T23:00:26.5642580Z   ✓ S2 pre-tamper-tier1
make check (macos-latest)	make check (includes isolated install-to-accept demo)	2026-09-14T23:00:26.5656040Z   ✓ S2 tamper-caught-tier3
make check (macos-latest)	make check (includes isolated install-to-accept demo)	2026-09-14T23:00:26.5734610Z ── Scenario 3: Tier 3 envelope tamper / wrong key / malformed ──
make check (macos-latest)	make check (includes isolated install-to-accept demo)	2026-09-14T23:00:36.6555530Z   ✓ S3 envelope-value-tamper
make check (macos-latest)	make check (includes isolated install-to-accept demo)	2026-09-14T23:00:36.6556970Z   ✓ S3 wrong-key-tier3
make check (macos-latest)	make check (includes isolated install-to-accept demo)	2026-09-14T23:00:36.6557970Z   ✓ S3 malformed-sig-tier3
make check (macos-latest)	make check (includes isolated install-to-accept demo)	2026-09-14T23:00:36.6610230Z ── Scenario 4: Tier 2 no-key degrade ──
make check (macos-latest)	make check (includes isolated install-to-accept demo)	2026-09-14T23:00:41.1509960Z   ✓ S4 no-key-tier2
make check (macos-latest)	make check (includes isolated install-to-accept demo)	2026-09-14T23:00:41.1510710Z   ✓ S4 legacy-nosig-tier2
make check (macos-latest)	make check (includes isolated install-to-accept demo)	2026-09-14T23:00:41.1636870Z ── Scenario 5: portability floor (crypto masked) ──
make check (macos-latest)	make check (includes isolated install-to-accept demo)	2026-09-14T23:00:45.9746230Z   ✓ S5 provider-none
make check (macos-latest)	make check (includes isolated install-to-accept demo)	2026-09-14T23:00:45.9750970Z   ✓ S5 masked-stamp-stdlib-hmac
make check (macos-latest)	make check (includes isolated install-to-accept demo)	2026-09-14T23:00:45.9758220Z   ✓ S5 masked-verify-tier2
make check (macos-latest)	make check (includes isolated install-to-accept demo)	2026-09-14T23:00:45.9824110Z ── Scenario 6: .git/info key fallback ──
make check (macos-latest)	make check (includes isolated install-to-accept demo)	2026-09-14T23:00:48.5478430Z   ✓ S6 keyfile-written
make check (macos-latest)	make check (includes isolated install-to-accept demo)	2026-09-14T23:00:48.5478840Z   ✓ S6 gitinfo-stamp-sealed
make check (macos-latest)	make check (includes isolated install-to-accept demo)	2026-09-14T23:00:48.5479220Z   ✓ S6 gitinfo-verify-tier1
make check (macos-latest)	make check (includes isolated install-to-accept demo)	2026-09-14T23:00:48.5521590Z ── Scenario 7: injection-safe --stamp-by ──
make check (macos-latest)	make check (includes isolated install-to-accept demo)	2026-09-14T23:01:03.4252200Z   ✓ S7 literal-verbatim-tier1 [build|42]
make check (macos-latest)	make check (includes isolated install-to-accept demo)	2026-09-14T23:01:03.4254590Z   ✓ S7 literal-verbatim-tier1 [a&b]
make check (macos-latest)	make check (includes isolated install-to-accept demo)	2026-09-14T23:01:03.4255940Z   ✓ S7 literal-verbatim-tier1 [team/build]
make check (macos-latest)	make check (includes isolated install-to-accept demo)	2026-09-14T23:01:03.4257100Z   ✓ S7 literal-verbatim-tier1 [X|p;s|.*|INJECTED]
make check (macos-latest)	make check (includes isolated install-to-accept demo)	2026-09-14T23:01:03.4258640Z   ✓ S7 literal-verbatim-tier1 [name with space]
make check (macos-latest)	make check (includes isolated install-to-accept demo)	2026-09-14T23:01:03.4335230Z ── Scenario 8: --require-tier1 enforcement + TIER= line ──
make check (macos-latest)	make check (includes isolated install-to-accept demo)	2026-09-14T23:01:09.6367650Z   ✓ S8 tier1-require-passes
make check (macos-latest)	make check (includes isolated install-to-accept demo)	2026-09-14T23:01:09.6468070Z   ✓ S8 tier2-require-blocks
make check (macos-latest)	make check (includes isolated install-to-accept demo)	2026-09-14T23:01:09.6574180Z   ✓ S8 tier2-noflag-delegates
make check (macos-latest)	make check (includes isolated install-to-accept demo)	2026-09-14T23:01:09.6677020Z ── Scenario 9: ts_set_frontmatter_field newline + malformed + backslash-escape ──
make check (macos-latest)	make check (includes isolated install-to-accept demo)	2026-09-14T23:01:09.8843270Z   ✓ S9 newline-rejected-file-untouched
make check (macos-latest)	make check (includes isolated install-to-accept demo)	2026-09-14T23:01:09.8882940Z   ✓ S9 malformed-frontmatter-hard-fails
make check (macos-latest)	make check (includes isolated install-to-accept demo)	2026-09-14T23:01:09.8884200Z   ✓ S9 backslash-n-written-verbatim-no-injection
make check (macos-latest)	make check (includes isolated install-to-accept demo)	2026-09-14T23:01:09.8884710Z   ✓ S9 symlink-temp-path-defused
make check (macos-latest)	make check (includes isolated install-to-accept demo)	2026-09-14T23:01:09.8894550Z ── Scenario 10: envelope v3 authorization boundary ──
make check (macos-latest)	make check (includes isolated install-to-accept demo)	2026-09-14T23:01:13.8010730Z   ✓ S10 scope-widening-caught
make check (macos-latest)	make check (includes isolated install-to-accept demo)	2026-09-14T23:01:18.3459480Z   ✓ S10 dependency-change-caught
make check (macos-latest)	make check (includes isolated install-to-accept demo)	2026-09-14T23:01:22.0384560Z   ✓ S10 budget-raise-caught
make check (macos-latest)	make check (includes isolated install-to-accept demo)	2026-09-14T23:01:25.7124150Z   ✓ S10 agent-change-caught
make check (macos-latest)	make check (includes isolated install-to-accept demo)	2026-09-14T23:01:30.0893400Z   ✓ S10 backend-reroute-caught
make check (macos-latest)	make check (includes isolated install-to-accept demo)	2026-09-14T23:01:33.9377930Z   ✓ S10 status-change-allowed
make check (macos-latest)	make check (includes isolated install-to-accept demo)	2026-09-14T23:01:37.1728730Z   ✓ S10 tracker-writeback-allowed
make check (macos-latest)	make check (includes isolated install-to-accept demo)	2026-09-14T23:01:37.1784280Z ── Scenario 11: legacy v1 verification and re-stamp ──
make check (macos-latest)	make check (includes isolated install-to-accept demo)	2026-09-14T23:01:45.5594990Z   ✓ S11 legacy-v1-tier2
make check (macos-latest)	make check (includes isolated install-to-accept demo)	2026-09-14T23:01:45.5696750Z   ✓ S11 legacy-restamped-v3
make check (macos-latest)	make check (includes isolated install-to-accept demo)	2026-09-14T23:01:45.5797930Z   ✓ S11 legacy-v2-tier2
make check (macos-latest)	make check (includes isolated install-to-accept demo)	2026-09-14T23:01:45.5848150Z   ✓ S11 legacy-v2-restamped-v3
make check (macos-latest)	make check (includes isolated install-to-accept demo)	2026-09-14T23:01:45.5861720Z ── Scenario 12: re-stamp an amended spec ──
make check (macos-latest)	make check (includes isolated install-to-accept demo)	2026-09-14T23:01:50.0797470Z   ✓ S12 edit-breaks-seal
make check (macos-latest)	make check (includes isolated install-to-accept demo)	2026-09-14T23:01:50.0895040Z   ✓ S12 amendment-resealed
make check (macos-latest)	make check (includes isolated install-to-accept demo)	2026-09-14T23:01:50.0895320Z 
make check (macos-latest)	make check (includes isolated install-to-accept demo)	2026-09-14T23:01:50.0895890Z ========================================
make check (macos-latest)	make check (includes isolated install-to-accept demo)	2026-09-14T23:01:50.0997370Z Results: 41 passed, 0 failed
make check (macos-latest)	make check (includes isolated install-to-accept demo)	2026-09-14T23:01:50.1027310Z ========================================
make check (macos-latest)	make check (includes isolated install-to-accept demo)	2026-09-14T23:01:53.9825000Z go: downloading modernc.org/sqlite v1.56.0
make check (macos-latest)	make check (includes isolated install-to-accept demo)	2026-09-14T23:01:56.7620300Z go: downloading modernc.org/libc v1.74.4
make check (macos-latest)	make check (includes isolated install-to-accept demo)	2026-09-14T23:01:56.7631980Z go: downloading golang.org/x/sys v0.47.0
make check (macos-latest)	make check (includes isolated install-to-accept demo)	2026-09-14T23:01:59.0233280Z go: downloading github.com/mattn/go-isatty v0.0.24
make check (macos-latest)	make check (includes isolated install-to-accept demo)	2026-09-14T23:01:59.0234430Z go: downloading github.com/dustin/go-humanize v1.0.1
make check (macos-latest)	make check (includes isolated install-to-accept demo)	2026-09-14T23:01:59.0234980Z go: downloading github.com/google/uuid v1.6.0
make check (macos-latest)	make check (includes isolated install-to-accept demo)	2026-09-14T23:01:59.1050370Z go: downloading github.com/ncruces/go-strftime v1.0.0
make check (macos-latest)	make check (includes isolated install-to-accept demo)	2026-09-14T23:01:59.1080710Z go: downloading modernc.org/mathutil v1.7.1
make check (macos-latest)	make check (includes isolated install-to-accept demo)	2026-09-14T23:01:59.1085880Z go: downloading modernc.org/memory v1.11.0
make check (macos-latest)	make check (includes isolated install-to-accept demo)	2026-09-14T23:01:59.2052050Z go: downloading github.com/remyoudompheng/bigfft v0.0.0-20230129092748-24d4a6f8daec
make check (macos-latest)	make check (includes isolated install-to-accept demo)	2026-09-14T23:02:26.6746200Z MESH_ADAPTERS=READY
make check (macos-latest)	make check (includes isolated install-to-accept demo)	2026-09-14T23:02:38.9563990Z MESH_COCKPIT=READY
make check (macos-latest)	make check (includes isolated install-to-accept demo)	2026-09-14T23:02:45.1413000Z ok  	github.com/luanmorenomaciel/task-spec/mesh/cmd/taskspec-meshd	0.086s
make check (macos-latest)	make check (includes isolated install-to-accept demo)	2026-09-14T23:02:47.6532030Z ok  	github.com/luanmorenomaciel/task-spec/mesh/internal/mesh	2.582s
make check (macos-latest)	make check (includes isolated install-to-accept demo)	2026-09-14T23:02:53.6530850Z MESH_CONTRACTS=READY
make check (macos-latest)	make check (includes isolated install-to-accept demo)	2026-09-14T23:02:56.1995390Z MESH_DAEMON=READY
make check (macos-latest)	make check (includes isolated install-to-accept demo)	2026-09-14T23:03:12.9394480Z MESH_LEASES=READY
make check (macos-latest)	make check (includes isolated install-to-accept demo)	2026-09-14T23:03:28.1632170Z MESH_ROUTING_INTEGRATION=READY
make check (macos-latest)	make check (includes isolated install-to-accept demo)	2026-09-14T23:03:39.1060620Z MESH_ADAPTERS=READY
make check (macos-latest)	make check (includes isolated install-to-accept demo)	2026-09-14T23:03:48.0015800Z MESH_COCKPIT=READY
make check (macos-latest)	make check (includes isolated install-to-accept demo)	2026-09-14T23:03:48.0156310Z MESH_RECOVERY=READY
make check (macos-latest)	make check (includes isolated install-to-accept demo)	2026-09-14T23:03:48.0156730Z MESH_CONFORMANCE=READY
make check (macos-latest)	make check (includes isolated install-to-accept demo)	2026-09-14T23:03:49.0306550Z MESH_CONTRACTS=READY
make check (macos-latest)	make check (includes isolated install-to-accept demo)	2026-09-14T23:03:51.4312740Z MESH_DAEMON=READY
make check (macos-latest)	make check (includes isolated install-to-accept demo)	2026-09-14T23:04:01.2914860Z MESH_COCKPIT=READY
make check (macos-latest)	make check (includes isolated install-to-accept demo)	2026-09-14T23:04:01.3108240Z MESH_DEMO=READY
make check (macos-latest)	make check (includes isolated install-to-accept demo)	2026-09-14T23:04:27.7125130Z INSTALL=OK
make check (macos-latest)	make check (includes isolated install-to-accept demo)	2026-09-14T23:04:27.7133520Z MESH_INSTALL=READY
make check (macos-latest)	make check (includes isolated install-to-accept demo)	2026-09-14T23:04:28.3227080Z MESH_ISOLATION=UNAVAILABLE reason=docker
make check (macos-latest)	make check (includes isolated install-to-accept demo)	2026-09-14T23:04:50.0780220Z MESH_LEASES=READY
make check (macos-latest)	make check (includes isolated install-to-accept demo)	2026-09-14T23:05:07.6102040Z MESH_ROUTING_INTEGRATION=READY
make check (macos-latest)	make check (includes isolated install-to-accept demo)	2026-09-14T23:05:07.6704410Z ═══ Step 1: Install the agent surface into a fresh tempdir ═══
make check (macos-latest)	make check (includes isolated install-to-accept demo)	2026-09-14T23:05:08.1042040Z   ✓ install.sh succeeded
make check (macos-latest)	make check (includes isolated install-to-accept demo)	2026-09-14T23:05:08.1044640Z   ✓ installed: agents/task-architect.md
make check (macos-latest)	make check (includes isolated install-to-accept demo)	2026-09-14T23:05:08.1052420Z   ✓ installed: skills/task-spec/SKILL.md
make check (macos-latest)	make check (includes isolated install-to-accept demo)	2026-09-14T23:05:08.1097130Z 
make check (macos-latest)	make check (includes isolated install-to-accept demo)	2026-09-14T23:05:08.1104910Z ═══ Step 2: --version reports task-spec v3.10.0 ═══
make check (macos-latest)	make check (includes isolated install-to-accept demo)	2026-09-14T23:05:08.1232850Z   ✓ install --version → task-spec v3.10.0
make check (macos-latest)	make check (includes isolated install-to-accept demo)	2026-09-14T23:05:08.1369060Z   ✓ validate-task-spec --version → task-spec v3.10.0
make check (macos-latest)	make check (includes isolated install-to-accept demo)	2026-09-14T23:05:08.1490980Z   ✓ safe-to-delegate --version → task-spec v3.10.0
make check (macos-latest)	make check (includes isolated install-to-accept demo)	2026-09-14T23:05:08.1606350Z   ✓ generate-task-spec --version → task-spec v3.10.0
make check (macos-latest)	make check (includes isolated install-to-accept demo)	2026-09-14T23:05:08.1740970Z   ✓ list-ready --version → task-spec v3.10.0
make check (macos-latest)	make check (includes isolated install-to-accept demo)	2026-09-14T23:05:08.1745860Z 
make check (macos-latest)	make check (includes isolated install-to-accept demo)	2026-09-14T23:05:08.1746890Z ═══ Step 3: GENERATE a spec ═══
make check (macos-latest)	make check (includes isolated install-to-accept demo)	2026-09-14T23:05:08.3722560Z   ✓ generator wrote a spec
make check (macos-latest)	make check (includes isolated install-to-accept demo)	2026-09-14T23:05:08.3745140Z   ✓ generator stamped version 3.10.0
make check (macos-latest)	make check (includes isolated install-to-accept demo)	2026-09-14T23:05:08.3768600Z   ✓ generator printed --stamp breadcrumb
make check (macos-latest)	make check (includes isolated install-to-accept demo)	2026-09-14T23:05:08.3798430Z   ✓ spec file present at tasks/T-20260914-e2e-health-endpoint.md
make check (macos-latest)	make check (includes isolated install-to-accept demo)	2026-09-14T23:05:08.3798860Z 
make check (macos-latest)	make check (includes isolated install-to-accept demo)	2026-09-14T23:05:08.3799370Z ═══ Step 4: Fill stubs (synthesize a minimal valid spec) ═══
make check (macos-latest)	make check (includes isolated install-to-accept demo)	2026-09-14T23:05:08.3827310Z captured spec id: T-20260914-e2e-health-endpoint
make check (macos-latest)	make check (includes isolated install-to-accept demo)	2026-09-14T23:05:09.0229810Z   ✓ validate-task-spec.sh exits 0 on synthesized spec
make check (macos-latest)	make check (includes isolated install-to-accept demo)	2026-09-14T23:05:09.0230700Z 
make check (macos-latest)	make check (includes isolated install-to-accept demo)	2026-09-14T23:05:09.0234440Z ═══ Step 5: GATE (taskspec gate --stamp) ═══
make check (macos-latest)	make check (includes isolated install-to-accept demo)	2026-09-14T23:05:10.0758050Z   ✓ gate reported DELEGATE
make check (macos-latest)	make check (includes isolated install-to-accept demo)	2026-09-14T23:05:10.0783870Z   ✓ gate stamped signed_off:true
make check (macos-latest)	make check (includes isolated install-to-accept demo)	2026-09-14T23:05:10.0868490Z   ✓ spec frontmatter signed_off: true
make check (macos-latest)	make check (includes isolated install-to-accept demo)	2026-09-14T23:05:10.0869050Z   ✓ spec frontmatter signed_off_by: e2e-test
make check (macos-latest)	make check (includes isolated install-to-accept demo)	2026-09-14T23:05:10.0869470Z   ✓ spec frontmatter signed_off_at is ISO-8601
make check (macos-latest)	make check (includes isolated install-to-accept demo)	2026-09-14T23:05:10.8595970Z   ✓ validate accepts the stamped spec (sign-off envelope OK)
make check (macos-latest)	make check (includes isolated install-to-accept demo)	2026-09-14T23:05:10.8596360Z 
make check (macos-latest)	make check (includes isolated install-to-accept demo)	2026-09-14T23:05:10.8596590Z ═══ Step 6: Schema fidelity (Python consumer) ═══
make check (macos-latest)	make check (includes isolated install-to-accept demo)	2026-09-14T23:05:10.8631170Z   ✓ copied golden fixture into tempdir
make check (macos-latest)	make check (includes isolated install-to-accept demo)	2026-09-14T23:05:10.8632970Z   ✓ python consumer present at docs/examples/consume-task-spec.py
make check (macos-latest)	make check (includes isolated install-to-accept demo)	2026-09-14T23:05:10.8633710Z   ✓ python consumer canonical schemas are packaged under spec/schemas
make check (macos-latest)	make check (includes isolated install-to-accept demo)	2026-09-14T23:05:11.0246490Z   ✓ python consumer parsed golden fixture (exit 0)
make check (macos-latest)	make check (includes isolated install-to-accept demo)	2026-09-14T23:05:11.0246820Z 
make check (macos-latest)	make check (includes isolated install-to-accept demo)	2026-09-14T23:05:11.0247040Z ═══ Step 7: Cross-engine equivalence (Python vs TypeScript) ═══
make check (macos-latest)	make check (includes isolated install-to-accept demo)	2026-09-14T23:05:11.1518440Z   ✓ node present (v24.20.0) — attempting cross-engine proof
make check (macos-latest)	make check (includes isolated install-to-accept demo)	2026-09-14T23:05:11.1522380Z   installing TS consumer deps (npm install, 120s budget)…
make check (macos-latest)	make check (includes isolated install-to-accept demo)	2026-09-14T23:05:16.5678050Z   ✓ typescript consumer parsed golden fixture (exit 0)
make check (macos-latest)	make check (includes isolated install-to-accept demo)	2026-09-14T23:05:16.6646360Z   ✓ cross-engine equivalence: id/status/execution_backend/signed_off + ordered eval_ids + canonicalized validation_card ALL EQUAL
make check (macos-latest)	make check (includes isolated install-to-accept demo)	2026-09-14T23:05:16.6649490Z       both engines: {"eval_ids": ["eval_1"], "execution_backend": "any", "id": "T-20260602-golden", "signed_off": false, "status": "ready", "validation_card": {"agent_contract": {"read": ["intent", "contract", "guardrails", "operations"]}, "retry_policy": {"circuit_breaker_no_progress": 3, "max_iterations": 15, "on_terminal_failure": "park_with_context"}, "success_criteria_keys": [{"check_type": "deterministic", "description": "synthetic", "expected_duration_sec": 1, "id": "eval_1", "runnable": "bash", "terminal": true}]}}
make check (macos-latest)	make check (includes isolated install-to-accept demo)	2026-09-14T23:05:16.6652060Z 
make check (macos-latest)	make check (includes isolated install-to-accept demo)	2026-09-14T23:05:16.6652200Z ========================================
make check (macos-latest)	make check (includes isolated install-to-accept demo)	2026-09-14T23:05:16.6652550Z Results: 26 passed, 0 failed
make check (macos-latest)	make check (includes isolated install-to-accept demo)	2026-09-14T23:05:16.6652810Z ========================================
make check (macos-latest)	make check (includes isolated install-to-accept demo)	2026-09-14T23:05:17.9493150Z OFFICIAL_PROTOCOL_SDK=UNAVAILABLE retained evidence verified
make check (macos-latest)	make check (includes isolated install-to-accept demo)	2026-09-14T23:05:17.9494710Z PROTOCOL_CONFORMANCE=READY
make check (macos-latest)	make check (includes isolated install-to-accept demo)	2026-09-14T23:05:18.0019500Z README_COMMANDS=READY commands=24 images=9 mermaid=4
make check (macos-latest)	make check (includes isolated install-to-accept demo)	2026-09-14T23:05:18.0724220Z RELEASE_STATUS=OK
make check (macos-latest)	make check (includes isolated install-to-accept demo)	2026-09-14T23:05:18.2159330Z CLI_REFERENCE=OK
make check (macos-latest)	make check (includes isolated install-to-accept demo)	2026-09-14T23:05:19.3934470Z RELEASE_AUDIT_TESTS=READY
make check (macos-latest)	make check (includes isolated install-to-accept demo)	2026-09-14T23:05:19.6170780Z RELEASE_EVIDENCE_CONTRACTS=READY
make check (macos-latest)	make check (includes isolated install-to-accept demo)	2026-09-14T23:05:30.2153440Z RELEASE_PACKAGING=READY
make check (macos-latest)	make check (includes isolated install-to-accept demo)	2026-09-14T23:05:30.7319570Z tests/test-release-provenance.sh: line 77: rg: command not found
make check (macos-latest)	make check (includes isolated install-to-accept demo)	2026-09-14T23:05:30.7879530Z PRIVATE_PROVENANCE=READY
make check (macos-latest)	make check (includes isolated install-to-accept demo)	2026-09-14T23:05:30.8006160Z test-repo-layout.sh
make check (macos-latest)	make check (includes isolated install-to-accept demo)	2026-09-14T23:05:30.8010250Z ════════════════════════════════════════
make check (macos-latest)	make check (includes isolated install-to-accept demo)	2026-09-14T23:05:30.8275230Z   ok   top-level directories match the manifest (16 declared)
make check (macos-latest)	make check (includes isolated install-to-accept demo)	2026-09-14T23:05:30.8509790Z   ok   root files match the manifest (16 declared)
make check (macos-latest)	make check (includes isolated install-to-accept demo)	2026-09-14T23:05:30.9387620Z   ok   every top-level directory appears in the AGENTS.md layout table
make check (macos-latest)	make check (includes isolated install-to-accept demo)	2026-09-14T23:05:31.1448860Z   ok   no undeclared single-file top-level directory
make check (macos-latest)	make check (includes isolated install-to-accept demo)	2026-09-14T23:05:31.1456350Z   ok   no retired top-level or nested path reappeared
make check (macos-latest)	make check (includes isolated install-to-accept demo)	2026-09-14T23:05:33.1057340Z   ok   no live file references a pre-consolidation path
make check (macos-latest)	make check (includes isolated install-to-accept demo)	2026-09-14T23:05:33.1539590Z   ok   every byte-for-byte SKILL.md copy matches root SKILL.md
make check (macos-latest)	make check (includes isolated install-to-accept demo)	2026-09-14T23:05:33.1644500Z   ok   fixtures live under exactly one root (tests/fixtures/)
make check (macos-latest)	make check (includes isolated install-to-accept demo)	2026-09-14T23:05:33.1978550Z   ok   every digest-pinned evidence path still resolves
make check (macos-latest)	make check (includes isolated install-to-accept demo)	2026-09-14T23:05:33.2061160Z   ok   docs/runbooks/ stays closed (12 of 12; new how-tos go in docs/guides/)
make check (macos-latest)	make check (includes isolated install-to-accept demo)	2026-09-14T23:05:33.2061970Z   ok   every grouped directory has a README or index
make check (macos-latest)	make check (includes isolated install-to-accept demo)	2026-09-14T23:05:33.2062520Z ════════════════════════════════════════
make check (macos-latest)	make check (includes isolated install-to-accept demo)	2026-09-14T23:05:33.2062880Z REPO_LAYOUT=OK (11 checks)
make check (macos-latest)	make check (includes isolated install-to-accept demo)	2026-09-14T23:05:33.2125770Z test-repo-organization-e2e.sh
make check (macos-latest)	make check (includes isolated install-to-accept demo)	2026-09-14T23:05:33.2126450Z ════════════════════════════════════════
make check (macos-latest)	make check (includes isolated install-to-accept demo)	2026-09-14T23:05:33.2247120Z   ok   live backlog has 15 open T-*.md file(s)
make check (macos-latest)	make check (includes isolated install-to-accept demo)	2026-09-14T23:05:33.2558920Z   ok   every parked spec is a non-executable composition node (2)
make check (macos-latest)	make check (includes isolated install-to-accept demo)	2026-09-14T23:05:33.4469970Z   ok   every accepted done leaf has an AcceptanceRecord (20)
make check (macos-latest)	make check (includes isolated install-to-accept demo)	2026-09-14T23:05:33.4470640Z   ok   tasks/.plans/ still has the 3.8.1 and 3.9.0 TaskPlan manifests
make check (macos-latest)	make check (includes isolated install-to-accept demo)	2026-09-14T23:05:33.4589460Z   ok   spec README, docs/index, and root README agree on orientation
make check (macos-latest)	make check (includes isolated install-to-accept demo)	2026-09-14T23:05:33.5028820Z   ok   taskspec doctor → DOCTOR=READY
make check (macos-latest)	make check (includes isolated install-to-accept demo)	2026-09-14T23:05:39.7622770Z   ok   taskspec demo walks plan → seal → handoff → accept
make check (macos-latest)	make check (includes isolated install-to-accept demo)	2026-09-14T23:05:40.0748800Z   ok   graph --check is clean and ready rows agree with the live backlog
make check (macos-latest)	make check (includes isolated install-to-accept demo)	2026-09-14T23:05:45.3929260Z   ok   every parked composition node still validates
make check (macos-latest)	make check (includes isolated install-to-accept demo)	2026-09-14T23:05:45.3930150Z ════════════════════════════════════════
make check (macos-latest)	make check (includes isolated install-to-accept demo)	2026-09-14T23:05:45.3930820Z REPO_ORGANIZATION=OK (9 checks)
make check (macos-latest)	make check (includes isolated install-to-accept demo)	2026-09-14T23:05:45.5382760Z SCHEMAS=READY count=58 fixtures=18
make check (macos-latest)	make check (includes isolated install-to-accept demo)	2026-09-14T23:05:45.5682220Z === 1. generate-task-spec.sh ===
make check (macos-latest)	make check (includes isolated install-to-accept demo)	2026-09-14T23:05:45.8038070Z   ✓ generator created tasks/T-20260914-test-self-test-suite.md
make check (macos-latest)	make check (includes isolated install-to-accept demo)	2026-09-14T23:05:45.8120310Z   ✓ id in frontmatter matches filename
make check (macos-latest)	make check (includes isolated install-to-accept demo)	2026-09-14T23:05:45.8121480Z === 2. Fill generated file with valid v2 content ===
make check (macos-latest)	make check (includes isolated install-to-accept demo)	2026-09-14T23:05:45.8160900Z   ✓ wrote valid v2 task spec
make check (macos-latest)	make check (includes isolated install-to-accept demo)	2026-09-14T23:05:45.8161630Z === 3. validate-task-spec.sh (expect PASS) ===
make check (macos-latest)	make check (includes isolated install-to-accept demo)	2026-09-14T23:05:46.8537140Z   ✓ validator passes on valid task
make check (macos-latest)	make check (includes isolated install-to-accept demo)	2026-09-14T23:05:46.8611410Z === 4. validate-task-spec.sh with controlled error (expect FAIL) ===
make check (macos-latest)	make check (includes isolated install-to-accept demo)	2026-09-14T23:05:47.6224760Z   ✓ validator catches placeholder regression
make check (macos-latest)	make check (includes isolated install-to-accept demo)	2026-09-14T23:05:49.3584750Z   ✓ pre-gate authorizes the unbuilt task
make check (macos-latest)	make check (includes isolated install-to-accept demo)	2026-09-14T23:05:49.3675310Z === 5. transition-status.sh: ready → in-progress ===
make check (macos-latest)	make check (includes isolated install-to-accept demo)	2026-09-14T23:05:49.7561350Z   ✓ transition to in-progress succeeds
make check (macos-latest)	make check (includes isolated install-to-accept demo)	2026-09-14T23:05:49.7581820Z   ✓ status updated to in-progress
make check (macos-latest)	make check (includes isolated install-to-accept demo)	2026-09-14T23:05:49.7583410Z   ✓ file remains in tasks/ for active status
make check (macos-latest)	make check (includes isolated install-to-accept demo)	2026-09-14T23:05:49.8599310Z   ✓ transition to done is blocked before acceptance
make check (macos-latest)	make check (includes isolated install-to-accept demo)	2026-09-14T23:05:50.4434290Z   ✓ post-gate accepts and stamps the completed task
make check (macos-latest)	make check (includes isolated install-to-accept demo)	2026-09-14T23:05:50.4434870Z === 6. transition-status.sh: in-progress → done ===
make check (macos-latest)	make check (includes isolated install-to-accept demo)	2026-09-14T23:05:50.8278220Z   ✓ transition to done succeeds
make check (macos-latest)	make check (includes isolated install-to-accept demo)	2026-09-14T23:05:50.8279260Z   ✓ file moved to tasks/done/
make check (macos-latest)	make check (includes isolated install-to-accept demo)	2026-09-14T23:05:50.8279710Z   ✓ file no longer in tasks/
make check (macos-latest)	make check (includes isolated install-to-accept demo)	2026-09-14T23:05:50.8281570Z === 7. rebuild-state.sh ===
make check (macos-latest)	make check (includes isolated install-to-accept demo)	2026-09-14T23:05:51.0083580Z   ✓ rebuild-state succeeds
make check (macos-latest)	make check (includes isolated install-to-accept demo)	2026-09-14T23:05:51.0084240Z   ✓ _state.yaml created
make check (macos-latest)	make check (includes isolated install-to-accept demo)	2026-09-14T23:05:51.0122960Z   ✓ _state.yaml contains test task
make check (macos-latest)	make check (includes isolated install-to-accept demo)	2026-09-14T23:05:51.0151700Z   ✓ _state.yaml reflects done status
make check (macos-latest)	make check (includes isolated install-to-accept demo)	2026-09-14T23:05:51.1770740Z   ✓ rebuild-state is byte-deterministic
make check (macos-latest)	make check (includes isolated install-to-accept demo)	2026-09-14T23:05:51.1771390Z === 8. list-ready.sh ===
make check (macos-latest)	make check (includes isolated install-to-accept demo)	2026-09-14T23:05:51.2587160Z   ✓ list-ready excludes done task
make check (macos-latest)	make check (includes isolated install-to-accept demo)	2026-09-14T23:05:51.2601610Z === 9. archive.sh ===
make check (macos-latest)	make check (includes isolated install-to-accept demo)	2026-09-14T23:05:51.4785780Z   ✓ archive is no-op for already-archived task
make check (macos-latest)	make check (includes isolated install-to-accept demo)	2026-09-14T23:05:51.4786780Z === 10. backup-backlog.sh ===
make check (macos-latest)	make check (includes isolated install-to-accept demo)	2026-09-14T23:05:51.5336340Z   ✓ backup-backlog succeeds
make check (macos-latest)	make check (includes isolated install-to-accept demo)	2026-09-14T23:05:51.5390860Z   ✓ backup archive created
make check (macos-latest)	make check (includes isolated install-to-accept demo)	2026-09-14T23:05:51.5391520Z === 11. safe-to-delegate.sh (pre-delegation gate) ===
make check (macos-latest)	make check (includes isolated install-to-accept demo)	2026-09-14T23:05:52.8439660Z   ✓ safe-to-delegate clears a valid spec
make check (macos-latest)	make check (includes isolated install-to-accept demo)	2026-09-14T23:05:53.9103770Z   ✓ safe-to-delegate blocks a broken-eval spec
make check (macos-latest)	make check (includes isolated install-to-accept demo)	2026-09-14T23:05:53.9146220Z 
make check (macos-latest)	make check (includes isolated install-to-accept demo)	2026-09-14T23:05:53.9148700Z ========================================
make check (macos-latest)	make check (includes isolated install-to-accept demo)	2026-09-14T23:05:53.9150440Z Results: 25 passed, 0 failed
make check (macos-latest)	make check (includes isolated install-to-accept demo)	2026-09-14T23:05:53.9150750Z ========================================
make check (macos-latest)	make check (includes isolated install-to-accept demo)	2026-09-14T23:05:53.9443600Z MESH_ISOLATION=UNAVAILABLE reason=docker
make check (macos-latest)	make check (includes isolated install-to-accept demo)	2026-09-14T23:05:54.2970890Z TOOLKIT_AUTHORING=PASS
make check (macos-latest)	make check (includes isolated install-to-accept demo)	2026-09-14T23:05:54.3455350Z TOOLKIT_CONFORMANCE=PASS optional recipe, self-contained schemas, and complete lineage shape
make check (macos-latest)	make check (includes isolated install-to-accept demo)	2026-09-14T23:05:54.3805300Z TOOLKIT_CI=CONFIGURED hosted execution not inferred
make check (macos-latest)	make check (includes isolated install-to-accept demo)	2026-09-14T23:06:04.6446840Z TOOLKIT_CLI=PASS
make check (macos-latest)	make check (includes isolated install-to-accept demo)	2026-09-14T23:06:19.1824750Z TOOLKIT_DECOMPOSE=PASS
make check (macos-latest)	make check (includes isolated install-to-accept demo)	2026-09-14T23:06:19.2710070Z TOOLKIT_EXPERIENCE=PASS static resources and trace-oracle negatives; live chat quality not inferred
make check (macos-latest)	make check (includes isolated install-to-accept demo)	2026-09-14T23:06:20.9301700Z TOOLKIT_GUIDES=PASS
make check (macos-latest)	make check (includes isolated install-to-accept demo)	2026-09-14T23:06:41.7197900Z TOOLKIT_DECOMPOSE=PASS
make check (macos-latest)	make check (includes isolated install-to-accept demo)	2026-09-14T23:06:47.1991450Z TOOLKIT_INSTALL=PASS clean private runtime, path spaces, version identity, and corrupted-resource refusal
make check (macos-latest)	make check (includes isolated install-to-accept demo)	2026-09-14T23:06:48.1531650Z ok  	github.com/luanmorenomaciel/task-spec/mesh/internal/mesh	(cached)
make check (macos-latest)	make check (includes isolated install-to-accept demo)	2026-09-14T23:07:03.4259110Z TOOLKIT_MESH=PASS
make check (macos-latest)	make check (includes isolated install-to-accept demo)	2026-09-14T23:07:03.6205560Z TOOLKIT_PERMISSION_GUARD=PASS recorded denial stops continuation; ordinary eval and validation failures remain distinct
make check (macos-latest)	make check (includes isolated install-to-accept demo)	2026-09-14T23:07:03.8171900Z {"state": "paused", "before_block": 1, "reason": "Review the observed permission denial.", "next": "Inspect retained runs and remove the explicit PAUSE file only when authorized to continue."}
make check (macos-latest)	make check (includes isolated install-to-accept demo)	2026-09-14T23:07:03.8185440Z TOOLKIT_PILOT_RECORDING=PASS prospective intervals, censored failures, retained outputs, tamper detection, cohort pause
make check (macos-latest)	make check (includes isolated install-to-accept demo)	2026-09-14T23:07:03.9463820Z TOOLKIT_RUNTIME=PASS
make check (macos-latest)	make check (includes isolated install-to-accept demo)	2026-09-14T23:07:04.6604750Z TOOLKIT_SDLC=PASS
make check (macos-latest)	make check (includes isolated install-to-accept demo)	2026-09-14T23:07:04.7574840Z === Phase 1: AUTHOR a solvable v3 standard spec ===
make check (macos-latest)	make check (includes isolated install-to-accept demo)	2026-09-14T23:07:04.7607700Z   ✓ spec file authored
make check (macos-latest)	make check (includes isolated install-to-accept demo)	2026-09-14T23:07:04.7608120Z === Phase 2: VALIDATE (structural + profile + traceability) ===
make check (macos-latest)	make check (includes isolated install-to-accept demo)	2026-09-14T23:07:05.5075890Z   ✓ validate passes (rc=0)
make check (macos-latest)	make check (includes isolated install-to-accept demo)	2026-09-14T23:07:05.5109000Z   ✓ validate reports v3 + standard profile
make check (macos-latest)	make check (includes isolated install-to-accept demo)	2026-09-14T23:07:05.5147140Z   ✓ validate maps status→A2A submitted
make check (macos-latest)	make check (includes isolated install-to-accept demo)	2026-09-14T23:07:05.5148520Z === Phase 3: PRE-GATE (safe-to-delegate --stamp) ===
make check (macos-latest)	make check (includes isolated install-to-accept demo)	2026-09-14T23:07:06.6643300Z   ✓ pre-gate verdict DELEGATE (rc=0)
make check (macos-latest)	make check (includes isolated install-to-accept demo)	2026-09-14T23:07:06.6671440Z   ✓ pre-gate stamped signed_off: true
make check (macos-latest)	make check (includes isolated install-to-accept demo)	2026-09-14T23:07:06.6695610Z   ✓ pre-gate sealed HMAC (Tier 1)
make check (macos-latest)	make check (includes isolated install-to-accept demo)	2026-09-14T23:07:07.5178890Z === Phase 4: DISPATCH (reference executor drives the work) ===
make check (macos-latest)	make check (includes isolated install-to-accept demo)	2026-09-14T23:07:08.1598440Z   ✓ executor created src/feature.txt == 'done'
make check (macos-latest)	make check (includes isolated install-to-accept demo)	2026-09-14T23:07:08.1627210Z   ✓ executor leaves passing work in-progress pending acceptance
make check (macos-latest)	make check (includes isolated install-to-accept demo)	2026-09-14T23:07:08.1629150Z === Phase 5: ACCEPT (post-execution gate) ===
make check (macos-latest)	make check (includes isolated install-to-accept demo)	2026-09-14T23:07:08.7891140Z     accept-task: /var/folders/36/tjdph2t965j8snz9_vkdnw0r0000gn/T/tmp.7IHotjJfWg/tasks/T-20260618-e2e-closed-loop.md
make check (macos-latest)	make check (includes isolated install-to-accept demo)	2026-09-14T23:07:08.7893130Z     ────────────────────────────────────────────────────────
make check (macos-latest)	make check (includes isolated install-to-accept demo)	2026-09-14T23:07:08.7893750Z     A. Independent evaluation ...
make check (macos-latest)	make check (includes isolated install-to-accept demo)	2026-09-14T23:07:08.7894620Z        PASS — Exit Check returned 0
make check (macos-latest)	make check (includes isolated install-to-accept demo)	2026-09-14T23:07:08.7896470Z     B. Handoff, graph, base commit, and blast radius ...
make check (macos-latest)	make check (includes isolated install-to-accept demo)	2026-09-14T23:07:08.7897500Z        PASS — revision, closure, Git base, and write scope agree
make check (macos-latest)	make check (includes isolated install-to-accept demo)	2026-09-14T23:07:08.7898010Z     C. Authorization integrity ...
make check (macos-latest)	make check (includes isolated install-to-accept demo)	2026-09-14T23:07:08.7898660Z        PASS — TaskAuthorization/v3 verifies
make check (macos-latest)	make check (includes isolated install-to-accept demo)	2026-09-14T23:07:08.7899200Z     E. Sealed evidence policy ...
make check (macos-latest)	make check (includes isolated install-to-accept demo)	2026-09-14T23:07:08.7908480Z        PASS — required evidence matches this attempt
make check (macos-latest)	make check (includes isolated install-to-accept demo)	2026-09-14T23:07:08.7908940Z     ────────────────────────────────────────────────────────
make check (macos-latest)	make check (includes isolated install-to-accept demo)	2026-09-14T23:07:08.7912130Z        stamped — {"acceptance_record": "/private/var/folders/36/tjdph2t965j8snz9_vkdnw0r0000gn/T/tmp.7IHotjJfWg/.taskspec/acceptance/T-20260618-e2e-closed-loop/f949e062-92c1-4a32-b752-bed084adda1b.json", "acceptance_record_digest": "sha256:470a6818b0cc6ad69a0936ab5dbce6d962fbdd41ba4656ab6b56df785a52cc73", "accepted": true, "attempt_id": "f949e062-92c1-4a32-b752-bed084adda1b", "contract": "AcceptanceFinalized/v1", "task_id": "T-20260618-e2e-closed-loop", "tier": 1}
make check (macos-latest)	make check (includes isolated install-to-accept demo)	2026-09-14T23:07:08.7914010Z     VERDICT: ACCEPT — Tier 1 evidence is bound to the authorized task attempt
make check (macos-latest)	make check (includes isolated install-to-accept demo)	2026-09-14T23:07:08.7914430Z     ACCEPTED=1
make check (macos-latest)	make check (includes isolated install-to-accept demo)	2026-09-14T23:07:08.7915300Z   ✓ accept verdict ACCEPT (rc=0)
make check (macos-latest)	make check (includes isolated install-to-accept demo)	2026-09-14T23:07:08.7929190Z   ✓ accept stamped accepted: true
make check (macos-latest)	make check (includes isolated install-to-accept demo)	2026-09-14T23:07:08.7963890Z   ✓ accept emitted ACCEPTED=1
make check (macos-latest)	make check (includes isolated install-to-accept demo)	2026-09-14T23:07:08.7996640Z   ✓ accept GATE A (evals pass) reported
make check (macos-latest)	make check (includes isolated install-to-accept demo)	2026-09-14T23:07:08.7999310Z === Phase 6: NEGATIVE — blast-radius breach is REJECTED ===
make check (macos-latest)	make check (includes isolated install-to-accept demo)	2026-09-14T23:07:09.3634950Z   ✓ breach REJECTED (rc=1)
make check (macos-latest)	make check (includes isolated install-to-accept demo)	2026-09-14T23:07:09.3669460Z   ✓ breach names the out-of-scope file
make check (macos-latest)	make check (includes isolated install-to-accept demo)	2026-09-14T23:07:09.8115920Z   ✓ accepted work transitions status → done
make check (macos-latest)	make check (includes isolated install-to-accept demo)	2026-09-14T23:07:09.8117150Z === Phase 7: LOOP CLOSED — final spec validates with full envelope ===
make check (macos-latest)	make check (includes isolated install-to-accept demo)	2026-09-14T23:07:10.7448410Z   ✓ final validate passes
make check (macos-latest)	make check (includes isolated install-to-accept demo)	2026-09-14T23:07:10.7493720Z   ✓ final validate confirms Tier-1 HMAC
make check (macos-latest)	make check (includes isolated install-to-accept demo)	2026-09-14T23:07:10.7494470Z 
make check (macos-latest)	make check (includes isolated install-to-accept demo)	2026-09-14T23:07:10.7494930Z ========================================
make check (macos-latest)	make check (includes isolated install-to-accept demo)	2026-09-14T23:07:10.7495750Z Results: 18 passed, 0 failed
make check (macos-latest)	make check (includes isolated install-to-accept demo)	2026-09-14T23:07:10.7496400Z ========================================
make check (macos-latest)	make check (includes isolated install-to-accept demo)	2026-09-14T23:07:10.7882550Z == install ==
make check (macos-latest)	make check (includes isolated install-to-accept demo)	2026-09-14T23:07:11.8157780Z   ✓ copy install
make check (macos-latest)	make check (includes isolated install-to-accept demo)	2026-09-14T23:07:12.2401580Z   ✓ idempotent install
make check (macos-latest)	make check (includes isolated install-to-accept demo)	2026-09-14T23:07:12.3866160Z   ✓ equivalent harness skills
make check (macos-latest)	make check (includes isolated install-to-accept demo)	2026-09-14T23:07:13.4847540Z   ✓ global user install
make check (macos-latest)	make check (includes isolated install-to-accept demo)	2026-09-14T23:07:13.7203210Z   ✓ checkout symlink install
make check (macos-latest)	make check (includes isolated install-to-accept demo)	2026-09-14T23:07:14.9857830Z   ✓ skills-only install
make check (macos-latest)	make check (includes isolated install-to-accept demo)	2026-09-14T23:07:15.6656450Z   ✓ unmanaged destination is preserved
make check (macos-latest)	make check (includes isolated install-to-accept demo)	2026-09-14T23:07:16.9366820Z   ✓ forced replacement leaves a backup
make check (macos-latest)	make check (includes isolated install-to-accept demo)	2026-09-14T23:07:17.6261690Z   ✓ managed launcher upgrades safely
make check (macos-latest)	make check (includes isolated install-to-accept demo)	2026-09-14T23:07:17.6525940Z   ✓ installed version
make check (macos-latest)	make check (includes isolated install-to-accept demo)	2026-09-14T23:07:23.6531620Z   ✓ installed isolated demo
make check (macos-latest)	make check (includes isolated install-to-accept demo)	2026-09-14T23:07:23.7126210Z   ✓ agent context JSON
make check (macos-latest)	make check (includes isolated install-to-accept demo)	2026-09-14T23:07:23.7668010Z   ✓ agent context covers the complete public command and schema surfaces
make check (macos-latest)	make check (includes isolated install-to-accept demo)	2026-09-14T23:07:23.7868000Z   ✓ agent guidance surfaces share the 3.9 lifecycle
make check (macos-latest)	make check (includes isolated install-to-accept demo)	2026-09-14T23:07:23.8882870Z   ✓ global JSON envelope
make check (macos-latest)	make check (includes isolated install-to-accept demo)	2026-09-14T23:07:23.9422410Z   ✓ per-command help init
make check (macos-latest)	make check (includes isolated install-to-accept demo)	2026-09-14T23:07:23.9971620Z   ✓ per-command help setup
make check (macos-latest)	make check (includes isolated install-to-accept demo)	2026-09-14T23:07:24.0487290Z   ✓ per-command help demo
make check (macos-latest)	make check (includes isolated install-to-accept demo)	2026-09-14T23:07:24.1029580Z   ✓ per-command help new
make check (macos-latest)	make check (includes isolated install-to-accept demo)	2026-09-14T23:07:24.1534580Z   ✓ per-command help plan
make check (macos-latest)	make check (includes isolated install-to-accept demo)	2026-09-14T23:07:24.2059970Z   ✓ per-command help batch
make check (macos-latest)	make check (includes isolated install-to-accept demo)	2026-09-14T23:07:24.2561810Z   ✓ per-command help migrate
make check (macos-latest)	make check (includes isolated install-to-accept demo)	2026-09-14T23:07:24.3073410Z   ✓ per-command help validate
make check (macos-latest)	make check (includes isolated install-to-accept demo)	2026-09-14T23:07:24.3518080Z   ✓ per-command help dod
make check (macos-latest)	make check (includes isolated install-to-accept demo)	2026-09-14T23:07:24.4103010Z   ✓ per-command help gate
make check (macos-latest)	make check (includes isolated install-to-accept demo)	2026-09-14T23:07:24.4624560Z   ✓ per-command help handoff
make check (macos-latest)	make check (includes isolated install-to-accept demo)	2026-09-14T23:07:24.5132260Z   ✓ per-command help run
make check (macos-latest)	make check (includes isolated install-to-accept demo)	2026-09-14T23:07:24.5701660Z   ✓ per-command help accept
make check (macos-latest)	make check (includes isolated install-to-accept demo)	2026-09-14T23:07:24.6334000Z   ✓ per-command help author-doctor
make check (macos-latest)	make check (includes isolated install-to-accept demo)	2026-09-14T23:07:24.6908730Z   ✓ per-command help holdout
make check (macos-latest)	make check (includes isolated install-to-accept demo)	2026-09-14T23:07:24.7510470Z   ✓ per-command help receipt
make check (macos-latest)	make check (includes isolated install-to-accept demo)	2026-09-14T23:07:24.8166940Z   ✓ per-command help dsse
make check (macos-latest)	make check (includes isolated install-to-accept demo)	2026-09-14T23:07:24.8945200Z   ✓ per-command help eval-audit
make check (macos-latest)	make check (includes isolated install-to-accept demo)	2026-09-14T23:07:24.9544040Z   ✓ per-command help identity
make check (macos-latest)	make check (includes isolated install-to-accept demo)	2026-09-14T23:07:25.0141360Z   ✓ per-command help evidence
make check (macos-latest)	make check (includes isolated install-to-accept demo)	2026-09-14T23:07:25.0874030Z   ✓ per-command help bridge
make check (macos-latest)	make check (includes isolated install-to-accept demo)	2026-09-14T23:07:25.1450170Z   ✓ per-command help mcp
make check (macos-latest)	make check (includes isolated install-to-accept demo)	2026-09-14T23:07:25.2005020Z   ✓ per-command help mesh
make check (macos-latest)	make check (includes isolated install-to-accept demo)	2026-09-14T23:07:25.2594670Z   ✓ per-command help ready
make check (macos-latest)	make check (includes isolated install-to-accept demo)	2026-09-14T23:07:25.3164330Z   ✓ per-command help graph
make check (macos-latest)	make check (includes isolated install-to-accept demo)	2026-09-14T23:07:25.3809480Z   ✓ per-command help status
make check (macos-latest)	make check (includes isolated install-to-accept demo)	2026-09-14T23:07:25.4424020Z   ✓ per-command help lint
make check (macos-latest)	make check (includes isolated install-to-accept demo)	2026-09-14T23:07:25.5045820Z   ✓ per-command help transition
make check (macos-latest)	make check (includes isolated install-to-accept demo)	2026-09-14T23:07:25.5609500Z   ✓ per-command help rebuild-state
make check (macos-latest)	make check (includes isolated install-to-accept demo)	2026-09-14T23:07:25.6198240Z   ✓ per-command help archive
make check (macos-latest)	make check (includes isolated install-to-accept demo)	2026-09-14T23:07:25.6867330Z   ✓ per-command help backup
make check (macos-latest)	make check (includes isolated install-to-accept demo)	2026-09-14T23:07:25.7544390Z   ✓ per-command help metrics
make check (macos-latest)	make check (includes isolated install-to-accept demo)	2026-09-14T23:07:25.8102940Z   ✓ per-command help conformance
make check (macos-latest)	make check (includes isolated install-to-accept demo)	2026-09-14T23:07:25.8670870Z   ✓ per-command help executor
make check (macos-latest)	make check (includes isolated install-to-accept demo)	2026-09-14T23:07:25.9322660Z   ✓ per-command help agent-context
make check (macos-latest)	make check (includes isolated install-to-accept demo)	2026-09-14T23:07:25.9940140Z   ✓ per-command help completion
make check (macos-latest)	make check (includes isolated install-to-accept demo)	2026-09-14T23:07:26.0510200Z   ✓ per-command help doctor
make check (macos-latest)	make check (includes isolated install-to-accept demo)	2026-09-14T23:07:26.1090980Z   ✓ per-command help version
make check (macos-latest)	make check (includes isolated install-to-accept demo)	2026-09-14T23:07:26.1602140Z   ✓ per-command help help
make check (macos-latest)	make check (includes isolated install-to-accept demo)	2026-09-14T23:07:26.2624140Z   ✓ usage exit 2: status
make check (macos-latest)	make check (includes isolated install-to-accept demo)	2026-09-14T23:07:26.2991070Z   ✓ usage exit 2: transition
make check (macos-latest)	make check (includes isolated install-to-accept demo)	2026-09-14T23:07:26.3359670Z   ✓ usage exit 2: migrate
make check (macos-latest)	make check (includes isolated install-to-accept demo)	2026-09-14T23:07:26.3797140Z   ✓ usage exit 2: executor
make check (macos-latest)	make check (includes isolated install-to-accept demo)	2026-09-14T23:07:26.4226690Z   ✓ usage exit 2: run
make check (macos-latest)	make check (includes isolated install-to-accept demo)	2026-09-14T23:07:26.4814560Z   ✓ completion bash
make check (macos-latest)	make check (includes isolated install-to-accept demo)	2026-09-14T23:07:26.5370020Z   ✓ completion zsh
make check (macos-latest)	make check (includes isolated install-to-accept demo)	2026-09-14T23:07:26.6025620Z   ✓ completion fish
make check (macos-latest)	make check (includes isolated install-to-accept demo)	2026-09-14T23:07:26.6026290Z == clean-room journey ==
make check (macos-latest)	make check (includes isolated install-to-accept demo)	2026-09-14T23:07:35.2973210Z   ✓ install-to-accept clean room with structured materialization receipt
make check (macos-latest)	make check (includes isolated install-to-accept demo)	2026-09-14T23:07:35.7976270Z   ✓ README v3 and opt-in v4 scaffold commands
make check (macos-latest)	make check (includes isolated install-to-accept demo)	2026-09-14T23:07:35.8806600Z   ✓ malformed and dangling TaskPlan fails closed
make check (macos-latest)	make check (includes isolated install-to-accept demo)	2026-09-14T23:07:35.8807620Z == dry-run and color ==
make check (macos-latest)	make check (includes isolated install-to-accept demo)	2026-09-14T23:07:35.9266940Z   ✓ dry-run prevents init
make check (macos-latest)	make check (includes isolated install-to-accept demo)	2026-09-14T23:07:35.9656640Z   ✓ NO_COLOR precedence
make check (macos-latest)	make check (includes isolated install-to-accept demo)	2026-09-14T23:07:35.9657150Z == research evidence ==
make check (macos-latest)	make check (includes isolated install-to-accept demo)	2026-09-14T23:07:36.0412850Z   ✓ firecrawl evidence
make check (macos-latest)	make check (includes isolated install-to-accept demo)	2026-09-14T23:07:36.1302780Z   ✓ tavily evidence
make check (macos-latest)	make check (includes isolated install-to-accept demo)	2026-09-14T23:07:36.2230600Z   ✓ exa evidence
make check (macos-latest)	make check (includes isolated install-to-accept demo)	2026-09-14T23:07:36.3060010Z   ✓ named provider failure
make check (macos-latest)	make check (includes isolated install-to-accept demo)	2026-09-14T23:07:36.3600080Z   ✓ evidence rejects credential-bearing keys
make check (macos-latest)	make check (includes isolated install-to-accept demo)	2026-09-14T23:07:36.4337180Z   ✓ composition example preview
make check (macos-latest)	make check (includes isolated install-to-accept demo)	2026-09-14T23:07:36.4664280Z   ✓ checked-in evidence example
make check (macos-latest)	make check (includes isolated install-to-accept demo)	2026-09-14T23:07:36.5153890Z   ✓ checked-in handoff example
make check (macos-latest)	make check (includes isolated install-to-accept demo)	2026-09-14T23:07:36.5585150Z   ✓ README release status is generated from evidence
make check (macos-latest)	make check (includes isolated install-to-accept demo)	2026-09-14T23:07:36.5585600Z == checksum-backed release archive ==
make check (macos-latest)	make check (includes isolated install-to-accept demo)	2026-09-14T23:07:37.8407070Z   ✓ checksum-backed remote install
make check (macos-latest)	make check (includes isolated install-to-accept demo)	2026-09-14T23:07:37.9357570Z   ✓ tampered release archive fails closed
make check (macos-latest)	make check (includes isolated install-to-accept demo)	2026-09-14T23:07:37.9382290Z == package ==
make check (macos-latest)	make check (includes isolated install-to-accept demo)	2026-09-14T23:07:39.2533700Z   ✓ npm pack dry run
make check (macos-latest)	make check (includes isolated install-to-accept demo)	2026-09-14T23:07:40.5250600Z   ✓ local npm package install
make check (macos-latest)	make check (includes isolated install-to-accept demo)	2026-09-14T23:07:40.5251480Z 
make check (macos-latest)	make check (includes isolated install-to-accept demo)	2026-09-14T23:07:40.5251980Z Results: 80 passed, 0 failed
make check (macos-latest)	make check (includes isolated install-to-accept demo)	2026-09-14T23:07:40.5252980Z INSTALL=OK
make check (macos-latest)	make check (includes isolated install-to-accept demo)	2026-09-14T23:07:40.8399070Z ok 1 - v4 authoring is explicit and non-default
make check (macos-latest)	make check (includes isolated install-to-accept demo)	2026-09-14T23:07:41.7006900Z ok 2 - v3 compatibility fixture remains valid
make check (macos-latest)	make check (includes isolated install-to-accept demo)	2026-09-14T23:07:42.3553720Z ok 3 - v4 policy validates
make check (macos-latest)	make check (includes isolated install-to-accept demo)	2026-09-14T23:07:42.9582400Z ok 4 - sealed authoring evidence digest rejects artifact drift
make check (macos-latest)	make check (includes isolated install-to-accept demo)	2026-09-14T23:07:43.0181150Z ok 5 - author doctor finds no blockers
make check (macos-latest)	make check (includes isolated install-to-accept demo)	2026-09-14T23:07:44.4335370Z ok 6 - status reports authoring-evidence freshness without making age an acceptance gate
make check (macos-latest)	make check (includes isolated install-to-accept demo)	2026-09-14T23:07:45.3066650Z ok 7 - v4 handoff emitted
make check (macos-latest)	make check (includes isolated install-to-accept demo)	2026-09-14T23:07:45.6593860Z ok 8 - baseline discrimination audit
make check (macos-latest)	make check (includes isolated install-to-accept demo)	2026-09-14T23:07:46.1665450Z ok 9 - repeated evaluation reports stable discrimination
make check (macos-latest)	make check (includes isolated install-to-accept demo)	2026-09-14T23:07:46.2385540Z ok 10 - holdout descriptor sealed
make check (macos-latest)	make check (includes isolated install-to-accept demo)	2026-09-14T23:07:46.4034150Z ok 11 - holdout rotation metadata is retained
make check (macos-latest)	make check (includes isolated install-to-accept demo)	2026-09-14T23:07:46.5389030Z ok 12 - expired holdout requires rotation and reauthorization
make check (macos-latest)	make check (includes isolated install-to-accept demo)	2026-09-14T23:07:46.6131880Z ok 13 - tampered holdout bundle is rejected
make check (macos-latest)	make check (includes isolated install-to-accept demo)	2026-09-14T23:07:46.7261090Z ok 14 - holdout executed independently
make check (macos-latest)	make check (includes isolated install-to-accept demo)	2026-09-14T23:07:46.8078650Z ok 15 - environment receipt created
make check (macos-latest)	make check (includes isolated install-to-accept demo)	2026-09-14T23:07:46.8754480Z ok 16 - graded receipt created
make check (macos-latest)	make check (includes isolated install-to-accept demo)	2026-09-14T23:07:46.9686930Z ok 17 - human receipt created
make check (macos-latest)	make check (includes isolated install-to-accept demo)	2026-09-14T23:07:47.0787890Z ok 18 - identity receipt signed
make check (macos-latest)	make check (includes isolated install-to-accept demo)	2026-09-14T23:07:47.1679630Z ok 19 - identity receipt verified
make check (macos-latest)	make check (includes isolated install-to-accept demo)	2026-09-14T23:07:47.2821180Z ok 20 - signed holdout receipt
make check (macos-latest)	make check (includes isolated install-to-accept demo)	2026-09-14T23:07:47.3716490Z ok 21 - signed environment receipt
make check (macos-latest)	make check (includes isolated install-to-accept demo)	2026-09-14T23:07:47.4696820Z ok 22 - signed graded receipt
make check (macos-latest)	make check (includes isolated install-to-accept demo)	2026-09-14T23:07:47.5517680Z ok 23 - signed human receipt
make check (macos-latest)	make check (includes isolated install-to-accept demo)	2026-09-14T23:07:47.7041410Z ok 24 - wrong evaluator signer fails closed
make check (macos-latest)	make check (includes isolated install-to-accept demo)	2026-09-14T23:07:47.7769270Z ok 25 - all typed receipts validate
make check (macos-latest)	make check (includes isolated install-to-accept demo)	2026-09-14T23:07:47.9336840Z ok 26 - portable signed evidence satisfies Tier 1 policy
make check (macos-latest)	make check (includes isolated install-to-accept demo)	2026-09-14T23:07:48.0960180Z ok 27 - DSSE receipt export verifies independently
make check (macos-latest)	make check (includes isolated install-to-accept demo)	2026-09-14T23:07:48.1755800Z ok 28 - credential-bearing receipt is rejected
make check (macos-latest)	make check (includes isolated install-to-accept demo)	2026-09-14T23:07:48.4143410Z ok 29 - enabled engine runs in a detached worktree
make check (macos-latest)	make check (includes isolated install-to-accept demo)	2026-09-14T23:07:48.4389020Z ok 30 - isolated engine receipt records a real attempt
make check (macos-latest)	make check (includes isolated install-to-accept demo)	2026-09-14T23:07:48.4490080Z ok 31 - isolated engine change is captured outside the source workspace
make check (macos-latest)	make check (includes isolated install-to-accept demo)	2026-09-14T23:07:48.9237480Z ok 32 - acceptance blocks when evidence is omitted
make check (macos-latest)	make check (includes isolated install-to-accept demo)	2026-09-14T23:07:49.5866070Z ok 33 - acceptance passes with matching supervised evidence
make check (macos-latest)	make check (includes isolated install-to-accept demo)	2026-09-14T23:07:49.7840960Z ok 34 - revoked identity no longer verifies
make check (macos-latest)	make check (includes isolated install-to-accept demo)	2026-09-14T23:07:49.9417340Z ok 35 - A2A v1.0 bridge round trip
make check (macos-latest)	make check (includes isolated install-to-accept demo)	2026-09-14T23:07:50.0812810Z ok 36 - MCP bridge round trip
make check (macos-latest)	make check (includes isolated install-to-accept demo)	2026-09-14T23:07:50.1852580Z ok 37 - A2A bridge detects embedded handoff tampering
make check (macos-latest)	make check (includes isolated install-to-accept demo)	2026-09-14T23:07:50.2917710Z ok 38 - MCP bridge detects embedded handoff tampering
make check (macos-latest)	make check (includes isolated install-to-accept demo)	2026-09-14T23:07:50.3491860Z ok 39 - MCP server lists read-only tools
make check (macos-latest)	make check (includes isolated install-to-accept demo)	2026-09-14T23:07:50.4288570Z ok 40 - nine-family engine matrix validates
make check (macos-latest)	make check (includes isolated install-to-accept demo)	2026-09-14T23:07:50.5253180Z ok 41 - disabled engine matrix records unavailable, not fabricated passes
make check (macos-latest)	make check (includes isolated install-to-accept demo)	2026-09-14T23:07:50.6071760Z ok 42 - engine matrix emits typed run receipts
make check (macos-latest)	make check (includes isolated install-to-accept demo)	2026-09-14T23:07:50.6072240Z PASS: Task-Spec 3.7 evidence integrity (42 checks)
make check (macos-latest)	make check (includes isolated install-to-accept demo)	2026-09-14T23:07:52.5918550Z ok 1 - post-seal v4 to v3 downgrade fails closed
make check (macos-latest)	make check (includes isolated install-to-accept demo)	2026-09-14T23:07:53.2119760Z ok 2 - sealed proof policy deletion fails closed
make check (macos-latest)	make check (includes isolated install-to-accept demo)	2026-09-14T23:07:53.8508130Z ok 3 - sealed environment policy deletion fails closed
make check (macos-latest)	make check (includes isolated install-to-accept demo)	2026-09-14T23:07:54.5631620Z ok 4 - parent-child authority mutation fails closed
make check (macos-latest)	make check (includes isolated install-to-accept demo)	2026-09-14T23:07:55.3280220Z ok 5 - unknown future authority is sealed by default
make check (macos-latest)	make check (includes isolated install-to-accept demo)	2026-09-14T23:07:55.9801420Z ok 6 - lifecycle and tracker projection remain mutable
make check (macos-latest)	make check (includes isolated install-to-accept demo)	2026-09-14T23:07:56.0687530Z ok 7 - duplicate YAML keys are rejected
make check (macos-latest)	make check (includes isolated install-to-accept demo)	2026-09-14T23:07:56.1727530Z ok 8 - ambiguous JSON numeric constants are rejected
make check (macos-latest)	make check (includes isolated install-to-accept demo)	2026-09-14T23:07:56.3257470Z ok 9 - authority mapping key order is canonical
make check (macos-latest)	make check (includes isolated install-to-accept demo)	2026-09-14T23:07:56.9140850Z ok 10 - textual authoring-evidence acceptance use produces a lint warning
make check (macos-latest)	make check (includes isolated install-to-accept demo)	2026-09-14T23:07:59.6294740Z ok 11 - explicit workspace supports a nested custom backlog
make check (macos-latest)	make check (includes isolated install-to-accept demo)	2026-09-14T23:08:05.5752390Z ok 12 - receipt replay across attempts fails
make check (macos-latest)	make check (includes isolated install-to-accept demo)	2026-09-14T23:08:07.1971720Z ok 13 - global JSON returns typed receipt replay failure
make check (macos-latest)	make check (includes isolated install-to-accept demo)	2026-09-14T23:08:08.0800940Z ok 14 - pre-authorization receipt timestamp fails
make check (macos-latest)	make check (includes isolated install-to-accept demo)	2026-09-14T23:08:08.6466330Z ok 15 - receipt wrong task_id fails
make check (macos-latest)	make check (includes isolated install-to-accept demo)	2026-09-14T23:08:09.1903350Z ok 16 - receipt wrong task_revision_digest fails
make check (macos-latest)	make check (includes isolated install-to-accept demo)	2026-09-14T23:08:09.7309040Z ok 17 - receipt wrong base_commit fails
make check (macos-latest)	make check (includes isolated install-to-accept demo)	2026-09-14T23:08:10.2079730Z ok 18 - legacy structural receipt cannot silently produce Tier 1
make check (macos-latest)	make check (includes isolated install-to-accept demo)	2026-09-14T23:08:10.7486910Z ok 19 - required receipt rejects structural authorization fallback
make check (macos-latest)	make check (includes isolated install-to-accept demo)	2026-09-14T23:08:11.2895140Z ok 20 - matching v2 receipt accepts Tier 1
make check (macos-latest)	make check (includes isolated install-to-accept demo)	2026-09-14T23:08:13.5472680Z ok 21 - committed out-of-scope change is rejected
make check (macos-latest)	make check (includes isolated install-to-accept demo)	2026-09-14T23:08:15.8940210Z ok 22 - symlink-escaped creation scope is rejected
make check (macos-latest)	make check (includes isolated install-to-accept demo)	2026-09-14T23:08:18.4325340Z ok 23 - absolute handoff scope fails closed
make check (macos-latest)	make check (includes isolated install-to-accept demo)	2026-09-14T23:08:19.1201580Z ok 24 - traversal handoff scope fails closed
make check (macos-latest)	make check (includes isolated install-to-accept demo)	2026-09-14T23:08:19.7915860Z ok 25 - handoff budget expansion fails closed
make check (macos-latest)	make check (includes isolated install-to-accept demo)	2026-09-14T23:08:20.3332910Z ok 26 - non-UUID attempt cannot escape acceptance storage
make check (macos-latest)	make check (includes isolated install-to-accept demo)	2026-09-14T23:08:22.2410470Z ok 27 - handoff rejects conflict with an in-progress task
make check (macos-latest)	make check (includes isolated install-to-accept demo)	2026-09-14T23:08:23.5818870Z ok 28 - acceptance rechecks active write conflicts
make check (macos-latest)	make check (includes isolated install-to-accept demo)	2026-09-14T23:08:23.8380020Z ok 29 - interrupted status mutation leaves the old complete frontmatter
make check (macos-latest)	make check (includes isolated install-to-accept demo)	2026-09-14T23:08:23.8473530Z ok 30 - interrupted status mutation leaves no partial state or temporary
make check (macos-latest)	make check (includes isolated install-to-accept demo)	2026-09-14T23:08:26.4730160Z ok 31 - base commit divergence requires a new handoff
make check (macos-latest)	make check (includes isolated install-to-accept demo)	2026-09-14T23:08:29.0118500Z ok 32 - dependency-closure drift fails closed
make check (macos-latest)	make check (includes isolated install-to-accept demo)	2026-09-14T23:08:31.3005770Z ok 33 - injected finalize crash leaves old complete task state
make check (macos-latest)	make check (includes isolated install-to-accept demo)	2026-09-14T23:08:31.3077850Z ok 34 - crash did not partially stamp accepted state
make check (macos-latest)	make check (includes isolated install-to-accept demo)	2026-09-14T23:08:31.3817820Z ok 35 - doctor reports the orphan record left by interrupted acceptance
make check (macos-latest)	make check (includes isolated install-to-accept demo)	2026-09-14T23:08:31.8671650Z ok 36 - same attempt recovers despite metrics projection failure
make check (macos-latest)	make check (includes isolated install-to-accept demo)	2026-09-14T23:08:31.9412420Z ok 37 - doctor reports the missing accepted metrics projection
make check (macos-latest)	make check (includes isolated install-to-accept demo)	2026-09-14T23:08:32.4362580Z ok 38 - same attempt cannot change its acceptor
make check (macos-latest)	make check (includes isolated install-to-accept demo)	2026-09-14T23:08:32.5004690Z ok 39 - conflicting retry leaves record and task envelope consistent
make check (macos-latest)	make check (includes isolated install-to-accept demo)	2026-09-14T23:08:33.0146030Z ok 40 - same accepted attempt can be retried without duplicate metrics
make check (macos-latest)	make check (includes isolated install-to-accept demo)	2026-09-14T23:08:33.1267260Z ok 41 - TaskStatus names rebuild-state as the one safe projection recovery
make check (macos-latest)	make check (includes isolated install-to-accept demo)	2026-09-14T23:08:33.3661610Z ok 42 - rebuilding projection advances the one safe next command
make check (macos-latest)	make check (includes isolated install-to-accept demo)	2026-09-14T23:08:33.4707520Z ok 43 - global JSON preserves the same typed TaskStatus
make check (macos-latest)	make check (includes isolated install-to-accept demo)	2026-09-14T23:08:33.6640620Z ok 44 - transition to done verifies the record subject and envelope
make check (macos-latest)	make check (includes isolated install-to-accept demo)	2026-09-14T23:08:33.7736460Z ok 45 - status exposes semantic acceptance-record mismatch
make check (macos-latest)	make check (includes isolated install-to-accept demo)	2026-09-14T23:08:33.8582510Z ok 46 - backlog doctor fails on semantic acceptance-record mismatch
make check (macos-latest)	make check (includes isolated install-to-accept demo)	2026-09-14T23:08:33.8582980Z PASS: Task-Spec hardening adversarial suite (46 checks)
make check (macos-latest)	make check (includes isolated install-to-accept demo)	2026-09-14T23:08:35.8027070Z CLI_REFERENCE=OK
make check (macos-latest)	make check (includes isolated install-to-accept demo)	2026-09-14T23:08:35.8637420Z QUALITY_SCORE=97 SCORECARD=VALID
make check (macos-latest)	make check (includes isolated install-to-accept demo)	2026-09-14T23:08:35.9142190Z RELEASE_STATUS=OK
make check (macos-latest)	make check (includes isolated install-to-accept demo)	2026-09-14T23:08:36.0284120Z V381_EXPERIENCE=READY
make check (macos-latest)	make check (includes isolated install-to-accept demo)	2026-09-14T23:08:37.7284530Z ok 1 - nested handoff binds the Git workspace
make check (macos-latest)	make check (includes isolated install-to-accept demo)	2026-09-14T23:08:38.1930040Z ok 2 - nested acceptance uses the configured contained store
make check (macos-latest)	make check (includes isolated install-to-accept demo)	2026-09-14T23:08:38.1954460Z ok 3 - nested acceptance record is separate from Converge receipts
make check (macos-latest)	make check (includes isolated install-to-accept demo)	2026-09-14T23:08:39.7463070Z ok 4 - nested backlog infers repository root
make check (macos-latest)	make check (includes isolated install-to-accept demo)	2026-09-14T23:08:39.8259140Z ok 5 - conflicting explicit workspace is rejected
make check (macos-latest)	make check (includes isolated install-to-accept demo)	2026-09-14T23:08:41.8600990Z ok 6 - acceptance traversal is rejected
make check (macos-latest)	make check (includes isolated install-to-accept demo)	2026-09-14T23:08:42.9880690Z ok 7 - acceptance symlink escape is rejected
make check (macos-latest)	make check (includes isolated install-to-accept demo)	2026-09-14T23:08:43.5141200Z ok 8 - CLI acceptance directory overrides an unsafe environment value
make check (macos-latest)	make check (includes isolated install-to-accept demo)	2026-09-14T23:08:43.5221710Z ok 9 - unsafe environment store was never written
make check (macos-latest)	make check (includes isolated install-to-accept demo)	2026-09-14T23:08:44.8797040Z ok 10 - worktree gate resolves the common-directory key
make check (macos-latest)	make check (includes isolated install-to-accept demo)	2026-09-14T23:08:44.8797710Z PASS: Task-Spec 3.8.1 nested workspace suite (10 checks)
make check (macos-latest)	make check (includes isolated install-to-accept demo)	2026-09-14T23:08:44.9013820Z bash spec/conformance/run_conformance.sh
make check (macos-latest)	make check (includes isolated install-to-accept demo)	2026-09-14T23:08:44.9146880Z == self-test floor: validating 8 conformance fixtures ==
make check (macos-latest)	make check (includes isolated install-to-accept demo)	2026-09-14T23:08:53.0827270Z    self-test floor: all 8 fixtures valid
make check (macos-latest)	make check (includes isolated install-to-accept demo)	2026-09-14T23:08:53.0828150Z 
make check (macos-latest)	make check (includes isolated install-to-accept demo)	2026-09-14T23:08:53.0829210Z == running conformance (adapter: /Users/runner/work/task-spec/task-spec/spec/conformance/adapters/self.sh) ==
make check (macos-latest)	make check (includes isolated install-to-accept demo)	2026-09-14T23:08:53.1522240Z PASS   C1        T-conformance-001-status-lock
make check (macos-latest)	make check (includes isolated install-to-accept demo)	2026-09-14T23:08:53.2672010Z PASS   C12       T-conformance-002-emit-enum
make check (macos-latest)	make check (includes isolated install-to-accept demo)	2026-09-14T23:08:53.3433560Z PASS   C6        T-conformance-003-no-signed-off-mod
make check (macos-latest)	make check (includes isolated install-to-accept demo)	2026-09-14T23:08:53.4326700Z PASS   C8        T-conformance-004-execution-backend
make check (macos-latest)	make check (includes isolated install-to-accept demo)	2026-09-14T23:08:53.5158150Z PASS   C13,C16   T-conformance-005-budget-stop
make check (macos-latest)	make check (includes isolated install-to-accept demo)	2026-09-14T23:08:53.5876780Z PASS   C5        T-conformance-006-do-not-touch
make check (macos-latest)	make check (includes isolated install-to-accept demo)	2026-09-14T23:08:53.6644130Z PASS   C17       T-conformance-007-node-refusal
make check (macos-latest)	make check (includes isolated install-to-accept demo)	2026-09-14T23:08:53.7284040Z PASS   C18       T-conformance-008-v4-policy
make check (macos-latest)	make check (includes isolated install-to-accept demo)	2026-09-14T23:08:53.7405580Z 
make check (macos-latest)	make check (includes isolated install-to-accept demo)	2026-09-14T23:08:53.7407120Z == results written to /Users/runner/work/task-spec/task-spec/spec/conformance/results.json ==
make check (macos-latest)	make check (includes isolated install-to-accept demo)	2026-09-14T23:08:53.7408380Z == non-waived failures: 0 ==
make check (macos-latest)	make check (includes isolated install-to-accept demo)	2026-09-14T23:08:53.7409100Z bash bin/taskspec conformance --self-test
make check (macos-latest)	make check (includes isolated install-to-accept demo)	2026-09-14T23:08:53.8049020Z Conformance check — level L2 — executor: bash /Users/runner/work/task-spec/task-spec/src/dispatch/ref-executor.sh
make check (macos-latest)	make check (includes isolated install-to-accept demo)	2026-09-14T23:08:53.8051010Z ────────────────────────────────────────────────────────
make check (macos-latest)	make check (includes isolated install-to-accept demo)	2026-09-14T23:08:55.1080060Z L0. Executor drives a solvable spec to a passing Exit Check ...
make check (macos-latest)	make check (includes isolated install-to-accept demo)	2026-09-14T23:08:57.9283700Z    PASS — Exit Check passes after execution (L0: reads format, runs evals)
make check (macos-latest)	make check (includes isolated install-to-accept demo)	2026-09-14T23:08:57.9285060Z L1. Executor honors the status lifecycle (→ done on success) ...
make check (macos-latest)	make check (includes isolated install-to-accept demo)	2026-09-14T23:08:57.9418030Z    PASS — status transitioned to 'done' (A2A: completed)
make check (macos-latest)	make check (includes isolated install-to-accept demo)	2026-09-14T23:08:59.0841980Z L2. Executor parks an unsolvable spec within budget (no infinite loop) ...
make check (macos-latest)	make check (includes isolated install-to-accept demo)	2026-09-14T23:09:01.5531180Z    PASS — unsolvable spec parked by the no-progress circuit breaker within the signed retry budget
make check (macos-latest)	make check (includes isolated install-to-accept demo)	2026-09-14T23:09:01.5533500Z ────────────────────────────────────────────────────────
make check (macos-latest)	make check (includes isolated install-to-accept demo)	2026-09-14T23:09:01.5534580Z CONFORMANT at L2 — this executor honors the Task-Spec contract.
make check (macos-latest)	make check (includes isolated install-to-accept demo)	2026-09-14T23:09:01.5535490Z CONFORMANCE=L2
make check (macos-latest)	make check (includes isolated install-to-accept demo)	2026-09-14T23:09:01.5762630Z CHECK=READY
make check (macos-latest)	Post Install pinned Go toolchain for optional TaskMesh	﻿2026-09-14T23:09:01.6067520Z Post job cleanup.
make check (macos-latest)	Post Install pinned Go toolchain for optional TaskMesh	2026-09-14T23:09:02.4457300Z [command]/Users/runner/hostedtoolcache/go/1.25.0/arm64/bin/go env GOMODCACHE
make check (macos-latest)	Post Install pinned Go toolchain for optional TaskMesh	2026-09-14T23:09:02.4534640Z [command]/Users/runner/hostedtoolcache/go/1.25.0/arm64/bin/go env GOCACHE
make check (macos-latest)	Post Install pinned Go toolchain for optional TaskMesh	2026-09-14T23:09:02.4738570Z /Users/runner/go/pkg/mod
make check (macos-latest)	Post Install pinned Go toolchain for optional TaskMesh	2026-09-14T23:09:02.4743950Z /Users/runner/Library/Caches/go-build
make check (macos-latest)	Post Install pinned Go toolchain for optional TaskMesh	2026-09-14T23:09:02.5359840Z [command]/opt/homebrew/bin/gtar --posix -cf cache.tzst --exclude cache.tzst -P -C /Users/runner/work/task-spec/task-spec --files-from manifest.txt --delay-directory-restore --use-compress-program zstdmt
make check (macos-latest)	Post Install pinned Go toolchain for optional TaskMesh	2026-09-14T23:09:08.6693730Z Sent 4799490 of 139017218 (3.5%), 4.6 MBs/sec
make check (macos-latest)	Post Install pinned Go toolchain for optional TaskMesh	2026-09-14T23:09:09.6344850Z Sent 139017218 of 139017218 (100.0%), 67.3 MBs/sec
make check (macos-latest)	Post Install pinned Go toolchain for optional TaskMesh	2026-09-14T23:09:09.8321930Z Cache saved with the key: setup-go-macOS-arm64-go-1.25.0-177c9a629613f64b62ff3bce8b5249e61de06089c1d63967a2ef301279610df5
make check (macos-latest)	Post Checkout	﻿2026-09-14T23:09:09.8688680Z Post job cleanup.
make check (macos-latest)	Post Checkout	2026-09-14T23:09:10.1983430Z [command]/opt/homebrew/bin/git version
make check (macos-latest)	Post Checkout	2026-09-14T23:09:10.2113420Z git version 2.55.0
make check (macos-latest)	Post Checkout	2026-09-14T23:09:10.2143370Z Copying '/Users/runner/.gitconfig' to '/Users/runner/work/_temp/6ed9180a-d4da-4d61-a6b6-00c0312ea5d0/.gitconfig'
make check (macos-latest)	Post Checkout	2026-09-14T23:09:10.2162380Z Temporarily overriding HOME='/Users/runner/work/_temp/6ed9180a-d4da-4d61-a6b6-00c0312ea5d0' before making global git config changes
make check (macos-latest)	Post Checkout	2026-09-14T23:09:10.2164270Z Adding repository directory to the temporary git global config as a safe directory
make check (macos-latest)	Post Checkout	2026-09-14T23:09:10.2166190Z [command]/opt/homebrew/bin/git config --global --add safe.directory /Users/runner/work/task-spec/task-spec
make check (macos-latest)	Post Checkout	2026-09-14T23:09:10.2293070Z Removing SSH command configuration
make check (macos-latest)	Post Checkout	2026-09-14T23:09:10.2317570Z [command]/opt/homebrew/bin/git config --local --name-only --get-regexp core\.sshCommand
make check (macos-latest)	Post Checkout	2026-09-14T23:09:10.2640410Z [command]/opt/homebrew/bin/git submodule foreach --recursive sh -c "git config --local --name-only --get-regexp 'core\.sshCommand' && git config --local --unset-all 'core.sshCommand' || :"
make check (macos-latest)	Post Checkout	2026-09-14T23:09:10.4732280Z Removing HTTP extra header
make check (macos-latest)	Post Checkout	2026-09-14T23:09:10.4736450Z [command]/opt/homebrew/bin/git config --local --name-only --get-regexp http\.https\:\/\/github\.com\/\.extraheader
make check (macos-latest)	Post Checkout	2026-09-14T23:09:10.4815030Z [command]/opt/homebrew/bin/git submodule foreach --recursive sh -c "git config --local --name-only --get-regexp 'http\.https\:\/\/github\.com\/\.extraheader' && git config --local --unset-all 'http.https://github.com/.extraheader' || :"
make check (macos-latest)	Post Checkout	2026-09-14T23:09:10.6150010Z Removing includeIf entries pointing to credentials config files
make check (macos-latest)	Post Checkout	2026-09-14T23:09:10.6155960Z [command]/opt/homebrew/bin/git config --local --name-only --get-regexp ^includeIf\.gitdir:
make check (macos-latest)	Post Checkout	2026-09-14T23:09:10.6239540Z [command]/opt/homebrew/bin/git submodule foreach --recursive git config --local --show-origin --name-only --get-regexp remote.origin.url
make check (macos-latest)	Complete job	﻿2026-09-14T23:09:10.7827460Z Cleaning up orphan processes
make check (macos-latest)	Complete job	2026-09-14T23:09:11.2893570Z Terminate orphan process: pid (26423) (sleep)
make check (ubuntu-latest)	Set up job	﻿2026-09-14T22:58:24.5509376Z Current runner version: '2.337.0'
make check (ubuntu-latest)	Set up job	2026-09-14T22:58:24.5528425Z ##[group]Runner Image Provisioner
make check (ubuntu-latest)	Set up job	2026-09-14T22:58:24.5529226Z Hosted Compute Agent
make check (ubuntu-latest)	Set up job	2026-09-14T22:58:24.5529743Z Version: 20260828.587
make check (ubuntu-latest)	Set up job	2026-09-14T22:58:24.5530291Z Commit: abac92662cab4cc7352de4f9f9d2e2419aad9c29
make check (ubuntu-latest)	Set up job	2026-09-14T22:58:24.5530969Z Build Date: 2026-08-28T16:44:25Z
make check (ubuntu-latest)	Set up job	2026-09-14T22:58:24.5531579Z Worker ID: {6ac5a73b-fd12-4f7d-af23-2a58d606d3d3}
make check (ubuntu-latest)	Set up job	2026-09-14T22:58:24.5532175Z Azure Region: centralus
make check (ubuntu-latest)	Set up job	2026-09-14T22:58:24.5532676Z ##[endgroup]
make check (ubuntu-latest)	Set up job	2026-09-14T22:58:24.5533901Z ##[group]Operating System
make check (ubuntu-latest)	Set up job	2026-09-14T22:58:24.5534598Z Ubuntu
make check (ubuntu-latest)	Set up job	2026-09-14T22:58:24.5535027Z 24.04.5
make check (ubuntu-latest)	Set up job	2026-09-14T22:58:24.5535479Z LTS
make check (ubuntu-latest)	Set up job	2026-09-14T22:58:24.5535926Z ##[endgroup]
make check (ubuntu-latest)	Set up job	2026-09-14T22:58:24.5536379Z ##[group]Runner Image
make check (ubuntu-latest)	Set up job	2026-09-14T22:58:24.5536900Z Image: ubuntu-24.04
make check (ubuntu-latest)	Set up job	2026-09-14T22:58:24.5537348Z Version: 20260907.300.1
make check (ubuntu-latest)	Set up job	2026-09-14T22:58:24.5538237Z Included Software: https://github.com/actions/runner-images/blob/ubuntu24/20260907.300/images/ubuntu/Ubuntu2404-Readme.md
make check (ubuntu-latest)	Set up job	2026-09-14T22:58:24.5539619Z Image Release: https://github.com/actions/runner-images/releases/tag/ubuntu24%2F20260907.300
make check (ubuntu-latest)	Set up job	2026-09-14T22:58:24.5540437Z ##[endgroup]
make check (ubuntu-latest)	Set up job	2026-09-14T22:58:24.5541323Z ##[group]GITHUB_TOKEN Permissions
make check (ubuntu-latest)	Set up job	2026-09-14T22:58:24.5543356Z Contents: read
make check (ubuntu-latest)	Set up job	2026-09-14T22:58:24.5543913Z Metadata: read
make check (ubuntu-latest)	Set up job	2026-09-14T22:58:24.5544579Z ##[endgroup]
make check (ubuntu-latest)	Set up job	2026-09-14T22:58:24.5546276Z Secret source: Actions
make check (ubuntu-latest)	Set up job	2026-09-14T22:58:24.5547087Z Cache mode: write
make check (ubuntu-latest)	Set up job	2026-09-14T22:58:24.5547646Z Prepare workflow directory
make check (ubuntu-latest)	Set up job	2026-09-14T22:58:24.5811100Z Prepare all required actions
make check (ubuntu-latest)	Set up job	2026-09-14T22:58:24.5849886Z Getting action download info
make check (ubuntu-latest)	Set up job	2026-09-14T22:58:24.8350244Z Download action repository 'actions/checkout@3d3c42e5aac5ba805825da76410c181273ba90b1' (SHA:3d3c42e5aac5ba805825da76410c181273ba90b1)
make check (ubuntu-latest)	Set up job	2026-09-14T22:58:24.9398079Z Download action repository 'actions/setup-go@b7ad1dad31e06c5925ef5d2fc7ad053ef454303e' (SHA:b7ad1dad31e06c5925ef5d2fc7ad053ef454303e)
make check (ubuntu-latest)	Set up job	2026-09-14T22:58:25.5088226Z Complete job name: make check (ubuntu-latest)
make check (ubuntu-latest)	Checkout	﻿2026-09-14T22:58:25.5685977Z ##[group]Run actions/checkout@3d3c42e5aac5ba805825da76410c181273ba90b1
make check (ubuntu-latest)	Checkout	2026-09-14T22:58:25.5686989Z with:
make check (ubuntu-latest)	Checkout	2026-09-14T22:58:25.5687549Z   persist-credentials: false
make check (ubuntu-latest)	Checkout	2026-09-14T22:58:25.5688133Z   repository: luanmorenommaciel/task-spec
make check (ubuntu-latest)	Checkout	2026-09-14T22:58:25.5691967Z   token: ***
make check (ubuntu-latest)	Checkout	2026-09-14T22:58:25.5692481Z   ssh-strict: true
make check (ubuntu-latest)	Checkout	2026-09-14T22:58:25.5692986Z   ssh-user: git
make check (ubuntu-latest)	Checkout	2026-09-14T22:58:25.5693482Z   clean: true
make check (ubuntu-latest)	Checkout	2026-09-14T22:58:25.5693978Z   sparse-checkout-cone-mode: true
make check (ubuntu-latest)	Checkout	2026-09-14T22:58:25.5694780Z   fetch-depth: 1
make check (ubuntu-latest)	Checkout	2026-09-14T22:58:25.5695307Z   fetch-tags: false
make check (ubuntu-latest)	Checkout	2026-09-14T22:58:25.5695803Z   show-progress: true
make check (ubuntu-latest)	Checkout	2026-09-14T22:58:25.5696307Z   lfs: false
make check (ubuntu-latest)	Checkout	2026-09-14T22:58:25.5696768Z   submodules: false
make check (ubuntu-latest)	Checkout	2026-09-14T22:58:25.5697268Z   set-safe-directory: true
make check (ubuntu-latest)	Checkout	2026-09-14T22:58:25.5697867Z   allow-unsafe-pr-checkout: false
make check (ubuntu-latest)	Checkout	2026-09-14T22:58:25.5698615Z ##[endgroup]
make check (ubuntu-latest)	Checkout	2026-09-14T22:58:25.6529799Z Syncing repository: luanmorenommaciel/task-spec
make check (ubuntu-latest)	Checkout	2026-09-14T22:58:25.6532504Z ##[group]Getting Git version info
make check (ubuntu-latest)	Checkout	2026-09-14T22:58:25.6533744Z Working directory is '/home/runner/work/task-spec/task-spec'
make check (ubuntu-latest)	Checkout	2026-09-14T22:58:25.6535766Z [command]/usr/bin/git version
make check (ubuntu-latest)	Checkout	2026-09-14T22:58:25.6551090Z git version 2.55.0
make check (ubuntu-latest)	Checkout	2026-09-14T22:58:25.6568369Z ##[endgroup]
make check (ubuntu-latest)	Checkout	2026-09-14T22:58:25.6576433Z Temporarily overriding HOME='/home/runner/work/_temp/bf3c122d-2496-4f36-b6b7-a365b5ec047e' before making global git config changes
make check (ubuntu-latest)	Checkout	2026-09-14T22:58:25.6586034Z Adding repository directory to the temporary git global config as a safe directory
make check (ubuntu-latest)	Checkout	2026-09-14T22:58:25.6588357Z [command]/usr/bin/git config --global --add safe.directory /home/runner/work/task-spec/task-spec
make check (ubuntu-latest)	Checkout	2026-09-14T22:58:25.6622402Z Deleting the contents of '/home/runner/work/task-spec/task-spec'
make check (ubuntu-latest)	Checkout	2026-09-14T22:58:25.6625034Z ##[group]Determining repository object format
make check (ubuntu-latest)	Checkout	2026-09-14T22:58:25.6626844Z ##[endgroup]
make check (ubuntu-latest)	Checkout	2026-09-14T22:58:25.6628392Z ##[group]Initializing the repository
make check (ubuntu-latest)	Checkout	2026-09-14T22:58:25.6630189Z [command]/usr/bin/git init /home/runner/work/task-spec/task-spec
make check (ubuntu-latest)	Checkout	2026-09-14T22:58:25.6698026Z hint: Using 'master' as the name for the initial branch. This default branch name
make check (ubuntu-latest)	Checkout	2026-09-14T22:58:25.6699081Z hint: will change to "main" in Git 3.0. To configure the initial branch name
make check (ubuntu-latest)	Checkout	2026-09-14T22:58:25.6700273Z hint: to use in all of your new repositories, which will suppress this warning,
make check (ubuntu-latest)	Checkout	2026-09-14T22:58:25.6701080Z hint: call:
make check (ubuntu-latest)	Checkout	2026-09-14T22:58:25.6701561Z hint:
make check (ubuntu-latest)	Checkout	2026-09-14T22:58:25.6702157Z hint: 	git config --global init.defaultBranch <name>
make check (ubuntu-latest)	Checkout	2026-09-14T22:58:25.6702795Z hint:
make check (ubuntu-latest)	Checkout	2026-09-14T22:58:25.6703435Z hint: Names commonly chosen instead of 'master' are 'main', 'trunk' and
make check (ubuntu-latest)	Checkout	2026-09-14T22:58:25.6704563Z hint: 'development'. The just-created branch can be renamed via this command:
make check (ubuntu-latest)	Checkout	2026-09-14T22:58:25.6705397Z hint:
make check (ubuntu-latest)	Checkout	2026-09-14T22:58:25.6705896Z hint: 	git branch -m <name>
make check (ubuntu-latest)	Checkout	2026-09-14T22:58:25.6706436Z hint:
make check (ubuntu-latest)	Checkout	2026-09-14T22:58:25.6707147Z hint: Disable this message with "git config set advice.defaultBranchName false"
make check (ubuntu-latest)	Checkout	2026-09-14T22:58:25.6711069Z Initialized empty Git repository in /home/runner/work/task-spec/task-spec/.git/
make check (ubuntu-latest)	Checkout	2026-09-14T22:58:25.6717545Z [command]/usr/bin/git remote add origin https://github.com/luanmorenommaciel/task-spec
make check (ubuntu-latest)	Checkout	2026-09-14T22:58:25.6752341Z ##[endgroup]
make check (ubuntu-latest)	Checkout	2026-09-14T22:58:25.6753193Z ##[group]Disabling automatic garbage collection
make check (ubuntu-latest)	Checkout	2026-09-14T22:58:25.6755540Z [command]/usr/bin/git config --local gc.auto 0
make check (ubuntu-latest)	Checkout	2026-09-14T22:58:25.6778198Z ##[endgroup]
make check (ubuntu-latest)	Checkout	2026-09-14T22:58:25.6779305Z ##[group]Setting up auth
make check (ubuntu-latest)	Checkout	2026-09-14T22:58:25.6779939Z Removing SSH command configuration
make check (ubuntu-latest)	Checkout	2026-09-14T22:58:25.6782925Z [command]/usr/bin/git config --local --name-only --get-regexp core\.sshCommand
make check (ubuntu-latest)	Checkout	2026-09-14T22:58:25.6808182Z [command]/usr/bin/git submodule foreach --recursive sh -c "git config --local --name-only --get-regexp 'core\.sshCommand' && git config --local --unset-all 'core.sshCommand' || :"
make check (ubuntu-latest)	Checkout	2026-09-14T22:58:25.7092134Z Removing HTTP extra header
make check (ubuntu-latest)	Checkout	2026-09-14T22:58:25.7096102Z [command]/usr/bin/git config --local --name-only --get-regexp http\.https\:\/\/github\.com\/\.extraheader
make check (ubuntu-latest)	Checkout	2026-09-14T22:58:25.7120297Z [command]/usr/bin/git submodule foreach --recursive sh -c "git config --local --name-only --get-regexp 'http\.https\:\/\/github\.com\/\.extraheader' && git config --local --unset-all 'http.https://github.com/.extraheader' || :"
make check (ubuntu-latest)	Checkout	2026-09-14T22:58:25.7287767Z Removing includeIf entries pointing to credentials config files
make check (ubuntu-latest)	Checkout	2026-09-14T22:58:25.7290021Z [command]/usr/bin/git config --local --name-only --get-regexp ^includeIf\.gitdir:
make check (ubuntu-latest)	Checkout	2026-09-14T22:58:25.7321371Z [command]/usr/bin/git submodule foreach --recursive git config --local --show-origin --name-only --get-regexp remote.origin.url
make check (ubuntu-latest)	Checkout	2026-09-14T22:58:25.7477518Z [command]/usr/bin/git config --file /home/runner/work/_temp/git-credentials-03868a2e-e9f3-4237-b4d7-e6abbdeb451d.config http.https://github.com/.extraheader AUTHORIZATION: basic ***
make check (ubuntu-latest)	Checkout	2026-09-14T22:58:25.7503359Z [command]/usr/bin/git config --local includeIf.gitdir:/home/runner/work/task-spec/task-spec/.git.path /home/runner/work/_temp/git-credentials-03868a2e-e9f3-4237-b4d7-e6abbdeb451d.config
make check (ubuntu-latest)	Checkout	2026-09-14T22:58:25.7524922Z [command]/usr/bin/git config --local includeIf.gitdir:/home/runner/work/task-spec/task-spec/.git/worktrees/*.path /home/runner/work/_temp/git-credentials-03868a2e-e9f3-4237-b4d7-e6abbdeb451d.config
make check (ubuntu-latest)	Checkout	2026-09-14T22:58:25.7548280Z [command]/usr/bin/git config --local includeIf.gitdir:/github/workspace/.git.path /github/runner_temp/git-credentials-03868a2e-e9f3-4237-b4d7-e6abbdeb451d.config
make check (ubuntu-latest)	Checkout	2026-09-14T22:58:25.7570923Z [command]/usr/bin/git config --local includeIf.gitdir:/github/workspace/.git/worktrees/*.path /github/runner_temp/git-credentials-03868a2e-e9f3-4237-b4d7-e6abbdeb451d.config
make check (ubuntu-latest)	Checkout	2026-09-14T22:58:25.7589965Z ##[endgroup]
make check (ubuntu-latest)	Checkout	2026-09-14T22:58:25.7590769Z ##[group]Fetching the repository
make check (ubuntu-latest)	Checkout	2026-09-14T22:58:25.7595096Z [command]/usr/bin/git -c protocol.version=2 fetch --no-tags --prune --no-recurse-submodules --depth=1 origin +30a0d1ce3965312b43938fdb145eb29fc66cffc2:refs/remotes/origin/main
make check (ubuntu-latest)	Checkout	2026-09-14T22:58:27.7163558Z From https://github.com/luanmorenommaciel/task-spec
make check (ubuntu-latest)	Checkout	2026-09-14T22:58:27.7165185Z  * [new ref]         30a0d1ce3965312b43938fdb145eb29fc66cffc2 -> origin/main
make check (ubuntu-latest)	Checkout	2026-09-14T22:58:27.7172159Z [command]/usr/bin/git branch --list --remote origin/main
make check (ubuntu-latest)	Checkout	2026-09-14T22:58:27.7193149Z   origin/main
make check (ubuntu-latest)	Checkout	2026-09-14T22:58:27.7199987Z [command]/usr/bin/git rev-parse refs/remotes/origin/main
make check (ubuntu-latest)	Checkout	2026-09-14T22:58:27.7218435Z 30a0d1ce3965312b43938fdb145eb29fc66cffc2
make check (ubuntu-latest)	Checkout	2026-09-14T22:58:27.7220870Z ##[endgroup]
make check (ubuntu-latest)	Checkout	2026-09-14T22:58:27.7221729Z ##[group]Determining the checkout info
make check (ubuntu-latest)	Checkout	2026-09-14T22:58:27.7222804Z ##[endgroup]
make check (ubuntu-latest)	Checkout	2026-09-14T22:58:27.7225666Z [command]/usr/bin/git sparse-checkout disable
make check (ubuntu-latest)	Checkout	2026-09-14T22:58:27.7267406Z [command]/usr/bin/git config --local --unset-all extensions.worktreeConfig
make check (ubuntu-latest)	Checkout	2026-09-14T22:58:27.7290261Z ##[group]Checking out the ref
make check (ubuntu-latest)	Checkout	2026-09-14T22:58:27.7294824Z [command]/usr/bin/git checkout --progress --force -B main refs/remotes/origin/main
make check (ubuntu-latest)	Checkout	2026-09-14T22:58:27.9732348Z Switched to a new branch 'main'
make check (ubuntu-latest)	Checkout	2026-09-14T22:58:27.9736456Z branch 'main' set up to track 'origin/main'.
make check (ubuntu-latest)	Checkout	2026-09-14T22:58:27.9749919Z ##[endgroup]
make check (ubuntu-latest)	Checkout	2026-09-14T22:58:27.9785718Z [command]/usr/bin/git log -1 --format=%H
make check (ubuntu-latest)	Checkout	2026-09-14T22:58:27.9805302Z 30a0d1ce3965312b43938fdb145eb29fc66cffc2
make check (ubuntu-latest)	Checkout	2026-09-14T22:58:27.9812564Z ##[group]Removing auth
make check (ubuntu-latest)	Checkout	2026-09-14T22:58:27.9813063Z Removing SSH command configuration
make check (ubuntu-latest)	Checkout	2026-09-14T22:58:27.9815437Z [command]/usr/bin/git config --local --name-only --get-regexp core\.sshCommand
make check (ubuntu-latest)	Checkout	2026-09-14T22:58:27.9839415Z [command]/usr/bin/git submodule foreach --recursive sh -c "git config --local --name-only --get-regexp 'core\.sshCommand' && git config --local --unset-all 'core.sshCommand' || :"
make check (ubuntu-latest)	Checkout	2026-09-14T22:58:28.0001844Z Removing HTTP extra header
make check (ubuntu-latest)	Checkout	2026-09-14T22:58:28.0005333Z [command]/usr/bin/git config --local --name-only --get-regexp http\.https\:\/\/github\.com\/\.extraheader
make check (ubuntu-latest)	Checkout	2026-09-14T22:58:28.0028040Z [command]/usr/bin/git submodule foreach --recursive sh -c "git config --local --name-only --get-regexp 'http\.https\:\/\/github\.com\/\.extraheader' && git config --local --unset-all 'http.https://github.com/.extraheader' || :"
make check (ubuntu-latest)	Checkout	2026-09-14T22:58:28.0183802Z Removing includeIf entries pointing to credentials config files
make check (ubuntu-latest)	Checkout	2026-09-14T22:58:28.0185674Z [command]/usr/bin/git config --local --name-only --get-regexp ^includeIf\.gitdir:
make check (ubuntu-latest)	Checkout	2026-09-14T22:58:28.0205390Z includeif.gitdir:/home/runner/work/task-spec/task-spec/.git.path
make check (ubuntu-latest)	Checkout	2026-09-14T22:58:28.0206578Z includeif.gitdir:/home/runner/work/task-spec/task-spec/.git/worktrees/*.path
make check (ubuntu-latest)	Checkout	2026-09-14T22:58:28.0207608Z includeif.gitdir:/github/workspace/.git.path
make check (ubuntu-latest)	Checkout	2026-09-14T22:58:28.0208446Z includeif.gitdir:/github/workspace/.git/worktrees/*.path
make check (ubuntu-latest)	Checkout	2026-09-14T22:58:28.0211705Z [command]/usr/bin/git config --local --get-all includeif.gitdir:/home/runner/work/task-spec/task-spec/.git.path
make check (ubuntu-latest)	Checkout	2026-09-14T22:58:28.0230087Z /home/runner/work/_temp/git-credentials-03868a2e-e9f3-4237-b4d7-e6abbdeb451d.config
make check (ubuntu-latest)	Checkout	2026-09-14T22:58:28.0238036Z [command]/usr/bin/git config --local --unset includeif.gitdir:/home/runner/work/task-spec/task-spec/.git.path \/home\/runner\/work\/_temp\/git\-credentials\-03868a2e\-e9f3\-4237\-b4d7\-e6abbdeb451d\.config
make check (ubuntu-latest)	Checkout	2026-09-14T22:58:28.0261171Z [command]/usr/bin/git config --local --get-all includeif.gitdir:/home/runner/work/task-spec/task-spec/.git/worktrees/*.path
make check (ubuntu-latest)	Checkout	2026-09-14T22:58:28.0284120Z /home/runner/work/_temp/git-credentials-03868a2e-e9f3-4237-b4d7-e6abbdeb451d.config
make check (ubuntu-latest)	Checkout	2026-09-14T22:58:28.0290596Z [command]/usr/bin/git config --local --unset includeif.gitdir:/home/runner/work/task-spec/task-spec/.git/worktrees/*.path \/home\/runner\/work\/_temp\/git\-credentials\-03868a2e\-e9f3\-4237\-b4d7\-e6abbdeb451d\.config
make check (ubuntu-latest)	Checkout	2026-09-14T22:58:28.0317204Z [command]/usr/bin/git config --local --get-all includeif.gitdir:/github/workspace/.git.path
make check (ubuntu-latest)	Checkout	2026-09-14T22:58:28.0342048Z /github/runner_temp/git-credentials-03868a2e-e9f3-4237-b4d7-e6abbdeb451d.config
make check (ubuntu-latest)	Checkout	2026-09-14T22:58:28.0344423Z [command]/usr/bin/git config --local --unset includeif.gitdir:/github/workspace/.git.path \/github\/runner_temp\/git\-credentials\-03868a2e\-e9f3\-4237\-b4d7\-e6abbdeb451d\.config
make check (ubuntu-latest)	Checkout	2026-09-14T22:58:28.0427172Z [command]/usr/bin/git config --local --get-all includeif.gitdir:/github/workspace/.git/worktrees/*.path
make check (ubuntu-latest)	Checkout	2026-09-14T22:58:28.0443641Z /github/runner_temp/git-credentials-03868a2e-e9f3-4237-b4d7-e6abbdeb451d.config
make check (ubuntu-latest)	Checkout	2026-09-14T22:58:28.0448996Z [command]/usr/bin/git config --local --unset includeif.gitdir:/github/workspace/.git/worktrees/*.path \/github\/runner_temp\/git\-credentials\-03868a2e\-e9f3\-4237\-b4d7\-e6abbdeb451d\.config
make check (ubuntu-latest)	Checkout	2026-09-14T22:58:28.0471707Z [command]/usr/bin/git submodule foreach --recursive git config --local --show-origin --name-only --get-regexp remote.origin.url
make check (ubuntu-latest)	Checkout	2026-09-14T22:58:28.0634440Z Removing credentials config '/home/runner/work/_temp/git-credentials-03868a2e-e9f3-4237-b4d7-e6abbdeb451d.config'
make check (ubuntu-latest)	Checkout	2026-09-14T22:58:28.0640562Z ##[endgroup]
make check (ubuntu-latest)	Install pinned Go toolchain for optional TaskMesh	﻿2026-09-14T22:58:28.0826905Z ##[group]Run actions/setup-go@b7ad1dad31e06c5925ef5d2fc7ad053ef454303e
make check (ubuntu-latest)	Install pinned Go toolchain for optional TaskMesh	2026-09-14T22:58:28.0827294Z with:
make check (ubuntu-latest)	Install pinned Go toolchain for optional TaskMesh	2026-09-14T22:58:28.0827592Z   go-version: 1.25.0
make check (ubuntu-latest)	Install pinned Go toolchain for optional TaskMesh	2026-09-14T22:58:28.0827880Z   cache-dependency-path: go.sum
make check (ubuntu-latest)	Install pinned Go toolchain for optional TaskMesh	2026-09-14T22:58:28.0828178Z   check-latest: false
make check (ubuntu-latest)	Install pinned Go toolchain for optional TaskMesh	2026-09-14T22:58:28.0830535Z   token: ***
make check (ubuntu-latest)	Install pinned Go toolchain for optional TaskMesh	2026-09-14T22:58:28.0830762Z   cache: true
make check (ubuntu-latest)	Install pinned Go toolchain for optional TaskMesh	2026-09-14T22:58:28.0831053Z ##[endgroup]
make check (ubuntu-latest)	Install pinned Go toolchain for optional TaskMesh	2026-09-14T22:58:28.1770093Z Setup go version spec 1.25.0
make check (ubuntu-latest)	Install pinned Go toolchain for optional TaskMesh	2026-09-14T22:58:28.1777456Z Attempting to download 1.25.0...
make check (ubuntu-latest)	Install pinned Go toolchain for optional TaskMesh	2026-09-14T22:58:28.8327932Z matching 1.25.0...
make check (ubuntu-latest)	Install pinned Go toolchain for optional TaskMesh	2026-09-14T22:58:28.8337497Z Acquiring 1.25.0 from https://github.com/actions/go-versions/releases/download/1.25.0-16925932082/go-1.25.0-linux-x64.tar.gz
make check (ubuntu-latest)	Install pinned Go toolchain for optional TaskMesh	2026-09-14T22:58:29.3861351Z Extracting Go...
make check (ubuntu-latest)	Install pinned Go toolchain for optional TaskMesh	2026-09-14T22:58:29.3947149Z [command]/usr/bin/tar xz --warning=no-unknown-keyword --overwrite -C /home/runner/work/_temp/6c7a29c9-d839-46d8-8df9-c919e857bcb1 -f /home/runner/work/_temp/9c8e30c7-a5e0-4f39-8e09-5cb2bdc4fdc9
make check (ubuntu-latest)	Install pinned Go toolchain for optional TaskMesh	2026-09-14T22:58:30.6317053Z Successfully extracted go to /home/runner/work/_temp/6c7a29c9-d839-46d8-8df9-c919e857bcb1
make check (ubuntu-latest)	Install pinned Go toolchain for optional TaskMesh	2026-09-14T22:58:30.6317938Z Adding to the cache ...
make check (ubuntu-latest)	Install pinned Go toolchain for optional TaskMesh	2026-09-14T22:58:34.2959502Z Successfully cached go to /opt/hostedtoolcache/go/1.25.0/x64
make check (ubuntu-latest)	Install pinned Go toolchain for optional TaskMesh	2026-09-14T22:58:34.2960778Z Added go to the path
make check (ubuntu-latest)	Install pinned Go toolchain for optional TaskMesh	2026-09-14T22:58:34.2965073Z Successfully set up Go version 1.25.0
make check (ubuntu-latest)	Install pinned Go toolchain for optional TaskMesh	2026-09-14T22:58:34.3111821Z [command]/opt/hostedtoolcache/go/1.25.0/x64/bin/go env GOMODCACHE
make check (ubuntu-latest)	Install pinned Go toolchain for optional TaskMesh	2026-09-14T22:58:34.3132031Z [command]/opt/hostedtoolcache/go/1.25.0/x64/bin/go env GOCACHE
make check (ubuntu-latest)	Install pinned Go toolchain for optional TaskMesh	2026-09-14T22:58:34.3153296Z /home/runner/go/pkg/mod
make check (ubuntu-latest)	Install pinned Go toolchain for optional TaskMesh	2026-09-14T22:58:34.3165069Z /home/runner/.cache/go-build
make check (ubuntu-latest)	Install pinned Go toolchain for optional TaskMesh	2026-09-14T22:58:34.4639684Z Cache is not found
make check (ubuntu-latest)	Install pinned Go toolchain for optional TaskMesh	2026-09-14T22:58:34.4660813Z go version go1.25.0 linux/amd64
make check (ubuntu-latest)	Install pinned Go toolchain for optional TaskMesh	2026-09-14T22:58:34.4661111Z 
make check (ubuntu-latest)	Install pinned Go toolchain for optional TaskMesh	2026-09-14T22:58:34.4661471Z ##[group]go env
make check (ubuntu-latest)	Install pinned Go toolchain for optional TaskMesh	2026-09-14T22:58:34.5653359Z AR='ar'
make check (ubuntu-latest)	Install pinned Go toolchain for optional TaskMesh	2026-09-14T22:58:34.5653799Z CC='gcc'
make check (ubuntu-latest)	Install pinned Go toolchain for optional TaskMesh	2026-09-14T22:58:34.5654341Z CGO_CFLAGS='-O2 -g'
make check (ubuntu-latest)	Install pinned Go toolchain for optional TaskMesh	2026-09-14T22:58:34.5654655Z CGO_CPPFLAGS=''
make check (ubuntu-latest)	Install pinned Go toolchain for optional TaskMesh	2026-09-14T22:58:34.5654903Z CGO_CXXFLAGS='-O2 -g'
make check (ubuntu-latest)	Install pinned Go toolchain for optional TaskMesh	2026-09-14T22:58:34.5655182Z CGO_ENABLED='1'
make check (ubuntu-latest)	Install pinned Go toolchain for optional TaskMesh	2026-09-14T22:58:34.5655459Z CGO_FFLAGS='-O2 -g'
make check (ubuntu-latest)	Install pinned Go toolchain for optional TaskMesh	2026-09-14T22:58:34.5655699Z CGO_LDFLAGS='-O2 -g'
make check (ubuntu-latest)	Install pinned Go toolchain for optional TaskMesh	2026-09-14T22:58:34.5655957Z CXX='g++'
make check (ubuntu-latest)	Install pinned Go toolchain for optional TaskMesh	2026-09-14T22:58:34.5656216Z GCCGO='gccgo'
make check (ubuntu-latest)	Install pinned Go toolchain for optional TaskMesh	2026-09-14T22:58:34.5656437Z GO111MODULE=''
make check (ubuntu-latest)	Install pinned Go toolchain for optional TaskMesh	2026-09-14T22:58:34.5656709Z GOAMD64='v1'
make check (ubuntu-latest)	Install pinned Go toolchain for optional TaskMesh	2026-09-14T22:58:34.5656943Z GOARCH='amd64'
make check (ubuntu-latest)	Install pinned Go toolchain for optional TaskMesh	2026-09-14T22:58:34.5657174Z GOAUTH='netrc'
make check (ubuntu-latest)	Install pinned Go toolchain for optional TaskMesh	2026-09-14T22:58:34.5657399Z GOBIN=''
make check (ubuntu-latest)	Install pinned Go toolchain for optional TaskMesh	2026-09-14T22:58:34.5657648Z GOCACHE='/home/runner/.cache/go-build'
make check (ubuntu-latest)	Install pinned Go toolchain for optional TaskMesh	2026-09-14T22:58:34.5657965Z GOCACHEPROG=''
make check (ubuntu-latest)	Install pinned Go toolchain for optional TaskMesh	2026-09-14T22:58:34.5658191Z GODEBUG=''
make check (ubuntu-latest)	Install pinned Go toolchain for optional TaskMesh	2026-09-14T22:58:34.5658427Z GOENV='/home/runner/.config/go/env'
make check (ubuntu-latest)	Install pinned Go toolchain for optional TaskMesh	2026-09-14T22:58:34.5658791Z GOEXE=''
make check (ubuntu-latest)	Install pinned Go toolchain for optional TaskMesh	2026-09-14T22:58:34.5659021Z GOEXPERIMENT=''
make check (ubuntu-latest)	Install pinned Go toolchain for optional TaskMesh	2026-09-14T22:58:34.5659284Z GOFIPS140='off'
make check (ubuntu-latest)	Install pinned Go toolchain for optional TaskMesh	2026-09-14T22:58:34.5659505Z GOFLAGS=''
make check (ubuntu-latest)	Install pinned Go toolchain for optional TaskMesh	2026-09-14T22:58:34.5660134Z GOGCCFLAGS='-fPIC -m64 -pthread -Wl,--no-gc-sections -fmessage-length=0 -ffile-prefix-map=/tmp/go-build941643579=/tmp/go-build -gno-record-gcc-switches'
make check (ubuntu-latest)	Install pinned Go toolchain for optional TaskMesh	2026-09-14T22:58:34.5660807Z GOHOSTARCH='amd64'
make check (ubuntu-latest)	Install pinned Go toolchain for optional TaskMesh	2026-09-14T22:58:34.5661051Z GOHOSTOS='linux'
make check (ubuntu-latest)	Install pinned Go toolchain for optional TaskMesh	2026-09-14T22:58:34.5661316Z GOINSECURE=''
make check (ubuntu-latest)	Install pinned Go toolchain for optional TaskMesh	2026-09-14T22:58:34.5661640Z GOMOD='/home/runner/work/task-spec/task-spec/go.mod'
make check (ubuntu-latest)	Install pinned Go toolchain for optional TaskMesh	2026-09-14T22:58:34.5662171Z GOMODCACHE='/home/runner/go/pkg/mod'
make check (ubuntu-latest)	Install pinned Go toolchain for optional TaskMesh	2026-09-14T22:58:34.5662469Z GONOPROXY=''
make check (ubuntu-latest)	Install pinned Go toolchain for optional TaskMesh	2026-09-14T22:58:34.5662692Z GONOSUMDB=''
make check (ubuntu-latest)	Install pinned Go toolchain for optional TaskMesh	2026-09-14T22:58:34.5662937Z GOOS='linux'
make check (ubuntu-latest)	Install pinned Go toolchain for optional TaskMesh	2026-09-14T22:58:34.5663175Z GOPATH='/home/runner/go'
make check (ubuntu-latest)	Install pinned Go toolchain for optional TaskMesh	2026-09-14T22:58:34.5663427Z GOPRIVATE=''
make check (ubuntu-latest)	Install pinned Go toolchain for optional TaskMesh	2026-09-14T22:58:34.5663720Z GOPROXY='https://proxy.golang.org,direct'
make check (ubuntu-latest)	Install pinned Go toolchain for optional TaskMesh	2026-09-14T22:58:34.5664048Z GOROOT='/opt/hostedtoolcache/go/1.25.0/x64'
make check (ubuntu-latest)	Install pinned Go toolchain for optional TaskMesh	2026-09-14T22:58:34.5664786Z GOSUMDB='sum.golang.org'
make check (ubuntu-latest)	Install pinned Go toolchain for optional TaskMesh	2026-09-14T22:58:34.5665068Z GOTELEMETRY='local'
make check (ubuntu-latest)	Install pinned Go toolchain for optional TaskMesh	2026-09-14T22:58:34.5665372Z GOTELEMETRYDIR='/home/runner/.config/go/telemetry'
make check (ubuntu-latest)	Install pinned Go toolchain for optional TaskMesh	2026-09-14T22:58:34.5665692Z GOTMPDIR=''
make check (ubuntu-latest)	Install pinned Go toolchain for optional TaskMesh	2026-09-14T22:58:34.5665919Z GOTOOLCHAIN='local'
make check (ubuntu-latest)	Install pinned Go toolchain for optional TaskMesh	2026-09-14T22:58:34.5666254Z GOTOOLDIR='/opt/hostedtoolcache/go/1.25.0/x64/pkg/tool/linux_amd64'
make check (ubuntu-latest)	Install pinned Go toolchain for optional TaskMesh	2026-09-14T22:58:34.5666719Z GOVCS=''
make check (ubuntu-latest)	Install pinned Go toolchain for optional TaskMesh	2026-09-14T22:58:34.5666944Z GOVERSION='go1.25.0'
make check (ubuntu-latest)	Install pinned Go toolchain for optional TaskMesh	2026-09-14T22:58:34.5667181Z GOWORK=''
make check (ubuntu-latest)	Install pinned Go toolchain for optional TaskMesh	2026-09-14T22:58:34.5667438Z PKG_CONFIG='pkg-config'
make check (ubuntu-latest)	Install pinned Go toolchain for optional TaskMesh	2026-09-14T22:58:34.5667624Z 
make check (ubuntu-latest)	Install pinned Go toolchain for optional TaskMesh	2026-09-14T22:58:34.5667963Z ##[endgroup]
make check (ubuntu-latest)	Provision private locked decomposition runtime	﻿2026-09-14T22:58:34.5797566Z ##[group]Run bash bin/taskspec setup decompose
make check (ubuntu-latest)	Provision private locked decomposition runtime	2026-09-14T22:58:34.5798025Z [36;1mbash bin/taskspec setup decompose[0m
make check (ubuntu-latest)	Provision private locked decomposition runtime	2026-09-14T22:58:34.5826440Z shell: /usr/bin/bash -e {0}
make check (ubuntu-latest)	Provision private locked decomposition runtime	2026-09-14T22:58:34.5826774Z env:
make check (ubuntu-latest)	Provision private locked decomposition runtime	2026-09-14T22:58:34.5827407Z   GOTOOLCHAIN: local
make check (ubuntu-latest)	Provision private locked decomposition runtime	2026-09-14T22:58:34.5827743Z ##[endgroup]
make check (ubuntu-latest)	Provision private locked decomposition runtime	2026-09-14T22:58:37.2848384Z Collecting attrs==26.1.0 (from -r /home/runner/work/task-spec/task-spec/src/decompose/requirements.lock (line 2))
make check (ubuntu-latest)	Provision private locked decomposition runtime	2026-09-14T22:58:37.3429176Z   Downloading attrs-26.1.0-py3-none-any.whl (67 kB)
make check (ubuntu-latest)	Provision private locked decomposition runtime	2026-09-14T22:58:37.3597056Z      ━━━━━━━━━━━━━━━━━━━━━━━━━━━━━━━━━━━━━━━━ 67.5/67.5 kB 4.0 MB/s eta 0:00:00
make check (ubuntu-latest)	Provision private locked decomposition runtime	2026-09-14T22:58:37.4134836Z Collecting jsonschema==4.26.0 (from -r /home/runner/work/task-spec/task-spec/src/decompose/requirements.lock (line 5))
make check (ubuntu-latest)	Provision private locked decomposition runtime	2026-09-14T22:58:37.4236101Z   Downloading jsonschema-4.26.0-py3-none-any.whl (90 kB)
make check (ubuntu-latest)	Provision private locked decomposition runtime	2026-09-14T22:58:37.4357989Z      ━━━━━━━━━━━━━━━━━━━━━━━━━━━━━━━━━━━━━━━━ 90.6/90.6 kB 7.5 MB/s eta 0:00:00
make check (ubuntu-latest)	Provision private locked decomposition runtime	2026-09-14T22:58:37.4582156Z Collecting jsonschema-specifications==2025.9.1 (from -r /home/runner/work/task-spec/task-spec/src/decompose/requirements.lock (line 8))
make check (ubuntu-latest)	Provision private locked decomposition runtime	2026-09-14T22:58:37.4693669Z   Downloading jsonschema_specifications-2025.9.1-py3-none-any.whl (18 kB)
make check (ubuntu-latest)	Provision private locked decomposition runtime	2026-09-14T22:58:37.5208268Z Collecting PyYAML==6.0.3 (from -r /home/runner/work/task-spec/task-spec/src/decompose/requirements.lock (line 11))
make check (ubuntu-latest)	Provision private locked decomposition runtime	2026-09-14T22:58:37.5312187Z   Downloading pyyaml-6.0.3-cp312-cp312-manylinux2014_x86_64.manylinux_2_17_x86_64.manylinux_2_28_x86_64.whl (807 kB)
make check (ubuntu-latest)	Provision private locked decomposition runtime	2026-09-14T22:58:37.5666465Z      ━━━━━━━━━━━━━━━━━━━━━━━━━━━━━━━━━━━━━━ 807.9/807.9 kB 23.6 MB/s eta 0:00:00
make check (ubuntu-latest)	Provision private locked decomposition runtime	2026-09-14T22:58:37.6015942Z Collecting referencing==0.37.0 (from -r /home/runner/work/task-spec/task-spec/src/decompose/requirements.lock (line 85))
make check (ubuntu-latest)	Provision private locked decomposition runtime	2026-09-14T22:58:37.6126082Z   Downloading referencing-0.37.0-py3-none-any.whl (26 kB)
make check (ubuntu-latest)	Provision private locked decomposition runtime	2026-09-14T22:58:37.8679058Z Collecting rpds-py==2026.6.3 (from -r /home/runner/work/task-spec/task-spec/src/decompose/requirements.lock (line 88))
make check (ubuntu-latest)	Provision private locked decomposition runtime	2026-09-14T22:58:37.8783269Z   Downloading rpds_py-2026.6.3-cp312-cp312-manylinux_2_17_x86_64.manylinux2014_x86_64.whl (366 kB)
make check (ubuntu-latest)	Provision private locked decomposition runtime	2026-09-14T22:58:37.8845949Z      ━━━━━━━━━━━━━━━━━━━━━━━━━━━━━━━━━━━━━━ 366.2/366.2 kB 79.9 MB/s eta 0:00:00
make check (ubuntu-latest)	Provision private locked decomposition runtime	2026-09-14T22:58:37.9124888Z Collecting typing_extensions==4.15.0 (from -r /home/runner/work/task-spec/task-spec/src/decompose/requirements.lock (line 205))
make check (ubuntu-latest)	Provision private locked decomposition runtime	2026-09-14T22:58:37.9267005Z   Downloading typing_extensions-4.15.0-py3-none-any.whl (44 kB)
make check (ubuntu-latest)	Provision private locked decomposition runtime	2026-09-14T22:58:37.9335843Z      ━━━━━━━━━━━━━━━━━━━━━━━━━━━━━━━━━━━━━━━━ 44.6/44.6 kB 6.4 MB/s eta 0:00:00
make check (ubuntu-latest)	Provision private locked decomposition runtime	2026-09-14T22:58:37.9789236Z Installing collected packages: typing_extensions, rpds-py, PyYAML, attrs, referencing, jsonschema-specifications, jsonschema
make check (ubuntu-latest)	Provision private locked decomposition runtime	2026-09-14T22:58:38.1562780Z Successfully installed PyYAML-6.0.3 attrs-26.1.0 jsonschema-4.26.0 jsonschema-specifications-2025.9.1 referencing-0.37.0 rpds-py-2026.6.3 typing_extensions-4.15.0
make check (ubuntu-latest)	Provision private locked decomposition runtime	2026-09-14T22:58:38.3221825Z {"contract": "TaskRuntimeSetup/v1", "ready": true, "path": "/home/runner/work/task-spec/task-spec/.taskspec/runtime/decompose", "lock_digest": "eb1adcfe1266108d7587d9a561bb57d482a2104efa871db46c6287095649ba33"}
make check (ubuntu-latest)	Install schema-fidelity consumer dependencies	﻿2026-09-14T22:58:38.3306427Z ##[group]Run python3 -m pip install --disable-pip-version-check --quiet --break-system-packages pyyaml==6.0.2 jsonschema==4.26.0
make check (ubuntu-latest)	Install schema-fidelity consumer dependencies	2026-09-14T22:58:38.3307230Z [36;1mpython3 -m pip install --disable-pip-version-check --quiet --break-system-packages pyyaml==6.0.2 jsonschema==4.26.0[0m
make check (ubuntu-latest)	Install schema-fidelity consumer dependencies	2026-09-14T22:58:38.3328564Z shell: /usr/bin/bash -e {0}
make check (ubuntu-latest)	Install schema-fidelity consumer dependencies	2026-09-14T22:58:38.3328904Z env:
make check (ubuntu-latest)	Install schema-fidelity consumer dependencies	2026-09-14T22:58:38.3329179Z   GOTOOLCHAIN: local
make check (ubuntu-latest)	Install schema-fidelity consumer dependencies	2026-09-14T22:58:38.3329456Z ##[endgroup]
make check (ubuntu-latest)	make check (includes isolated install-to-accept demo)	﻿2026-09-14T22:58:43.8702608Z ##[group]Run make check
make check (ubuntu-latest)	make check (includes isolated install-to-accept demo)	2026-09-14T22:58:43.8702936Z [36;1mmake check[0m
make check (ubuntu-latest)	make check (includes isolated install-to-accept demo)	2026-09-14T22:58:43.8723257Z shell: /usr/bin/bash -e {0}
make check (ubuntu-latest)	make check (includes isolated install-to-accept demo)	2026-09-14T22:58:43.8723559Z env:
make check (ubuntu-latest)	make check (includes isolated install-to-accept demo)	2026-09-14T22:58:43.8723877Z   GOTOOLCHAIN: local
make check (ubuntu-latest)	make check (includes isolated install-to-accept demo)	2026-09-14T22:58:43.8724147Z ##[endgroup]
make check (ubuntu-latest)	make check (includes isolated install-to-accept demo)	2026-09-14T22:58:43.9525541Z bash bin/taskspec doctor
make check (ubuntu-latest)	make check (includes isolated install-to-accept demo)	2026-09-14T22:58:43.9554980Z PASS  bash >= 3.2 (5.2.21(1)-release)
make check (ubuntu-latest)	make check (includes isolated install-to-accept demo)	2026-09-14T22:58:43.9575466Z PASS  git (2.55.0)
make check (ubuntu-latest)	make check (includes isolated install-to-accept demo)	2026-09-14T22:58:43.9594177Z PASS  python3 (3.12.3)
make check (ubuntu-latest)	make check (includes isolated install-to-accept demo)	2026-09-14T22:58:43.9594718Z PASS  SHA-256/HMAC provider
make check (ubuntu-latest)	make check (includes isolated install-to-accept demo)	2026-09-14T22:58:43.9595397Z PASS  shellcheck
make check (ubuntu-latest)	make check (includes isolated install-to-accept demo)	2026-09-14T22:58:43.9614066Z WARN  no signing key; run: taskspec setup signing
make check (ubuntu-latest)	make check (includes isolated install-to-accept demo)	2026-09-14T22:58:43.9614675Z DOCTOR=READY
make check (ubuntu-latest)	make check (includes isolated install-to-accept demo)	2026-09-14T22:58:43.9616713Z bash tests/lint-skill-docs.sh
make check (ubuntu-latest)	make check (includes isolated install-to-accept demo)	2026-09-14T22:58:44.0617965Z lint-skill-docs.sh (10 checks)
make check (ubuntu-latest)	make check (includes isolated install-to-accept demo)	2026-09-14T22:58:44.0618920Z ════════════════════════════════════════
make check (ubuntu-latest)	make check (includes isolated install-to-accept demo)	2026-09-14T22:58:44.0619630Z OK: VERSION, CHANGELOG.md, and src/lib/_lib.sh agree at v3.10.0
make check (ubuntu-latest)	make check (includes isolated install-to-accept demo)	2026-09-14T22:58:44.0620210Z bash tests/lint-docs.sh
make check (ubuntu-latest)	make check (includes isolated install-to-accept demo)	2026-09-14T22:58:44.5269738Z CLI_REFERENCE=OK
make check (ubuntu-latest)	make check (includes isolated install-to-accept demo)	2026-09-14T22:58:44.5311084Z lint-docs: OK
make check (ubuntu-latest)	make check (includes isolated install-to-accept demo)	2026-09-14T22:58:44.5320898Z set -e; for t in tests/test-*.sh; do bash "$t"; done
make check (ubuntu-latest)	make check (includes isolated install-to-accept demo)	2026-09-14T22:58:44.6195487Z PASS — dependency-aware leaf frontier and --all behavior
make check (ubuntu-latest)	make check (includes isolated install-to-accept demo)	2026-09-14T22:58:44.6620454Z PASS — collisions, dangling edges, cycles, and concurrency are reported
make check (ubuntu-latest)	make check (includes isolated install-to-accept demo)	2026-09-14T22:58:44.7597470Z PASS — archived dependencies, supersession blocking, advisory blocks, and deterministic graph views
make check (ubuntu-latest)	make check (includes isolated install-to-accept demo)	2026-09-14T22:58:45.0406219Z PASS — recursive task resolution and active write conflicts share one graph universe
make check (ubuntu-latest)	make check (includes isolated install-to-accept demo)	2026-09-14T22:58:45.1542759Z PASS — dependency closure includes leaf dependencies and composition ancestors only
make check (ubuntu-latest)	make check (includes isolated install-to-accept demo)	2026-09-14T22:58:45.1576636Z === (a) bash -n syntax check for every src/*/*.sh ===
make check (ubuntu-latest)	make check (includes isolated install-to-accept demo)	2026-09-14T22:58:45.1594355Z   ✓ syntax ok: accept/accept-task.sh
make check (ubuntu-latest)	make check (includes isolated install-to-accept demo)	2026-09-14T22:58:45.1608099Z   ✓ syntax ok: author/batch-generate.sh
make check (ubuntu-latest)	make check (includes isolated install-to-accept demo)	2026-09-14T22:58:45.1621633Z   ✓ syntax ok: author/generate-task-spec.sh
make check (ubuntu-latest)	make check (includes isolated install-to-accept demo)	2026-09-14T22:58:45.1634390Z   ✓ syntax ok: author/migrate-legacy-task.sh
make check (ubuntu-latest)	make check (includes isolated install-to-accept demo)	2026-09-14T22:58:45.1646999Z   ✓ syntax ok: backlog/archive.sh
make check (ubuntu-latest)	make check (includes isolated install-to-accept demo)	2026-09-14T22:58:45.1658893Z   ✓ syntax ok: backlog/backup-backlog.sh
make check (ubuntu-latest)	make check (includes isolated install-to-accept demo)	2026-09-14T22:58:45.1670400Z   ✓ syntax ok: backlog/install-hooks.sh
make check (ubuntu-latest)	make check (includes isolated install-to-accept demo)	2026-09-14T22:58:45.1681506Z   ✓ syntax ok: backlog/lint-backlog.sh
make check (ubuntu-latest)	make check (includes isolated install-to-accept demo)	2026-09-14T22:58:45.1692408Z   ✓ syntax ok: backlog/list-ready.sh
make check (ubuntu-latest)	make check (includes isolated install-to-accept demo)	2026-09-14T22:58:45.1704974Z   ✓ syntax ok: backlog/query-metrics.sh
make check (ubuntu-latest)	make check (includes isolated install-to-accept demo)	2026-09-14T22:58:45.1717597Z   ✓ syntax ok: backlog/rebuild-state.sh
make check (ubuntu-latest)	make check (includes isolated install-to-accept demo)	2026-09-14T22:58:45.1730562Z   ✓ syntax ok: backlog/transition-status.sh
make check (ubuntu-latest)	make check (includes isolated install-to-accept demo)	2026-09-14T22:58:45.1741649Z   ✓ syntax ok: decompose/launch.sh
make check (ubuntu-latest)	make check (includes isolated install-to-accept demo)	2026-09-14T22:58:45.1755335Z   ✓ syntax ok: dispatch/conformance-check.sh
make check (ubuntu-latest)	make check (includes isolated install-to-accept demo)	2026-09-14T22:58:45.1768349Z   ✓ syntax ok: dispatch/ref-executor.sh
make check (ubuntu-latest)	make check (includes isolated install-to-accept demo)	2026-09-14T22:58:45.1779987Z   ✓ syntax ok: gate/definition-of-done.sh
make check (ubuntu-latest)	make check (includes isolated install-to-accept demo)	2026-09-14T22:58:45.1793779Z   ✓ syntax ok: gate/run-task-spec.sh
make check (ubuntu-latest)	make check (includes isolated install-to-accept demo)	2026-09-14T22:58:45.1808838Z   ✓ syntax ok: gate/safe-to-delegate.sh
make check (ubuntu-latest)	make check (includes isolated install-to-accept demo)	2026-09-14T22:58:45.1833819Z   ✓ syntax ok: gate/validate-task-spec.sh
make check (ubuntu-latest)	make check (includes isolated install-to-accept demo)	2026-09-14T22:58:45.1855115Z   ✓ syntax ok: lib/_lib.sh
make check (ubuntu-latest)	make check (includes isolated install-to-accept demo)	2026-09-14T22:58:45.1866371Z   ✓ syntax ok: lib/install.sh
make check (ubuntu-latest)	make check (includes isolated install-to-accept demo)	2026-09-14T22:58:45.1877939Z   ✓ syntax ok: setup/demo.sh
make check (ubuntu-latest)	make check (includes isolated install-to-accept demo)	2026-09-14T22:58:45.1888969Z   ✓ syntax ok: setup/init.sh
make check (ubuntu-latest)	make check (includes isolated install-to-accept demo)	2026-09-14T22:58:45.1900255Z   ✓ syntax ok: setup/readiness.sh
make check (ubuntu-latest)	make check (includes isolated install-to-accept demo)	2026-09-14T22:58:45.1900891Z === (b) core-path scripts contain no bash-4-only constructs ===
make check (ubuntu-latest)	make check (includes isolated install-to-accept demo)	2026-09-14T22:58:45.1935291Z   ✓ gate/validate-task-spec.sh has no 'declare -A'
make check (ubuntu-latest)	make check (includes isolated install-to-accept demo)	2026-09-14T22:58:45.1950513Z   ✓ gate/validate-task-spec.sh has no mapfile/readarray
make check (ubuntu-latest)	make check (includes isolated install-to-accept demo)	2026-09-14T22:58:45.1973448Z   ✓ gate/safe-to-delegate.sh has no 'declare -A'
make check (ubuntu-latest)	make check (includes isolated install-to-accept demo)	2026-09-14T22:58:45.1984744Z   ✓ gate/safe-to-delegate.sh has no mapfile/readarray
make check (ubuntu-latest)	make check (includes isolated install-to-accept demo)	2026-09-14T22:58:45.2007622Z   ✓ gate/run-task-spec.sh has no 'declare -A'
make check (ubuntu-latest)	make check (includes isolated install-to-accept demo)	2026-09-14T22:58:45.2019166Z   ✓ gate/run-task-spec.sh has no mapfile/readarray
make check (ubuntu-latest)	make check (includes isolated install-to-accept demo)	2026-09-14T22:58:45.2044983Z   ✓ lib/_lib.sh has no 'declare -A'
make check (ubuntu-latest)	make check (includes isolated install-to-accept demo)	2026-09-14T22:58:45.2057312Z   ✓ lib/_lib.sh has no mapfile/readarray
make check (ubuntu-latest)	make check (includes isolated install-to-accept demo)	2026-09-14T22:58:45.2057855Z === (c) aux scripts call ts_require_bash4 ===
make check (ubuntu-latest)	make check (includes isolated install-to-accept demo)	2026-09-14T22:58:45.2067268Z   ✓ backlog/query-metrics.sh calls ts_require_bash4
make check (ubuntu-latest)	make check (includes isolated install-to-accept demo)	2026-09-14T22:58:45.2067877Z === (d) conformance runner + adapters are bash-3.2-clean ===
make check (ubuntu-latest)	make check (includes isolated install-to-accept demo)	2026-09-14T22:58:45.2083689Z   ✓ syntax ok: conformance/run_conformance.sh
make check (ubuntu-latest)	make check (includes isolated install-to-accept demo)	2026-09-14T22:58:45.2116517Z   ✓ conformance/run_conformance.sh has no bash-4-only constructs
make check (ubuntu-latest)	make check (includes isolated install-to-accept demo)	2026-09-14T22:58:45.2128356Z   ✓ syntax ok: conformance/adapters/self.sh
make check (ubuntu-latest)	make check (includes isolated install-to-accept demo)	2026-09-14T22:58:45.2159954Z   ✓ conformance/adapters/self.sh has no bash-4-only constructs
make check (ubuntu-latest)	make check (includes isolated install-to-accept demo)	2026-09-14T22:58:45.2160393Z 
make check (ubuntu-latest)	make check (includes isolated install-to-accept demo)	2026-09-14T22:58:45.2160543Z ========================================
make check (ubuntu-latest)	make check (includes isolated install-to-accept demo)	2026-09-14T22:58:45.2160850Z Results: 37 passed, 0 failed
make check (ubuntu-latest)	make check (includes isolated install-to-accept demo)	2026-09-14T22:58:45.2161142Z ========================================
make check (ubuntu-latest)	make check (includes isolated install-to-accept demo)	2026-09-14T22:58:45.2767629Z ok    new requires slug and effort
make check (ubuntu-latest)	make check (includes isolated install-to-accept demo)	2026-09-14T22:58:45.3310372Z ok    new rejects an unknown option
make check (ubuntu-latest)	make check (includes isolated install-to-accept demo)	2026-09-14T22:58:45.3850431Z ok    new requires --format value
make check (ubuntu-latest)	make check (includes isolated install-to-accept demo)	2026-09-14T22:58:45.4401040Z ok    metrics rejects an unknown option
make check (ubuntu-latest)	make check (includes isolated install-to-accept demo)	2026-09-14T22:58:45.4974012Z ok    metrics requires --since value
make check (ubuntu-latest)	make check (includes isolated install-to-accept demo)	2026-09-14T22:58:45.4974892Z CLI_USAGE=PASS checks=5
make check (ubuntu-latest)	make check (includes isolated install-to-accept demo)	2026-09-14T22:58:54.0756699Z PASS — isolated demo reaches independent acceptance
make check (ubuntu-latest)	make check (includes isolated install-to-accept demo)	2026-09-14T22:58:54.1036380Z == effort sizing and composition ==
make check (ubuntu-latest)	make check (includes isolated install-to-accept demo)	2026-09-14T22:58:54.3075292Z ok    XS leaf                     
make check (ubuntu-latest)	make check (includes isolated install-to-accept demo)	2026-09-14T22:58:54.5160334Z ok    S leaf union budget         
make check (ubuntu-latest)	make check (includes isolated install-to-accept demo)	2026-09-14T22:58:54.7225170Z ok    M leaf                      
make check (ubuntu-latest)	make check (includes isolated install-to-accept demo)	2026-09-14T22:58:54.9311471Z ok    L long horizon              
make check (ubuntu-latest)	make check (includes isolated install-to-accept demo)	2026-09-14T22:58:55.1389365Z ok    L wrong backend             
make check (ubuntu-latest)	make check (includes isolated install-to-accept demo)	2026-09-14T22:58:55.3461792Z ok    S over budget warns         
make check (ubuntu-latest)	make check (includes isolated install-to-accept demo)	2026-09-14T22:58:55.5610226Z ok    leaf cannot have children   
make check (ubuntu-latest)	make check (includes isolated install-to-accept demo)	2026-09-14T22:58:55.7669965Z ok    XL needs children           
make check (ubuntu-latest)	make check (includes isolated install-to-accept demo)	2026-09-14T22:58:55.9810975Z ok    XXL needs three children    
make check (ubuntu-latest)	make check (includes isolated install-to-accept demo)	2026-09-14T22:58:56.1944948Z ok    XL composition node         
make check (ubuntu-latest)	make check (includes isolated install-to-accept demo)	2026-09-14T22:58:56.4080310Z ok    XXL composition node        
make check (ubuntu-latest)	make check (includes isolated install-to-accept demo)	2026-09-14T22:58:56.6225694Z ok    node owns no writes         
make check (ubuntu-latest)	make check (includes isolated install-to-accept demo)	2026-09-14T22:58:56.8362023Z ok    invalid child id            
make check (ubuntu-latest)	make check (includes isolated install-to-accept demo)	2026-09-14T22:58:57.0456648Z ok    unknown size                
make check (ubuntu-latest)	make check (includes isolated install-to-accept demo)	2026-09-14T22:58:57.0457423Z 
make check (ubuntu-latest)	make check (includes isolated install-to-accept demo)	2026-09-14T22:58:57.0457795Z PASS — all 14 sizing rows green.
make check (ubuntu-latest)	make check (includes isolated install-to-accept demo)	2026-09-14T22:59:04.0094488Z ENGINE_MATRIX_V2=READY
make check (ubuntu-latest)	make check (includes isolated install-to-accept demo)	2026-09-14T22:59:04.3175801Z ENVIRONMENT_ATTESTATION=READY
make check (ubuntu-latest)	make check (includes isolated install-to-accept demo)	2026-09-14T22:59:04.3292194Z ═══ test-extractor-fuzz.sh (adversarial extract-and-run, v3.10.0) ═══
make check (ubuntu-latest)	make check (includes isolated install-to-accept demo)	2026-09-14T22:59:04.3292874Z ── (A) extraction correctness ──
make check (ubuntu-latest)	make check (includes isolated install-to-accept demo)	2026-09-14T22:59:04.4586501Z   ✓ A:arith-shift extracted
make check (ubuntu-latest)	make check (includes isolated install-to-accept demo)	2026-09-14T22:59:04.5884998Z   ✓ A:heredoc-EOF-bash extracted
make check (ubuntu-latest)	make check (includes isolated install-to-accept demo)	2026-09-14T22:59:04.7202609Z   ✓ A:heredoc-fake-fence extracted
make check (ubuntu-latest)	make check (includes isolated install-to-accept demo)	2026-09-14T22:59:04.8532247Z   ✓ A:heredoc-fake-header extracted
make check (ubuntu-latest)	make check (includes isolated install-to-accept demo)	2026-09-14T22:59:04.9853407Z   ✓ A:nested-heredoc extracted
make check (ubuntu-latest)	make check (includes isolated install-to-accept demo)	2026-09-14T22:59:05.1159883Z   ✓ A:heredoc-dquote extracted
make check (ubuntu-latest)	make check (includes isolated install-to-accept demo)	2026-09-14T22:59:05.1160426Z ── (B) robustness invariant (no hang, no raw-error leak) ──
make check (ubuntu-latest)	make check (includes isolated install-to-accept demo)	2026-09-14T22:59:05.2460479Z   ✓ B:emoji-body clean (EXTRACTED)
make check (ubuntu-latest)	make check (includes isolated install-to-accept demo)	2026-09-14T22:59:05.4165225Z   ✓ B:two-evals clean (EXTRACTED)
make check (ubuntu-latest)	make check (includes isolated install-to-accept demo)	2026-09-14T22:59:05.5458578Z   ✓ B:unbalanced-brace clean (EXTRACTED)
make check (ubuntu-latest)	make check (includes isolated install-to-accept demo)	2026-09-14T22:59:05.6771483Z   ✓ B:fence-in-string clean (EXTRACTED)
make check (ubuntu-latest)	make check (includes isolated install-to-accept demo)	2026-09-14T22:59:05.8070977Z   ✓ B:header-looking-cmd clean (EXTRACTED)
make check (ubuntu-latest)	make check (includes isolated install-to-accept demo)	2026-09-14T22:59:05.9395297Z   ✓ B:backtick-cmd clean (EXTRACTED)
make check (ubuntu-latest)	make check (includes isolated install-to-accept demo)	2026-09-14T22:59:06.0696730Z   ✓ B:comment-only clean (EXTRACTED)
make check (ubuntu-latest)	make check (includes isolated install-to-accept demo)	2026-09-14T22:59:06.2016008Z   ✓ B:exit-in-eval clean (EXTRACTED)
make check (ubuntu-latest)	make check (includes isolated install-to-accept demo)	2026-09-14T22:59:06.3330761Z   ✓ B:reads-stdin clean (EXTRACTED)
make check (ubuntu-latest)	make check (includes isolated install-to-accept demo)	2026-09-14T22:59:06.4690944Z   ✓ B:many-heredocs clean (EXTRACTED)
make check (ubuntu-latest)	make check (includes isolated install-to-accept demo)	2026-09-14T22:59:06.4691921Z ── (C) exit-check robustness (defense-in-depth, no hang on malformed Exit Check) ──
make check (ubuntu-latest)	make check (includes isolated install-to-accept demo)	2026-09-14T22:59:06.5988009Z   ✓ C:ec-unbalanced-quote clean (EXTRACTED)
make check (ubuntu-latest)	make check (includes isolated install-to-accept demo)	2026-09-14T22:59:06.7283392Z   ✓ C:ec-unbalanced-btick clean (EXTRACTED)
make check (ubuntu-latest)	make check (includes isolated install-to-accept demo)	2026-09-14T22:59:06.8583554Z   ✓ C:ec-heredoc-no-close clean (EXTRACTED)
make check (ubuntu-latest)	make check (includes isolated install-to-accept demo)	2026-09-14T22:59:06.8595121Z 
make check (ubuntu-latest)	make check (includes isolated install-to-accept demo)	2026-09-14T22:59:06.8595969Z ========================================
make check (ubuntu-latest)	make check (includes isolated install-to-accept demo)	2026-09-14T22:59:06.8596573Z Results: 19 passed, 0 failed
make check (ubuntu-latest)	make check (includes isolated install-to-accept demo)	2026-09-14T22:59:06.8596954Z ========================================
make check (ubuntu-latest)	make check (includes isolated install-to-accept demo)	2026-09-14T22:59:06.8651256Z ═══ test-hmac-envelope.sh (TaskAuthorization/v3 suite) ═══
make check (ubuntu-latest)	make check (includes isolated install-to-accept demo)	2026-09-14T22:59:06.8651873Z ── Scenario 1: Tier 1 stamp-then-verify ──
make check (ubuntu-latest)	make check (includes isolated install-to-accept demo)	2026-09-14T22:59:07.7064478Z   ✓ S1 sealed
make check (ubuntu-latest)	make check (includes isolated install-to-accept demo)	2026-09-14T22:59:07.7065027Z   ✓ S1 sig-format
make check (ubuntu-latest)	make check (includes isolated install-to-accept demo)	2026-09-14T22:59:07.7065539Z   ✓ S1 verify-tier1
make check (ubuntu-latest)	make check (includes isolated install-to-accept demo)	2026-09-14T22:59:07.7076261Z ── Scenario 2: Tier 3 tampered body ──
make check (ubuntu-latest)	make check (includes isolated install-to-accept demo)	2026-09-14T22:59:08.8284089Z   ✓ S2 pre-tamper-tier1
make check (ubuntu-latest)	make check (includes isolated install-to-accept demo)	2026-09-14T22:59:08.8284839Z   ✓ S2 tamper-caught-tier3
make check (ubuntu-latest)	make check (includes isolated install-to-accept demo)	2026-09-14T22:59:08.8296911Z ── Scenario 3: Tier 3 envelope tamper / wrong key / malformed ──
make check (ubuntu-latest)	make check (includes isolated install-to-accept demo)	2026-09-14T22:59:11.0623584Z   ✓ S3 envelope-value-tamper
make check (ubuntu-latest)	make check (includes isolated install-to-accept demo)	2026-09-14T22:59:11.0624834Z   ✓ S3 wrong-key-tier3
make check (ubuntu-latest)	make check (includes isolated install-to-accept demo)	2026-09-14T22:59:11.0625469Z   ✓ S3 malformed-sig-tier3
make check (ubuntu-latest)	make check (includes isolated install-to-accept demo)	2026-09-14T22:59:11.0636505Z ── Scenario 4: Tier 2 no-key degrade ──
make check (ubuntu-latest)	make check (includes isolated install-to-accept demo)	2026-09-14T22:59:12.1506667Z   ✓ S4 no-key-tier2
make check (ubuntu-latest)	make check (includes isolated install-to-accept demo)	2026-09-14T22:59:12.1507329Z   ✓ S4 legacy-nosig-tier2
make check (ubuntu-latest)	make check (includes isolated install-to-accept demo)	2026-09-14T22:59:12.1517932Z ── Scenario 5: portability floor (crypto masked) ──
make check (ubuntu-latest)	make check (includes isolated install-to-accept demo)	2026-09-14T22:59:13.4551868Z   ✓ S5 provider-none
make check (ubuntu-latest)	make check (includes isolated install-to-accept demo)	2026-09-14T22:59:13.4552379Z   ✓ S5 masked-stamp-stdlib-hmac
make check (ubuntu-latest)	make check (includes isolated install-to-accept demo)	2026-09-14T22:59:13.4552795Z   ✓ S5 masked-verify-tier2
make check (ubuntu-latest)	make check (includes isolated install-to-accept demo)	2026-09-14T22:59:13.4564003Z ── Scenario 6: .git/info key fallback ──
make check (ubuntu-latest)	make check (includes isolated install-to-accept demo)	2026-09-14T22:59:14.3223591Z   ✓ S6 keyfile-written
make check (ubuntu-latest)	make check (includes isolated install-to-accept demo)	2026-09-14T22:59:14.3224051Z   ✓ S6 gitinfo-stamp-sealed
make check (ubuntu-latest)	make check (includes isolated install-to-accept demo)	2026-09-14T22:59:14.3224738Z   ✓ S6 gitinfo-verify-tier1
make check (ubuntu-latest)	make check (includes isolated install-to-accept demo)	2026-09-14T22:59:14.3235347Z ── Scenario 7: injection-safe --stamp-by ──
make check (ubuntu-latest)	make check (includes isolated install-to-accept demo)	2026-09-14T22:59:18.4687672Z   ✓ S7 literal-verbatim-tier1 [build|42]
make check (ubuntu-latest)	make check (includes isolated install-to-accept demo)	2026-09-14T22:59:18.4688841Z   ✓ S7 literal-verbatim-tier1 [a&b]
make check (ubuntu-latest)	make check (includes isolated install-to-accept demo)	2026-09-14T22:59:18.4689667Z   ✓ S7 literal-verbatim-tier1 [team/build]
make check (ubuntu-latest)	make check (includes isolated install-to-accept demo)	2026-09-14T22:59:18.4690151Z   ✓ S7 literal-verbatim-tier1 [X|p;s|.*|INJECTED]
make check (ubuntu-latest)	make check (includes isolated install-to-accept demo)	2026-09-14T22:59:18.4690588Z   ✓ S7 literal-verbatim-tier1 [name with space]
make check (ubuntu-latest)	make check (includes isolated install-to-accept demo)	2026-09-14T22:59:18.4699666Z ── Scenario 8: --require-tier1 enforcement + TIER= line ──
make check (ubuntu-latest)	make check (includes isolated install-to-accept demo)	2026-09-14T22:59:19.8423831Z   ✓ S8 tier1-require-passes
make check (ubuntu-latest)	make check (includes isolated install-to-accept demo)	2026-09-14T22:59:19.8424759Z   ✓ S8 tier2-require-blocks
make check (ubuntu-latest)	make check (includes isolated install-to-accept demo)	2026-09-14T22:59:19.8425169Z   ✓ S8 tier2-noflag-delegates
make check (ubuntu-latest)	make check (includes isolated install-to-accept demo)	2026-09-14T22:59:19.8435682Z ── Scenario 9: ts_set_frontmatter_field newline + malformed + backslash-escape ──
make check (ubuntu-latest)	make check (includes isolated install-to-accept demo)	2026-09-14T22:59:19.8811177Z   ✓ S9 newline-rejected-file-untouched
make check (ubuntu-latest)	make check (includes isolated install-to-accept demo)	2026-09-14T22:59:19.8812053Z   ✓ S9 malformed-frontmatter-hard-fails
make check (ubuntu-latest)	make check (includes isolated install-to-accept demo)	2026-09-14T22:59:19.8813262Z   ✓ S9 backslash-n-written-verbatim-no-injection
make check (ubuntu-latest)	make check (includes isolated install-to-accept demo)	2026-09-14T22:59:19.8813765Z   ✓ S9 symlink-temp-path-defused
make check (ubuntu-latest)	make check (includes isolated install-to-accept demo)	2026-09-14T22:59:19.8820666Z ── Scenario 10: envelope v3 authorization boundary ──
make check (ubuntu-latest)	make check (includes isolated install-to-accept demo)	2026-09-14T22:59:20.6563575Z   ✓ S10 scope-widening-caught
make check (ubuntu-latest)	make check (includes isolated install-to-accept demo)	2026-09-14T22:59:21.4239777Z   ✓ S10 dependency-change-caught
make check (ubuntu-latest)	make check (includes isolated install-to-accept demo)	2026-09-14T22:59:22.3182699Z   ✓ S10 budget-raise-caught
make check (ubuntu-latest)	make check (includes isolated install-to-accept demo)	2026-09-14T22:59:23.0851468Z   ✓ S10 agent-change-caught
make check (ubuntu-latest)	make check (includes isolated install-to-accept demo)	2026-09-14T22:59:23.8519615Z   ✓ S10 backend-reroute-caught
make check (ubuntu-latest)	make check (includes isolated install-to-accept demo)	2026-09-14T22:59:24.7081947Z   ✓ S10 status-change-allowed
make check (ubuntu-latest)	make check (includes isolated install-to-accept demo)	2026-09-14T22:59:25.5485227Z   ✓ S10 tracker-writeback-allowed
make check (ubuntu-latest)	make check (includes isolated install-to-accept demo)	2026-09-14T22:59:25.5497334Z ── Scenario 11: legacy v1 verification and re-stamp ──
make check (ubuntu-latest)	make check (includes isolated install-to-accept demo)	2026-09-14T22:59:27.8179119Z   ✓ S11 legacy-v1-tier2
make check (ubuntu-latest)	make check (includes isolated install-to-accept demo)	2026-09-14T22:59:27.8180058Z   ✓ S11 legacy-restamped-v3
make check (ubuntu-latest)	make check (includes isolated install-to-accept demo)	2026-09-14T22:59:27.8180880Z   ✓ S11 legacy-v2-tier2
make check (ubuntu-latest)	make check (includes isolated install-to-accept demo)	2026-09-14T22:59:27.8181744Z   ✓ S11 legacy-v2-restamped-v3
make check (ubuntu-latest)	make check (includes isolated install-to-accept demo)	2026-09-14T22:59:27.8191212Z ── Scenario 12: re-stamp an amended spec ──
make check (ubuntu-latest)	make check (includes isolated install-to-accept demo)	2026-09-14T22:59:29.1764818Z   ✓ S12 edit-breaks-seal
make check (ubuntu-latest)	make check (includes isolated install-to-accept demo)	2026-09-14T22:59:29.1765443Z   ✓ S12 amendment-resealed
make check (ubuntu-latest)	make check (includes isolated install-to-accept demo)	2026-09-14T22:59:29.1778615Z 
make check (ubuntu-latest)	make check (includes isolated install-to-accept demo)	2026-09-14T22:59:29.1779001Z ========================================
make check (ubuntu-latest)	make check (includes isolated install-to-accept demo)	2026-09-14T22:59:29.1779607Z Results: 41 passed, 0 failed
make check (ubuntu-latest)	make check (includes isolated install-to-accept demo)	2026-09-14T22:59:29.1780006Z ========================================
make check (ubuntu-latest)	make check (includes isolated install-to-accept demo)	2026-09-14T22:59:30.2275111Z go: downloading modernc.org/sqlite v1.56.0
make check (ubuntu-latest)	make check (includes isolated install-to-accept demo)	2026-09-14T22:59:32.0190795Z go: downloading golang.org/x/sys v0.47.0
make check (ubuntu-latest)	make check (includes isolated install-to-accept demo)	2026-09-14T22:59:32.0191905Z go: downloading modernc.org/libc v1.74.4
make check (ubuntu-latest)	make check (includes isolated install-to-accept demo)	2026-09-14T22:59:33.1300307Z go: downloading modernc.org/mathutil v1.7.1
make check (ubuntu-latest)	make check (includes isolated install-to-accept demo)	2026-09-14T22:59:33.1301034Z go: downloading github.com/google/uuid v1.6.0
make check (ubuntu-latest)	make check (includes isolated install-to-accept demo)	2026-09-14T22:59:33.1309432Z go: downloading github.com/dustin/go-humanize v1.0.1
make check (ubuntu-latest)	make check (includes isolated install-to-accept demo)	2026-09-14T22:59:33.1309989Z go: downloading modernc.org/memory v1.11.0
make check (ubuntu-latest)	make check (includes isolated install-to-accept demo)	2026-09-14T22:59:33.2037701Z go: downloading github.com/remyoudompheng/bigfft v0.0.0-20230129092748-24d4a6f8daec
make check (ubuntu-latest)	make check (includes isolated install-to-accept demo)	2026-09-14T22:59:53.4010409Z MESH_ADAPTERS=READY
make check (ubuntu-latest)	make check (includes isolated install-to-accept demo)	2026-09-14T22:59:57.4041219Z MESH_COCKPIT=READY
make check (ubuntu-latest)	make check (includes isolated install-to-accept demo)	2026-09-14T23:00:02.3299601Z ok  	github.com/luanmorenomaciel/task-spec/mesh/cmd/taskspec-meshd	0.062s
make check (ubuntu-latest)	make check (includes isolated install-to-accept demo)	2026-09-14T23:00:04.8815285Z ok  	github.com/luanmorenomaciel/task-spec/mesh/internal/mesh	2.605s
make check (ubuntu-latest)	make check (includes isolated install-to-accept demo)	2026-09-14T23:00:09.1482316Z MESH_CONTRACTS=READY
make check (ubuntu-latest)	make check (includes isolated install-to-accept demo)	2026-09-14T23:00:10.4381989Z MESH_DAEMON=READY
make check (ubuntu-latest)	make check (includes isolated install-to-accept demo)	2026-09-14T23:00:17.0442975Z MESH_LEASES=READY
make check (ubuntu-latest)	make check (includes isolated install-to-accept demo)	2026-09-14T23:00:22.8429793Z MESH_ROUTING_INTEGRATION=READY
make check (ubuntu-latest)	make check (includes isolated install-to-accept demo)	2026-09-14T23:00:27.6601321Z MESH_ADAPTERS=READY
make check (ubuntu-latest)	make check (includes isolated install-to-accept demo)	2026-09-14T23:00:31.7783824Z MESH_COCKPIT=READY
make check (ubuntu-latest)	make check (includes isolated install-to-accept demo)	2026-09-14T23:00:31.7818822Z MESH_RECOVERY=READY
make check (ubuntu-latest)	make check (includes isolated install-to-accept demo)	2026-09-14T23:00:31.7819675Z MESH_CONFORMANCE=READY
make check (ubuntu-latest)	make check (includes isolated install-to-accept demo)	2026-09-14T23:00:32.3905419Z MESH_CONTRACTS=READY
make check (ubuntu-latest)	make check (includes isolated install-to-accept demo)	2026-09-14T23:00:33.5443361Z MESH_DAEMON=READY
make check (ubuntu-latest)	make check (includes isolated install-to-accept demo)	2026-09-14T23:00:37.5893050Z MESH_COCKPIT=READY
make check (ubuntu-latest)	make check (includes isolated install-to-accept demo)	2026-09-14T23:00:37.5941957Z MESH_DEMO=READY
make check (ubuntu-latest)	make check (includes isolated install-to-accept demo)	2026-09-14T23:00:55.0385763Z INSTALL=OK
make check (ubuntu-latest)	make check (includes isolated install-to-accept demo)	2026-09-14T23:00:55.0386346Z MESH_INSTALL=READY
make check (ubuntu-latest)	make check (includes isolated install-to-accept demo)	2026-09-14T23:01:37.7815544Z MESH_ISOLATION=READY
make check (ubuntu-latest)	make check (includes isolated install-to-accept demo)	2026-09-14T23:01:44.5515729Z MESH_LEASES=READY
make check (ubuntu-latest)	make check (includes isolated install-to-accept demo)	2026-09-14T23:01:50.2650650Z MESH_ROUTING_INTEGRATION=READY
make check (ubuntu-latest)	make check (includes isolated install-to-accept demo)	2026-09-14T23:01:50.2763603Z ═══ Step 1: Install the agent surface into a fresh tempdir ═══
make check (ubuntu-latest)	make check (includes isolated install-to-accept demo)	2026-09-14T23:01:50.4341034Z   ✓ install.sh succeeded
make check (ubuntu-latest)	make check (includes isolated install-to-accept demo)	2026-09-14T23:01:50.4343027Z   ✓ installed: agents/task-architect.md
make check (ubuntu-latest)	make check (includes isolated install-to-accept demo)	2026-09-14T23:01:50.4343777Z   ✓ installed: skills/task-spec/SKILL.md
make check (ubuntu-latest)	make check (includes isolated install-to-accept demo)	2026-09-14T23:01:50.4353710Z 
make check (ubuntu-latest)	make check (includes isolated install-to-accept demo)	2026-09-14T23:01:50.4354367Z ═══ Step 2: --version reports task-spec v3.10.0 ═══
make check (ubuntu-latest)	make check (includes isolated install-to-accept demo)	2026-09-14T23:01:50.4398948Z   ✓ install --version → task-spec v3.10.0
make check (ubuntu-latest)	make check (includes isolated install-to-accept demo)	2026-09-14T23:01:50.4463465Z   ✓ validate-task-spec --version → task-spec v3.10.0
make check (ubuntu-latest)	make check (includes isolated install-to-accept demo)	2026-09-14T23:01:50.4527317Z   ✓ safe-to-delegate --version → task-spec v3.10.0
make check (ubuntu-latest)	make check (includes isolated install-to-accept demo)	2026-09-14T23:01:50.4590767Z   ✓ generate-task-spec --version → task-spec v3.10.0
make check (ubuntu-latest)	make check (includes isolated install-to-accept demo)	2026-09-14T23:01:50.4653963Z   ✓ list-ready --version → task-spec v3.10.0
make check (ubuntu-latest)	make check (includes isolated install-to-accept demo)	2026-09-14T23:01:50.4654338Z 
make check (ubuntu-latest)	make check (includes isolated install-to-accept demo)	2026-09-14T23:01:50.4654713Z ═══ Step 3: GENERATE a spec ═══
make check (ubuntu-latest)	make check (includes isolated install-to-accept demo)	2026-09-14T23:01:50.5859349Z   ✓ generator wrote a spec
make check (ubuntu-latest)	make check (includes isolated install-to-accept demo)	2026-09-14T23:01:50.5870422Z   ✓ generator stamped version 3.10.0
make check (ubuntu-latest)	make check (includes isolated install-to-accept demo)	2026-09-14T23:01:50.5881841Z   ✓ generator printed --stamp breadcrumb
make check (ubuntu-latest)	make check (includes isolated install-to-accept demo)	2026-09-14T23:01:50.5896874Z   ✓ spec file present at tasks/T-20260914-e2e-health-endpoint.md
make check (ubuntu-latest)	make check (includes isolated install-to-accept demo)	2026-09-14T23:01:50.5897462Z 
make check (ubuntu-latest)	make check (includes isolated install-to-accept demo)	2026-09-14T23:01:50.5897792Z ═══ Step 4: Fill stubs (synthesize a minimal valid spec) ═══
make check (ubuntu-latest)	make check (includes isolated install-to-accept demo)	2026-09-14T23:01:50.5913912Z captured spec id: T-20260914-e2e-health-endpoint
make check (ubuntu-latest)	make check (includes isolated install-to-accept demo)	2026-09-14T23:01:50.8834909Z   ✓ validate-task-spec.sh exits 0 on synthesized spec
make check (ubuntu-latest)	make check (includes isolated install-to-accept demo)	2026-09-14T23:01:50.8835459Z 
make check (ubuntu-latest)	make check (includes isolated install-to-accept demo)	2026-09-14T23:01:50.8835798Z ═══ Step 5: GATE (taskspec gate --stamp) ═══
make check (ubuntu-latest)	make check (includes isolated install-to-accept demo)	2026-09-14T23:01:51.3025410Z   ✓ gate reported DELEGATE
make check (ubuntu-latest)	make check (includes isolated install-to-accept demo)	2026-09-14T23:01:51.3035648Z   ✓ gate stamped signed_off:true
make check (ubuntu-latest)	make check (includes isolated install-to-accept demo)	2026-09-14T23:01:51.3087733Z   ✓ spec frontmatter signed_off: true
make check (ubuntu-latest)	make check (includes isolated install-to-accept demo)	2026-09-14T23:01:51.3088523Z   ✓ spec frontmatter signed_off_by: e2e-test
make check (ubuntu-latest)	make check (includes isolated install-to-accept demo)	2026-09-14T23:01:51.3088934Z   ✓ spec frontmatter signed_off_at is ISO-8601
make check (ubuntu-latest)	make check (includes isolated install-to-accept demo)	2026-09-14T23:01:51.6111693Z   ✓ validate accepts the stamped spec (sign-off envelope OK)
make check (ubuntu-latest)	make check (includes isolated install-to-accept demo)	2026-09-14T23:01:51.6112190Z 
make check (ubuntu-latest)	make check (includes isolated install-to-accept demo)	2026-09-14T23:01:51.6112578Z ═══ Step 6: Schema fidelity (Python consumer) ═══
make check (ubuntu-latest)	make check (includes isolated install-to-accept demo)	2026-09-14T23:01:51.6122292Z   ✓ copied golden fixture into tempdir
make check (ubuntu-latest)	make check (includes isolated install-to-accept demo)	2026-09-14T23:01:51.6123130Z   ✓ python consumer present at docs/examples/consume-task-spec.py
make check (ubuntu-latest)	make check (includes isolated install-to-accept demo)	2026-09-14T23:01:51.6123896Z   ✓ python consumer canonical schemas are packaged under spec/schemas
make check (ubuntu-latest)	make check (includes isolated install-to-accept demo)	2026-09-14T23:01:51.7342512Z   ✓ python consumer parsed golden fixture (exit 0)
make check (ubuntu-latest)	make check (includes isolated install-to-accept demo)	2026-09-14T23:01:51.7342939Z 
make check (ubuntu-latest)	make check (includes isolated install-to-accept demo)	2026-09-14T23:01:51.7343385Z ═══ Step 7: Cross-engine equivalence (Python vs TypeScript) ═══
make check (ubuntu-latest)	make check (includes isolated install-to-accept demo)	2026-09-14T23:01:52.6603601Z   ✓ node present (v22.23.2) — attempting cross-engine proof
make check (ubuntu-latest)	make check (includes isolated install-to-accept demo)	2026-09-14T23:01:52.6604937Z   installing TS consumer deps (npm install, 120s budget)…
make check (ubuntu-latest)	make check (includes isolated install-to-accept demo)	2026-09-14T23:01:59.6708959Z   ✓ typescript consumer parsed golden fixture (exit 0)
make check (ubuntu-latest)	make check (includes isolated install-to-accept demo)	2026-09-14T23:01:59.7101121Z   ✓ cross-engine equivalence: id/status/execution_backend/signed_off + ordered eval_ids + canonicalized validation_card ALL EQUAL
make check (ubuntu-latest)	make check (includes isolated install-to-accept demo)	2026-09-14T23:01:59.7105280Z       both engines: {"eval_ids": ["eval_1"], "execution_backend": "any", "id": "T-20260602-golden", "signed_off": false, "status": "ready", "validation_card": {"agent_contract": {"read": ["intent", "contract", "guardrails", "operations"]}, "retry_policy": {"circuit_breaker_no_progress": 3, "max_iterations": 15, "on_terminal_failure": "park_with_context"}, "success_criteria_keys": [{"check_type": "deterministic", "description": "synthetic", "expected_duration_sec": 1, "id": "eval_1", "runnable": "bash", "terminal": true}]}}
make check (ubuntu-latest)	make check (includes isolated install-to-accept demo)	2026-09-14T23:01:59.7106598Z 
make check (ubuntu-latest)	make check (includes isolated install-to-accept demo)	2026-09-14T23:01:59.7106794Z ========================================
make check (ubuntu-latest)	make check (includes isolated install-to-accept demo)	2026-09-14T23:01:59.7107106Z Results: 26 passed, 0 failed
make check (ubuntu-latest)	make check (includes isolated install-to-accept demo)	2026-09-14T23:01:59.7107389Z ========================================
make check (ubuntu-latest)	make check (includes isolated install-to-accept demo)	2026-09-14T23:02:00.2967457Z OFFICIAL_PROTOCOL_SDK=UNAVAILABLE retained evidence verified
make check (ubuntu-latest)	make check (includes isolated install-to-accept demo)	2026-09-14T23:02:00.2968255Z PROTOCOL_CONFORMANCE=READY
make check (ubuntu-latest)	make check (includes isolated install-to-accept demo)	2026-09-14T23:02:00.3202814Z README_COMMANDS=READY commands=24 images=9 mermaid=4
make check (ubuntu-latest)	make check (includes isolated install-to-accept demo)	2026-09-14T23:02:00.3461672Z RELEASE_STATUS=OK
make check (ubuntu-latest)	make check (includes isolated install-to-accept demo)	2026-09-14T23:02:00.4008227Z CLI_REFERENCE=OK
make check (ubuntu-latest)	make check (includes isolated install-to-accept demo)	2026-09-14T23:02:01.0351268Z RELEASE_AUDIT_TESTS=READY
make check (ubuntu-latest)	make check (includes isolated install-to-accept demo)	2026-09-14T23:02:01.1799787Z RELEASE_EVIDENCE_CONTRACTS=READY
make check (ubuntu-latest)	make check (includes isolated install-to-accept demo)	2026-09-14T23:02:09.4425802Z RELEASE_PACKAGING=READY
make check (ubuntu-latest)	make check (includes isolated install-to-accept demo)	2026-09-14T23:02:09.6995820Z tests/test-release-provenance.sh: line 77: rg: command not found
make check (ubuntu-latest)	make check (includes isolated install-to-accept demo)	2026-09-14T23:02:09.7267577Z PRIVATE_PROVENANCE=READY
make check (ubuntu-latest)	make check (includes isolated install-to-accept demo)	2026-09-14T23:02:09.7299884Z test-repo-layout.sh
make check (ubuntu-latest)	make check (includes isolated install-to-accept demo)	2026-09-14T23:02:09.7300736Z ════════════════════════════════════════
make check (ubuntu-latest)	make check (includes isolated install-to-accept demo)	2026-09-14T23:02:09.7368180Z   ok   top-level directories match the manifest (16 declared)
make check (ubuntu-latest)	make check (includes isolated install-to-accept demo)	2026-09-14T23:02:09.7430189Z   ok   root files match the manifest (16 declared)
make check (ubuntu-latest)	make check (includes isolated install-to-accept demo)	2026-09-14T23:02:09.7588013Z   ok   every top-level directory appears in the AGENTS.md layout table
make check (ubuntu-latest)	make check (includes isolated install-to-accept demo)	2026-09-14T23:02:09.7944521Z   ok   no undeclared single-file top-level directory
make check (ubuntu-latest)	make check (includes isolated install-to-accept demo)	2026-09-14T23:02:09.7945434Z   ok   no retired top-level or nested path reappeared
make check (ubuntu-latest)	make check (includes isolated install-to-accept demo)	2026-09-14T23:02:09.8158461Z   ok   no live file references a pre-consolidation path
make check (ubuntu-latest)	make check (includes isolated install-to-accept demo)	2026-09-14T23:02:09.8457053Z   ok   every byte-for-byte SKILL.md copy matches root SKILL.md
make check (ubuntu-latest)	make check (includes isolated install-to-accept demo)	2026-09-14T23:02:09.8488021Z   ok   fixtures live under exactly one root (tests/fixtures/)
make check (ubuntu-latest)	make check (includes isolated install-to-accept demo)	2026-09-14T23:02:09.8712648Z   ok   every digest-pinned evidence path still resolves
make check (ubuntu-latest)	make check (includes isolated install-to-accept demo)	2026-09-14T23:02:09.8731840Z   ok   docs/runbooks/ stays closed (12 of 12; new how-tos go in docs/guides/)
make check (ubuntu-latest)	make check (includes isolated install-to-accept demo)	2026-09-14T23:02:09.8732703Z   ok   every grouped directory has a README or index
make check (ubuntu-latest)	make check (includes isolated install-to-accept demo)	2026-09-14T23:02:09.8733894Z ════════════════════════════════════════
make check (ubuntu-latest)	make check (includes isolated install-to-accept demo)	2026-09-14T23:02:09.8734889Z REPO_LAYOUT=OK (11 checks)
make check (ubuntu-latest)	make check (includes isolated install-to-accept demo)	2026-09-14T23:02:09.8756138Z test-repo-organization-e2e.sh
make check (ubuntu-latest)	make check (includes isolated install-to-accept demo)	2026-09-14T23:02:09.8756847Z ════════════════════════════════════════
make check (ubuntu-latest)	make check (includes isolated install-to-accept demo)	2026-09-14T23:02:09.8795618Z   ok   live backlog has 15 open T-*.md file(s)
make check (ubuntu-latest)	make check (includes isolated install-to-accept demo)	2026-09-14T23:02:09.8915478Z   ok   every parked spec is a non-executable composition node (2)
make check (ubuntu-latest)	make check (includes isolated install-to-accept demo)	2026-09-14T23:02:09.9577193Z   ok   every accepted done leaf has an AcceptanceRecord (20)
make check (ubuntu-latest)	make check (includes isolated install-to-accept demo)	2026-09-14T23:02:09.9577892Z   ok   tasks/.plans/ still has the 3.8.1 and 3.9.0 TaskPlan manifests
make check (ubuntu-latest)	make check (includes isolated install-to-accept demo)	2026-09-14T23:02:09.9611979Z   ok   spec README, docs/index, and root README agree on orientation
make check (ubuntu-latest)	make check (includes isolated install-to-accept demo)	2026-09-14T23:02:09.9709113Z   ok   taskspec doctor → DOCTOR=READY
make check (ubuntu-latest)	make check (includes isolated install-to-accept demo)	2026-09-14T23:02:12.0039345Z   ok   taskspec demo walks plan → seal → handoff → accept
make check (ubuntu-latest)	make check (includes isolated install-to-accept demo)	2026-09-14T23:02:12.1750581Z   ok   graph --check is clean and ready rows agree with the live backlog
make check (ubuntu-latest)	make check (includes isolated install-to-accept demo)	2026-09-14T23:02:13.7920511Z   ok   every parked composition node still validates
make check (ubuntu-latest)	make check (includes isolated install-to-accept demo)	2026-09-14T23:02:13.7921443Z ════════════════════════════════════════
make check (ubuntu-latest)	make check (includes isolated install-to-accept demo)	2026-09-14T23:02:13.7922018Z REPO_ORGANIZATION=OK (9 checks)
make check (ubuntu-latest)	make check (includes isolated install-to-accept demo)	2026-09-14T23:02:13.9031248Z SCHEMAS=READY count=58 fixtures=18
make check (ubuntu-latest)	make check (includes isolated install-to-accept demo)	2026-09-14T23:02:13.9163827Z === 1. generate-task-spec.sh ===
make check (ubuntu-latest)	make check (includes isolated install-to-accept demo)	2026-09-14T23:02:14.0368968Z   ✓ generator created tasks/T-20260914-test-self-test-suite.md
make check (ubuntu-latest)	make check (includes isolated install-to-accept demo)	2026-09-14T23:02:14.0388849Z   ✓ id in frontmatter matches filename
make check (ubuntu-latest)	make check (includes isolated install-to-accept demo)	2026-09-14T23:02:14.0389467Z === 2. Fill generated file with valid v2 content ===
make check (ubuntu-latest)	make check (includes isolated install-to-accept demo)	2026-09-14T23:02:14.0400628Z   ✓ wrote valid v2 task spec
make check (ubuntu-latest)	make check (includes isolated install-to-accept demo)	2026-09-14T23:02:14.0401157Z === 3. validate-task-spec.sh (expect PASS) ===
make check (ubuntu-latest)	make check (includes isolated install-to-accept demo)	2026-09-14T23:02:14.3203554Z   ✓ validator passes on valid task
make check (ubuntu-latest)	make check (includes isolated install-to-accept demo)	2026-09-14T23:02:14.3204167Z === 4. validate-task-spec.sh with controlled error (expect FAIL) ===
make check (ubuntu-latest)	make check (includes isolated install-to-accept demo)	2026-09-14T23:02:14.5279994Z   ✓ validator catches placeholder regression
make check (ubuntu-latest)	make check (includes isolated install-to-accept demo)	2026-09-14T23:02:15.0229651Z   ✓ pre-gate authorizes the unbuilt task
make check (ubuntu-latest)	make check (includes isolated install-to-accept demo)	2026-09-14T23:02:15.0230358Z === 5. transition-status.sh: ready → in-progress ===
make check (ubuntu-latest)	make check (includes isolated install-to-accept demo)	2026-09-14T23:02:15.1983895Z   ✓ transition to in-progress succeeds
make check (ubuntu-latest)	make check (includes isolated install-to-accept demo)	2026-09-14T23:02:15.1992607Z   ✓ status updated to in-progress
make check (ubuntu-latest)	make check (includes isolated install-to-accept demo)	2026-09-14T23:02:15.1993148Z   ✓ file remains in tasks/ for active status
make check (ubuntu-latest)	make check (includes isolated install-to-accept demo)	2026-09-14T23:02:15.2468297Z   ✓ transition to done is blocked before acceptance
make check (ubuntu-latest)	make check (includes isolated install-to-accept demo)	2026-09-14T23:02:15.4650641Z   ✓ post-gate accepts and stamps the completed task
make check (ubuntu-latest)	make check (includes isolated install-to-accept demo)	2026-09-14T23:02:15.4651290Z === 6. transition-status.sh: in-progress → done ===
make check (ubuntu-latest)	make check (includes isolated install-to-accept demo)	2026-09-14T23:02:15.6507213Z   ✓ transition to done succeeds
make check (ubuntu-latest)	make check (includes isolated install-to-accept demo)	2026-09-14T23:02:15.6507798Z   ✓ file moved to tasks/done/
make check (ubuntu-latest)	make check (includes isolated install-to-accept demo)	2026-09-14T23:02:15.6508203Z   ✓ file no longer in tasks/
make check (ubuntu-latest)	make check (includes isolated install-to-accept demo)	2026-09-14T23:02:15.6508689Z === 7. rebuild-state.sh ===
make check (ubuntu-latest)	make check (includes isolated install-to-accept demo)	2026-09-14T23:02:15.7188922Z   ✓ rebuild-state succeeds
make check (ubuntu-latest)	make check (includes isolated install-to-accept demo)	2026-09-14T23:02:15.7189479Z   ✓ _state.yaml created
make check (ubuntu-latest)	make check (includes isolated install-to-accept demo)	2026-09-14T23:02:15.7198535Z   ✓ _state.yaml contains test task
make check (ubuntu-latest)	make check (includes isolated install-to-accept demo)	2026-09-14T23:02:15.7209950Z   ✓ _state.yaml reflects done status
make check (ubuntu-latest)	make check (includes isolated install-to-accept demo)	2026-09-14T23:02:15.7894626Z   ✓ rebuild-state is byte-deterministic
make check (ubuntu-latest)	make check (includes isolated install-to-accept demo)	2026-09-14T23:02:15.7895321Z === 8. list-ready.sh ===
make check (ubuntu-latest)	make check (includes isolated install-to-accept demo)	2026-09-14T23:02:15.8252641Z   ✓ list-ready excludes done task
make check (ubuntu-latest)	make check (includes isolated install-to-accept demo)	2026-09-14T23:02:15.8253142Z === 9. archive.sh ===
make check (ubuntu-latest)	make check (includes isolated install-to-accept demo)	2026-09-14T23:02:15.9015842Z   ✓ archive is no-op for already-archived task
make check (ubuntu-latest)	make check (includes isolated install-to-accept demo)	2026-09-14T23:02:15.9016320Z === 10. backup-backlog.sh ===
make check (ubuntu-latest)	make check (includes isolated install-to-accept demo)	2026-09-14T23:02:15.9591324Z   ✓ backup-backlog succeeds
make check (ubuntu-latest)	make check (includes isolated install-to-accept demo)	2026-09-14T23:02:15.9607017Z   ✓ backup archive created
make check (ubuntu-latest)	make check (includes isolated install-to-accept demo)	2026-09-14T23:02:15.9607647Z === 11. safe-to-delegate.sh (pre-delegation gate) ===
make check (ubuntu-latest)	make check (includes isolated install-to-accept demo)	2026-09-14T23:02:16.4318913Z   ✓ safe-to-delegate clears a valid spec
make check (ubuntu-latest)	make check (includes isolated install-to-accept demo)	2026-09-14T23:02:16.8540875Z   ✓ safe-to-delegate blocks a broken-eval spec
make check (ubuntu-latest)	make check (includes isolated install-to-accept demo)	2026-09-14T23:02:16.8547734Z 
make check (ubuntu-latest)	make check (includes isolated install-to-accept demo)	2026-09-14T23:02:16.8547946Z ========================================
make check (ubuntu-latest)	make check (includes isolated install-to-accept demo)	2026-09-14T23:02:16.8548504Z Results: 25 passed, 0 failed
make check (ubuntu-latest)	make check (includes isolated install-to-accept demo)	2026-09-14T23:02:16.8549042Z ========================================
make check (ubuntu-latest)	make check (includes isolated install-to-accept demo)	2026-09-14T23:02:29.2965136Z TOOLKIT_ATTESTED=PASS two rounds, distinct revoked credentials, signed evidence, canonical acceptance
make check (ubuntu-latest)	make check (includes isolated install-to-accept demo)	2026-09-14T23:02:35.0872172Z MESH_ISOLATION=READY
make check (ubuntu-latest)	make check (includes isolated install-to-accept demo)	2026-09-14T23:02:35.2857070Z TOOLKIT_AUTHORING=PASS
make check (ubuntu-latest)	make check (includes isolated install-to-accept demo)	2026-09-14T23:02:35.3261110Z TOOLKIT_CONFORMANCE=PASS optional recipe, self-contained schemas, and complete lineage shape
make check (ubuntu-latest)	make check (includes isolated install-to-accept demo)	2026-09-14T23:02:35.3501848Z TOOLKIT_CI=CONFIGURED hosted execution not inferred
make check (ubuntu-latest)	make check (includes isolated install-to-accept demo)	2026-09-14T23:02:40.1616593Z TOOLKIT_CLI=PASS
make check (ubuntu-latest)	make check (includes isolated install-to-accept demo)	2026-09-14T23:02:50.8994532Z TOOLKIT_DECOMPOSE=PASS
make check (ubuntu-latest)	make check (includes isolated install-to-accept demo)	2026-09-14T23:02:50.9507147Z TOOLKIT_EXPERIENCE=PASS static resources and trace-oracle negatives; live chat quality not inferred
make check (ubuntu-latest)	make check (includes isolated install-to-accept demo)	2026-09-14T23:02:51.5154796Z TOOLKIT_GUIDES=PASS
make check (ubuntu-latest)	make check (includes isolated install-to-accept demo)	2026-09-14T23:03:06.0341615Z TOOLKIT_DECOMPOSE=PASS
make check (ubuntu-latest)	make check (includes isolated install-to-accept demo)	2026-09-14T23:03:10.1729713Z TOOLKIT_INSTALL=PASS clean private runtime, path spaces, version identity, and corrupted-resource refusal
make check (ubuntu-latest)	make check (includes isolated install-to-accept demo)	2026-09-14T23:03:10.6514786Z ok  	github.com/luanmorenomaciel/task-spec/mesh/internal/mesh	(cached)
make check (ubuntu-latest)	make check (includes isolated install-to-accept demo)	2026-09-14T23:03:17.3851524Z TOOLKIT_MESH=PASS
make check (ubuntu-latest)	make check (includes isolated install-to-accept demo)	2026-09-14T23:03:17.4745344Z TOOLKIT_PERMISSION_GUARD=PASS recorded denial stops continuation; ordinary eval and validation failures remain distinct
make check (ubuntu-latest)	make check (includes isolated install-to-accept demo)	2026-09-14T23:03:17.7330008Z {"state": "paused", "before_block": 1, "reason": "Review the observed permission denial.", "next": "Inspect retained runs and remove the explicit PAUSE file only when authorized to continue."}
make check (ubuntu-latest)	make check (includes isolated install-to-accept demo)	2026-09-14T23:03:17.7332389Z TOOLKIT_PILOT_RECORDING=PASS prospective intervals, censored failures, retained outputs, tamper detection, cohort pause
make check (ubuntu-latest)	make check (includes isolated install-to-accept demo)	2026-09-14T23:03:17.8158031Z TOOLKIT_RUNTIME=PASS
make check (ubuntu-latest)	make check (includes isolated install-to-accept demo)	2026-09-14T23:03:18.1948072Z TOOLKIT_SDLC=PASS
make check (ubuntu-latest)	make check (includes isolated install-to-accept demo)	2026-09-14T23:03:18.2137090Z === Phase 1: AUTHOR a solvable v3 standard spec ===
make check (ubuntu-latest)	make check (includes isolated install-to-accept demo)	2026-09-14T23:03:18.2145964Z   ✓ spec file authored
make check (ubuntu-latest)	make check (includes isolated install-to-accept demo)	2026-09-14T23:03:18.2146475Z === Phase 2: VALIDATE (structural + profile + traceability) ===
make check (ubuntu-latest)	make check (includes isolated install-to-accept demo)	2026-09-14T23:03:18.5190418Z   ✓ validate passes (rc=0)
make check (ubuntu-latest)	make check (includes isolated install-to-accept demo)	2026-09-14T23:03:18.5201389Z   ✓ validate reports v3 + standard profile
make check (ubuntu-latest)	make check (includes isolated install-to-accept demo)	2026-09-14T23:03:18.5212154Z   ✓ validate maps status→A2A submitted
make check (ubuntu-latest)	make check (includes isolated install-to-accept demo)	2026-09-14T23:03:18.5212744Z === Phase 3: PRE-GATE (safe-to-delegate --stamp) ===
make check (ubuntu-latest)	make check (includes isolated install-to-accept demo)	2026-09-14T23:03:19.0036070Z   ✓ pre-gate verdict DELEGATE (rc=0)
make check (ubuntu-latest)	make check (includes isolated install-to-accept demo)	2026-09-14T23:03:19.0045293Z   ✓ pre-gate stamped signed_off: true
make check (ubuntu-latest)	make check (includes isolated install-to-accept demo)	2026-09-14T23:03:19.0056879Z   ✓ pre-gate sealed HMAC (Tier 1)
make check (ubuntu-latest)	make check (includes isolated install-to-accept demo)	2026-09-14T23:03:19.3467728Z === Phase 4: DISPATCH (reference executor drives the work) ===
make check (ubuntu-latest)	make check (includes isolated install-to-accept demo)	2026-09-14T23:03:19.5659652Z   ✓ executor created src/feature.txt == 'done'
make check (ubuntu-latest)	make check (includes isolated install-to-accept demo)	2026-09-14T23:03:19.5668598Z   ✓ executor leaves passing work in-progress pending acceptance
make check (ubuntu-latest)	make check (includes isolated install-to-accept demo)	2026-09-14T23:03:19.5669270Z === Phase 5: ACCEPT (post-execution gate) ===
make check (ubuntu-latest)	make check (includes isolated install-to-accept demo)	2026-09-14T23:03:19.8272352Z     accept-task: /tmp/tmp.5IGRIaVqj4/tasks/T-20260618-e2e-closed-loop.md
make check (ubuntu-latest)	make check (includes isolated install-to-accept demo)	2026-09-14T23:03:19.8273599Z     ────────────────────────────────────────────────────────
make check (ubuntu-latest)	make check (includes isolated install-to-accept demo)	2026-09-14T23:03:19.8274329Z     A. Independent evaluation ...
make check (ubuntu-latest)	make check (includes isolated install-to-accept demo)	2026-09-14T23:03:19.8274988Z        PASS — Exit Check returned 0
make check (ubuntu-latest)	make check (includes isolated install-to-accept demo)	2026-09-14T23:03:19.8275568Z     B. Handoff, graph, base commit, and blast radius ...
make check (ubuntu-latest)	make check (includes isolated install-to-accept demo)	2026-09-14T23:03:19.8276274Z        PASS — revision, closure, Git base, and write scope agree
make check (ubuntu-latest)	make check (includes isolated install-to-accept demo)	2026-09-14T23:03:19.8276686Z     C. Authorization integrity ...
make check (ubuntu-latest)	make check (includes isolated install-to-accept demo)	2026-09-14T23:03:19.8277077Z        PASS — TaskAuthorization/v3 verifies
make check (ubuntu-latest)	make check (includes isolated install-to-accept demo)	2026-09-14T23:03:19.8277449Z     E. Sealed evidence policy ...
make check (ubuntu-latest)	make check (includes isolated install-to-accept demo)	2026-09-14T23:03:19.8277891Z        PASS — required evidence matches this attempt
make check (ubuntu-latest)	make check (includes isolated install-to-accept demo)	2026-09-14T23:03:19.8278358Z     ────────────────────────────────────────────────────────
make check (ubuntu-latest)	make check (includes isolated install-to-accept demo)	2026-09-14T23:03:19.8280712Z        stamped — {"acceptance_record": "/tmp/tmp.5IGRIaVqj4/.taskspec/acceptance/T-20260618-e2e-closed-loop/4329fc53-b55e-49cd-9a05-510efc12817e.json", "acceptance_record_digest": "sha256:16ba9e97adf0767ab5a8a1e3025e7c881851e8deeb8094ed45a7dbb882acd46b", "accepted": true, "attempt_id": "4329fc53-b55e-49cd-9a05-510efc12817e", "contract": "AcceptanceFinalized/v1", "task_id": "T-20260618-e2e-closed-loop", "tier": 1}
make check (ubuntu-latest)	make check (includes isolated install-to-accept demo)	2026-09-14T23:03:19.8282160Z     VERDICT: ACCEPT — Tier 1 evidence is bound to the authorized task attempt
make check (ubuntu-latest)	make check (includes isolated install-to-accept demo)	2026-09-14T23:03:19.8282521Z     ACCEPTED=1
make check (ubuntu-latest)	make check (includes isolated install-to-accept demo)	2026-09-14T23:03:19.8282951Z   ✓ accept verdict ACCEPT (rc=0)
make check (ubuntu-latest)	make check (includes isolated install-to-accept demo)	2026-09-14T23:03:19.8283482Z   ✓ accept stamped accepted: true
make check (ubuntu-latest)	make check (includes isolated install-to-accept demo)	2026-09-14T23:03:19.8294687Z   ✓ accept emitted ACCEPTED=1
make check (ubuntu-latest)	make check (includes isolated install-to-accept demo)	2026-09-14T23:03:19.8305759Z   ✓ accept GATE A (evals pass) reported
make check (ubuntu-latest)	make check (includes isolated install-to-accept demo)	2026-09-14T23:03:19.8306265Z === Phase 6: NEGATIVE — blast-radius breach is REJECTED ===
make check (ubuntu-latest)	make check (includes isolated install-to-accept demo)	2026-09-14T23:03:20.0659905Z   ✓ breach REJECTED (rc=1)
make check (ubuntu-latest)	make check (includes isolated install-to-accept demo)	2026-09-14T23:03:20.0670977Z   ✓ breach names the out-of-scope file
make check (ubuntu-latest)	make check (includes isolated install-to-accept demo)	2026-09-14T23:03:20.2965621Z   ✓ accepted work transitions status → done
make check (ubuntu-latest)	make check (includes isolated install-to-accept demo)	2026-09-14T23:03:20.2966519Z === Phase 7: LOOP CLOSED — final spec validates with full envelope ===
make check (ubuntu-latest)	make check (includes isolated install-to-accept demo)	2026-09-14T23:03:20.6721516Z   ✓ final validate passes
make check (ubuntu-latest)	make check (includes isolated install-to-accept demo)	2026-09-14T23:03:20.6731479Z   ✓ final validate confirms Tier-1 HMAC
make check (ubuntu-latest)	make check (includes isolated install-to-accept demo)	2026-09-14T23:03:20.6731850Z 
make check (ubuntu-latest)	make check (includes isolated install-to-accept demo)	2026-09-14T23:03:20.6732084Z ========================================
make check (ubuntu-latest)	make check (includes isolated install-to-accept demo)	2026-09-14T23:03:20.6732703Z Results: 18 passed, 0 failed
make check (ubuntu-latest)	make check (includes isolated install-to-accept demo)	2026-09-14T23:03:20.6733249Z ========================================
make check (ubuntu-latest)	make check (includes isolated install-to-accept demo)	2026-09-14T23:03:20.6795186Z == install ==
make check (ubuntu-latest)	make check (includes isolated install-to-accept demo)	2026-09-14T23:03:20.8657110Z   ✓ copy install
make check (ubuntu-latest)	make check (includes isolated install-to-accept demo)	2026-09-14T23:03:21.1044962Z   ✓ idempotent install
make check (ubuntu-latest)	make check (includes isolated install-to-accept demo)	2026-09-14T23:03:21.1851044Z   ✓ equivalent harness skills
make check (ubuntu-latest)	make check (includes isolated install-to-accept demo)	2026-09-14T23:03:21.3777868Z   ✓ global user install
make check (ubuntu-latest)	make check (includes isolated install-to-accept demo)	2026-09-14T23:03:21.4930545Z   ✓ checkout symlink install
make check (ubuntu-latest)	make check (includes isolated install-to-accept demo)	2026-09-14T23:03:21.6704834Z   ✓ skills-only install
make check (ubuntu-latest)	make check (includes isolated install-to-accept demo)	2026-09-14T23:03:21.7269020Z   ✓ unmanaged destination is preserved
make check (ubuntu-latest)	make check (includes isolated install-to-accept demo)	2026-09-14T23:03:21.9169217Z   ✓ forced replacement leaves a backup
make check (ubuntu-latest)	make check (includes isolated install-to-accept demo)	2026-09-14T23:03:22.1706602Z   ✓ managed launcher upgrades safely
make check (ubuntu-latest)	make check (includes isolated install-to-accept demo)	2026-09-14T23:03:22.1767561Z   ✓ installed version
make check (ubuntu-latest)	make check (includes isolated install-to-accept demo)	2026-09-14T23:03:24.2779716Z   ✓ installed isolated demo
make check (ubuntu-latest)	make check (includes isolated install-to-accept demo)	2026-09-14T23:03:24.3109374Z   ✓ agent context JSON
make check (ubuntu-latest)	make check (includes isolated install-to-accept demo)	2026-09-14T23:03:24.3413409Z   ✓ agent context covers the complete public command and schema surfaces
make check (ubuntu-latest)	make check (includes isolated install-to-accept demo)	2026-09-14T23:03:24.3467994Z   ✓ agent guidance surfaces share the 3.9 lifecycle
make check (ubuntu-latest)	make check (includes isolated install-to-accept demo)	2026-09-14T23:03:24.4056396Z   ✓ global JSON envelope
make check (ubuntu-latest)	make check (includes isolated install-to-accept demo)	2026-09-14T23:03:24.4322730Z   ✓ per-command help init
make check (ubuntu-latest)	make check (includes isolated install-to-accept demo)	2026-09-14T23:03:24.4582183Z   ✓ per-command help setup
make check (ubuntu-latest)	make check (includes isolated install-to-accept demo)	2026-09-14T23:03:24.4844716Z   ✓ per-command help demo
make check (ubuntu-latest)	make check (includes isolated install-to-accept demo)	2026-09-14T23:03:24.5106020Z   ✓ per-command help new
make check (ubuntu-latest)	make check (includes isolated install-to-accept demo)	2026-09-14T23:03:24.5370152Z   ✓ per-command help plan
make check (ubuntu-latest)	make check (includes isolated install-to-accept demo)	2026-09-14T23:03:24.5636276Z   ✓ per-command help batch
make check (ubuntu-latest)	make check (includes isolated install-to-accept demo)	2026-09-14T23:03:24.5895835Z   ✓ per-command help migrate
make check (ubuntu-latest)	make check (includes isolated install-to-accept demo)	2026-09-14T23:03:24.6155921Z   ✓ per-command help validate
make check (ubuntu-latest)	make check (includes isolated install-to-accept demo)	2026-09-14T23:03:24.6415468Z   ✓ per-command help dod
make check (ubuntu-latest)	make check (includes isolated install-to-accept demo)	2026-09-14T23:03:24.6674695Z   ✓ per-command help gate
make check (ubuntu-latest)	make check (includes isolated install-to-accept demo)	2026-09-14T23:03:24.6932033Z   ✓ per-command help handoff
make check (ubuntu-latest)	make check (includes isolated install-to-accept demo)	2026-09-14T23:03:24.7190712Z   ✓ per-command help run
make check (ubuntu-latest)	make check (includes isolated install-to-accept demo)	2026-09-14T23:03:24.7448887Z   ✓ per-command help accept
make check (ubuntu-latest)	make check (includes isolated install-to-accept demo)	2026-09-14T23:03:24.7705623Z   ✓ per-command help author-doctor
make check (ubuntu-latest)	make check (includes isolated install-to-accept demo)	2026-09-14T23:03:24.7964401Z   ✓ per-command help holdout
make check (ubuntu-latest)	make check (includes isolated install-to-accept demo)	2026-09-14T23:03:24.8227007Z   ✓ per-command help receipt
make check (ubuntu-latest)	make check (includes isolated install-to-accept demo)	2026-09-14T23:03:24.8493156Z   ✓ per-command help dsse
make check (ubuntu-latest)	make check (includes isolated install-to-accept demo)	2026-09-14T23:03:24.8759101Z   ✓ per-command help eval-audit
make check (ubuntu-latest)	make check (includes isolated install-to-accept demo)	2026-09-14T23:03:24.9021369Z   ✓ per-command help identity
make check (ubuntu-latest)	make check (includes isolated install-to-accept demo)	2026-09-14T23:03:24.9282166Z   ✓ per-command help evidence
make check (ubuntu-latest)	make check (includes isolated install-to-accept demo)	2026-09-14T23:03:24.9545810Z   ✓ per-command help bridge
make check (ubuntu-latest)	make check (includes isolated install-to-accept demo)	2026-09-14T23:03:24.9803832Z   ✓ per-command help mcp
make check (ubuntu-latest)	make check (includes isolated install-to-accept demo)	2026-09-14T23:03:25.0066740Z   ✓ per-command help mesh
make check (ubuntu-latest)	make check (includes isolated install-to-accept demo)	2026-09-14T23:03:25.0332417Z   ✓ per-command help ready
make check (ubuntu-latest)	make check (includes isolated install-to-accept demo)	2026-09-14T23:03:25.0593279Z   ✓ per-command help graph
make check (ubuntu-latest)	make check (includes isolated install-to-accept demo)	2026-09-14T23:03:25.0852609Z   ✓ per-command help status
make check (ubuntu-latest)	make check (includes isolated install-to-accept demo)	2026-09-14T23:03:25.1116839Z   ✓ per-command help lint
make check (ubuntu-latest)	make check (includes isolated install-to-accept demo)	2026-09-14T23:03:25.1376317Z   ✓ per-command help transition
make check (ubuntu-latest)	make check (includes isolated install-to-accept demo)	2026-09-14T23:03:25.1635040Z   ✓ per-command help rebuild-state
make check (ubuntu-latest)	make check (includes isolated install-to-accept demo)	2026-09-14T23:03:25.1892692Z   ✓ per-command help archive
make check (ubuntu-latest)	make check (includes isolated install-to-accept demo)	2026-09-14T23:03:25.2150814Z   ✓ per-command help backup
make check (ubuntu-latest)	make check (includes isolated install-to-accept demo)	2026-09-14T23:03:25.2410174Z   ✓ per-command help metrics
make check (ubuntu-latest)	make check (includes isolated install-to-accept demo)	2026-09-14T23:03:25.2668509Z   ✓ per-command help conformance
make check (ubuntu-latest)	make check (includes isolated install-to-accept demo)	2026-09-14T23:03:25.2926790Z   ✓ per-command help executor
make check (ubuntu-latest)	make check (includes isolated install-to-accept demo)	2026-09-14T23:03:25.3185590Z   ✓ per-command help agent-context
make check (ubuntu-latest)	make check (includes isolated install-to-accept demo)	2026-09-14T23:03:25.3452930Z   ✓ per-command help completion
make check (ubuntu-latest)	make check (includes isolated install-to-accept demo)	2026-09-14T23:03:25.3722174Z   ✓ per-command help doctor
make check (ubuntu-latest)	make check (includes isolated install-to-accept demo)	2026-09-14T23:03:25.3982141Z   ✓ per-command help version
make check (ubuntu-latest)	make check (includes isolated install-to-accept demo)	2026-09-14T23:03:25.4243867Z   ✓ per-command help help
make check (ubuntu-latest)	make check (includes isolated install-to-accept demo)	2026-09-14T23:03:25.4696268Z   ✓ usage exit 2: status
make check (ubuntu-latest)	make check (includes isolated install-to-accept demo)	2026-09-14T23:03:25.4802656Z   ✓ usage exit 2: transition
make check (ubuntu-latest)	make check (includes isolated install-to-accept demo)	2026-09-14T23:03:25.4908913Z   ✓ usage exit 2: migrate
make check (ubuntu-latest)	make check (includes isolated install-to-accept demo)	2026-09-14T23:03:25.5013416Z   ✓ usage exit 2: executor
make check (ubuntu-latest)	make check (includes isolated install-to-accept demo)	2026-09-14T23:03:25.5117075Z   ✓ usage exit 2: run
make check (ubuntu-latest)	make check (includes isolated install-to-accept demo)	2026-09-14T23:03:25.5406846Z   ✓ completion bash
make check (ubuntu-latest)	make check (includes isolated install-to-accept demo)	2026-09-14T23:03:25.5692727Z   ✓ completion zsh
make check (ubuntu-latest)	make check (includes isolated install-to-accept demo)	2026-09-14T23:03:25.5981383Z   ✓ completion fish
make check (ubuntu-latest)	make check (includes isolated install-to-accept demo)	2026-09-14T23:03:25.5982055Z == clean-room journey ==
make check (ubuntu-latest)	make check (includes isolated install-to-accept demo)	2026-09-14T23:03:29.3535472Z   ✓ install-to-accept clean room with structured materialization receipt
make check (ubuntu-latest)	make check (includes isolated install-to-accept demo)	2026-09-14T23:03:29.6382523Z   ✓ README v3 and opt-in v4 scaffold commands
make check (ubuntu-latest)	make check (includes isolated install-to-accept demo)	2026-09-14T23:03:29.6878932Z   ✓ malformed and dangling TaskPlan fails closed
make check (ubuntu-latest)	make check (includes isolated install-to-accept demo)	2026-09-14T23:03:29.6879648Z == dry-run and color ==
make check (ubuntu-latest)	make check (includes isolated install-to-accept demo)	2026-09-14T23:03:29.6985297Z   ✓ dry-run prevents init
make check (ubuntu-latest)	make check (includes isolated install-to-accept demo)	2026-09-14T23:03:29.7252929Z   ✓ NO_COLOR precedence
make check (ubuntu-latest)	make check (includes isolated install-to-accept demo)	2026-09-14T23:03:29.7253496Z == research evidence ==
make check (ubuntu-latest)	make check (includes isolated install-to-accept demo)	2026-09-14T23:03:29.7742388Z   ✓ firecrawl evidence
make check (ubuntu-latest)	make check (includes isolated install-to-accept demo)	2026-09-14T23:03:29.8224867Z   ✓ tavily evidence
make check (ubuntu-latest)	make check (includes isolated install-to-accept demo)	2026-09-14T23:03:29.8709495Z   ✓ exa evidence
make check (ubuntu-latest)	make check (includes isolated install-to-accept demo)	2026-09-14T23:03:29.9194834Z   ✓ named provider failure
make check (ubuntu-latest)	make check (includes isolated install-to-accept demo)	2026-09-14T23:03:29.9583413Z   ✓ evidence rejects credential-bearing keys
make check (ubuntu-latest)	make check (includes isolated install-to-accept demo)	2026-09-14T23:03:30.0053346Z   ✓ composition example preview
make check (ubuntu-latest)	make check (includes isolated install-to-accept demo)	2026-09-14T23:03:30.0275767Z   ✓ checked-in evidence example
make check (ubuntu-latest)	make check (includes isolated install-to-accept demo)	2026-09-14T23:03:30.0533911Z   ✓ checked-in handoff example
make check (ubuntu-latest)	make check (includes isolated install-to-accept demo)	2026-09-14T23:03:30.0804092Z   ✓ README release status is generated from evidence
make check (ubuntu-latest)	make check (includes isolated install-to-accept demo)	2026-09-14T23:03:30.0804849Z == checksum-backed release archive ==
make check (ubuntu-latest)	make check (includes isolated install-to-accept demo)	2026-09-14T23:03:30.9586381Z   ✓ checksum-backed remote install
make check (ubuntu-latest)	make check (includes isolated install-to-accept demo)	2026-09-14T23:03:31.0044072Z   ✓ tampered release archive fails closed
make check (ubuntu-latest)	make check (includes isolated install-to-accept demo)	2026-09-14T23:03:31.0187833Z == package ==
make check (ubuntu-latest)	make check (includes isolated install-to-accept demo)	2026-09-14T23:03:31.7502895Z   ✓ npm pack dry run
make check (ubuntu-latest)	make check (includes isolated install-to-accept demo)	2026-09-14T23:03:32.1326375Z   ✓ local npm package install
make check (ubuntu-latest)	make check (includes isolated install-to-accept demo)	2026-09-14T23:03:32.1326715Z 
make check (ubuntu-latest)	make check (includes isolated install-to-accept demo)	2026-09-14T23:03:32.1326976Z Results: 80 passed, 0 failed
make check (ubuntu-latest)	make check (includes isolated install-to-accept demo)	2026-09-14T23:03:32.2706720Z INSTALL=OK
make check (ubuntu-latest)	make check (includes isolated install-to-accept demo)	2026-09-14T23:03:32.2707142Z ok 1 - v4 authoring is explicit and non-default
make check (ubuntu-latest)	make check (includes isolated install-to-accept demo)	2026-09-14T23:03:32.6567089Z ok 2 - v3 compatibility fixture remains valid
make check (ubuntu-latest)	make check (includes isolated install-to-accept demo)	2026-09-14T23:03:32.9262888Z ok 3 - v4 policy validates
make check (ubuntu-latest)	make check (includes isolated install-to-accept demo)	2026-09-14T23:03:33.1997244Z ok 4 - sealed authoring evidence digest rejects artifact drift
make check (ubuntu-latest)	make check (includes isolated install-to-accept demo)	2026-09-14T23:03:33.2379241Z ok 5 - author doctor finds no blockers
make check (ubuntu-latest)	make check (includes isolated install-to-accept demo)	2026-09-14T23:03:33.8581217Z ok 6 - status reports authoring-evidence freshness without making age an acceptance gate
make check (ubuntu-latest)	make check (includes isolated install-to-accept demo)	2026-09-14T23:03:34.2368852Z ok 7 - v4 handoff emitted
make check (ubuntu-latest)	make check (includes isolated install-to-accept demo)	2026-09-14T23:03:34.3506465Z ok 8 - baseline discrimination audit
make check (ubuntu-latest)	make check (includes isolated install-to-accept demo)	2026-09-14T23:03:34.5518416Z ok 9 - repeated evaluation reports stable discrimination
make check (ubuntu-latest)	make check (includes isolated install-to-accept demo)	2026-09-14T23:03:34.5938859Z ok 10 - holdout descriptor sealed
make check (ubuntu-latest)	make check (includes isolated install-to-accept demo)	2026-09-14T23:03:34.6953079Z ok 11 - holdout rotation metadata is retained
make check (ubuntu-latest)	make check (includes isolated install-to-accept demo)	2026-09-14T23:03:34.7807893Z ok 12 - expired holdout requires rotation and reauthorization
make check (ubuntu-latest)	make check (includes isolated install-to-accept demo)	2026-09-14T23:03:34.8242239Z ok 13 - tampered holdout bundle is rejected
make check (ubuntu-latest)	make check (includes isolated install-to-accept demo)	2026-09-14T23:03:34.9843289Z ok 14 - holdout executed independently
make check (ubuntu-latest)	make check (includes isolated install-to-accept demo)	2026-09-14T23:03:35.0268574Z ok 15 - environment receipt created
make check (ubuntu-latest)	make check (includes isolated install-to-accept demo)	2026-09-14T23:03:35.0686938Z ok 16 - graded receipt created
make check (ubuntu-latest)	make check (includes isolated install-to-accept demo)	2026-09-14T23:03:35.1129702Z ok 17 - human receipt created
make check (ubuntu-latest)	make check (includes isolated install-to-accept demo)	2026-09-14T23:03:35.1682360Z ok 18 - identity receipt signed
make check (ubuntu-latest)	make check (includes isolated install-to-accept demo)	2026-09-14T23:03:35.2148561Z ok 19 - identity receipt verified
make check (ubuntu-latest)	make check (includes isolated install-to-accept demo)	2026-09-14T23:03:35.2636806Z ok 20 - signed holdout receipt
make check (ubuntu-latest)	make check (includes isolated install-to-accept demo)	2026-09-14T23:03:35.3140334Z ok 21 - signed environment receipt
make check (ubuntu-latest)	make check (includes isolated install-to-accept demo)	2026-09-14T23:03:35.3620656Z ok 22 - signed graded receipt
make check (ubuntu-latest)	make check (includes isolated install-to-accept demo)	2026-09-14T23:03:35.4104798Z ok 23 - signed human receipt
make check (ubuntu-latest)	make check (includes isolated install-to-accept demo)	2026-09-14T23:03:35.4893827Z ok 24 - wrong evaluator signer fails closed
make check (ubuntu-latest)	make check (includes isolated install-to-accept demo)	2026-09-14T23:03:35.5326326Z ok 25 - all typed receipts validate
make check (ubuntu-latest)	make check (includes isolated install-to-accept demo)	2026-09-14T23:03:35.6040118Z ok 26 - portable signed evidence satisfies Tier 1 policy
make check (ubuntu-latest)	make check (includes isolated install-to-accept demo)	2026-09-14T23:03:35.6949946Z ok 27 - DSSE receipt export verifies independently
make check (ubuntu-latest)	make check (includes isolated install-to-accept demo)	2026-09-14T23:03:35.7399279Z ok 28 - credential-bearing receipt is rejected
make check (ubuntu-latest)	make check (includes isolated install-to-accept demo)	2026-09-14T23:03:35.8969872Z ok 29 - enabled engine runs in a detached worktree
make check (ubuntu-latest)	make check (includes isolated install-to-accept demo)	2026-09-14T23:03:35.9148236Z ok 30 - isolated engine receipt records a real attempt
make check (ubuntu-latest)	make check (includes isolated install-to-accept demo)	2026-09-14T23:03:35.9185486Z ok 31 - isolated engine change is captured outside the source workspace
make check (ubuntu-latest)	make check (includes isolated install-to-accept demo)	2026-09-14T23:03:36.1724858Z ok 32 - acceptance blocks when evidence is omitted
make check (ubuntu-latest)	make check (includes isolated install-to-accept demo)	2026-09-14T23:03:36.4624538Z ok 33 - acceptance passes with matching supervised evidence
make check (ubuntu-latest)	make check (includes isolated install-to-accept demo)	2026-09-14T23:03:36.5501317Z ok 34 - revoked identity no longer verifies
make check (ubuntu-latest)	make check (includes isolated install-to-accept demo)	2026-09-14T23:03:36.6232847Z ok 35 - A2A v1.0 bridge round trip
make check (ubuntu-latest)	make check (includes isolated install-to-accept demo)	2026-09-14T23:03:36.6965950Z ok 36 - MCP bridge round trip
make check (ubuntu-latest)	make check (includes isolated install-to-accept demo)	2026-09-14T23:03:36.7499159Z ok 37 - A2A bridge detects embedded handoff tampering
make check (ubuntu-latest)	make check (includes isolated install-to-accept demo)	2026-09-14T23:03:36.8024071Z ok 38 - MCP bridge detects embedded handoff tampering
make check (ubuntu-latest)	make check (includes isolated install-to-accept demo)	2026-09-14T23:03:36.8346160Z ok 39 - MCP server lists read-only tools
make check (ubuntu-latest)	make check (includes isolated install-to-accept demo)	2026-09-14T23:03:36.8822784Z ok 40 - nine-family engine matrix validates
make check (ubuntu-latest)	make check (includes isolated install-to-accept demo)	2026-09-14T23:03:36.9296873Z ok 41 - disabled engine matrix records unavailable, not fabricated passes
make check (ubuntu-latest)	make check (includes isolated install-to-accept demo)	2026-09-14T23:03:36.9741457Z ok 42 - engine matrix emits typed run receipts
make check (ubuntu-latest)	make check (includes isolated install-to-accept demo)	2026-09-14T23:03:36.9742108Z PASS: Task-Spec 3.7 evidence integrity (42 checks)
make check (ubuntu-latest)	make check (includes isolated install-to-accept demo)	2026-09-14T23:03:37.8233302Z ok 1 - post-seal v4 to v3 downgrade fails closed
make check (ubuntu-latest)	make check (includes isolated install-to-accept demo)	2026-09-14T23:03:38.1518831Z ok 2 - sealed proof policy deletion fails closed
make check (ubuntu-latest)	make check (includes isolated install-to-accept demo)	2026-09-14T23:03:38.4853368Z ok 3 - sealed environment policy deletion fails closed
make check (ubuntu-latest)	make check (includes isolated install-to-accept demo)	2026-09-14T23:03:38.8312356Z ok 4 - parent-child authority mutation fails closed
make check (ubuntu-latest)	make check (includes isolated install-to-accept demo)	2026-09-14T23:03:39.1737315Z ok 5 - unknown future authority is sealed by default
make check (ubuntu-latest)	make check (includes isolated install-to-accept demo)	2026-09-14T23:03:39.5158575Z ok 6 - lifecycle and tracker projection remain mutable
make check (ubuntu-latest)	make check (includes isolated install-to-accept demo)	2026-09-14T23:03:39.5691993Z ok 7 - duplicate YAML keys are rejected
make check (ubuntu-latest)	make check (includes isolated install-to-accept demo)	2026-09-14T23:03:39.6222463Z ok 8 - ambiguous JSON numeric constants are rejected
make check (ubuntu-latest)	make check (includes isolated install-to-accept demo)	2026-09-14T23:03:39.7063669Z ok 9 - authority mapping key order is canonical
make check (ubuntu-latest)	make check (includes isolated install-to-accept demo)	2026-09-14T23:03:40.0010220Z ok 10 - textual authoring-evidence acceptance use produces a lint warning
make check (ubuntu-latest)	make check (includes isolated install-to-accept demo)	2026-09-14T23:03:41.0796065Z ok 11 - explicit workspace supports a nested custom backlog
make check (ubuntu-latest)	make check (includes isolated install-to-accept demo)	2026-09-14T23:03:42.6180813Z ok 12 - receipt replay across attempts fails
make check (ubuntu-latest)	make check (includes isolated install-to-accept demo)	2026-09-14T23:03:42.9219391Z ok 13 - global JSON returns typed receipt replay failure
make check (ubuntu-latest)	make check (includes isolated install-to-accept demo)	2026-09-14T23:03:43.1931322Z ok 14 - pre-authorization receipt timestamp fails
make check (ubuntu-latest)	make check (includes isolated install-to-accept demo)	2026-09-14T23:03:43.4669815Z ok 15 - receipt wrong task_id fails
make check (ubuntu-latest)	make check (includes isolated install-to-accept demo)	2026-09-14T23:03:43.7452182Z ok 16 - receipt wrong task_revision_digest fails
make check (ubuntu-latest)	make check (includes isolated install-to-accept demo)	2026-09-14T23:03:44.0215141Z ok 17 - receipt wrong base_commit fails
make check (ubuntu-latest)	make check (includes isolated install-to-accept demo)	2026-09-14T23:03:44.2481682Z ok 18 - legacy structural receipt cannot silently produce Tier 1
make check (ubuntu-latest)	make check (includes isolated install-to-accept demo)	2026-09-14T23:03:44.5072770Z ok 19 - required receipt rejects structural authorization fallback
make check (ubuntu-latest)	make check (includes isolated install-to-accept demo)	2026-09-14T23:03:44.7707642Z ok 20 - matching v2 receipt accepts Tier 1
make check (ubuntu-latest)	make check (includes isolated install-to-accept demo)	2026-09-14T23:03:45.8379136Z ok 21 - committed out-of-scope change is rejected
make check (ubuntu-latest)	make check (includes isolated install-to-accept demo)	2026-09-14T23:03:46.9342658Z ok 22 - symlink-escaped creation scope is rejected
make check (ubuntu-latest)	make check (includes isolated install-to-accept demo)	2026-09-14T23:03:48.0126064Z ok 23 - absolute handoff scope fails closed
make check (ubuntu-latest)	make check (includes isolated install-to-accept demo)	2026-09-14T23:03:48.2692644Z ok 24 - traversal handoff scope fails closed
make check (ubuntu-latest)	make check (includes isolated install-to-accept demo)	2026-09-14T23:03:48.5255219Z ok 25 - handoff budget expansion fails closed
make check (ubuntu-latest)	make check (includes isolated install-to-accept demo)	2026-09-14T23:03:48.7806464Z ok 26 - non-UUID attempt cannot escape acceptance storage
make check (ubuntu-latest)	make check (includes isolated install-to-accept demo)	2026-09-14T23:03:49.6513704Z ok 27 - handoff rejects conflict with an in-progress task
make check (ubuntu-latest)	make check (includes isolated install-to-accept demo)	2026-09-14T23:03:50.2754894Z ok 28 - acceptance rechecks active write conflicts
make check (ubuntu-latest)	make check (includes isolated install-to-accept demo)	2026-09-14T23:03:50.4008984Z ok 29 - interrupted status mutation leaves the old complete frontmatter
make check (ubuntu-latest)	make check (includes isolated install-to-accept demo)	2026-09-14T23:03:50.4040072Z ok 30 - interrupted status mutation leaves no partial state or temporary
make check (ubuntu-latest)	make check (includes isolated install-to-accept demo)	2026-09-14T23:03:51.4595575Z ok 31 - base commit divergence requires a new handoff
make check (ubuntu-latest)	make check (includes isolated install-to-accept demo)	2026-09-14T23:03:52.8466095Z ok 32 - dependency-closure drift fails closed
make check (ubuntu-latest)	make check (includes isolated install-to-accept demo)	2026-09-14T23:03:53.9234090Z ok 33 - injected finalize crash leaves old complete task state
make check (ubuntu-latest)	make check (includes isolated install-to-accept demo)	2026-09-14T23:03:53.9262887Z ok 34 - crash did not partially stamp accepted state
make check (ubuntu-latest)	make check (includes isolated install-to-accept demo)	2026-09-14T23:03:53.9684944Z ok 35 - doctor reports the orphan record left by interrupted acceptance
make check (ubuntu-latest)	make check (includes isolated install-to-accept demo)	2026-09-14T23:03:54.2290246Z ok 36 - same attempt recovers despite metrics projection failure
make check (ubuntu-latest)	make check (includes isolated install-to-accept demo)	2026-09-14T23:03:54.2729806Z ok 37 - doctor reports the missing accepted metrics projection
make check (ubuntu-latest)	make check (includes isolated install-to-accept demo)	2026-09-14T23:03:54.5318899Z ok 38 - same attempt cannot change its acceptor
make check (ubuntu-latest)	make check (includes isolated install-to-accept demo)	2026-09-14T23:03:54.5691781Z ok 39 - conflicting retry leaves record and task envelope consistent
make check (ubuntu-latest)	make check (includes isolated install-to-accept demo)	2026-09-14T23:03:54.8312797Z ok 40 - same accepted attempt can be retried without duplicate metrics
make check (ubuntu-latest)	make check (includes isolated install-to-accept demo)	2026-09-14T23:03:54.9059891Z ok 41 - TaskStatus names rebuild-state as the one safe projection recovery
make check (ubuntu-latest)	make check (includes isolated install-to-accept demo)	2026-09-14T23:03:55.0523447Z ok 42 - rebuilding projection advances the one safe next command
make check (ubuntu-latest)	make check (includes isolated install-to-accept demo)	2026-09-14T23:03:55.1268926Z ok 43 - global JSON preserves the same typed TaskStatus
make check (ubuntu-latest)	make check (includes isolated install-to-accept demo)	2026-09-14T23:03:55.2424449Z ok 44 - transition to done verifies the record subject and envelope
make check (ubuntu-latest)	make check (includes isolated install-to-accept demo)	2026-09-14T23:03:55.3172851Z ok 45 - status exposes semantic acceptance-record mismatch
make check (ubuntu-latest)	make check (includes isolated install-to-accept demo)	2026-09-14T23:03:55.3610746Z ok 46 - backlog doctor fails on semantic acceptance-record mismatch
make check (ubuntu-latest)	make check (includes isolated install-to-accept demo)	2026-09-14T23:03:55.3611750Z PASS: Task-Spec hardening adversarial suite (46 checks)
make check (ubuntu-latest)	make check (includes isolated install-to-accept demo)	2026-09-14T23:03:56.1720932Z CLI_REFERENCE=OK
make check (ubuntu-latest)	make check (includes isolated install-to-accept demo)	2026-09-14T23:03:56.2076014Z QUALITY_SCORE=97 SCORECARD=VALID
make check (ubuntu-latest)	make check (includes isolated install-to-accept demo)	2026-09-14T23:03:56.2349652Z RELEASE_STATUS=OK
make check (ubuntu-latest)	make check (includes isolated install-to-accept demo)	2026-09-14T23:03:56.3011584Z V381_EXPERIENCE=READY
make check (ubuntu-latest)	make check (includes isolated install-to-accept demo)	2026-09-14T23:03:57.1722808Z ok 1 - nested handoff binds the Git workspace
make check (ubuntu-latest)	make check (includes isolated install-to-accept demo)	2026-09-14T23:03:57.4301111Z ok 2 - nested acceptance uses the configured contained store
make check (ubuntu-latest)	make check (includes isolated install-to-accept demo)	2026-09-14T23:03:57.4313037Z ok 3 - nested acceptance record is separate from Converge receipts
make check (ubuntu-latest)	make check (includes isolated install-to-accept demo)	2026-09-14T23:03:58.2764674Z ok 4 - nested backlog infers repository root
make check (ubuntu-latest)	make check (includes isolated install-to-accept demo)	2026-09-14T23:03:58.3716771Z ok 5 - conflicting explicit workspace is rejected
make check (ubuntu-latest)	make check (includes isolated install-to-accept demo)	2026-09-14T23:03:59.4559113Z ok 6 - acceptance traversal is rejected
make check (ubuntu-latest)	make check (includes isolated install-to-accept demo)	2026-09-14T23:04:00.0492229Z ok 7 - acceptance symlink escape is rejected
make check (ubuntu-latest)	make check (includes isolated install-to-accept demo)	2026-09-14T23:04:00.3120660Z ok 8 - CLI acceptance directory overrides an unsafe environment value
make check (ubuntu-latest)	make check (includes isolated install-to-accept demo)	2026-09-14T23:04:00.3142871Z ok 9 - unsafe environment store was never written
make check (ubuntu-latest)	make check (includes isolated install-to-accept demo)	2026-09-14T23:04:00.8463030Z ok 10 - worktree gate resolves the common-directory key
make check (ubuntu-latest)	make check (includes isolated install-to-accept demo)	2026-09-14T23:04:00.8499127Z PASS: Task-Spec 3.8.1 nested workspace suite (10 checks)
make check (ubuntu-latest)	make check (includes isolated install-to-accept demo)	2026-09-14T23:04:00.8499732Z bash spec/conformance/run_conformance.sh
make check (ubuntu-latest)	make check (includes isolated install-to-accept demo)	2026-09-14T23:04:00.8543289Z == self-test floor: validating 8 conformance fixtures ==
make check (ubuntu-latest)	make check (includes isolated install-to-accept demo)	2026-09-14T23:04:04.0011139Z    self-test floor: all 8 fixtures valid
make check (ubuntu-latest)	make check (includes isolated install-to-accept demo)	2026-09-14T23:04:04.0011618Z 
make check (ubuntu-latest)	make check (includes isolated install-to-accept demo)	2026-09-14T23:04:04.0012226Z == running conformance (adapter: /home/runner/work/task-spec/task-spec/spec/conformance/adapters/self.sh) ==
make check (ubuntu-latest)	make check (includes isolated install-to-accept demo)	2026-09-14T23:04:04.0233454Z PASS   C1        T-conformance-001-status-lock
make check (ubuntu-latest)	make check (includes isolated install-to-accept demo)	2026-09-14T23:04:04.0556663Z PASS   C12       T-conformance-002-emit-enum
make check (ubuntu-latest)	make check (includes isolated install-to-accept demo)	2026-09-14T23:04:04.1544298Z PASS   C6        T-conformance-003-no-signed-off-mod
make check (ubuntu-latest)	make check (includes isolated install-to-accept demo)	2026-09-14T23:04:04.1812987Z PASS   C8        T-conformance-004-execution-backend
make check (ubuntu-latest)	make check (includes isolated install-to-accept demo)	2026-09-14T23:04:04.2065129Z PASS   C13,C16   T-conformance-005-budget-stop
make check (ubuntu-latest)	make check (includes isolated install-to-accept demo)	2026-09-14T23:04:04.2286603Z PASS   C5        T-conformance-006-do-not-touch
make check (ubuntu-latest)	make check (includes isolated install-to-accept demo)	2026-09-14T23:04:04.2464830Z PASS   C17       T-conformance-007-node-refusal
make check (ubuntu-latest)	make check (includes isolated install-to-accept demo)	2026-09-14T23:04:04.2644008Z PASS   C18       T-conformance-008-v4-policy
make check (ubuntu-latest)	make check (includes isolated install-to-accept demo)	2026-09-14T23:04:04.2681286Z 
make check (ubuntu-latest)	make check (includes isolated install-to-accept demo)	2026-09-14T23:04:04.2682106Z == results written to /home/runner/work/task-spec/task-spec/spec/conformance/results.json ==
make check (ubuntu-latest)	make check (includes isolated install-to-accept demo)	2026-09-14T23:04:04.2682974Z == non-waived failures: 0 ==
make check (ubuntu-latest)	make check (includes isolated install-to-accept demo)	2026-09-14T23:04:04.2683389Z bash bin/taskspec conformance --self-test
make check (ubuntu-latest)	make check (includes isolated install-to-accept demo)	2026-09-14T23:04:04.2820488Z Conformance check — level L2 — executor: bash /home/runner/work/task-spec/task-spec/src/dispatch/ref-executor.sh
make check (ubuntu-latest)	make check (includes isolated install-to-accept demo)	2026-09-14T23:04:04.2821466Z ────────────────────────────────────────────────────────
make check (ubuntu-latest)	make check (includes isolated install-to-accept demo)	2026-09-14T23:04:04.7408665Z L0. Executor drives a solvable spec to a passing Exit Check ...
make check (ubuntu-latest)	make check (includes isolated install-to-accept demo)	2026-09-14T23:04:05.8256029Z    PASS — Exit Check passes after execution (L0: reads format, runs evals)
make check (ubuntu-latest)	make check (includes isolated install-to-accept demo)	2026-09-14T23:04:05.8256726Z L1. Executor honors the status lifecycle (→ done on success) ...
make check (ubuntu-latest)	make check (includes isolated install-to-accept demo)	2026-09-14T23:04:05.8300436Z    PASS — status transitioned to 'done' (A2A: completed)
make check (ubuntu-latest)	make check (includes isolated install-to-accept demo)	2026-09-14T23:04:06.3480492Z L2. Executor parks an unsolvable spec within budget (no infinite loop) ...
make check (ubuntu-latest)	make check (includes isolated install-to-accept demo)	2026-09-14T23:04:07.1529637Z    PASS — unsolvable spec parked by the no-progress circuit breaker within the signed retry budget
make check (ubuntu-latest)	make check (includes isolated install-to-accept demo)	2026-09-14T23:04:07.1530898Z ────────────────────────────────────────────────────────
make check (ubuntu-latest)	make check (includes isolated install-to-accept demo)	2026-09-14T23:04:07.1531410Z CONFORMANT at L2 — this executor honors the Task-Spec contract.
make check (ubuntu-latest)	make check (includes isolated install-to-accept demo)	2026-09-14T23:04:07.1531754Z CONFORMANCE=L2
make check (ubuntu-latest)	make check (includes isolated install-to-accept demo)	2026-09-14T23:04:07.1556669Z CHECK=READY
make check (ubuntu-latest)	Post Install pinned Go toolchain for optional TaskMesh	﻿2026-09-14T23:04:07.1637024Z Post job cleanup.
make check (ubuntu-latest)	Post Install pinned Go toolchain for optional TaskMesh	2026-09-14T23:04:07.2605609Z [command]/opt/hostedtoolcache/go/1.25.0/x64/bin/go env GOMODCACHE
make check (ubuntu-latest)	Post Install pinned Go toolchain for optional TaskMesh	2026-09-14T23:04:07.2643427Z [command]/opt/hostedtoolcache/go/1.25.0/x64/bin/go env GOCACHE
make check (ubuntu-latest)	Post Install pinned Go toolchain for optional TaskMesh	2026-09-14T23:04:07.2665523Z /home/runner/go/pkg/mod
make check (ubuntu-latest)	Post Install pinned Go toolchain for optional TaskMesh	2026-09-14T23:04:07.2681064Z /home/runner/.cache/go-build
make check (ubuntu-latest)	Post Install pinned Go toolchain for optional TaskMesh	2026-09-14T23:04:07.2916788Z [command]/usr/bin/tar --posix -cf cache.tzst --exclude cache.tzst -P -C /home/runner/work/task-spec/task-spec --files-from manifest.txt --use-compress-program zstdmt
make check (ubuntu-latest)	Post Install pinned Go toolchain for optional TaskMesh	2026-09-14T23:04:08.4863793Z Failed to save: Unable to reserve cache with key setup-go-Linux-x64-ubuntu24-go-1.25.0-177c9a629613f64b62ff3bce8b5249e61de06089c1d63967a2ef301279610df5, another job may be creating this cache.
make check (ubuntu-latest)	Post Checkout	﻿2026-09-14T23:04:08.5047812Z Post job cleanup.
make check (ubuntu-latest)	Post Checkout	2026-09-14T23:04:08.5767546Z [command]/usr/bin/git version
make check (ubuntu-latest)	Post Checkout	2026-09-14T23:04:08.5802563Z git version 2.55.0
make check (ubuntu-latest)	Post Checkout	2026-09-14T23:04:08.5844723Z Temporarily overriding HOME='/home/runner/work/_temp/ea938152-0def-4f63-a223-3c5e226660f9' before making global git config changes
make check (ubuntu-latest)	Post Checkout	2026-09-14T23:04:08.5845868Z Adding repository directory to the temporary git global config as a safe directory
make check (ubuntu-latest)	Post Checkout	2026-09-14T23:04:08.5849784Z [command]/usr/bin/git config --global --add safe.directory /home/runner/work/task-spec/task-spec
make check (ubuntu-latest)	Post Checkout	2026-09-14T23:04:08.5874995Z Removing SSH command configuration
make check (ubuntu-latest)	Post Checkout	2026-09-14T23:04:08.5880324Z [command]/usr/bin/git config --local --name-only --get-regexp core\.sshCommand
make check (ubuntu-latest)	Post Checkout	2026-09-14T23:04:08.5908333Z [command]/usr/bin/git submodule foreach --recursive sh -c "git config --local --name-only --get-regexp 'core\.sshCommand' && git config --local --unset-all 'core.sshCommand' || :"
make check (ubuntu-latest)	Post Checkout	2026-09-14T23:04:08.6087529Z Removing HTTP extra header
make check (ubuntu-latest)	Post Checkout	2026-09-14T23:04:08.6091783Z [command]/usr/bin/git config --local --name-only --get-regexp http\.https\:\/\/github\.com\/\.extraheader
make check (ubuntu-latest)	Post Checkout	2026-09-14T23:04:08.6118821Z [command]/usr/bin/git submodule foreach --recursive sh -c "git config --local --name-only --get-regexp 'http\.https\:\/\/github\.com\/\.extraheader' && git config --local --unset-all 'http.https://github.com/.extraheader' || :"
make check (ubuntu-latest)	Post Checkout	2026-09-14T23:04:08.6302512Z Removing includeIf entries pointing to credentials config files
make check (ubuntu-latest)	Post Checkout	2026-09-14T23:04:08.6309440Z [command]/usr/bin/git config --local --name-only --get-regexp ^includeIf\.gitdir:
make check (ubuntu-latest)	Post Checkout	2026-09-14T23:04:08.6333521Z [command]/usr/bin/git submodule foreach --recursive git config --local --show-origin --name-only --get-regexp remote.origin.url
make check (ubuntu-latest)	Complete job	﻿2026-09-14T23:04:08.6637891Z Cleaning up orphan processes
TaskMesh autonomous isolation (ubuntu)	Set up job	﻿2026-09-14T22:58:25.9303713Z Current runner version: '2.337.0'
TaskMesh autonomous isolation (ubuntu)	Set up job	2026-09-14T22:58:25.9330129Z ##[group]Runner Image Provisioner
TaskMesh autonomous isolation (ubuntu)	Set up job	2026-09-14T22:58:25.9331060Z Hosted Compute Agent
TaskMesh autonomous isolation (ubuntu)	Set up job	2026-09-14T22:58:25.9331627Z Version: 20260828.587
TaskMesh autonomous isolation (ubuntu)	Set up job	2026-09-14T22:58:25.9332294Z Commit: abac92662cab4cc7352de4f9f9d2e2419aad9c29
TaskMesh autonomous isolation (ubuntu)	Set up job	2026-09-14T22:58:25.9333002Z Build Date: 2026-08-28T16:44:25Z
TaskMesh autonomous isolation (ubuntu)	Set up job	2026-09-14T22:58:25.9333680Z Worker ID: {ccb2eea6-b45b-4b63-b9a7-d34cc441b764}
TaskMesh autonomous isolation (ubuntu)	Set up job	2026-09-14T22:58:25.9334428Z Azure Region: westcentralus
TaskMesh autonomous isolation (ubuntu)	Set up job	2026-09-14T22:58:25.9335016Z ##[endgroup]
TaskMesh autonomous isolation (ubuntu)	Set up job	2026-09-14T22:58:25.9336752Z ##[group]Operating System
TaskMesh autonomous isolation (ubuntu)	Set up job	2026-09-14T22:58:25.9337405Z Ubuntu
TaskMesh autonomous isolation (ubuntu)	Set up job	2026-09-14T22:58:25.9337945Z 24.04.5
TaskMesh autonomous isolation (ubuntu)	Set up job	2026-09-14T22:58:25.9338450Z LTS
TaskMesh autonomous isolation (ubuntu)	Set up job	2026-09-14T22:58:25.9338946Z ##[endgroup]
TaskMesh autonomous isolation (ubuntu)	Set up job	2026-09-14T22:58:25.9339492Z ##[group]Runner Image
TaskMesh autonomous isolation (ubuntu)	Set up job	2026-09-14T22:58:25.9340054Z Image: ubuntu-24.04
TaskMesh autonomous isolation (ubuntu)	Set up job	2026-09-14T22:58:25.9340580Z Version: 20260907.300.1
TaskMesh autonomous isolation (ubuntu)	Set up job	2026-09-14T22:58:25.9341675Z Included Software: https://github.com/actions/runner-images/blob/ubuntu24/20260907.300/images/ubuntu/Ubuntu2404-Readme.md
TaskMesh autonomous isolation (ubuntu)	Set up job	2026-09-14T22:58:25.9343376Z Image Release: https://github.com/actions/runner-images/releases/tag/ubuntu24%2F20260907.300
TaskMesh autonomous isolation (ubuntu)	Set up job	2026-09-14T22:58:25.9344290Z ##[endgroup]
TaskMesh autonomous isolation (ubuntu)	Set up job	2026-09-14T22:58:25.9345422Z ##[group]GITHUB_TOKEN Permissions
TaskMesh autonomous isolation (ubuntu)	Set up job	2026-09-14T22:58:25.9347881Z Contents: read
TaskMesh autonomous isolation (ubuntu)	Set up job	2026-09-14T22:58:25.9348448Z Metadata: read
TaskMesh autonomous isolation (ubuntu)	Set up job	2026-09-14T22:58:25.9349038Z ##[endgroup]
TaskMesh autonomous isolation (ubuntu)	Set up job	2026-09-14T22:58:25.9351144Z Secret source: Actions
TaskMesh autonomous isolation (ubuntu)	Set up job	2026-09-14T22:58:25.9352397Z Cache mode: write
TaskMesh autonomous isolation (ubuntu)	Set up job	2026-09-14T22:58:25.9353320Z Prepare workflow directory
TaskMesh autonomous isolation (ubuntu)	Set up job	2026-09-14T22:58:25.9676884Z Prepare all required actions
TaskMesh autonomous isolation (ubuntu)	Set up job	2026-09-14T22:58:25.9728792Z Getting action download info
TaskMesh autonomous isolation (ubuntu)	Set up job	2026-09-14T22:58:26.2839167Z Download action repository 'actions/checkout@3d3c42e5aac5ba805825da76410c181273ba90b1' (SHA:3d3c42e5aac5ba805825da76410c181273ba90b1)
TaskMesh autonomous isolation (ubuntu)	Set up job	2026-09-14T22:58:26.3945203Z Download action repository 'actions/setup-go@b7ad1dad31e06c5925ef5d2fc7ad053ef454303e' (SHA:b7ad1dad31e06c5925ef5d2fc7ad053ef454303e)
TaskMesh autonomous isolation (ubuntu)	Set up job	2026-09-14T22:58:27.2769647Z Complete job name: TaskMesh autonomous isolation (ubuntu)
TaskMesh autonomous isolation (ubuntu)	Checkout	﻿2026-09-14T22:58:27.3501276Z ##[group]Run actions/checkout@3d3c42e5aac5ba805825da76410c181273ba90b1
TaskMesh autonomous isolation (ubuntu)	Checkout	2026-09-14T22:58:27.3502450Z with:
TaskMesh autonomous isolation (ubuntu)	Checkout	2026-09-14T22:58:27.3503024Z   persist-credentials: false
TaskMesh autonomous isolation (ubuntu)	Checkout	2026-09-14T22:58:27.3503728Z   repository: luanmorenommaciel/task-spec
TaskMesh autonomous isolation (ubuntu)	Checkout	2026-09-14T22:58:27.3508175Z   token: ***
TaskMesh autonomous isolation (ubuntu)	Checkout	2026-09-14T22:58:27.3508766Z   ssh-strict: true
TaskMesh autonomous isolation (ubuntu)	Checkout	2026-09-14T22:58:27.3509406Z   ssh-user: git
TaskMesh autonomous isolation (ubuntu)	Checkout	2026-09-14T22:58:27.3509973Z   clean: true
TaskMesh autonomous isolation (ubuntu)	Checkout	2026-09-14T22:58:27.3510564Z   sparse-checkout-cone-mode: true
TaskMesh autonomous isolation (ubuntu)	Checkout	2026-09-14T22:58:27.3511215Z   fetch-depth: 1
TaskMesh autonomous isolation (ubuntu)	Checkout	2026-09-14T22:58:27.3511782Z   fetch-tags: false
TaskMesh autonomous isolation (ubuntu)	Checkout	2026-09-14T22:58:27.3512378Z   show-progress: true
TaskMesh autonomous isolation (ubuntu)	Checkout	2026-09-14T22:58:27.3512942Z   lfs: false
TaskMesh autonomous isolation (ubuntu)	Checkout	2026-09-14T22:58:27.3513469Z   submodules: false
TaskMesh autonomous isolation (ubuntu)	Checkout	2026-09-14T22:58:27.3514071Z   set-safe-directory: true
TaskMesh autonomous isolation (ubuntu)	Checkout	2026-09-14T22:58:27.3514728Z   allow-unsafe-pr-checkout: false
TaskMesh autonomous isolation (ubuntu)	Checkout	2026-09-14T22:58:27.3515603Z ##[endgroup]
TaskMesh autonomous isolation (ubuntu)	Checkout	2026-09-14T22:58:27.4539429Z Syncing repository: luanmorenommaciel/task-spec
TaskMesh autonomous isolation (ubuntu)	Checkout	2026-09-14T22:58:27.4543076Z ##[group]Getting Git version info
TaskMesh autonomous isolation (ubuntu)	Checkout	2026-09-14T22:58:27.4544604Z Working directory is '/home/runner/work/task-spec/task-spec'
TaskMesh autonomous isolation (ubuntu)	Checkout	2026-09-14T22:58:27.4546875Z [command]/usr/bin/git version
TaskMesh autonomous isolation (ubuntu)	Checkout	2026-09-14T22:58:27.4547868Z git version 2.55.0
TaskMesh autonomous isolation (ubuntu)	Checkout	2026-09-14T22:58:27.4553918Z ##[endgroup]
TaskMesh autonomous isolation (ubuntu)	Checkout	2026-09-14T22:58:27.4566585Z Temporarily overriding HOME='/home/runner/work/_temp/0ec678ce-6f08-402a-9780-fda37affe086' before making global git config changes
TaskMesh autonomous isolation (ubuntu)	Checkout	2026-09-14T22:58:27.4568889Z Adding repository directory to the temporary git global config as a safe directory
TaskMesh autonomous isolation (ubuntu)	Checkout	2026-09-14T22:58:27.4574315Z [command]/usr/bin/git config --global --add safe.directory /home/runner/work/task-spec/task-spec
TaskMesh autonomous isolation (ubuntu)	Checkout	2026-09-14T22:58:27.4622415Z Deleting the contents of '/home/runner/work/task-spec/task-spec'
TaskMesh autonomous isolation (ubuntu)	Checkout	2026-09-14T22:58:27.4625359Z ##[group]Determining repository object format
TaskMesh autonomous isolation (ubuntu)	Checkout	2026-09-14T22:58:27.4627391Z ##[endgroup]
TaskMesh autonomous isolation (ubuntu)	Checkout	2026-09-14T22:58:27.4628540Z ##[group]Initializing the repository
TaskMesh autonomous isolation (ubuntu)	Checkout	2026-09-14T22:58:27.4632877Z [command]/usr/bin/git init /home/runner/work/task-spec/task-spec
TaskMesh autonomous isolation (ubuntu)	Checkout	2026-09-14T22:58:27.4725220Z hint: Using 'master' as the name for the initial branch. This default branch name
TaskMesh autonomous isolation (ubuntu)	Checkout	2026-09-14T22:58:27.4727501Z hint: will change to "main" in Git 3.0. To configure the initial branch name
TaskMesh autonomous isolation (ubuntu)	Checkout	2026-09-14T22:58:27.4729150Z hint: to use in all of your new repositories, which will suppress this warning,
TaskMesh autonomous isolation (ubuntu)	Checkout	2026-09-14T22:58:27.4730131Z hint: call:
TaskMesh autonomous isolation (ubuntu)	Checkout	2026-09-14T22:58:27.4730811Z hint:
TaskMesh autonomous isolation (ubuntu)	Checkout	2026-09-14T22:58:27.4731487Z hint: 	git config --global init.defaultBranch <name>
TaskMesh autonomous isolation (ubuntu)	Checkout	2026-09-14T22:58:27.4732272Z hint:
TaskMesh autonomous isolation (ubuntu)	Checkout	2026-09-14T22:58:27.4733000Z hint: Names commonly chosen instead of 'master' are 'main', 'trunk' and
TaskMesh autonomous isolation (ubuntu)	Checkout	2026-09-14T22:58:27.4734428Z hint: 'development'. The just-created branch can be renamed via this command:
TaskMesh autonomous isolation (ubuntu)	Checkout	2026-09-14T22:58:27.4735448Z hint:
TaskMesh autonomous isolation (ubuntu)	Checkout	2026-09-14T22:58:27.4735998Z hint: 	git branch -m <name>
TaskMesh autonomous isolation (ubuntu)	Checkout	2026-09-14T22:58:27.4736840Z hint:
TaskMesh autonomous isolation (ubuntu)	Checkout	2026-09-14T22:58:27.4737797Z hint: Disable this message with "git config set advice.defaultBranchName false"
TaskMesh autonomous isolation (ubuntu)	Checkout	2026-09-14T22:58:27.4739606Z Initialized empty Git repository in /home/runner/work/task-spec/task-spec/.git/
TaskMesh autonomous isolation (ubuntu)	Checkout	2026-09-14T22:58:27.4741992Z [command]/usr/bin/git remote add origin https://github.com/luanmorenommaciel/task-spec
TaskMesh autonomous isolation (ubuntu)	Checkout	2026-09-14T22:58:27.4788527Z ##[endgroup]
TaskMesh autonomous isolation (ubuntu)	Checkout	2026-09-14T22:58:27.4789607Z ##[group]Disabling automatic garbage collection
TaskMesh autonomous isolation (ubuntu)	Checkout	2026-09-14T22:58:27.4792537Z [command]/usr/bin/git config --local gc.auto 0
TaskMesh autonomous isolation (ubuntu)	Checkout	2026-09-14T22:58:27.4822530Z ##[endgroup]
TaskMesh autonomous isolation (ubuntu)	Checkout	2026-09-14T22:58:27.4823908Z ##[group]Setting up auth
TaskMesh autonomous isolation (ubuntu)	Checkout	2026-09-14T22:58:27.4824941Z Removing SSH command configuration
TaskMesh autonomous isolation (ubuntu)	Checkout	2026-09-14T22:58:27.4830593Z [command]/usr/bin/git config --local --name-only --get-regexp core\.sshCommand
TaskMesh autonomous isolation (ubuntu)	Checkout	2026-09-14T22:58:27.4862225Z [command]/usr/bin/git submodule foreach --recursive sh -c "git config --local --name-only --get-regexp 'core\.sshCommand' && git config --local --unset-all 'core.sshCommand' || :"
TaskMesh autonomous isolation (ubuntu)	Checkout	2026-09-14T22:58:27.5181398Z Removing HTTP extra header
TaskMesh autonomous isolation (ubuntu)	Checkout	2026-09-14T22:58:27.5186892Z [command]/usr/bin/git config --local --name-only --get-regexp http\.https\:\/\/github\.com\/\.extraheader
TaskMesh autonomous isolation (ubuntu)	Checkout	2026-09-14T22:58:27.5215955Z [command]/usr/bin/git submodule foreach --recursive sh -c "git config --local --name-only --get-regexp 'http\.https\:\/\/github\.com\/\.extraheader' && git config --local --unset-all 'http.https://github.com/.extraheader' || :"
TaskMesh autonomous isolation (ubuntu)	Checkout	2026-09-14T22:58:27.5424739Z Removing includeIf entries pointing to credentials config files
TaskMesh autonomous isolation (ubuntu)	Checkout	2026-09-14T22:58:27.5433172Z [command]/usr/bin/git config --local --name-only --get-regexp ^includeIf\.gitdir:
TaskMesh autonomous isolation (ubuntu)	Checkout	2026-09-14T22:58:27.5470425Z [command]/usr/bin/git submodule foreach --recursive git config --local --show-origin --name-only --get-regexp remote.origin.url
TaskMesh autonomous isolation (ubuntu)	Checkout	2026-09-14T22:58:27.5709076Z [command]/usr/bin/git config --file /home/runner/work/_temp/git-credentials-e400478d-c3e0-4385-a194-e3086190a255.config http.https://github.com/.extraheader AUTHORIZATION: basic ***
TaskMesh autonomous isolation (ubuntu)	Checkout	2026-09-14T22:58:27.5745350Z [command]/usr/bin/git config --local includeIf.gitdir:/home/runner/work/task-spec/task-spec/.git.path /home/runner/work/_temp/git-credentials-e400478d-c3e0-4385-a194-e3086190a255.config
TaskMesh autonomous isolation (ubuntu)	Checkout	2026-09-14T22:58:27.5773111Z [command]/usr/bin/git config --local includeIf.gitdir:/home/runner/work/task-spec/task-spec/.git/worktrees/*.path /home/runner/work/_temp/git-credentials-e400478d-c3e0-4385-a194-e3086190a255.config
TaskMesh autonomous isolation (ubuntu)	Checkout	2026-09-14T22:58:27.5805871Z [command]/usr/bin/git config --local includeIf.gitdir:/github/workspace/.git.path /github/runner_temp/git-credentials-e400478d-c3e0-4385-a194-e3086190a255.config
TaskMesh autonomous isolation (ubuntu)	Checkout	2026-09-14T22:58:27.5837223Z [command]/usr/bin/git config --local includeIf.gitdir:/github/workspace/.git/worktrees/*.path /github/runner_temp/git-credentials-e400478d-c3e0-4385-a194-e3086190a255.config
TaskMesh autonomous isolation (ubuntu)	Checkout	2026-09-14T22:58:27.6016528Z ##[endgroup]
TaskMesh autonomous isolation (ubuntu)	Checkout	2026-09-14T22:58:27.6018114Z ##[group]Fetching the repository
TaskMesh autonomous isolation (ubuntu)	Checkout	2026-09-14T22:58:27.6025283Z [command]/usr/bin/git -c protocol.version=2 fetch --no-tags --prune --no-recurse-submodules --depth=1 origin +30a0d1ce3965312b43938fdb145eb29fc66cffc2:refs/remotes/origin/main
TaskMesh autonomous isolation (ubuntu)	Checkout	2026-09-14T22:58:30.1298351Z From https://github.com/luanmorenommaciel/task-spec
TaskMesh autonomous isolation (ubuntu)	Checkout	2026-09-14T22:58:30.1300791Z  * [new ref]         30a0d1ce3965312b43938fdb145eb29fc66cffc2 -> origin/main
TaskMesh autonomous isolation (ubuntu)	Checkout	2026-09-14T22:58:30.1306758Z [command]/usr/bin/git branch --list --remote origin/main
TaskMesh autonomous isolation (ubuntu)	Checkout	2026-09-14T22:58:30.1330754Z   origin/main
TaskMesh autonomous isolation (ubuntu)	Checkout	2026-09-14T22:58:30.1337718Z [command]/usr/bin/git rev-parse refs/remotes/origin/main
TaskMesh autonomous isolation (ubuntu)	Checkout	2026-09-14T22:58:30.1358626Z 30a0d1ce3965312b43938fdb145eb29fc66cffc2
TaskMesh autonomous isolation (ubuntu)	Checkout	2026-09-14T22:58:30.1360883Z ##[endgroup]
TaskMesh autonomous isolation (ubuntu)	Checkout	2026-09-14T22:58:30.1361732Z ##[group]Determining the checkout info
TaskMesh autonomous isolation (ubuntu)	Checkout	2026-09-14T22:58:30.1362656Z ##[endgroup]
TaskMesh autonomous isolation (ubuntu)	Checkout	2026-09-14T22:58:30.1365492Z [command]/usr/bin/git sparse-checkout disable
TaskMesh autonomous isolation (ubuntu)	Checkout	2026-09-14T22:58:30.1407881Z [command]/usr/bin/git config --local --unset-all extensions.worktreeConfig
TaskMesh autonomous isolation (ubuntu)	Checkout	2026-09-14T22:58:30.1435231Z ##[group]Checking out the ref
TaskMesh autonomous isolation (ubuntu)	Checkout	2026-09-14T22:58:30.1439314Z [command]/usr/bin/git checkout --progress --force -B main refs/remotes/origin/main
TaskMesh autonomous isolation (ubuntu)	Checkout	2026-09-14T22:58:30.4198865Z Switched to a new branch 'main'
TaskMesh autonomous isolation (ubuntu)	Checkout	2026-09-14T22:58:30.4204050Z branch 'main' set up to track 'origin/main'.
TaskMesh autonomous isolation (ubuntu)	Checkout	2026-09-14T22:58:30.4226847Z ##[endgroup]
TaskMesh autonomous isolation (ubuntu)	Checkout	2026-09-14T22:58:30.4269597Z [command]/usr/bin/git log -1 --format=%H
TaskMesh autonomous isolation (ubuntu)	Checkout	2026-09-14T22:58:30.4294341Z 30a0d1ce3965312b43938fdb145eb29fc66cffc2
TaskMesh autonomous isolation (ubuntu)	Checkout	2026-09-14T22:58:30.4303687Z ##[group]Removing auth
TaskMesh autonomous isolation (ubuntu)	Checkout	2026-09-14T22:58:30.4304489Z Removing SSH command configuration
TaskMesh autonomous isolation (ubuntu)	Checkout	2026-09-14T22:58:30.4308452Z [command]/usr/bin/git config --local --name-only --get-regexp core\.sshCommand
TaskMesh autonomous isolation (ubuntu)	Checkout	2026-09-14T22:58:30.4340239Z [command]/usr/bin/git submodule foreach --recursive sh -c "git config --local --name-only --get-regexp 'core\.sshCommand' && git config --local --unset-all 'core.sshCommand' || :"
TaskMesh autonomous isolation (ubuntu)	Checkout	2026-09-14T22:58:30.4554967Z Removing HTTP extra header
TaskMesh autonomous isolation (ubuntu)	Checkout	2026-09-14T22:58:30.4557319Z [command]/usr/bin/git config --local --name-only --get-regexp http\.https\:\/\/github\.com\/\.extraheader
TaskMesh autonomous isolation (ubuntu)	Checkout	2026-09-14T22:58:30.4586786Z [command]/usr/bin/git submodule foreach --recursive sh -c "git config --local --name-only --get-regexp 'http\.https\:\/\/github\.com\/\.extraheader' && git config --local --unset-all 'http.https://github.com/.extraheader' || :"
TaskMesh autonomous isolation (ubuntu)	Checkout	2026-09-14T22:58:30.4791887Z Removing includeIf entries pointing to credentials config files
TaskMesh autonomous isolation (ubuntu)	Checkout	2026-09-14T22:58:30.4794693Z [command]/usr/bin/git config --local --name-only --get-regexp ^includeIf\.gitdir:
TaskMesh autonomous isolation (ubuntu)	Checkout	2026-09-14T22:58:30.4821571Z includeif.gitdir:/home/runner/work/task-spec/task-spec/.git.path
TaskMesh autonomous isolation (ubuntu)	Checkout	2026-09-14T22:58:30.4822525Z includeif.gitdir:/home/runner/work/task-spec/task-spec/.git/worktrees/*.path
TaskMesh autonomous isolation (ubuntu)	Checkout	2026-09-14T22:58:30.4823341Z includeif.gitdir:/github/workspace/.git.path
TaskMesh autonomous isolation (ubuntu)	Checkout	2026-09-14T22:58:30.4824048Z includeif.gitdir:/github/workspace/.git/worktrees/*.path
TaskMesh autonomous isolation (ubuntu)	Checkout	2026-09-14T22:58:30.4830151Z [command]/usr/bin/git config --local --get-all includeif.gitdir:/home/runner/work/task-spec/task-spec/.git.path
TaskMesh autonomous isolation (ubuntu)	Checkout	2026-09-14T22:58:30.4852475Z /home/runner/work/_temp/git-credentials-e400478d-c3e0-4385-a194-e3086190a255.config
TaskMesh autonomous isolation (ubuntu)	Checkout	2026-09-14T22:58:30.4861148Z [command]/usr/bin/git config --local --unset includeif.gitdir:/home/runner/work/task-spec/task-spec/.git.path \/home\/runner\/work\/_temp\/git\-credentials\-e400478d\-c3e0\-4385\-a194\-e3086190a255\.config
TaskMesh autonomous isolation (ubuntu)	Checkout	2026-09-14T22:58:30.4896159Z [command]/usr/bin/git config --local --get-all includeif.gitdir:/home/runner/work/task-spec/task-spec/.git/worktrees/*.path
TaskMesh autonomous isolation (ubuntu)	Checkout	2026-09-14T22:58:30.4917173Z /home/runner/work/_temp/git-credentials-e400478d-c3e0-4385-a194-e3086190a255.config
TaskMesh autonomous isolation (ubuntu)	Checkout	2026-09-14T22:58:30.4924295Z [command]/usr/bin/git config --local --unset includeif.gitdir:/home/runner/work/task-spec/task-spec/.git/worktrees/*.path \/home\/runner\/work\/_temp\/git\-credentials\-e400478d\-c3e0\-4385\-a194\-e3086190a255\.config
TaskMesh autonomous isolation (ubuntu)	Checkout	2026-09-14T22:58:30.4955192Z [command]/usr/bin/git config --local --get-all includeif.gitdir:/github/workspace/.git.path
TaskMesh autonomous isolation (ubuntu)	Checkout	2026-09-14T22:58:30.4993404Z /github/runner_temp/git-credentials-e400478d-c3e0-4385-a194-e3086190a255.config
TaskMesh autonomous isolation (ubuntu)	Checkout	2026-09-14T22:58:30.4997124Z [command]/usr/bin/git config --local --unset includeif.gitdir:/github/workspace/.git.path \/github\/runner_temp\/git\-credentials\-e400478d\-c3e0\-4385\-a194\-e3086190a255\.config
TaskMesh autonomous isolation (ubuntu)	Checkout	2026-09-14T22:58:30.5064828Z [command]/usr/bin/git config --local --get-all includeif.gitdir:/github/workspace/.git/worktrees/*.path
TaskMesh autonomous isolation (ubuntu)	Checkout	2026-09-14T22:58:30.5087097Z /github/runner_temp/git-credentials-e400478d-c3e0-4385-a194-e3086190a255.config
TaskMesh autonomous isolation (ubuntu)	Checkout	2026-09-14T22:58:30.5092170Z [command]/usr/bin/git config --local --unset includeif.gitdir:/github/workspace/.git/worktrees/*.path \/github\/runner_temp\/git\-credentials\-e400478d\-c3e0\-4385\-a194\-e3086190a255\.config
TaskMesh autonomous isolation (ubuntu)	Checkout	2026-09-14T22:58:30.5124103Z [command]/usr/bin/git submodule foreach --recursive git config --local --show-origin --name-only --get-regexp remote.origin.url
TaskMesh autonomous isolation (ubuntu)	Checkout	2026-09-14T22:58:30.5310354Z Removing credentials config '/home/runner/work/_temp/git-credentials-e400478d-c3e0-4385-a194-e3086190a255.config'
TaskMesh autonomous isolation (ubuntu)	Checkout	2026-09-14T22:58:30.5317647Z ##[endgroup]
TaskMesh autonomous isolation (ubuntu)	Install pinned Go toolchain	﻿2026-09-14T22:58:30.5543290Z ##[group]Run actions/setup-go@b7ad1dad31e06c5925ef5d2fc7ad053ef454303e
TaskMesh autonomous isolation (ubuntu)	Install pinned Go toolchain	2026-09-14T22:58:30.5543846Z with:
TaskMesh autonomous isolation (ubuntu)	Install pinned Go toolchain	2026-09-14T22:58:30.5544172Z   go-version: 1.25.0
TaskMesh autonomous isolation (ubuntu)	Install pinned Go toolchain	2026-09-14T22:58:30.5544511Z   cache-dependency-path: go.sum
TaskMesh autonomous isolation (ubuntu)	Install pinned Go toolchain	2026-09-14T22:58:30.5544897Z   check-latest: false
TaskMesh autonomous isolation (ubuntu)	Install pinned Go toolchain	2026-09-14T22:58:30.5547423Z   token: ***
TaskMesh autonomous isolation (ubuntu)	Install pinned Go toolchain	2026-09-14T22:58:30.5547819Z   cache: true
TaskMesh autonomous isolation (ubuntu)	Install pinned Go toolchain	2026-09-14T22:58:30.5548112Z ##[endgroup]
TaskMesh autonomous isolation (ubuntu)	Install pinned Go toolchain	2026-09-14T22:58:30.6667532Z Setup go version spec 1.25.0
TaskMesh autonomous isolation (ubuntu)	Install pinned Go toolchain	2026-09-14T22:58:30.6675065Z Attempting to download 1.25.0...
TaskMesh autonomous isolation (ubuntu)	Install pinned Go toolchain	2026-09-14T22:58:31.5197963Z matching 1.25.0...
TaskMesh autonomous isolation (ubuntu)	Install pinned Go toolchain	2026-09-14T22:58:31.5235164Z Acquiring 1.25.0 from https://github.com/actions/go-versions/releases/download/1.25.0-16925932082/go-1.25.0-linux-x64.tar.gz
TaskMesh autonomous isolation (ubuntu)	Install pinned Go toolchain	2026-09-14T22:58:32.2223047Z Extracting Go...
TaskMesh autonomous isolation (ubuntu)	Install pinned Go toolchain	2026-09-14T22:58:32.2327366Z [command]/usr/bin/tar xz --warning=no-unknown-keyword --overwrite -C /home/runner/work/_temp/c262969f-2173-4804-a622-fe7717aa96e3 -f /home/runner/work/_temp/df5e8e59-4b6d-4f98-b472-52e6b18223a7
TaskMesh autonomous isolation (ubuntu)	Install pinned Go toolchain	2026-09-14T22:58:33.7066239Z Successfully extracted go to /home/runner/work/_temp/c262969f-2173-4804-a622-fe7717aa96e3
TaskMesh autonomous isolation (ubuntu)	Install pinned Go toolchain	2026-09-14T22:58:33.7068342Z Adding to the cache ...
TaskMesh autonomous isolation (ubuntu)	Install pinned Go toolchain	2026-09-14T22:58:38.0425749Z Successfully cached go to /opt/hostedtoolcache/go/1.25.0/x64
TaskMesh autonomous isolation (ubuntu)	Install pinned Go toolchain	2026-09-14T22:58:38.0427450Z Added go to the path
TaskMesh autonomous isolation (ubuntu)	Install pinned Go toolchain	2026-09-14T22:58:38.0429143Z Successfully set up Go version 1.25.0
TaskMesh autonomous isolation (ubuntu)	Install pinned Go toolchain	2026-09-14T22:58:38.0595774Z [command]/opt/hostedtoolcache/go/1.25.0/x64/bin/go env GOMODCACHE
TaskMesh autonomous isolation (ubuntu)	Install pinned Go toolchain	2026-09-14T22:58:38.0623247Z [command]/opt/hostedtoolcache/go/1.25.0/x64/bin/go env GOCACHE
TaskMesh autonomous isolation (ubuntu)	Install pinned Go toolchain	2026-09-14T22:58:38.0649456Z /home/runner/go/pkg/mod
TaskMesh autonomous isolation (ubuntu)	Install pinned Go toolchain	2026-09-14T22:58:38.0668005Z /home/runner/.cache/go-build
TaskMesh autonomous isolation (ubuntu)	Install pinned Go toolchain	2026-09-14T22:58:38.2519631Z Cache is not found
TaskMesh autonomous isolation (ubuntu)	Install pinned Go toolchain	2026-09-14T22:58:38.2548806Z go version go1.25.0 linux/amd64
TaskMesh autonomous isolation (ubuntu)	Install pinned Go toolchain	2026-09-14T22:58:38.2549154Z 
TaskMesh autonomous isolation (ubuntu)	Install pinned Go toolchain	2026-09-14T22:58:38.2549579Z ##[group]go env
TaskMesh autonomous isolation (ubuntu)	Install pinned Go toolchain	2026-09-14T22:58:39.0150693Z AR='ar'
TaskMesh autonomous isolation (ubuntu)	Install pinned Go toolchain	2026-09-14T22:58:39.0151445Z CC='gcc'
TaskMesh autonomous isolation (ubuntu)	Install pinned Go toolchain	2026-09-14T22:58:39.0151867Z CGO_CFLAGS='-O2 -g'
TaskMesh autonomous isolation (ubuntu)	Install pinned Go toolchain	2026-09-14T22:58:39.0152300Z CGO_CPPFLAGS=''
TaskMesh autonomous isolation (ubuntu)	Install pinned Go toolchain	2026-09-14T22:58:39.0152755Z CGO_CXXFLAGS='-O2 -g'
TaskMesh autonomous isolation (ubuntu)	Install pinned Go toolchain	2026-09-14T22:58:39.0153190Z CGO_ENABLED='1'
TaskMesh autonomous isolation (ubuntu)	Install pinned Go toolchain	2026-09-14T22:58:39.0153635Z CGO_FFLAGS='-O2 -g'
TaskMesh autonomous isolation (ubuntu)	Install pinned Go toolchain	2026-09-14T22:58:39.0154033Z CGO_LDFLAGS='-O2 -g'
TaskMesh autonomous isolation (ubuntu)	Install pinned Go toolchain	2026-09-14T22:58:39.0154405Z CXX='g++'
TaskMesh autonomous isolation (ubuntu)	Install pinned Go toolchain	2026-09-14T22:58:39.0154813Z GCCGO='gccgo'
TaskMesh autonomous isolation (ubuntu)	Install pinned Go toolchain	2026-09-14T22:58:39.0155181Z GO111MODULE=''
TaskMesh autonomous isolation (ubuntu)	Install pinned Go toolchain	2026-09-14T22:58:39.0155649Z GOAMD64='v1'
TaskMesh autonomous isolation (ubuntu)	Install pinned Go toolchain	2026-09-14T22:58:39.0156015Z GOARCH='amd64'
TaskMesh autonomous isolation (ubuntu)	Install pinned Go toolchain	2026-09-14T22:58:39.0156554Z GOAUTH='netrc'
TaskMesh autonomous isolation (ubuntu)	Install pinned Go toolchain	2026-09-14T22:58:39.0156964Z GOBIN=''
TaskMesh autonomous isolation (ubuntu)	Install pinned Go toolchain	2026-09-14T22:58:39.0157353Z GOCACHE='/home/runner/.cache/go-build'
TaskMesh autonomous isolation (ubuntu)	Install pinned Go toolchain	2026-09-14T22:58:39.0157890Z GOCACHEPROG=''
TaskMesh autonomous isolation (ubuntu)	Install pinned Go toolchain	2026-09-14T22:58:39.0158253Z GODEBUG=''
TaskMesh autonomous isolation (ubuntu)	Install pinned Go toolchain	2026-09-14T22:58:39.0158652Z GOENV='/home/runner/.config/go/env'
TaskMesh autonomous isolation (ubuntu)	Install pinned Go toolchain	2026-09-14T22:58:39.0159107Z GOEXE=''
TaskMesh autonomous isolation (ubuntu)	Install pinned Go toolchain	2026-09-14T22:58:39.0159558Z GOEXPERIMENT=''
TaskMesh autonomous isolation (ubuntu)	Install pinned Go toolchain	2026-09-14T22:58:39.0160031Z GOFIPS140='off'
TaskMesh autonomous isolation (ubuntu)	Install pinned Go toolchain	2026-09-14T22:58:39.0160427Z GOFLAGS=''
TaskMesh autonomous isolation (ubuntu)	Install pinned Go toolchain	2026-09-14T22:58:39.0161434Z GOGCCFLAGS='-fPIC -m64 -pthread -Wl,--no-gc-sections -fmessage-length=0 -ffile-prefix-map=/tmp/go-build1918040596=/tmp/go-build -gno-record-gcc-switches'
TaskMesh autonomous isolation (ubuntu)	Install pinned Go toolchain	2026-09-14T22:58:39.0162534Z GOHOSTARCH='amd64'
TaskMesh autonomous isolation (ubuntu)	Install pinned Go toolchain	2026-09-14T22:58:39.0162982Z GOHOSTOS='linux'
TaskMesh autonomous isolation (ubuntu)	Install pinned Go toolchain	2026-09-14T22:58:39.0163386Z GOINSECURE=''
TaskMesh autonomous isolation (ubuntu)	Install pinned Go toolchain	2026-09-14T22:58:39.0164203Z GOMOD='/home/runner/work/task-spec/task-spec/go.mod'
TaskMesh autonomous isolation (ubuntu)	Install pinned Go toolchain	2026-09-14T22:58:39.0164757Z GOMODCACHE='/home/runner/go/pkg/mod'
TaskMesh autonomous isolation (ubuntu)	Install pinned Go toolchain	2026-09-14T22:58:39.0165210Z GONOPROXY=''
TaskMesh autonomous isolation (ubuntu)	Install pinned Go toolchain	2026-09-14T22:58:39.0165644Z GONOSUMDB=''
TaskMesh autonomous isolation (ubuntu)	Install pinned Go toolchain	2026-09-14T22:58:39.0165974Z GOOS='linux'
TaskMesh autonomous isolation (ubuntu)	Install pinned Go toolchain	2026-09-14T22:58:39.0166492Z GOPATH='/home/runner/go'
TaskMesh autonomous isolation (ubuntu)	Install pinned Go toolchain	2026-09-14T22:58:39.0166887Z GOPRIVATE=''
TaskMesh autonomous isolation (ubuntu)	Install pinned Go toolchain	2026-09-14T22:58:39.0167333Z GOPROXY='https://proxy.golang.org,direct'
TaskMesh autonomous isolation (ubuntu)	Install pinned Go toolchain	2026-09-14T22:58:39.0167875Z GOROOT='/opt/hostedtoolcache/go/1.25.0/x64'
TaskMesh autonomous isolation (ubuntu)	Install pinned Go toolchain	2026-09-14T22:58:39.0168381Z GOSUMDB='sum.golang.org'
TaskMesh autonomous isolation (ubuntu)	Install pinned Go toolchain	2026-09-14T22:58:39.0168813Z GOTELEMETRY='local'
TaskMesh autonomous isolation (ubuntu)	Install pinned Go toolchain	2026-09-14T22:58:39.0169252Z GOTELEMETRYDIR='/home/runner/.config/go/telemetry'
TaskMesh autonomous isolation (ubuntu)	Install pinned Go toolchain	2026-09-14T22:58:39.0169735Z GOTMPDIR=''
TaskMesh autonomous isolation (ubuntu)	Install pinned Go toolchain	2026-09-14T22:58:39.0170206Z GOTOOLCHAIN='local'
TaskMesh autonomous isolation (ubuntu)	Install pinned Go toolchain	2026-09-14T22:58:39.0170737Z GOTOOLDIR='/opt/hostedtoolcache/go/1.25.0/x64/pkg/tool/linux_amd64'
TaskMesh autonomous isolation (ubuntu)	Install pinned Go toolchain	2026-09-14T22:58:39.0171523Z GOVCS=''
TaskMesh autonomous isolation (ubuntu)	Install pinned Go toolchain	2026-09-14T22:58:39.0171877Z GOVERSION='go1.25.0'
TaskMesh autonomous isolation (ubuntu)	Install pinned Go toolchain	2026-09-14T22:58:39.0172234Z GOWORK=''
TaskMesh autonomous isolation (ubuntu)	Install pinned Go toolchain	2026-09-14T22:58:39.0172713Z PKG_CONFIG='pkg-config'
TaskMesh autonomous isolation (ubuntu)	Install pinned Go toolchain	2026-09-14T22:58:39.0172973Z 
TaskMesh autonomous isolation (ubuntu)	Install pinned Go toolchain	2026-09-14T22:58:39.0173504Z ##[endgroup]
TaskMesh autonomous isolation (ubuntu)	Require live Docker isolation proof	﻿2026-09-14T22:58:39.0328042Z ##[group]Run bash tests/test-mesh-isolation.sh
TaskMesh autonomous isolation (ubuntu)	Require live Docker isolation proof	2026-09-14T22:58:39.0328655Z [36;1mbash tests/test-mesh-isolation.sh[0m
TaskMesh autonomous isolation (ubuntu)	Require live Docker isolation proof	2026-09-14T22:58:39.0329088Z [36;1mbash tests/test-toolkit-attested.sh[0m
TaskMesh autonomous isolation (ubuntu)	Require live Docker isolation proof	2026-09-14T22:58:39.0362625Z shell: /usr/bin/bash -e {0}
TaskMesh autonomous isolation (ubuntu)	Require live Docker isolation proof	2026-09-14T22:58:39.0363223Z env:
TaskMesh autonomous isolation (ubuntu)	Require live Docker isolation proof	2026-09-14T22:58:39.0363521Z   GOTOOLCHAIN: local
TaskMesh autonomous isolation (ubuntu)	Require live Docker isolation proof	2026-09-14T22:58:39.0364016Z   TASKSPEC_REQUIRE_MESH_ISOLATION: 1
TaskMesh autonomous isolation (ubuntu)	Require live Docker isolation proof	2026-09-14T22:58:39.0364418Z ##[endgroup]
TaskMesh autonomous isolation (ubuntu)	Require live Docker isolation proof	2026-09-14T22:58:42.1473659Z go: downloading modernc.org/sqlite v1.56.0
TaskMesh autonomous isolation (ubuntu)	Require live Docker isolation proof	2026-09-14T22:58:43.7868029Z go: downloading golang.org/x/sys v0.47.0
TaskMesh autonomous isolation (ubuntu)	Require live Docker isolation proof	2026-09-14T22:58:43.7868838Z go: downloading modernc.org/libc v1.74.4
TaskMesh autonomous isolation (ubuntu)	Require live Docker isolation proof	2026-09-14T22:58:44.9988521Z go: downloading github.com/dustin/go-humanize v1.0.1
TaskMesh autonomous isolation (ubuntu)	Require live Docker isolation proof	2026-09-14T22:58:44.9992146Z go: downloading modernc.org/memory v1.11.0
TaskMesh autonomous isolation (ubuntu)	Require live Docker isolation proof	2026-09-14T22:58:44.9993002Z go: downloading github.com/google/uuid v1.6.0
TaskMesh autonomous isolation (ubuntu)	Require live Docker isolation proof	2026-09-14T22:58:44.9993868Z go: downloading modernc.org/mathutil v1.7.1
TaskMesh autonomous isolation (ubuntu)	Require live Docker isolation proof	2026-09-14T22:58:45.0403324Z go: downloading github.com/remyoudompheng/bigfft v0.0.0-20230129092748-24d4a6f8daec
TaskMesh autonomous isolation (ubuntu)	Require live Docker isolation proof	2026-09-14T22:59:44.6389425Z MESH_ISOLATION=READY
TaskMesh autonomous isolation (ubuntu)	Require live Docker isolation proof	2026-09-14T22:59:58.5658832Z TOOLKIT_ATTESTED=PASS two rounds, distinct revoked credentials, signed evidence, canonical acceptance
TaskMesh autonomous isolation (ubuntu)	Require live Docker isolation proof	2026-09-14T23:00:05.3542406Z MESH_ISOLATION=READY
TaskMesh autonomous isolation (ubuntu)	Post Install pinned Go toolchain	﻿2026-09-14T23:00:05.3746591Z Post job cleanup.
TaskMesh autonomous isolation (ubuntu)	Post Install pinned Go toolchain	2026-09-14T23:00:05.4906398Z [command]/opt/hostedtoolcache/go/1.25.0/x64/bin/go env GOCACHE
TaskMesh autonomous isolation (ubuntu)	Post Install pinned Go toolchain	2026-09-14T23:00:05.4951070Z [command]/opt/hostedtoolcache/go/1.25.0/x64/bin/go env GOMODCACHE
TaskMesh autonomous isolation (ubuntu)	Post Install pinned Go toolchain	2026-09-14T23:00:05.4995916Z /home/runner/.cache/go-build
TaskMesh autonomous isolation (ubuntu)	Post Install pinned Go toolchain	2026-09-14T23:00:05.5012093Z /home/runner/go/pkg/mod
TaskMesh autonomous isolation (ubuntu)	Post Install pinned Go toolchain	2026-09-14T23:00:05.5304775Z [command]/usr/bin/tar --posix -cf cache.tzst --exclude cache.tzst -P -C /home/runner/work/task-spec/task-spec --files-from manifest.txt --use-compress-program zstdmt
TaskMesh autonomous isolation (ubuntu)	Post Install pinned Go toolchain	2026-09-14T23:00:07.6239429Z Sent 38535168 of 104912598 (36.7%), 36.8 MBs/sec
TaskMesh autonomous isolation (ubuntu)	Post Install pinned Go toolchain	2026-09-14T23:00:08.6241131Z Sent 104912598 of 104912598 (100.0%), 50.0 MBs/sec
TaskMesh autonomous isolation (ubuntu)	Post Install pinned Go toolchain	2026-09-14T23:00:08.9339762Z Cache saved with the key: setup-go-Linux-x64-ubuntu24-go-1.25.0-177c9a629613f64b62ff3bce8b5249e61de06089c1d63967a2ef301279610df5
TaskMesh autonomous isolation (ubuntu)	Post Checkout	﻿2026-09-14T23:00:08.9495971Z Post job cleanup.
TaskMesh autonomous isolation (ubuntu)	Post Checkout	2026-09-14T23:00:09.0317969Z [command]/usr/bin/git version
TaskMesh autonomous isolation (ubuntu)	Post Checkout	2026-09-14T23:00:09.0356992Z git version 2.55.0
TaskMesh autonomous isolation (ubuntu)	Post Checkout	2026-09-14T23:00:09.0398859Z Temporarily overriding HOME='/home/runner/work/_temp/4eaa0d49-3117-4c6d-bb59-9aed086b5c39' before making global git config changes
TaskMesh autonomous isolation (ubuntu)	Post Checkout	2026-09-14T23:00:09.0400199Z Adding repository directory to the temporary git global config as a safe directory
TaskMesh autonomous isolation (ubuntu)	Post Checkout	2026-09-14T23:00:09.0404949Z [command]/usr/bin/git config --global --add safe.directory /home/runner/work/task-spec/task-spec
TaskMesh autonomous isolation (ubuntu)	Post Checkout	2026-09-14T23:00:09.0440726Z Removing SSH command configuration
TaskMesh autonomous isolation (ubuntu)	Post Checkout	2026-09-14T23:00:09.0448032Z [command]/usr/bin/git config --local --name-only --get-regexp core\.sshCommand
TaskMesh autonomous isolation (ubuntu)	Post Checkout	2026-09-14T23:00:09.0482817Z [command]/usr/bin/git submodule foreach --recursive sh -c "git config --local --name-only --get-regexp 'core\.sshCommand' && git config --local --unset-all 'core.sshCommand' || :"
TaskMesh autonomous isolation (ubuntu)	Post Checkout	2026-09-14T23:00:09.0699461Z Removing HTTP extra header
TaskMesh autonomous isolation (ubuntu)	Post Checkout	2026-09-14T23:00:09.0704670Z [command]/usr/bin/git config --local --name-only --get-regexp http\.https\:\/\/github\.com\/\.extraheader
TaskMesh autonomous isolation (ubuntu)	Post Checkout	2026-09-14T23:00:09.0735878Z [command]/usr/bin/git submodule foreach --recursive sh -c "git config --local --name-only --get-regexp 'http\.https\:\/\/github\.com\/\.extraheader' && git config --local --unset-all 'http.https://github.com/.extraheader' || :"
TaskMesh autonomous isolation (ubuntu)	Post Checkout	2026-09-14T23:00:09.0958755Z Removing includeIf entries pointing to credentials config files
TaskMesh autonomous isolation (ubuntu)	Post Checkout	2026-09-14T23:00:09.0965287Z [command]/usr/bin/git config --local --name-only --get-regexp ^includeIf\.gitdir:
TaskMesh autonomous isolation (ubuntu)	Post Checkout	2026-09-14T23:00:09.1001769Z [command]/usr/bin/git submodule foreach --recursive git config --local --show-origin --name-only --get-regexp remote.origin.url
TaskMesh autonomous isolation (ubuntu)	Complete job	﻿2026-09-14T23:00:09.1378767Z Cleaning up orphan processes
