make check (macos-latest)	Set up job	﻿2026-09-15T11:40:41.3464770Z Current runner version: '2.337.0'
make check (macos-latest)	Set up job	2026-09-15T11:40:41.3504880Z ##[group]Runner Image Provisioner
make check (macos-latest)	Set up job	2026-09-15T11:40:41.3505510Z Hosted Compute Agent
make check (macos-latest)	Set up job	2026-09-15T11:40:41.3505890Z Version: 20260828.587
make check (macos-latest)	Set up job	2026-09-15T11:40:41.3506320Z Commit: abac92662cab4cc7352de4f9f9d2e2419aad9c29
make check (macos-latest)	Set up job	2026-09-15T11:40:41.3506810Z Build Date: 2026-08-28T16:44:25Z
make check (macos-latest)	Set up job	2026-09-15T11:40:41.3507280Z Worker ID: {3fcfddc1-06e4-4af8-b60d-1b2d262bc1e9}
make check (macos-latest)	Set up job	2026-09-15T11:40:41.3507760Z Azure Region: westus
make check (macos-latest)	Set up job	2026-09-15T11:40:41.3508160Z ##[endgroup]
make check (macos-latest)	Set up job	2026-09-15T11:40:41.3509130Z ##[group]Operating System
make check (macos-latest)	Set up job	2026-09-15T11:40:41.3509550Z macOS
make check (macos-latest)	Set up job	2026-09-15T11:40:41.3509890Z 26.6.2
make check (macos-latest)	Set up job	2026-09-15T11:40:41.3510250Z 25G83
make check (macos-latest)	Set up job	2026-09-15T11:40:41.3510600Z ##[endgroup]
make check (macos-latest)	Set up job	2026-09-15T11:40:41.3510970Z ##[group]Runner Image
make check (macos-latest)	Set up job	2026-09-15T11:40:41.3511370Z Image: macos-26-arm64
make check (macos-latest)	Set up job	2026-09-15T11:40:41.3511750Z Version: 20260907.0351.1
make check (macos-latest)	Set up job	2026-09-15T11:40:41.3512530Z Included Software: https://github.com/actions/runner-images/blob/macos-26-arm64/20260907.0351/images/macos/macos-26-arm64-Readme.md
make check (macos-latest)	Set up job	2026-09-15T11:40:41.3513860Z Image Release: https://github.com/actions/runner-images/releases/tag/macos-26-arm64%2F20260907.0351
make check (macos-latest)	Set up job	2026-09-15T11:40:41.3514560Z ##[endgroup]
make check (macos-latest)	Set up job	2026-09-15T11:40:41.3516000Z ##[group]GITHUB_TOKEN Permissions
make check (macos-latest)	Set up job	2026-09-15T11:40:41.3517790Z Contents: read
make check (macos-latest)	Set up job	2026-09-15T11:40:41.3518170Z Metadata: read
make check (macos-latest)	Set up job	2026-09-15T11:40:41.3518550Z ##[endgroup]
make check (macos-latest)	Set up job	2026-09-15T11:40:41.3520220Z Secret source: Actions
make check (macos-latest)	Set up job	2026-09-15T11:40:41.3520850Z Cache mode: write
make check (macos-latest)	Set up job	2026-09-15T11:40:41.3521310Z Prepare workflow directory
make check (macos-latest)	Set up job	2026-09-15T11:40:41.3762360Z Prepare all required actions
make check (macos-latest)	Set up job	2026-09-15T11:40:41.3796890Z Getting action download info
make check (macos-latest)	Set up job	2026-09-15T11:40:41.6377650Z Download action repository 'actions/checkout@3d3c42e5aac5ba805825da76410c181273ba90b1' (SHA:3d3c42e5aac5ba805825da76410c181273ba90b1)
make check (macos-latest)	Set up job	2026-09-15T11:40:41.8478470Z Download action repository 'actions/setup-go@b7ad1dad31e06c5925ef5d2fc7ad053ef454303e' (SHA:b7ad1dad31e06c5925ef5d2fc7ad053ef454303e)
make check (macos-latest)	Set up job	2026-09-15T11:40:42.3783890Z Complete job name: make check (macos-latest)
make check (macos-latest)	Checkout	﻿2026-09-15T11:40:42.4225320Z ##[group]Run actions/checkout@3d3c42e5aac5ba805825da76410c181273ba90b1
make check (macos-latest)	Checkout	2026-09-15T11:40:42.4226110Z with:
make check (macos-latest)	Checkout	2026-09-15T11:40:42.4226440Z   persist-credentials: false
make check (macos-latest)	Checkout	2026-09-15T11:40:42.4226840Z   repository: luanmorenommaciel/task-spec
make check (macos-latest)	Checkout	2026-09-15T11:40:42.4229690Z   token: ***
make check (macos-latest)	Checkout	2026-09-15T11:40:42.4230060Z   ssh-strict: true
make check (macos-latest)	Checkout	2026-09-15T11:40:42.4230390Z   ssh-user: git
make check (macos-latest)	Checkout	2026-09-15T11:40:42.4230700Z   clean: true
make check (macos-latest)	Checkout	2026-09-15T11:40:42.4231040Z   sparse-checkout-cone-mode: true
make check (macos-latest)	Checkout	2026-09-15T11:40:42.4231450Z   fetch-depth: 1
make check (macos-latest)	Checkout	2026-09-15T11:40:42.4231790Z   fetch-tags: false
make check (macos-latest)	Checkout	2026-09-15T11:40:42.4232160Z   show-progress: true
make check (macos-latest)	Checkout	2026-09-15T11:40:42.4232510Z   lfs: false
make check (macos-latest)	Checkout	2026-09-15T11:40:42.4232830Z   submodules: false
make check (macos-latest)	Checkout	2026-09-15T11:40:42.4233240Z   set-safe-directory: true
make check (macos-latest)	Checkout	2026-09-15T11:40:42.4233600Z   allow-unsafe-pr-checkout: false
make check (macos-latest)	Checkout	2026-09-15T11:40:42.4234120Z ##[endgroup]
make check (macos-latest)	Checkout	2026-09-15T11:40:42.7344180Z Syncing repository: luanmorenommaciel/task-spec
make check (macos-latest)	Checkout	2026-09-15T11:40:42.7345790Z ##[group]Getting Git version info
make check (macos-latest)	Checkout	2026-09-15T11:40:42.7346400Z Working directory is '/Users/runner/work/task-spec/task-spec'
make check (macos-latest)	Checkout	2026-09-15T11:40:42.7347320Z [command]/opt/homebrew/bin/git version
make check (macos-latest)	Checkout	2026-09-15T11:40:42.7842380Z git version 2.55.0
make check (macos-latest)	Checkout	2026-09-15T11:40:42.7852950Z ##[endgroup]
make check (macos-latest)	Checkout	2026-09-15T11:40:42.7858500Z Copying '/Users/runner/.gitconfig' to '/Users/runner/work/_temp/b463e9d5-5ed8-424d-bfbe-c9e446ff76bc/.gitconfig'
make check (macos-latest)	Checkout	2026-09-15T11:40:42.7863270Z Temporarily overriding HOME='/Users/runner/work/_temp/b463e9d5-5ed8-424d-bfbe-c9e446ff76bc' before making global git config changes
make check (macos-latest)	Checkout	2026-09-15T11:40:42.7864330Z Adding repository directory to the temporary git global config as a safe directory
make check (macos-latest)	Checkout	2026-09-15T11:40:42.7866620Z [command]/opt/homebrew/bin/git config --global --add safe.directory /Users/runner/work/task-spec/task-spec
make check (macos-latest)	Checkout	2026-09-15T11:40:42.7964360Z Deleting the contents of '/Users/runner/work/task-spec/task-spec'
make check (macos-latest)	Checkout	2026-09-15T11:40:42.7967480Z ##[group]Determining repository object format
make check (macos-latest)	Checkout	2026-09-15T11:40:42.7968880Z ##[endgroup]
make check (macos-latest)	Checkout	2026-09-15T11:40:42.7969650Z ##[group]Initializing the repository
make check (macos-latest)	Checkout	2026-09-15T11:40:42.7972190Z [command]/opt/homebrew/bin/git init /Users/runner/work/task-spec/task-spec
make check (macos-latest)	Checkout	2026-09-15T11:40:42.8177320Z hint: Using 'master' as the name for the initial branch. This default branch name
make check (macos-latest)	Checkout	2026-09-15T11:40:42.8178290Z hint: will change to "main" in Git 3.0. To configure the initial branch name
make check (macos-latest)	Checkout	2026-09-15T11:40:42.8179030Z hint: to use in all of your new repositories, which will suppress this warning,
make check (macos-latest)	Checkout	2026-09-15T11:40:42.8179570Z hint: call:
make check (macos-latest)	Checkout	2026-09-15T11:40:42.8179880Z hint:
make check (macos-latest)	Checkout	2026-09-15T11:40:42.8180340Z hint: 	git config --global init.defaultBranch <name>
make check (macos-latest)	Checkout	2026-09-15T11:40:42.8180850Z hint:
make check (macos-latest)	Checkout	2026-09-15T11:40:42.8181380Z hint: Names commonly chosen instead of 'master' are 'main', 'trunk' and
make check (macos-latest)	Checkout	2026-09-15T11:40:42.8182130Z hint: 'development'. The just-created branch can be renamed via this command:
make check (macos-latest)	Checkout	2026-09-15T11:40:42.8182760Z hint:
make check (macos-latest)	Checkout	2026-09-15T11:40:42.8183140Z hint: 	git branch -m <name>
make check (macos-latest)	Checkout	2026-09-15T11:40:42.8183550Z hint:
make check (macos-latest)	Checkout	2026-09-15T11:40:42.8184020Z hint: Disable this message with "git config set advice.defaultBranchName false"
make check (macos-latest)	Checkout	2026-09-15T11:40:42.8184830Z Initialized empty Git repository in /Users/runner/work/task-spec/task-spec/.git/
make check (macos-latest)	Checkout	2026-09-15T11:40:42.8199920Z [command]/opt/homebrew/bin/git remote add origin https://github.com/luanmorenommaciel/task-spec
make check (macos-latest)	Checkout	2026-09-15T11:40:42.8256190Z ##[endgroup]
make check (macos-latest)	Checkout	2026-09-15T11:40:42.8256960Z ##[group]Disabling automatic garbage collection
make check (macos-latest)	Checkout	2026-09-15T11:40:42.8258960Z [command]/opt/homebrew/bin/git config --local gc.auto 0
make check (macos-latest)	Checkout	2026-09-15T11:40:42.8318650Z ##[endgroup]
make check (macos-latest)	Checkout	2026-09-15T11:40:42.8319340Z ##[group]Setting up auth
make check (macos-latest)	Checkout	2026-09-15T11:40:42.8319750Z Removing SSH command configuration
make check (macos-latest)	Checkout	2026-09-15T11:40:42.8323200Z [command]/opt/homebrew/bin/git config --local --name-only --get-regexp core\.sshCommand
make check (macos-latest)	Checkout	2026-09-15T11:40:42.8377990Z [command]/opt/homebrew/bin/git submodule foreach --recursive sh -c "git config --local --name-only --get-regexp 'core\.sshCommand' && git config --local --unset-all 'core.sshCommand' || :"
make check (macos-latest)	Checkout	2026-09-15T11:40:42.9302420Z Removing HTTP extra header
make check (macos-latest)	Checkout	2026-09-15T11:40:42.9306590Z [command]/opt/homebrew/bin/git config --local --name-only --get-regexp http\.https\:\/\/github\.com\/\.extraheader
make check (macos-latest)	Checkout	2026-09-15T11:40:42.9358990Z [command]/opt/homebrew/bin/git submodule foreach --recursive sh -c "git config --local --name-only --get-regexp 'http\.https\:\/\/github\.com\/\.extraheader' && git config --local --unset-all 'http.https://github.com/.extraheader' || :"
make check (macos-latest)	Checkout	2026-09-15T11:40:43.0034410Z Removing includeIf entries pointing to credentials config files
make check (macos-latest)	Checkout	2026-09-15T11:40:43.0037570Z [command]/opt/homebrew/bin/git config --local --name-only --get-regexp ^includeIf\.gitdir:
make check (macos-latest)	Checkout	2026-09-15T11:40:43.0091360Z [command]/opt/homebrew/bin/git submodule foreach --recursive git config --local --show-origin --name-only --get-regexp remote.origin.url
make check (macos-latest)	Checkout	2026-09-15T11:40:43.1301520Z [command]/opt/homebrew/bin/git config --file /Users/runner/work/_temp/git-credentials-292fc750-c4bf-469d-bbf5-b16035912647.config http.https://github.com/.extraheader AUTHORIZATION: basic ***
make check (macos-latest)	Checkout	2026-09-15T11:40:43.1305190Z [command]/opt/homebrew/bin/git config --local includeIf.gitdir:/Users/runner/work/task-spec/task-spec/.git.path /Users/runner/work/_temp/git-credentials-292fc750-c4bf-469d-bbf5-b16035912647.config
make check (macos-latest)	Checkout	2026-09-15T11:40:43.1310120Z [command]/opt/homebrew/bin/git config --local includeIf.gitdir:/Users/runner/work/task-spec/task-spec/.git/worktrees/*.path /Users/runner/work/_temp/git-credentials-292fc750-c4bf-469d-bbf5-b16035912647.config
make check (macos-latest)	Checkout	2026-09-15T11:40:43.1427330Z [command]/opt/homebrew/bin/git config --local includeIf.gitdir:/github/workspace/.git.path /github/runner_temp/git-credentials-292fc750-c4bf-469d-bbf5-b16035912647.config
make check (macos-latest)	Checkout	2026-09-15T11:40:43.1440530Z [command]/opt/homebrew/bin/git config --local includeIf.gitdir:/github/workspace/.git/worktrees/*.path /github/runner_temp/git-credentials-292fc750-c4bf-469d-bbf5-b16035912647.config
make check (macos-latest)	Checkout	2026-09-15T11:40:43.1494660Z ##[endgroup]
make check (macos-latest)	Checkout	2026-09-15T11:40:43.1495620Z ##[group]Fetching the repository
make check (macos-latest)	Checkout	2026-09-15T11:40:43.1498930Z [command]/opt/homebrew/bin/git -c protocol.version=2 fetch --no-tags --prune --no-recurse-submodules --depth=1 origin +79ec514387fed8c941dbd9ffb3e6d3ededfc85f3:refs/remotes/origin/main
make check (macos-latest)	Checkout	2026-09-15T11:40:45.3573910Z From https://github.com/luanmorenommaciel/task-spec
make check (macos-latest)	Checkout	2026-09-15T11:40:45.3574860Z  * [new ref]         79ec514387fed8c941dbd9ffb3e6d3ededfc85f3 -> origin/main
make check (macos-latest)	Checkout	2026-09-15T11:40:45.3580410Z [command]/opt/homebrew/bin/git branch --list --remote origin/main
make check (macos-latest)	Checkout	2026-09-15T11:40:45.3646860Z   origin/main
make check (macos-latest)	Checkout	2026-09-15T11:40:45.3653920Z [command]/opt/homebrew/bin/git rev-parse refs/remotes/origin/main
make check (macos-latest)	Checkout	2026-09-15T11:40:45.3700880Z 79ec514387fed8c941dbd9ffb3e6d3ededfc85f3
make check (macos-latest)	Checkout	2026-09-15T11:40:45.3703530Z ##[endgroup]
make check (macos-latest)	Checkout	2026-09-15T11:40:45.3704090Z ##[group]Determining the checkout info
make check (macos-latest)	Checkout	2026-09-15T11:40:45.3704660Z ##[endgroup]
make check (macos-latest)	Checkout	2026-09-15T11:40:45.3708240Z [command]/opt/homebrew/bin/git sparse-checkout disable
make check (macos-latest)	Checkout	2026-09-15T11:40:45.3777720Z [command]/opt/homebrew/bin/git config --local --unset-all extensions.worktreeConfig
make check (macos-latest)	Checkout	2026-09-15T11:40:45.3835990Z ##[group]Checking out the ref
make check (macos-latest)	Checkout	2026-09-15T11:40:45.3837980Z [command]/opt/homebrew/bin/git checkout --progress --force -B main refs/remotes/origin/main
make check (macos-latest)	Checkout	2026-09-15T11:40:45.8526410Z Switched to a new branch 'main'
make check (macos-latest)	Checkout	2026-09-15T11:40:45.8530150Z branch 'main' set up to track 'origin/main'.
make check (macos-latest)	Checkout	2026-09-15T11:40:45.8558010Z ##[endgroup]
make check (macos-latest)	Checkout	2026-09-15T11:40:45.8659680Z [command]/opt/homebrew/bin/git log -1 --format=%H
make check (macos-latest)	Checkout	2026-09-15T11:40:45.8738710Z 79ec514387fed8c941dbd9ffb3e6d3ededfc85f3
make check (macos-latest)	Checkout	2026-09-15T11:40:45.8745300Z ##[group]Removing auth
make check (macos-latest)	Checkout	2026-09-15T11:40:45.8745700Z Removing SSH command configuration
make check (macos-latest)	Checkout	2026-09-15T11:40:45.8748660Z [command]/opt/homebrew/bin/git config --local --name-only --get-regexp core\.sshCommand
make check (macos-latest)	Checkout	2026-09-15T11:40:45.8851360Z [command]/opt/homebrew/bin/git submodule foreach --recursive sh -c "git config --local --name-only --get-regexp 'core\.sshCommand' && git config --local --unset-all 'core.sshCommand' || :"
make check (macos-latest)	Checkout	2026-09-15T11:40:45.9750130Z Removing HTTP extra header
make check (macos-latest)	Checkout	2026-09-15T11:40:45.9752460Z [command]/opt/homebrew/bin/git config --local --name-only --get-regexp http\.https\:\/\/github\.com\/\.extraheader
make check (macos-latest)	Checkout	2026-09-15T11:40:46.0018210Z [command]/opt/homebrew/bin/git submodule foreach --recursive sh -c "git config --local --name-only --get-regexp 'http\.https\:\/\/github\.com\/\.extraheader' && git config --local --unset-all 'http.https://github.com/.extraheader' || :"
make check (macos-latest)	Checkout	2026-09-15T11:40:46.1427450Z Removing includeIf entries pointing to credentials config files
make check (macos-latest)	Checkout	2026-09-15T11:40:46.1527640Z [command]/opt/homebrew/bin/git config --local --name-only --get-regexp ^includeIf\.gitdir:
make check (macos-latest)	Checkout	2026-09-15T11:40:46.1639340Z includeif.gitdir:/Users/runner/work/task-spec/task-spec/.git.path
make check (macos-latest)	Checkout	2026-09-15T11:40:46.1740570Z includeif.gitdir:/Users/runner/work/task-spec/task-spec/.git/worktrees/*.path
make check (macos-latest)	Checkout	2026-09-15T11:40:46.1839350Z includeif.gitdir:/github/workspace/.git.path
make check (macos-latest)	Checkout	2026-09-15T11:40:46.1853320Z includeif.gitdir:/github/workspace/.git/worktrees/*.path
make check (macos-latest)	Checkout	2026-09-15T11:40:46.1854800Z [command]/opt/homebrew/bin/git config --local --get-all includeif.gitdir:/Users/runner/work/task-spec/task-spec/.git.path
make check (macos-latest)	Checkout	2026-09-15T11:40:46.1855490Z /Users/runner/work/_temp/git-credentials-292fc750-c4bf-469d-bbf5-b16035912647.config
make check (macos-latest)	Checkout	2026-09-15T11:40:46.1856850Z [command]/opt/homebrew/bin/git config --local --unset includeif.gitdir:/Users/runner/work/task-spec/task-spec/.git.path \/Users\/runner\/work\/_temp\/git\-credentials\-292fc750\-c4bf\-469d\-bbf5\-b16035912647\.config
make check (macos-latest)	Checkout	2026-09-15T11:40:46.1858610Z [command]/opt/homebrew/bin/git config --local --get-all includeif.gitdir:/Users/runner/work/task-spec/task-spec/.git/worktrees/*.path
make check (macos-latest)	Checkout	2026-09-15T11:40:46.1859360Z /Users/runner/work/_temp/git-credentials-292fc750-c4bf-469d-bbf5-b16035912647.config
make check (macos-latest)	Checkout	2026-09-15T11:40:46.1860780Z [command]/opt/homebrew/bin/git config --local --unset includeif.gitdir:/Users/runner/work/task-spec/task-spec/.git/worktrees/*.path \/Users\/runner\/work\/_temp\/git\-credentials\-292fc750\-c4bf\-469d\-bbf5\-b16035912647\.config
make check (macos-latest)	Checkout	2026-09-15T11:40:46.1862720Z [command]/opt/homebrew/bin/git config --local --get-all includeif.gitdir:/github/workspace/.git.path
make check (macos-latest)	Checkout	2026-09-15T11:40:46.1863350Z /github/runner_temp/git-credentials-292fc750-c4bf-469d-bbf5-b16035912647.config
make check (macos-latest)	Checkout	2026-09-15T11:40:46.1864750Z [command]/opt/homebrew/bin/git config --local --unset includeif.gitdir:/github/workspace/.git.path \/github\/runner_temp\/git\-credentials\-292fc750\-c4bf\-469d\-bbf5\-b16035912647\.config
make check (macos-latest)	Checkout	2026-09-15T11:40:46.1866140Z [command]/opt/homebrew/bin/git config --local --get-all includeif.gitdir:/github/workspace/.git/worktrees/*.path
make check (macos-latest)	Checkout	2026-09-15T11:40:46.1866800Z /github/runner_temp/git-credentials-292fc750-c4bf-469d-bbf5-b16035912647.config
make check (macos-latest)	Checkout	2026-09-15T11:40:46.1868060Z [command]/opt/homebrew/bin/git config --local --unset includeif.gitdir:/github/workspace/.git/worktrees/*.path \/github\/runner_temp\/git\-credentials\-292fc750\-c4bf\-469d\-bbf5\-b16035912647\.config
make check (macos-latest)	Checkout	2026-09-15T11:40:46.1903300Z [command]/opt/homebrew/bin/git submodule foreach --recursive git config --local --show-origin --name-only --get-regexp remote.origin.url
make check (macos-latest)	Checkout	2026-09-15T11:40:46.2561370Z Removing credentials config '/Users/runner/work/_temp/git-credentials-292fc750-c4bf-469d-bbf5-b16035912647.config'
make check (macos-latest)	Checkout	2026-09-15T11:40:46.2566260Z ##[endgroup]
make check (macos-latest)	Install pinned Go toolchain for optional TaskMesh	﻿2026-09-15T11:40:46.2807140Z ##[group]Run actions/setup-go@b7ad1dad31e06c5925ef5d2fc7ad053ef454303e
make check (macos-latest)	Install pinned Go toolchain for optional TaskMesh	2026-09-15T11:40:46.2807490Z with:
make check (macos-latest)	Install pinned Go toolchain for optional TaskMesh	2026-09-15T11:40:46.2807670Z   go-version: 1.25.0
make check (macos-latest)	Install pinned Go toolchain for optional TaskMesh	2026-09-15T11:40:46.2807870Z   cache-dependency-path: go.sum
make check (macos-latest)	Install pinned Go toolchain for optional TaskMesh	2026-09-15T11:40:46.2808100Z   check-latest: false
make check (macos-latest)	Install pinned Go toolchain for optional TaskMesh	2026-09-15T11:40:46.2810330Z   token: ***
make check (macos-latest)	Install pinned Go toolchain for optional TaskMesh	2026-09-15T11:40:46.2810590Z   cache: true
make check (macos-latest)	Install pinned Go toolchain for optional TaskMesh	2026-09-15T11:40:46.2810810Z ##[endgroup]
make check (macos-latest)	Install pinned Go toolchain for optional TaskMesh	2026-09-15T11:40:46.3867010Z Setup go version spec 1.25.0
make check (macos-latest)	Install pinned Go toolchain for optional TaskMesh	2026-09-15T11:40:46.3881980Z Attempting to download 1.25.0...
make check (macos-latest)	Install pinned Go toolchain for optional TaskMesh	2026-09-15T11:40:47.0672440Z matching 1.25.0...
make check (macos-latest)	Install pinned Go toolchain for optional TaskMesh	2026-09-15T11:40:47.0676770Z Acquiring 1.25.0 from https://github.com/actions/go-versions/releases/download/1.25.0-16925932082/go-1.25.0-darwin-arm64.tar.gz
make check (macos-latest)	Install pinned Go toolchain for optional TaskMesh	2026-09-15T11:40:47.6731580Z Extracting Go...
make check (macos-latest)	Install pinned Go toolchain for optional TaskMesh	2026-09-15T11:40:47.6898960Z [command]/usr/bin/tar xz -C /Users/runner/work/_temp/ebb9b709-3594-4de7-9c26-872a01d55b06 -f /Users/runner/work/_temp/6913965f-3591-4351-94f5-a20b4e5b4df6
make check (macos-latest)	Install pinned Go toolchain for optional TaskMesh	2026-09-15T11:40:50.1593760Z Successfully extracted go to /Users/runner/work/_temp/ebb9b709-3594-4de7-9c26-872a01d55b06
make check (macos-latest)	Install pinned Go toolchain for optional TaskMesh	2026-09-15T11:40:50.1611840Z Adding to the cache ...
make check (macos-latest)	Install pinned Go toolchain for optional TaskMesh	2026-09-15T11:40:56.8992370Z Successfully cached go to /Users/runner/hostedtoolcache/go/1.25.0/arm64
make check (macos-latest)	Install pinned Go toolchain for optional TaskMesh	2026-09-15T11:40:56.9003390Z Added go to the path
make check (macos-latest)	Install pinned Go toolchain for optional TaskMesh	2026-09-15T11:40:56.9004110Z Successfully set up Go version 1.25.0
make check (macos-latest)	Install pinned Go toolchain for optional TaskMesh	2026-09-15T11:40:57.0068560Z [command]/Users/runner/hostedtoolcache/go/1.25.0/arm64/bin/go env GOMODCACHE
make check (macos-latest)	Install pinned Go toolchain for optional TaskMesh	2026-09-15T11:40:57.0077990Z [command]/Users/runner/hostedtoolcache/go/1.25.0/arm64/bin/go env GOCACHE
make check (macos-latest)	Install pinned Go toolchain for optional TaskMesh	2026-09-15T11:40:57.0140000Z /Users/runner/Library/Caches/go-build
make check (macos-latest)	Install pinned Go toolchain for optional TaskMesh	2026-09-15T11:40:57.0140650Z /Users/runner/go/pkg/mod
make check (macos-latest)	Install pinned Go toolchain for optional TaskMesh	2026-09-15T11:40:57.2030990Z Cache hit for: setup-go-macOS-arm64-go-1.25.0-177c9a629613f64b62ff3bce8b5249e61de06089c1d63967a2ef301279610df5
make check (macos-latest)	Install pinned Go toolchain for optional TaskMesh	2026-09-15T11:40:58.3785660Z Received 62914560 of 139017218 (45.3%), 60.0 MBs/sec
make check (macos-latest)	Install pinned Go toolchain for optional TaskMesh	2026-09-15T11:40:59.3247780Z Received 139017218 of 139017218 (100.0%), 67.8 MBs/sec
make check (macos-latest)	Install pinned Go toolchain for optional TaskMesh	2026-09-15T11:40:59.3348990Z Cache Size: ~133 MB (139017218 B)
make check (macos-latest)	Install pinned Go toolchain for optional TaskMesh	2026-09-15T11:40:59.3431920Z [command]/opt/homebrew/bin/gtar -xf /Users/runner/work/_temp/fbf6d1db-feca-48f0-8bd8-2174581dee7b/cache.tzst -P -C /Users/runner/work/task-spec/task-spec --delay-directory-restore --use-compress-program unzstd
make check (macos-latest)	Install pinned Go toolchain for optional TaskMesh	2026-09-15T11:41:02.1485710Z Cache restored successfully
make check (macos-latest)	Install pinned Go toolchain for optional TaskMesh	2026-09-15T11:41:02.1513400Z Cache restored from key: setup-go-macOS-arm64-go-1.25.0-177c9a629613f64b62ff3bce8b5249e61de06089c1d63967a2ef301279610df5
make check (macos-latest)	Install pinned Go toolchain for optional TaskMesh	2026-09-15T11:41:02.1544190Z go version go1.25.0 darwin/arm64
make check (macos-latest)	Install pinned Go toolchain for optional TaskMesh	2026-09-15T11:41:02.1544440Z 
make check (macos-latest)	Install pinned Go toolchain for optional TaskMesh	2026-09-15T11:41:02.1544790Z ##[group]go env
make check (macos-latest)	Install pinned Go toolchain for optional TaskMesh	2026-09-15T11:41:03.8322040Z AR='ar'
make check (macos-latest)	Install pinned Go toolchain for optional TaskMesh	2026-09-15T11:41:03.8325660Z CC='clang'
make check (macos-latest)	Install pinned Go toolchain for optional TaskMesh	2026-09-15T11:41:03.8326610Z CGO_CFLAGS='-O2 -g'
make check (macos-latest)	Install pinned Go toolchain for optional TaskMesh	2026-09-15T11:41:03.8333020Z CGO_CPPFLAGS=''
make check (macos-latest)	Install pinned Go toolchain for optional TaskMesh	2026-09-15T11:41:03.8333310Z CGO_CXXFLAGS='-O2 -g'
make check (macos-latest)	Install pinned Go toolchain for optional TaskMesh	2026-09-15T11:41:03.8333670Z CGO_ENABLED='1'
make check (macos-latest)	Install pinned Go toolchain for optional TaskMesh	2026-09-15T11:41:03.8333930Z CGO_FFLAGS='-O2 -g'
make check (macos-latest)	Install pinned Go toolchain for optional TaskMesh	2026-09-15T11:41:03.8334280Z CGO_LDFLAGS='-O2 -g'
make check (macos-latest)	Install pinned Go toolchain for optional TaskMesh	2026-09-15T11:41:03.8335040Z CXX='clang++'
make check (macos-latest)	Install pinned Go toolchain for optional TaskMesh	2026-09-15T11:41:03.8335360Z GCCGO='gccgo'
make check (macos-latest)	Install pinned Go toolchain for optional TaskMesh	2026-09-15T11:41:03.8335720Z GO111MODULE=''
make check (macos-latest)	Install pinned Go toolchain for optional TaskMesh	2026-09-15T11:41:03.8335940Z GOARCH='arm64'
make check (macos-latest)	Install pinned Go toolchain for optional TaskMesh	2026-09-15T11:41:03.8336260Z GOARM64='v8.0'
make check (macos-latest)	Install pinned Go toolchain for optional TaskMesh	2026-09-15T11:41:03.8336520Z GOAUTH='netrc'
make check (macos-latest)	Install pinned Go toolchain for optional TaskMesh	2026-09-15T11:41:03.8336770Z GOBIN=''
make check (macos-latest)	Install pinned Go toolchain for optional TaskMesh	2026-09-15T11:41:03.8337140Z GOCACHE='/Users/runner/Library/Caches/go-build'
make check (macos-latest)	Install pinned Go toolchain for optional TaskMesh	2026-09-15T11:41:03.8337620Z GOCACHEPROG=''
make check (macos-latest)	Install pinned Go toolchain for optional TaskMesh	2026-09-15T11:41:03.8337870Z GODEBUG=''
make check (macos-latest)	Install pinned Go toolchain for optional TaskMesh	2026-09-15T11:41:03.8338360Z GOENV='/Users/runner/Library/Application Support/go/env'
make check (macos-latest)	Install pinned Go toolchain for optional TaskMesh	2026-09-15T11:41:03.8338730Z GOEXE=''
make check (macos-latest)	Install pinned Go toolchain for optional TaskMesh	2026-09-15T11:41:03.8339040Z GOEXPERIMENT=''
make check (macos-latest)	Install pinned Go toolchain for optional TaskMesh	2026-09-15T11:41:03.8339320Z GOFIPS140='off'
make check (macos-latest)	Install pinned Go toolchain for optional TaskMesh	2026-09-15T11:41:03.8339620Z GOFLAGS=''
make check (macos-latest)	Install pinned Go toolchain for optional TaskMesh	2026-09-15T11:41:03.8340700Z GOGCCFLAGS='-fPIC -arch arm64 -pthread -fno-caret-diagnostics -Qunused-arguments -fmessage-length=0 -ffile-prefix-map=/var/folders/36/tjdph2t965j8snz9_vkdnw0r0000gn/T/go-build183729497=/tmp/go-build -gno-record-gcc-switches -fno-common'
make check (macos-latest)	Install pinned Go toolchain for optional TaskMesh	2026-09-15T11:41:03.8341890Z GOHOSTARCH='arm64'
make check (macos-latest)	Install pinned Go toolchain for optional TaskMesh	2026-09-15T11:41:03.8342200Z GOHOSTOS='darwin'
make check (macos-latest)	Install pinned Go toolchain for optional TaskMesh	2026-09-15T11:41:03.8342440Z GOINSECURE=''
make check (macos-latest)	Install pinned Go toolchain for optional TaskMesh	2026-09-15T11:41:03.8343550Z GOMOD='/Users/runner/work/task-spec/task-spec/go.mod'
make check (macos-latest)	Install pinned Go toolchain for optional TaskMesh	2026-09-15T11:41:03.8344030Z GOMODCACHE='/Users/runner/go/pkg/mod'
make check (macos-latest)	Install pinned Go toolchain for optional TaskMesh	2026-09-15T11:41:03.8344360Z GONOPROXY=''
make check (macos-latest)	Install pinned Go toolchain for optional TaskMesh	2026-09-15T11:41:03.8344670Z GONOSUMDB=''
make check (macos-latest)	Install pinned Go toolchain for optional TaskMesh	2026-09-15T11:41:03.8344930Z GOOS='darwin'
make check (macos-latest)	Install pinned Go toolchain for optional TaskMesh	2026-09-15T11:41:03.8345290Z GOPATH='/Users/runner/go'
make check (macos-latest)	Install pinned Go toolchain for optional TaskMesh	2026-09-15T11:41:03.8345620Z GOPRIVATE=''
make check (macos-latest)	Install pinned Go toolchain for optional TaskMesh	2026-09-15T11:41:03.8345980Z GOPROXY='https://proxy.golang.org,direct'
make check (macos-latest)	Install pinned Go toolchain for optional TaskMesh	2026-09-15T11:41:03.8346480Z GOROOT='/Users/runner/hostedtoolcache/go/1.25.0/arm64'
make check (macos-latest)	Install pinned Go toolchain for optional TaskMesh	2026-09-15T11:41:03.8346870Z GOSUMDB='sum.golang.org'
make check (macos-latest)	Install pinned Go toolchain for optional TaskMesh	2026-09-15T11:41:03.8347140Z GOTELEMETRY='local'
make check (macos-latest)	Install pinned Go toolchain for optional TaskMesh	2026-09-15T11:41:03.8347690Z GOTELEMETRYDIR='/Users/runner/Library/Application Support/go/telemetry'
make check (macos-latest)	Install pinned Go toolchain for optional TaskMesh	2026-09-15T11:41:03.8348500Z GOTMPDIR=''
make check (macos-latest)	Install pinned Go toolchain for optional TaskMesh	2026-09-15T11:41:03.8348820Z GOTOOLCHAIN='local'
make check (macos-latest)	Install pinned Go toolchain for optional TaskMesh	2026-09-15T11:41:03.8349280Z GOTOOLDIR='/Users/runner/hostedtoolcache/go/1.25.0/arm64/pkg/tool/darwin_arm64'
make check (macos-latest)	Install pinned Go toolchain for optional TaskMesh	2026-09-15T11:41:03.8349700Z GOVCS=''
make check (macos-latest)	Install pinned Go toolchain for optional TaskMesh	2026-09-15T11:41:03.8349960Z GOVERSION='go1.25.0'
make check (macos-latest)	Install pinned Go toolchain for optional TaskMesh	2026-09-15T11:41:03.8350210Z GOWORK=''
make check (macos-latest)	Install pinned Go toolchain for optional TaskMesh	2026-09-15T11:41:03.8350480Z PKG_CONFIG='pkg-config'
make check (macos-latest)	Install pinned Go toolchain for optional TaskMesh	2026-09-15T11:41:03.8350660Z 
make check (macos-latest)	Install pinned Go toolchain for optional TaskMesh	2026-09-15T11:41:03.8351140Z ##[endgroup]
make check (macos-latest)	Install macOS gate dependency	﻿2026-09-15T11:41:03.8493770Z ##[group]Run brew list shellcheck >/dev/null 2>&1 || brew install shellcheck
make check (macos-latest)	Install macOS gate dependency	2026-09-15T11:41:03.8494610Z [36;1mbrew list shellcheck >/dev/null 2>&1 || brew install shellcheck[0m
make check (macos-latest)	Install macOS gate dependency	2026-09-15T11:41:03.8677300Z shell: /bin/bash -e {0}
make check (macos-latest)	Install macOS gate dependency	2026-09-15T11:41:03.8677600Z env:
make check (macos-latest)	Install macOS gate dependency	2026-09-15T11:41:03.8677800Z   GOTOOLCHAIN: local
make check (macos-latest)	Install macOS gate dependency	2026-09-15T11:41:03.8678060Z ##[endgroup]
make check (macos-latest)	Install macOS gate dependency	2026-09-15T11:41:05.6560990Z [32m==>[0m [1mDownloading bottle manifests[0m
make check (macos-latest)	Install macOS gate dependency	2026-09-15T11:41:05.6764000Z ✔︎ Bottle Manifest shellcheck (0.11.0)
make check (macos-latest)	Install macOS gate dependency	2026-09-15T11:41:05.6764940Z [34m==>[0m [1mWould install 1 formula:[0m
make check (macos-latest)	Install macOS gate dependency	2026-09-15T11:41:05.6864490Z shellcheck
make check (macos-latest)	Install macOS gate dependency	2026-09-15T11:41:05.7636460Z [32m==>[0m [1mFetching downloads for: [32mshellcheck[39m[0m
make check (macos-latest)	Install macOS gate dependency	2026-09-15T11:41:06.3327880Z ✔︎ Bottle shellcheck (0.11.0)
make check (macos-latest)	Install macOS gate dependency	2026-09-15T11:41:06.3588400Z [34m==>[0m [1mPouring shellcheck--0.11.0.arm64_tahoe.bottle.1.tar.gz[0m
make check (macos-latest)	Install macOS gate dependency	2026-09-15T11:41:07.0700720Z 🍺  /opt/homebrew/Cellar/shellcheck/0.11.0: 8 files, 70.7MB
make check (macos-latest)	Provision private locked decomposition runtime	﻿2026-09-15T11:41:07.1215790Z ##[group]Run bash bin/taskspec setup decompose
make check (macos-latest)	Provision private locked decomposition runtime	2026-09-15T11:41:07.1216190Z [36;1mbash bin/taskspec setup decompose[0m
make check (macos-latest)	Provision private locked decomposition runtime	2026-09-15T11:41:07.1252160Z shell: /bin/bash -e {0}
make check (macos-latest)	Provision private locked decomposition runtime	2026-09-15T11:41:07.1252480Z env:
make check (macos-latest)	Provision private locked decomposition runtime	2026-09-15T11:41:07.1252910Z   GOTOOLCHAIN: local
make check (macos-latest)	Provision private locked decomposition runtime	2026-09-15T11:41:07.1253110Z ##[endgroup]
make check (macos-latest)	Provision private locked decomposition runtime	2026-09-15T11:41:09.9876870Z Collecting attrs==26.1.0 (from -r /Users/runner/work/task-spec/task-spec/src/decompose/requirements.lock (line 2))
make check (macos-latest)	Provision private locked decomposition runtime	2026-09-15T11:41:10.0600440Z   Downloading attrs-26.1.0-py3-none-any.whl (67 kB)
make check (macos-latest)	Provision private locked decomposition runtime	2026-09-15T11:41:10.1108350Z Collecting jsonschema==4.26.0 (from -r /Users/runner/work/task-spec/task-spec/src/decompose/requirements.lock (line 5))
make check (macos-latest)	Provision private locked decomposition runtime	2026-09-15T11:41:10.1247960Z   Downloading jsonschema-4.26.0-py3-none-any.whl (90 kB)
make check (macos-latest)	Provision private locked decomposition runtime	2026-09-15T11:41:10.1534770Z Collecting jsonschema-specifications==2025.9.1 (from -r /Users/runner/work/task-spec/task-spec/src/decompose/requirements.lock (line 8))
make check (macos-latest)	Provision private locked decomposition runtime	2026-09-15T11:41:10.1675160Z   Downloading jsonschema_specifications-2025.9.1-py3-none-any.whl (18 kB)
make check (macos-latest)	Provision private locked decomposition runtime	2026-09-15T11:41:10.2113200Z Collecting PyYAML==6.0.3 (from -r /Users/runner/work/task-spec/task-spec/src/decompose/requirements.lock (line 11))
make check (macos-latest)	Provision private locked decomposition runtime	2026-09-15T11:41:10.2254200Z   Downloading pyyaml-6.0.3-cp314-cp314-macosx_11_0_arm64.whl (173 kB)
make check (macos-latest)	Provision private locked decomposition runtime	2026-09-15T11:41:10.2553980Z Collecting referencing==0.37.0 (from -r /Users/runner/work/task-spec/task-spec/src/decompose/requirements.lock (line 85))
make check (macos-latest)	Provision private locked decomposition runtime	2026-09-15T11:41:10.2696760Z   Downloading referencing-0.37.0-py3-none-any.whl (26 kB)
make check (macos-latest)	Provision private locked decomposition runtime	2026-09-15T11:41:10.4245660Z Collecting rpds-py==2026.6.3 (from -r /Users/runner/work/task-spec/task-spec/src/decompose/requirements.lock (line 88))
make check (macos-latest)	Provision private locked decomposition runtime	2026-09-15T11:41:10.4407020Z   Downloading rpds_py-2026.6.3-cp314-cp314-macosx_11_0_arm64.whl (339 kB)
make check (macos-latest)	Provision private locked decomposition runtime	2026-09-15T11:41:10.4694600Z Collecting typing_extensions==4.15.0 (from -r /Users/runner/work/task-spec/task-spec/src/decompose/requirements.lock (line 205))
make check (macos-latest)	Provision private locked decomposition runtime	2026-09-15T11:41:10.4834600Z   Downloading typing_extensions-4.15.0-py3-none-any.whl (44 kB)
make check (macos-latest)	Provision private locked decomposition runtime	2026-09-15T11:41:10.5018410Z Installing collected packages: typing_extensions, rpds-py, PyYAML, attrs, referencing, jsonschema-specifications, jsonschema
make check (macos-latest)	Provision private locked decomposition runtime	2026-09-15T11:41:10.6910440Z 
make check (macos-latest)	Provision private locked decomposition runtime	2026-09-15T11:41:10.6919530Z Successfully installed PyYAML-6.0.3 attrs-26.1.0 jsonschema-4.26.0 jsonschema-specifications-2025.9.1 referencing-0.37.0 rpds-py-2026.6.3 typing_extensions-4.15.0
make check (macos-latest)	Provision private locked decomposition runtime	2026-09-15T11:41:10.8208450Z {"contract": "TaskRuntimeSetup/v1", "ready": true, "path": "/Users/runner/work/task-spec/task-spec/.taskspec/runtime/decompose", "lock_digest": "eb1adcfe1266108d7587d9a561bb57d482a2104efa871db46c6287095649ba33"}
make check (macos-latest)	Install schema-fidelity consumer dependencies	﻿2026-09-15T11:41:10.8280450Z ##[group]Run python3 -m pip install --disable-pip-version-check --quiet --break-system-packages pyyaml==6.0.2 jsonschema==4.26.0
make check (macos-latest)	Install schema-fidelity consumer dependencies	2026-09-15T11:41:10.8281180Z [36;1mpython3 -m pip install --disable-pip-version-check --quiet --break-system-packages pyyaml==6.0.2 jsonschema==4.26.0[0m
make check (macos-latest)	Install schema-fidelity consumer dependencies	2026-09-15T11:41:10.8311020Z shell: /bin/bash -e {0}
make check (macos-latest)	Install schema-fidelity consumer dependencies	2026-09-15T11:41:10.8311200Z env:
make check (macos-latest)	Install schema-fidelity consumer dependencies	2026-09-15T11:41:10.8311340Z   GOTOOLCHAIN: local
make check (macos-latest)	Install schema-fidelity consumer dependencies	2026-09-15T11:41:10.8311510Z ##[endgroup]
make check (macos-latest)	make check (includes isolated install-to-accept demo)	﻿2026-09-15T11:41:16.3784270Z ##[group]Run make check
make check (macos-latest)	make check (includes isolated install-to-accept demo)	2026-09-15T11:41:16.3784540Z [36;1mmake check[0m
make check (macos-latest)	make check (includes isolated install-to-accept demo)	2026-09-15T11:41:16.3817910Z shell: /bin/bash -e {0}
make check (macos-latest)	make check (includes isolated install-to-accept demo)	2026-09-15T11:41:16.3818900Z env:
make check (macos-latest)	make check (includes isolated install-to-accept demo)	2026-09-15T11:41:16.3819140Z   GOTOOLCHAIN: local
make check (macos-latest)	make check (includes isolated install-to-accept demo)	2026-09-15T11:41:16.3819320Z ##[endgroup]
make check (macos-latest)	make check (includes isolated install-to-accept demo)	2026-09-15T11:41:16.9567150Z bash bin/taskspec doctor
make check (macos-latest)	make check (includes isolated install-to-accept demo)	2026-09-15T11:41:16.9629680Z PASS  bash >= 3.2 (3.2.57(1)-release)
make check (macos-latest)	make check (includes isolated install-to-accept demo)	2026-09-15T11:41:16.9689060Z PASS  git (2.55.0)
make check (macos-latest)	make check (includes isolated install-to-accept demo)	2026-09-15T11:41:16.9777540Z PASS  python3 (3.14.7)
make check (macos-latest)	make check (includes isolated install-to-accept demo)	2026-09-15T11:41:16.9777830Z PASS  SHA-256/HMAC provider
make check (macos-latest)	make check (includes isolated install-to-accept demo)	2026-09-15T11:41:16.9778270Z PASS  shellcheck
make check (macos-latest)	make check (includes isolated install-to-accept demo)	2026-09-15T11:41:16.9845130Z WARN  no signing key; run: taskspec setup signing
make check (macos-latest)	make check (includes isolated install-to-accept demo)	2026-09-15T11:41:16.9845470Z DOCTOR=READY
make check (macos-latest)	make check (includes isolated install-to-accept demo)	2026-09-15T11:41:16.9846800Z bash tests/lint-skill-docs.sh
make check (macos-latest)	make check (includes isolated install-to-accept demo)	2026-09-15T11:41:17.1198260Z lint-skill-docs.sh (10 checks)
make check (macos-latest)	make check (includes isolated install-to-accept demo)	2026-09-15T11:41:17.1198880Z ════════════════════════════════════════
make check (macos-latest)	make check (includes isolated install-to-accept demo)	2026-09-15T11:41:17.1199230Z OK: VERSION, CHANGELOG.md, and src/lib/_lib.sh agree at v3.10.0
make check (macos-latest)	make check (includes isolated install-to-accept demo)	2026-09-15T11:41:17.1199930Z bash tests/lint-docs.sh
make check (macos-latest)	make check (includes isolated install-to-accept demo)	2026-09-15T11:41:17.9709750Z CLI_REFERENCE=OK
make check (macos-latest)	make check (includes isolated install-to-accept demo)	2026-09-15T11:41:17.9756220Z lint-docs: OK
make check (macos-latest)	make check (includes isolated install-to-accept demo)	2026-09-15T11:41:17.9790640Z set -e; for t in tests/test-*.sh; do bash "$t"; done
make check (macos-latest)	make check (includes isolated install-to-accept demo)	2026-09-15T11:41:18.1164780Z PASS — dependency-aware leaf frontier and --all behavior
make check (macos-latest)	make check (includes isolated install-to-accept demo)	2026-09-15T11:41:18.1756940Z PASS — collisions, dangling edges, cycles, and concurrency are reported
make check (macos-latest)	make check (includes isolated install-to-accept demo)	2026-09-15T11:41:18.3385340Z PASS — archived dependencies, supersession blocking, advisory blocks, and deterministic graph views
make check (macos-latest)	make check (includes isolated install-to-accept demo)	2026-09-15T11:41:18.7096590Z PASS — recursive task resolution and active write conflicts share one graph universe
make check (macos-latest)	make check (includes isolated install-to-accept demo)	2026-09-15T11:41:18.8692540Z PASS — dependency closure includes leaf dependencies and composition ancestors only
make check (macos-latest)	make check (includes isolated install-to-accept demo)	2026-09-15T11:41:18.8780060Z === (a) bash -n syntax check for every src/*/*.sh ===
make check (macos-latest)	make check (includes isolated install-to-accept demo)	2026-09-15T11:41:18.8819610Z   ✓ syntax ok: accept/accept-task.sh
make check (macos-latest)	make check (includes isolated install-to-accept demo)	2026-09-15T11:41:18.8848770Z   ✓ syntax ok: author/batch-generate.sh
make check (macos-latest)	make check (includes isolated install-to-accept demo)	2026-09-15T11:41:18.8875750Z   ✓ syntax ok: author/generate-task-spec.sh
make check (macos-latest)	make check (includes isolated install-to-accept demo)	2026-09-15T11:41:18.8899960Z   ✓ syntax ok: author/migrate-legacy-task.sh
make check (macos-latest)	make check (includes isolated install-to-accept demo)	2026-09-15T11:41:18.8922790Z   ✓ syntax ok: backlog/archive.sh
make check (macos-latest)	make check (includes isolated install-to-accept demo)	2026-09-15T11:41:18.8943890Z   ✓ syntax ok: backlog/backup-backlog.sh
make check (macos-latest)	make check (includes isolated install-to-accept demo)	2026-09-15T11:41:18.8965500Z   ✓ syntax ok: backlog/install-hooks.sh
make check (macos-latest)	make check (includes isolated install-to-accept demo)	2026-09-15T11:41:18.8985200Z   ✓ syntax ok: backlog/lint-backlog.sh
make check (macos-latest)	make check (includes isolated install-to-accept demo)	2026-09-15T11:41:18.9004770Z   ✓ syntax ok: backlog/list-ready.sh
make check (macos-latest)	make check (includes isolated install-to-accept demo)	2026-09-15T11:41:18.9027990Z   ✓ syntax ok: backlog/query-metrics.sh
make check (macos-latest)	make check (includes isolated install-to-accept demo)	2026-09-15T11:41:18.9049690Z   ✓ syntax ok: backlog/rebuild-state.sh
make check (macos-latest)	make check (includes isolated install-to-accept demo)	2026-09-15T11:41:18.9071000Z   ✓ syntax ok: backlog/transition-status.sh
make check (macos-latest)	make check (includes isolated install-to-accept demo)	2026-09-15T11:41:18.9094380Z   ✓ syntax ok: decompose/launch.sh
make check (macos-latest)	make check (includes isolated install-to-accept demo)	2026-09-15T11:41:18.9121590Z   ✓ syntax ok: dispatch/conformance-check.sh
make check (macos-latest)	make check (includes isolated install-to-accept demo)	2026-09-15T11:41:18.9147240Z   ✓ syntax ok: dispatch/ref-executor.sh
make check (macos-latest)	make check (includes isolated install-to-accept demo)	2026-09-15T11:41:18.9171390Z   ✓ syntax ok: gate/definition-of-done.sh
make check (macos-latest)	make check (includes isolated install-to-accept demo)	2026-09-15T11:41:18.9198080Z   ✓ syntax ok: gate/run-task-spec.sh
make check (macos-latest)	make check (includes isolated install-to-accept demo)	2026-09-15T11:41:18.9225800Z   ✓ syntax ok: gate/safe-to-delegate.sh
make check (macos-latest)	make check (includes isolated install-to-accept demo)	2026-09-15T11:41:18.9271370Z   ✓ syntax ok: gate/validate-task-spec.sh
make check (macos-latest)	make check (includes isolated install-to-accept demo)	2026-09-15T11:41:18.9305630Z   ✓ syntax ok: lib/_lib.sh
make check (macos-latest)	make check (includes isolated install-to-accept demo)	2026-09-15T11:41:18.9326810Z   ✓ syntax ok: lib/install.sh
make check (macos-latest)	make check (includes isolated install-to-accept demo)	2026-09-15T11:41:18.9350550Z   ✓ syntax ok: setup/demo.sh
make check (macos-latest)	make check (includes isolated install-to-accept demo)	2026-09-15T11:41:18.9373750Z   ✓ syntax ok: setup/init.sh
make check (macos-latest)	make check (includes isolated install-to-accept demo)	2026-09-15T11:41:18.9399160Z   ✓ syntax ok: setup/readiness.sh
make check (macos-latest)	make check (includes isolated install-to-accept demo)	2026-09-15T11:41:18.9399860Z === (b) core-path scripts contain no bash-4-only constructs ===
make check (macos-latest)	make check (includes isolated install-to-accept demo)	2026-09-15T11:41:18.9463540Z   ✓ gate/validate-task-spec.sh has no 'declare -A'
make check (macos-latest)	make check (includes isolated install-to-accept demo)	2026-09-15T11:41:18.9491790Z   ✓ gate/validate-task-spec.sh has no mapfile/readarray
make check (macos-latest)	make check (includes isolated install-to-accept demo)	2026-09-15T11:41:18.9537660Z   ✓ gate/safe-to-delegate.sh has no 'declare -A'
make check (macos-latest)	make check (includes isolated install-to-accept demo)	2026-09-15T11:41:18.9561550Z   ✓ gate/safe-to-delegate.sh has no mapfile/readarray
make check (macos-latest)	make check (includes isolated install-to-accept demo)	2026-09-15T11:41:18.9604150Z   ✓ gate/run-task-spec.sh has no 'declare -A'
make check (macos-latest)	make check (includes isolated install-to-accept demo)	2026-09-15T11:41:18.9629020Z   ✓ gate/run-task-spec.sh has no mapfile/readarray
make check (macos-latest)	make check (includes isolated install-to-accept demo)	2026-09-15T11:41:18.9682560Z   ✓ lib/_lib.sh has no 'declare -A'
make check (macos-latest)	make check (includes isolated install-to-accept demo)	2026-09-15T11:41:18.9706520Z   ✓ lib/_lib.sh has no mapfile/readarray
make check (macos-latest)	make check (includes isolated install-to-accept demo)	2026-09-15T11:41:18.9706940Z === (c) aux scripts call ts_require_bash4 ===
make check (macos-latest)	make check (includes isolated install-to-accept demo)	2026-09-15T11:41:18.9727960Z   ✓ backlog/query-metrics.sh calls ts_require_bash4
make check (macos-latest)	make check (includes isolated install-to-accept demo)	2026-09-15T11:41:18.9728390Z === (d) conformance runner + adapters are bash-3.2-clean ===
make check (macos-latest)	make check (includes isolated install-to-accept demo)	2026-09-15T11:41:18.9758370Z   ✓ syntax ok: conformance/run_conformance.sh
make check (macos-latest)	make check (includes isolated install-to-accept demo)	2026-09-15T11:41:18.9822930Z   ✓ conformance/run_conformance.sh has no bash-4-only constructs
make check (macos-latest)	make check (includes isolated install-to-accept demo)	2026-09-15T11:41:18.9848400Z   ✓ syntax ok: conformance/adapters/self.sh
make check (macos-latest)	make check (includes isolated install-to-accept demo)	2026-09-15T11:41:18.9913800Z   ✓ conformance/adapters/self.sh has no bash-4-only constructs
make check (macos-latest)	make check (includes isolated install-to-accept demo)	2026-09-15T11:41:18.9914090Z 
make check (macos-latest)	make check (includes isolated install-to-accept demo)	2026-09-15T11:41:18.9914200Z ========================================
make check (macos-latest)	make check (includes isolated install-to-accept demo)	2026-09-15T11:41:18.9914450Z Results: 37 passed, 0 failed
make check (macos-latest)	make check (includes isolated install-to-accept demo)	2026-09-15T11:41:18.9914670Z ========================================
make check (macos-latest)	make check (includes isolated install-to-accept demo)	2026-09-15T11:41:19.0665330Z ok    new requires slug and effort
make check (macos-latest)	make check (includes isolated install-to-accept demo)	2026-09-15T11:41:19.1402870Z ok    new rejects an unknown option
make check (macos-latest)	make check (includes isolated install-to-accept demo)	2026-09-15T11:41:19.2574390Z ok    new requires --format value
make check (macos-latest)	make check (includes isolated install-to-accept demo)	2026-09-15T11:41:19.3837000Z ok    metrics rejects an unknown option
make check (macos-latest)	make check (includes isolated install-to-accept demo)	2026-09-15T11:41:19.4783280Z ok    metrics requires --since value
make check (macos-latest)	make check (includes isolated install-to-accept demo)	2026-09-15T11:41:19.4783640Z CLI_USAGE=PASS checks=5
make check (macos-latest)	make check (includes isolated install-to-accept demo)	2026-09-15T11:41:29.6774300Z PASS — isolated demo reaches independent acceptance
make check (macos-latest)	make check (includes isolated install-to-accept demo)	2026-09-15T11:41:29.6942970Z == effort sizing and composition ==
make check (macos-latest)	make check (includes isolated install-to-accept demo)	2026-09-15T11:41:30.3462690Z ok    XS leaf                     
make check (macos-latest)	make check (includes isolated install-to-accept demo)	2026-09-15T11:41:30.8478650Z ok    S leaf union budget         
make check (macos-latest)	make check (includes isolated install-to-accept demo)	2026-09-15T11:41:31.4015370Z ok    M leaf                      
make check (macos-latest)	make check (includes isolated install-to-accept demo)	2026-09-15T11:41:31.8440520Z ok    L long horizon              
make check (macos-latest)	make check (includes isolated install-to-accept demo)	2026-09-15T11:41:32.4271210Z ok    L wrong backend             
make check (macos-latest)	make check (includes isolated install-to-accept demo)	2026-09-15T11:41:33.1610230Z ok    S over budget warns         
make check (macos-latest)	make check (includes isolated install-to-accept demo)	2026-09-15T11:41:33.8155220Z ok    leaf cannot have children   
make check (macos-latest)	make check (includes isolated install-to-accept demo)	2026-09-15T11:41:34.2161890Z ok    XL needs children           
make check (macos-latest)	make check (includes isolated install-to-accept demo)	2026-09-15T11:41:34.6525840Z ok    XXL needs three children    
make check (macos-latest)	make check (includes isolated install-to-accept demo)	2026-09-15T11:41:35.1333660Z ok    XL composition node         
make check (macos-latest)	make check (includes isolated install-to-accept demo)	2026-09-15T11:41:35.7290700Z ok    XXL composition node        
make check (macos-latest)	make check (includes isolated install-to-accept demo)	2026-09-15T11:41:36.3076580Z ok    node owns no writes         
make check (macos-latest)	make check (includes isolated install-to-accept demo)	2026-09-15T11:41:36.8978580Z ok    invalid child id            
make check (macos-latest)	make check (includes isolated install-to-accept demo)	2026-09-15T11:41:37.8647190Z ok    unknown size                
make check (macos-latest)	make check (includes isolated install-to-accept demo)	2026-09-15T11:41:37.8647800Z 
make check (macos-latest)	make check (includes isolated install-to-accept demo)	2026-09-15T11:41:37.8649810Z PASS — all 14 sizing rows green.
make check (macos-latest)	make check (includes isolated install-to-accept demo)	2026-09-15T11:41:55.2753050Z ENGINE_MATRIX_V2=READY
make check (macos-latest)	make check (includes isolated install-to-accept demo)	2026-09-15T11:41:55.9984820Z ENVIRONMENT_ATTESTATION=READY
make check (macos-latest)	make check (includes isolated install-to-accept demo)	2026-09-15T11:41:56.0630100Z ═══ test-extractor-fuzz.sh (adversarial extract-and-run, v3.10.0) ═══
make check (macos-latest)	make check (includes isolated install-to-accept demo)	2026-09-15T11:41:56.0630890Z ── (A) extraction correctness ──
make check (macos-latest)	make check (includes isolated install-to-accept demo)	2026-09-15T11:41:56.3385860Z   ✓ A:arith-shift extracted
make check (macos-latest)	make check (includes isolated install-to-accept demo)	2026-09-15T11:41:56.7033150Z   ✓ A:heredoc-EOF-bash extracted
make check (macos-latest)	make check (includes isolated install-to-accept demo)	2026-09-15T11:41:56.9459380Z   ✓ A:heredoc-fake-fence extracted
make check (macos-latest)	make check (includes isolated install-to-accept demo)	2026-09-15T11:41:57.1841720Z   ✓ A:heredoc-fake-header extracted
make check (macos-latest)	make check (includes isolated install-to-accept demo)	2026-09-15T11:41:57.4226920Z   ✓ A:nested-heredoc extracted
make check (macos-latest)	make check (includes isolated install-to-accept demo)	2026-09-15T11:41:57.6723390Z   ✓ A:heredoc-dquote extracted
make check (macos-latest)	make check (includes isolated install-to-accept demo)	2026-09-15T11:41:57.6725060Z ── (B) robustness invariant (no hang, no raw-error leak) ──
make check (macos-latest)	make check (includes isolated install-to-accept demo)	2026-09-15T11:41:57.9344670Z   ✓ B:emoji-body clean (EXTRACTED)
make check (macos-latest)	make check (includes isolated install-to-accept demo)	2026-09-15T11:41:58.2992970Z   ✓ B:two-evals clean (EXTRACTED)
make check (macos-latest)	make check (includes isolated install-to-accept demo)	2026-09-15T11:41:58.5497060Z   ✓ B:unbalanced-brace clean (EXTRACTED)
make check (macos-latest)	make check (includes isolated install-to-accept demo)	2026-09-15T11:41:58.7950710Z   ✓ B:fence-in-string clean (EXTRACTED)
make check (macos-latest)	make check (includes isolated install-to-accept demo)	2026-09-15T11:41:59.0438090Z   ✓ B:header-looking-cmd clean (EXTRACTED)
make check (macos-latest)	make check (includes isolated install-to-accept demo)	2026-09-15T11:41:59.2810900Z   ✓ B:backtick-cmd clean (EXTRACTED)
make check (macos-latest)	make check (includes isolated install-to-accept demo)	2026-09-15T11:41:59.5160100Z   ✓ B:comment-only clean (EXTRACTED)
make check (macos-latest)	make check (includes isolated install-to-accept demo)	2026-09-15T11:41:59.7694520Z   ✓ B:exit-in-eval clean (EXTRACTED)
make check (macos-latest)	make check (includes isolated install-to-accept demo)	2026-09-15T11:42:00.0714440Z   ✓ B:reads-stdin clean (EXTRACTED)
make check (macos-latest)	make check (includes isolated install-to-accept demo)	2026-09-15T11:42:00.3349540Z   ✓ B:many-heredocs clean (EXTRACTED)
make check (macos-latest)	make check (includes isolated install-to-accept demo)	2026-09-15T11:42:00.3350370Z ── (C) exit-check robustness (defense-in-depth, no hang on malformed Exit Check) ──
make check (macos-latest)	make check (includes isolated install-to-accept demo)	2026-09-15T11:42:00.5662710Z   ✓ C:ec-unbalanced-quote clean (EXTRACTED)
make check (macos-latest)	make check (includes isolated install-to-accept demo)	2026-09-15T11:42:00.8029670Z   ✓ C:ec-unbalanced-btick clean (EXTRACTED)
make check (macos-latest)	make check (includes isolated install-to-accept demo)	2026-09-15T11:42:01.0685640Z   ✓ C:ec-heredoc-no-close clean (EXTRACTED)
make check (macos-latest)	make check (includes isolated install-to-accept demo)	2026-09-15T11:42:01.0738440Z 
make check (macos-latest)	make check (includes isolated install-to-accept demo)	2026-09-15T11:42:01.0739040Z ========================================
make check (macos-latest)	make check (includes isolated install-to-accept demo)	2026-09-15T11:42:01.0739550Z Results: 19 passed, 0 failed
make check (macos-latest)	make check (includes isolated install-to-accept demo)	2026-09-15T11:42:01.0741340Z ========================================
make check (macos-latest)	make check (includes isolated install-to-accept demo)	2026-09-15T11:42:01.0876390Z ═══ test-hmac-envelope.sh (TaskAuthorization/v3 suite) ═══
make check (macos-latest)	make check (includes isolated install-to-accept demo)	2026-09-15T11:42:01.0877600Z ── Scenario 1: Tier 1 stamp-then-verify ──
make check (macos-latest)	make check (includes isolated install-to-accept demo)	2026-09-15T11:42:03.8733340Z   ✓ S1 sealed
make check (macos-latest)	make check (includes isolated install-to-accept demo)	2026-09-15T11:42:03.8734390Z   ✓ S1 sig-format
make check (macos-latest)	make check (includes isolated install-to-accept demo)	2026-09-15T11:42:03.8735410Z   ✓ S1 verify-tier1
make check (macos-latest)	make check (includes isolated install-to-accept demo)	2026-09-15T11:42:03.8785590Z ── Scenario 2: Tier 3 tampered body ──
make check (macos-latest)	make check (includes isolated install-to-accept demo)	2026-09-15T11:42:07.6922790Z   ✓ S2 pre-tamper-tier1
make check (macos-latest)	make check (includes isolated install-to-accept demo)	2026-09-15T11:42:07.7005500Z   ✓ S2 tamper-caught-tier3
make check (macos-latest)	make check (includes isolated install-to-accept demo)	2026-09-15T11:42:07.7011380Z ── Scenario 3: Tier 3 envelope tamper / wrong key / malformed ──
make check (macos-latest)	make check (includes isolated install-to-accept demo)	2026-09-15T11:42:14.2767570Z   ✓ S3 envelope-value-tamper
make check (macos-latest)	make check (includes isolated install-to-accept demo)	2026-09-15T11:42:14.2771210Z   ✓ S3 wrong-key-tier3
make check (macos-latest)	make check (includes isolated install-to-accept demo)	2026-09-15T11:42:14.2772700Z   ✓ S3 malformed-sig-tier3
make check (macos-latest)	make check (includes isolated install-to-accept demo)	2026-09-15T11:42:14.2819360Z ── Scenario 4: Tier 2 no-key degrade ──
make check (macos-latest)	make check (includes isolated install-to-accept demo)	2026-09-15T11:42:17.8431260Z   ✓ S4 no-key-tier2
make check (macos-latest)	make check (includes isolated install-to-accept demo)	2026-09-15T11:42:17.8435340Z   ✓ S4 legacy-nosig-tier2
make check (macos-latest)	make check (includes isolated install-to-accept demo)	2026-09-15T11:42:17.8506430Z ── Scenario 5: portability floor (crypto masked) ──
make check (macos-latest)	make check (includes isolated install-to-accept demo)	2026-09-15T11:42:21.2153870Z   ✓ S5 provider-none
make check (macos-latest)	make check (includes isolated install-to-accept demo)	2026-09-15T11:42:21.2154830Z   ✓ S5 masked-stamp-stdlib-hmac
make check (macos-latest)	make check (includes isolated install-to-accept demo)	2026-09-15T11:42:21.2155230Z   ✓ S5 masked-verify-tier2
make check (macos-latest)	make check (includes isolated install-to-accept demo)	2026-09-15T11:42:21.2193760Z ── Scenario 6: .git/info key fallback ──
make check (macos-latest)	make check (includes isolated install-to-accept demo)	2026-09-15T11:42:23.4082060Z   ✓ S6 keyfile-written
make check (macos-latest)	make check (includes isolated install-to-accept demo)	2026-09-15T11:42:23.4082850Z   ✓ S6 gitinfo-stamp-sealed
make check (macos-latest)	make check (includes isolated install-to-accept demo)	2026-09-15T11:42:23.4122300Z   ✓ S6 gitinfo-verify-tier1
make check (macos-latest)	make check (includes isolated install-to-accept demo)	2026-09-15T11:42:23.4128960Z ── Scenario 7: injection-safe --stamp-by ──
make check (macos-latest)	make check (includes isolated install-to-accept demo)	2026-09-15T11:42:36.4250310Z   ✓ S7 literal-verbatim-tier1 [build|42]
make check (macos-latest)	make check (includes isolated install-to-accept demo)	2026-09-15T11:42:36.4252570Z   ✓ S7 literal-verbatim-tier1 [a&b]
make check (macos-latest)	make check (includes isolated install-to-accept demo)	2026-09-15T11:42:36.4253370Z   ✓ S7 literal-verbatim-tier1 [team/build]
make check (macos-latest)	make check (includes isolated install-to-accept demo)	2026-09-15T11:42:36.4254310Z   ✓ S7 literal-verbatim-tier1 [X|p;s|.*|INJECTED]
make check (macos-latest)	make check (includes isolated install-to-accept demo)	2026-09-15T11:42:36.4255350Z   ✓ S7 literal-verbatim-tier1 [name with space]
make check (macos-latest)	make check (includes isolated install-to-accept demo)	2026-09-15T11:42:36.4309340Z ── Scenario 8: --require-tier1 enforcement + TIER= line ──
make check (macos-latest)	make check (includes isolated install-to-accept demo)	2026-09-15T11:42:39.8012270Z   ✓ S8 tier1-require-passes
make check (macos-latest)	make check (includes isolated install-to-accept demo)	2026-09-15T11:42:39.8016650Z   ✓ S8 tier2-require-blocks
make check (macos-latest)	make check (includes isolated install-to-accept demo)	2026-09-15T11:42:39.8020090Z   ✓ S8 tier2-noflag-delegates
make check (macos-latest)	make check (includes isolated install-to-accept demo)	2026-09-15T11:42:39.8068320Z ── Scenario 9: ts_set_frontmatter_field newline + malformed + backslash-escape ──
make check (macos-latest)	make check (includes isolated install-to-accept demo)	2026-09-15T11:42:40.0241890Z   ✓ S9 newline-rejected-file-untouched
make check (macos-latest)	make check (includes isolated install-to-accept demo)	2026-09-15T11:42:40.0243500Z   ✓ S9 malformed-frontmatter-hard-fails
make check (macos-latest)	make check (includes isolated install-to-accept demo)	2026-09-15T11:42:40.0244820Z   ✓ S9 backslash-n-written-verbatim-no-injection
make check (macos-latest)	make check (includes isolated install-to-accept demo)	2026-09-15T11:42:40.0246160Z   ✓ S9 symlink-temp-path-defused
make check (macos-latest)	make check (includes isolated install-to-accept demo)	2026-09-15T11:42:40.0309680Z ── Scenario 10: envelope v3 authorization boundary ──
make check (macos-latest)	make check (includes isolated install-to-accept demo)	2026-09-15T11:42:42.3901940Z   ✓ S10 scope-widening-caught
make check (macos-latest)	make check (includes isolated install-to-accept demo)	2026-09-15T11:42:45.0821820Z   ✓ S10 dependency-change-caught
make check (macos-latest)	make check (includes isolated install-to-accept demo)	2026-09-15T11:42:49.0356660Z   ✓ S10 budget-raise-caught
make check (macos-latest)	make check (includes isolated install-to-accept demo)	2026-09-15T11:42:53.2483490Z   ✓ S10 agent-change-caught
make check (macos-latest)	make check (includes isolated install-to-accept demo)	2026-09-15T11:42:56.8818490Z   ✓ S10 backend-reroute-caught
make check (macos-latest)	make check (includes isolated install-to-accept demo)	2026-09-15T11:43:01.2560610Z   ✓ S10 status-change-allowed
make check (macos-latest)	make check (includes isolated install-to-accept demo)	2026-09-15T11:43:06.0267490Z   ✓ S10 tracker-writeback-allowed
make check (macos-latest)	make check (includes isolated install-to-accept demo)	2026-09-15T11:43:06.0688350Z ── Scenario 11: legacy v1 verification and re-stamp ──
make check (macos-latest)	make check (includes isolated install-to-accept demo)	2026-09-15T11:43:16.5993610Z   ✓ S11 legacy-v1-tier2
make check (macos-latest)	make check (includes isolated install-to-accept demo)	2026-09-15T11:43:16.5994300Z   ✓ S11 legacy-restamped-v3
make check (macos-latest)	make check (includes isolated install-to-accept demo)	2026-09-15T11:43:16.5994790Z   ✓ S11 legacy-v2-tier2
make check (macos-latest)	make check (includes isolated install-to-accept demo)	2026-09-15T11:43:16.5995160Z   ✓ S11 legacy-v2-restamped-v3
make check (macos-latest)	make check (includes isolated install-to-accept demo)	2026-09-15T11:43:16.6034920Z ── Scenario 12: re-stamp an amended spec ──
make check (macos-latest)	make check (includes isolated install-to-accept demo)	2026-09-15T11:43:19.6795230Z   ✓ S12 edit-breaks-seal
make check (macos-latest)	make check (includes isolated install-to-accept demo)	2026-09-15T11:43:19.6895830Z   ✓ S12 amendment-resealed
make check (macos-latest)	make check (includes isolated install-to-accept demo)	2026-09-15T11:43:19.6996390Z 
make check (macos-latest)	make check (includes isolated install-to-accept demo)	2026-09-15T11:43:19.7097240Z ========================================
make check (macos-latest)	make check (includes isolated install-to-accept demo)	2026-09-15T11:43:19.7197830Z Results: 41 passed, 0 failed
make check (macos-latest)	make check (includes isolated install-to-accept demo)	2026-09-15T11:43:19.7283370Z ========================================
make check (macos-latest)	make check (includes isolated install-to-accept demo)	2026-09-15T11:43:40.5242450Z MESH_ADAPTERS=READY
make check (macos-latest)	make check (includes isolated install-to-accept demo)	2026-09-15T11:43:56.6561720Z MESH_COCKPIT=READY
make check (macos-latest)	make check (includes isolated install-to-accept demo)	2026-09-15T11:43:58.6127040Z ok  	github.com/luanmorenomaciel/task-spec/mesh/cmd/taskspec-meshd	0.140s
make check (macos-latest)	make check (includes isolated install-to-accept demo)	2026-09-15T11:44:01.4224150Z ok  	github.com/luanmorenomaciel/task-spec/mesh/internal/mesh	2.550s
make check (macos-latest)	make check (includes isolated install-to-accept demo)	2026-09-15T11:44:03.4457260Z MESH_CONTRACTS=READY
make check (macos-latest)	make check (includes isolated install-to-accept demo)	2026-09-15T11:44:06.1989720Z MESH_DAEMON=READY
make check (macos-latest)	make check (includes isolated install-to-accept demo)	2026-09-15T11:44:20.5791090Z MESH_LEASES=READY
make check (macos-latest)	make check (includes isolated install-to-accept demo)	2026-09-15T11:44:36.9748260Z MESH_ROUTING_INTEGRATION=READY
make check (macos-latest)	make check (includes isolated install-to-accept demo)	2026-09-15T11:44:50.5830910Z MESH_ADAPTERS=READY
make check (macos-latest)	make check (includes isolated install-to-accept demo)	2026-09-15T11:45:01.7639000Z MESH_COCKPIT=READY
make check (macos-latest)	make check (includes isolated install-to-accept demo)	2026-09-15T11:45:01.7815060Z MESH_RECOVERY=READY
make check (macos-latest)	make check (includes isolated install-to-accept demo)	2026-09-15T11:45:01.7816220Z MESH_CONFORMANCE=READY
make check (macos-latest)	make check (includes isolated install-to-accept demo)	2026-09-15T11:45:02.9513500Z MESH_CONTRACTS=READY
make check (macos-latest)	make check (includes isolated install-to-accept demo)	2026-09-15T11:45:05.5893960Z MESH_DAEMON=READY
make check (macos-latest)	make check (includes isolated install-to-accept demo)	2026-09-15T11:45:15.4347980Z MESH_COCKPIT=READY
make check (macos-latest)	make check (includes isolated install-to-accept demo)	2026-09-15T11:45:15.4571140Z MESH_DEMO=READY
make check (macos-latest)	make check (includes isolated install-to-accept demo)	2026-09-15T11:45:21.4756780Z INSTALL=OK
make check (macos-latest)	make check (includes isolated install-to-accept demo)	2026-09-15T11:45:21.4765470Z MESH_INSTALL=READY
make check (macos-latest)	make check (includes isolated install-to-accept demo)	2026-09-15T11:45:21.7128310Z MESH_ISOLATION=UNAVAILABLE reason=docker
make check (macos-latest)	make check (includes isolated install-to-accept demo)	2026-09-15T11:45:34.6255560Z MESH_LEASES=READY
make check (macos-latest)	make check (includes isolated install-to-accept demo)	2026-09-15T11:45:50.0552010Z MESH_ROUTING_INTEGRATION=READY
make check (macos-latest)	make check (includes isolated install-to-accept demo)	2026-09-15T11:45:50.1173960Z ═══ Step 1: Install the agent surface into a fresh tempdir ═══
make check (macos-latest)	make check (includes isolated install-to-accept demo)	2026-09-15T11:45:50.5946740Z   ✓ install.sh succeeded
make check (macos-latest)	make check (includes isolated install-to-accept demo)	2026-09-15T11:45:50.5947680Z   ✓ installed: agents/task-architect.md
make check (macos-latest)	make check (includes isolated install-to-accept demo)	2026-09-15T11:45:50.5949300Z   ✓ installed: skills/task-spec/SKILL.md
make check (macos-latest)	make check (includes isolated install-to-accept demo)	2026-09-15T11:45:50.5983420Z 
make check (macos-latest)	make check (includes isolated install-to-accept demo)	2026-09-15T11:45:50.5984320Z ═══ Step 2: --version reports task-spec v3.10.0 ═══
make check (macos-latest)	make check (includes isolated install-to-accept demo)	2026-09-15T11:45:50.6148790Z   ✓ install --version → task-spec v3.10.0
make check (macos-latest)	make check (includes isolated install-to-accept demo)	2026-09-15T11:45:50.6267260Z   ✓ validate-task-spec --version → task-spec v3.10.0
make check (macos-latest)	make check (includes isolated install-to-accept demo)	2026-09-15T11:45:50.6420930Z   ✓ safe-to-delegate --version → task-spec v3.10.0
make check (macos-latest)	make check (includes isolated install-to-accept demo)	2026-09-15T11:45:50.6562700Z   ✓ generate-task-spec --version → task-spec v3.10.0
make check (macos-latest)	make check (includes isolated install-to-accept demo)	2026-09-15T11:45:50.6723020Z   ✓ list-ready --version → task-spec v3.10.0
make check (macos-latest)	make check (includes isolated install-to-accept demo)	2026-09-15T11:45:50.6723550Z 
make check (macos-latest)	make check (includes isolated install-to-accept demo)	2026-09-15T11:45:50.6730450Z ═══ Step 3: GENERATE a spec ═══
make check (macos-latest)	make check (includes isolated install-to-accept demo)	2026-09-15T11:45:50.9134510Z   ✓ generator wrote a spec
make check (macos-latest)	make check (includes isolated install-to-accept demo)	2026-09-15T11:45:50.9169840Z   ✓ generator stamped version 3.10.0
make check (macos-latest)	make check (includes isolated install-to-accept demo)	2026-09-15T11:45:50.9206210Z   ✓ generator printed --stamp breadcrumb
make check (macos-latest)	make check (includes isolated install-to-accept demo)	2026-09-15T11:45:50.9242130Z   ✓ spec file present at tasks/T-20260915-e2e-health-endpoint.md
make check (macos-latest)	make check (includes isolated install-to-accept demo)	2026-09-15T11:45:50.9242630Z 
make check (macos-latest)	make check (includes isolated install-to-accept demo)	2026-09-15T11:45:50.9243450Z ═══ Step 4: Fill stubs (synthesize a minimal valid spec) ═══
make check (macos-latest)	make check (includes isolated install-to-accept demo)	2026-09-15T11:45:50.9277250Z captured spec id: T-20260915-e2e-health-endpoint
make check (macos-latest)	make check (includes isolated install-to-accept demo)	2026-09-15T11:45:51.7750880Z   ✓ validate-task-spec.sh exits 0 on synthesized spec
make check (macos-latest)	make check (includes isolated install-to-accept demo)	2026-09-15T11:45:51.7756340Z 
make check (macos-latest)	make check (includes isolated install-to-accept demo)	2026-09-15T11:45:51.7758590Z ═══ Step 5: GATE (taskspec gate --stamp) ═══
make check (macos-latest)	make check (includes isolated install-to-accept demo)	2026-09-15T11:45:53.1544780Z   ✓ gate reported DELEGATE
make check (macos-latest)	make check (includes isolated install-to-accept demo)	2026-09-15T11:45:53.1578350Z   ✓ gate stamped signed_off:true
make check (macos-latest)	make check (includes isolated install-to-accept demo)	2026-09-15T11:45:53.1721610Z   ✓ spec frontmatter signed_off: true
make check (macos-latest)	make check (includes isolated install-to-accept demo)	2026-09-15T11:45:53.1722770Z   ✓ spec frontmatter signed_off_by: e2e-test
make check (macos-latest)	make check (includes isolated install-to-accept demo)	2026-09-15T11:45:53.1723820Z   ✓ spec frontmatter signed_off_at is ISO-8601
make check (macos-latest)	make check (includes isolated install-to-accept demo)	2026-09-15T11:45:54.0671850Z   ✓ validate accepts the stamped spec (sign-off envelope OK)
make check (macos-latest)	make check (includes isolated install-to-accept demo)	2026-09-15T11:45:54.0672510Z 
make check (macos-latest)	make check (includes isolated install-to-accept demo)	2026-09-15T11:45:54.0672930Z ═══ Step 6: Schema fidelity (Python consumer) ═══
make check (macos-latest)	make check (includes isolated install-to-accept demo)	2026-09-15T11:45:54.0717150Z   ✓ copied golden fixture into tempdir
make check (macos-latest)	make check (includes isolated install-to-accept demo)	2026-09-15T11:45:54.0719200Z   ✓ python consumer present at docs/examples/consume-task-spec.py
make check (macos-latest)	make check (includes isolated install-to-accept demo)	2026-09-15T11:45:54.0720700Z   ✓ python consumer canonical schemas are packaged under spec/schemas
make check (macos-latest)	make check (includes isolated install-to-accept demo)	2026-09-15T11:45:54.2634320Z   ✓ python consumer parsed golden fixture (exit 0)
make check (macos-latest)	make check (includes isolated install-to-accept demo)	2026-09-15T11:45:54.2635380Z 
make check (macos-latest)	make check (includes isolated install-to-accept demo)	2026-09-15T11:45:54.2636050Z ═══ Step 7: Cross-engine equivalence (Python vs TypeScript) ═══
make check (macos-latest)	make check (includes isolated install-to-accept demo)	2026-09-15T11:45:54.4172250Z   ✓ node present (v24.20.0) — attempting cross-engine proof
make check (macos-latest)	make check (includes isolated install-to-accept demo)	2026-09-15T11:45:54.4177540Z   installing TS consumer deps (npm install, 120s budget)…
make check (macos-latest)	make check (includes isolated install-to-accept demo)	2026-09-15T11:45:58.7290470Z   ✓ typescript consumer parsed golden fixture (exit 0)
make check (macos-latest)	make check (includes isolated install-to-accept demo)	2026-09-15T11:45:58.8106320Z   ✓ cross-engine equivalence: id/status/execution_backend/signed_off + ordered eval_ids + canonicalized validation_card ALL EQUAL
make check (macos-latest)	make check (includes isolated install-to-accept demo)	2026-09-15T11:45:58.8113580Z       both engines: {"eval_ids": ["eval_1"], "execution_backend": "any", "id": "T-20260602-golden", "signed_off": false, "status": "ready", "validation_card": {"agent_contract": {"read": ["intent", "contract", "guardrails", "operations"]}, "retry_policy": {"circuit_breaker_no_progress": 3, "max_iterations": 15, "on_terminal_failure": "park_with_context"}, "success_criteria_keys": [{"check_type": "deterministic", "description": "synthetic", "expected_duration_sec": 1, "id": "eval_1", "runnable": "bash", "terminal": true}]}}
make check (macos-latest)	make check (includes isolated install-to-accept demo)	2026-09-15T11:45:58.8127560Z 
make check (macos-latest)	make check (includes isolated install-to-accept demo)	2026-09-15T11:45:58.8127860Z ========================================
make check (macos-latest)	make check (includes isolated install-to-accept demo)	2026-09-15T11:45:58.8128510Z Results: 26 passed, 0 failed
make check (macos-latest)	make check (includes isolated install-to-accept demo)	2026-09-15T11:45:58.8129220Z ========================================
make check (macos-latest)	make check (includes isolated install-to-accept demo)	2026-09-15T11:46:00.1302880Z OFFICIAL_PROTOCOL_SDK=UNAVAILABLE retained evidence verified
make check (macos-latest)	make check (includes isolated install-to-accept demo)	2026-09-15T11:46:00.1304520Z PROTOCOL_CONFORMANCE=READY
make check (macos-latest)	make check (includes isolated install-to-accept demo)	2026-09-15T11:46:00.1956580Z README_COMMANDS=READY commands=24 images=9 mermaid=4
make check (macos-latest)	make check (includes isolated install-to-accept demo)	2026-09-15T11:46:00.2861680Z RELEASE_STATUS=OK
make check (macos-latest)	make check (includes isolated install-to-accept demo)	2026-09-15T11:46:00.4223720Z CLI_REFERENCE=OK
make check (macos-latest)	make check (includes isolated install-to-accept demo)	2026-09-15T11:46:01.7103870Z RELEASE_AUDIT_TESTS=READY
make check (macos-latest)	make check (includes isolated install-to-accept demo)	2026-09-15T11:46:01.9637120Z RELEASE_EVIDENCE_CONTRACTS=READY
make check (macos-latest)	make check (includes isolated install-to-accept demo)	2026-09-15T11:46:15.6845800Z RELEASE_PACKAGING=READY
make check (macos-latest)	make check (includes isolated install-to-accept demo)	2026-09-15T11:46:16.3067140Z tests/test-release-provenance.sh: line 77: rg: command not found
make check (macos-latest)	make check (includes isolated install-to-accept demo)	2026-09-15T11:46:16.3639130Z PRIVATE_PROVENANCE=READY
make check (macos-latest)	make check (includes isolated install-to-accept demo)	2026-09-15T11:46:16.3776820Z test-repo-layout.sh
make check (macos-latest)	make check (includes isolated install-to-accept demo)	2026-09-15T11:46:16.3779720Z ════════════════════════════════════════
make check (macos-latest)	make check (includes isolated install-to-accept demo)	2026-09-15T11:46:16.4144890Z   ok   top-level directories match the manifest (16 declared)
make check (macos-latest)	make check (includes isolated install-to-accept demo)	2026-09-15T11:46:16.4661430Z   ok   root files match the manifest (16 declared)
make check (macos-latest)	make check (includes isolated install-to-accept demo)	2026-09-15T11:46:16.5661810Z   ok   every top-level directory appears in the AGENTS.md layout table
make check (macos-latest)	make check (includes isolated install-to-accept demo)	2026-09-15T11:46:16.7135010Z   ok   no undeclared single-file top-level directory
make check (macos-latest)	make check (includes isolated install-to-accept demo)	2026-09-15T11:46:16.7235340Z   ok   no retired top-level or nested path reappeared
make check (macos-latest)	make check (includes isolated install-to-accept demo)	2026-09-15T11:46:18.6909690Z   ok   no live file references a pre-consolidation path
make check (macos-latest)	make check (includes isolated install-to-accept demo)	2026-09-15T11:46:18.7997790Z   ok   every byte-for-byte SKILL.md copy matches root SKILL.md
make check (macos-latest)	make check (includes isolated install-to-accept demo)	2026-09-15T11:46:18.8133030Z   ok   fixtures live under exactly one root (tests/fixtures/)
make check (macos-latest)	make check (includes isolated install-to-accept demo)	2026-09-15T11:46:18.8555960Z   ok   every digest-pinned evidence path still resolves
make check (macos-latest)	make check (includes isolated install-to-accept demo)	2026-09-15T11:46:18.8657690Z   ok   docs/runbooks/ stays closed (12 of 12; new how-tos go in docs/guides/)
make check (macos-latest)	make check (includes isolated install-to-accept demo)	2026-09-15T11:46:18.8660090Z   ok   every grouped directory has a README or index
make check (macos-latest)	make check (includes isolated install-to-accept demo)	2026-09-15T11:46:18.8663370Z ════════════════════════════════════════
make check (macos-latest)	make check (includes isolated install-to-accept demo)	2026-09-15T11:46:18.8665320Z REPO_LAYOUT=OK (11 checks)
make check (macos-latest)	make check (includes isolated install-to-accept demo)	2026-09-15T11:46:18.8737040Z test-repo-organization-e2e.sh
make check (macos-latest)	make check (includes isolated install-to-accept demo)	2026-09-15T11:46:18.8746790Z ════════════════════════════════════════
make check (macos-latest)	make check (includes isolated install-to-accept demo)	2026-09-15T11:46:18.8871270Z   ok   live backlog has 15 open T-*.md file(s)
make check (macos-latest)	make check (includes isolated install-to-accept demo)	2026-09-15T11:46:18.9327080Z   ok   every parked spec is a non-executable composition node (2)
make check (macos-latest)	make check (includes isolated install-to-accept demo)	2026-09-15T11:46:19.1887400Z   ok   every accepted done leaf has an AcceptanceRecord (20)
make check (macos-latest)	make check (includes isolated install-to-accept demo)	2026-09-15T11:46:19.1888150Z   ok   tasks/.plans/ still has the 3.8.1 and 3.9.0 TaskPlan manifests
make check (macos-latest)	make check (includes isolated install-to-accept demo)	2026-09-15T11:46:19.1998910Z   ok   spec README, docs/index, and root README agree on orientation
make check (macos-latest)	make check (includes isolated install-to-accept demo)	2026-09-15T11:46:19.2385190Z   ok   taskspec doctor → DOCTOR=READY
make check (macos-latest)	make check (includes isolated install-to-accept demo)	2026-09-15T11:46:27.8783120Z   ok   taskspec demo walks plan → seal → handoff → accept
make check (macos-latest)	make check (includes isolated install-to-accept demo)	2026-09-15T11:46:28.2509530Z   ok   graph --check is clean and ready rows agree with the live backlog
make check (macos-latest)	make check (includes isolated install-to-accept demo)	2026-09-15T11:46:33.9130630Z   ok   every parked composition node still validates
make check (macos-latest)	make check (includes isolated install-to-accept demo)	2026-09-15T11:46:33.9133160Z ════════════════════════════════════════
make check (macos-latest)	make check (includes isolated install-to-accept demo)	2026-09-15T11:46:33.9133700Z REPO_ORGANIZATION=OK (9 checks)
make check (macos-latest)	make check (includes isolated install-to-accept demo)	2026-09-15T11:46:34.1012770Z SCHEMAS=READY count=58 fixtures=18
make check (macos-latest)	make check (includes isolated install-to-accept demo)	2026-09-15T11:46:34.1377520Z === 1. generate-task-spec.sh ===
make check (macos-latest)	make check (includes isolated install-to-accept demo)	2026-09-15T11:46:34.3904470Z   ✓ generator created tasks/T-20260915-test-self-test-suite.md
make check (macos-latest)	make check (includes isolated install-to-accept demo)	2026-09-15T11:46:34.3985450Z   ✓ id in frontmatter matches filename
make check (macos-latest)	make check (includes isolated install-to-accept demo)	2026-09-15T11:46:34.3987170Z === 2. Fill generated file with valid v2 content ===
make check (macos-latest)	make check (includes isolated install-to-accept demo)	2026-09-15T11:46:34.4020050Z   ✓ wrote valid v2 task spec
make check (macos-latest)	make check (includes isolated install-to-accept demo)	2026-09-15T11:46:34.4021430Z === 3. validate-task-spec.sh (expect PASS) ===
make check (macos-latest)	make check (includes isolated install-to-accept demo)	2026-09-15T11:46:35.2990330Z   ✓ validator passes on valid task
make check (macos-latest)	make check (includes isolated install-to-accept demo)	2026-09-15T11:46:35.2993400Z === 4. validate-task-spec.sh with controlled error (expect FAIL) ===
make check (macos-latest)	make check (includes isolated install-to-accept demo)	2026-09-15T11:46:36.0767690Z   ✓ validator catches placeholder regression
make check (macos-latest)	make check (includes isolated install-to-accept demo)	2026-09-15T11:46:37.7531940Z   ✓ pre-gate authorizes the unbuilt task
make check (macos-latest)	make check (includes isolated install-to-accept demo)	2026-09-15T11:46:37.7634560Z === 5. transition-status.sh: ready → in-progress ===
make check (macos-latest)	make check (includes isolated install-to-accept demo)	2026-09-15T11:46:38.2820600Z   ✓ transition to in-progress succeeds
make check (macos-latest)	make check (includes isolated install-to-accept demo)	2026-09-15T11:46:38.2854170Z   ✓ status updated to in-progress
make check (macos-latest)	make check (includes isolated install-to-accept demo)	2026-09-15T11:46:38.2855210Z   ✓ file remains in tasks/ for active status
make check (macos-latest)	make check (includes isolated install-to-accept demo)	2026-09-15T11:46:38.3869490Z   ✓ transition to done is blocked before acceptance
make check (macos-latest)	make check (includes isolated install-to-accept demo)	2026-09-15T11:46:38.9690120Z   ✓ post-gate accepts and stamps the completed task
make check (macos-latest)	make check (includes isolated install-to-accept demo)	2026-09-15T11:46:38.9767380Z === 6. transition-status.sh: in-progress → done ===
make check (macos-latest)	make check (includes isolated install-to-accept demo)	2026-09-15T11:46:39.4024830Z   ✓ transition to done succeeds
make check (macos-latest)	make check (includes isolated install-to-accept demo)	2026-09-15T11:46:39.4025280Z   ✓ file moved to tasks/done/
make check (macos-latest)	make check (includes isolated install-to-accept demo)	2026-09-15T11:46:39.4025590Z   ✓ file no longer in tasks/
make check (macos-latest)	make check (includes isolated install-to-accept demo)	2026-09-15T11:46:39.4025890Z === 7. rebuild-state.sh ===
make check (macos-latest)	make check (includes isolated install-to-accept demo)	2026-09-15T11:46:39.5812650Z   ✓ rebuild-state succeeds
make check (macos-latest)	make check (includes isolated install-to-accept demo)	2026-09-15T11:46:39.5813690Z   ✓ _state.yaml created
make check (macos-latest)	make check (includes isolated install-to-accept demo)	2026-09-15T11:46:39.5868770Z   ✓ _state.yaml contains test task
make check (macos-latest)	make check (includes isolated install-to-accept demo)	2026-09-15T11:46:39.5974450Z   ✓ _state.yaml reflects done status
make check (macos-latest)	make check (includes isolated install-to-accept demo)	2026-09-15T11:46:39.7692130Z   ✓ rebuild-state is byte-deterministic
make check (macos-latest)	make check (includes isolated install-to-accept demo)	2026-09-15T11:46:39.7695400Z === 8. list-ready.sh ===
make check (macos-latest)	make check (includes isolated install-to-accept demo)	2026-09-15T11:46:39.8539840Z   ✓ list-ready excludes done task
make check (macos-latest)	make check (includes isolated install-to-accept demo)	2026-09-15T11:46:39.8543830Z === 9. archive.sh ===
make check (macos-latest)	make check (includes isolated install-to-accept demo)	2026-09-15T11:46:40.0647020Z   ✓ archive is no-op for already-archived task
make check (macos-latest)	make check (includes isolated install-to-accept demo)	2026-09-15T11:46:40.0648670Z === 10. backup-backlog.sh ===
make check (macos-latest)	make check (includes isolated install-to-accept demo)	2026-09-15T11:46:40.1128460Z   ✓ backup-backlog succeeds
make check (macos-latest)	make check (includes isolated install-to-accept demo)	2026-09-15T11:46:40.1176430Z   ✓ backup archive created
make check (macos-latest)	make check (includes isolated install-to-accept demo)	2026-09-15T11:46:40.1177400Z === 11. safe-to-delegate.sh (pre-delegation gate) ===
make check (macos-latest)	make check (includes isolated install-to-accept demo)	2026-09-15T11:46:41.6790550Z   ✓ safe-to-delegate clears a valid spec
make check (macos-latest)	make check (includes isolated install-to-accept demo)	2026-09-15T11:46:43.1487380Z   ✓ safe-to-delegate blocks a broken-eval spec
make check (macos-latest)	make check (includes isolated install-to-accept demo)	2026-09-15T11:46:43.1588150Z 
make check (macos-latest)	make check (includes isolated install-to-accept demo)	2026-09-15T11:46:43.1689000Z ========================================
make check (macos-latest)	make check (includes isolated install-to-accept demo)	2026-09-15T11:46:43.1804750Z Results: 25 passed, 0 failed
make check (macos-latest)	make check (includes isolated install-to-accept demo)	2026-09-15T11:46:43.1906150Z ========================================
make check (macos-latest)	make check (includes isolated install-to-accept demo)	2026-09-15T11:46:43.2107900Z MESH_ISOLATION=UNAVAILABLE reason=docker
make check (macos-latest)	make check (includes isolated install-to-accept demo)	2026-09-15T11:46:43.6088210Z TOOLKIT_AUTHORING=PASS
make check (macos-latest)	make check (includes isolated install-to-accept demo)	2026-09-15T11:46:43.6678660Z TOOLKIT_CONFORMANCE=PASS optional recipe, self-contained schemas, and complete lineage shape
make check (macos-latest)	make check (includes isolated install-to-accept demo)	2026-09-15T11:46:43.7088380Z TOOLKIT_CI=CONFIGURED hosted execution not inferred
make check (macos-latest)	make check (includes isolated install-to-accept demo)	2026-09-15T11:46:54.9305290Z TOOLKIT_CLI=PASS
make check (macos-latest)	make check (includes isolated install-to-accept demo)	2026-09-15T11:47:09.1968620Z TOOLKIT_DECOMPOSE=PASS
make check (macos-latest)	make check (includes isolated install-to-accept demo)	2026-09-15T11:47:09.2727660Z TOOLKIT_EXPERIENCE=PASS static resources and trace-oracle negatives; live chat quality not inferred
make check (macos-latest)	make check (includes isolated install-to-accept demo)	2026-09-15T11:47:10.4724510Z TOOLKIT_GUIDES=PASS
make check (macos-latest)	make check (includes isolated install-to-accept demo)	2026-09-15T11:47:32.5241700Z TOOLKIT_DECOMPOSE=PASS
make check (macos-latest)	make check (includes isolated install-to-accept demo)	2026-09-15T11:47:39.5467140Z TOOLKIT_INSTALL=PASS clean private runtime, path spaces, version identity, and corrupted-resource refusal
make check (macos-latest)	make check (includes isolated install-to-accept demo)	2026-09-15T11:47:40.9018350Z ok  	github.com/luanmorenomaciel/task-spec/mesh/internal/mesh	(cached)
make check (macos-latest)	make check (includes isolated install-to-accept demo)	2026-09-15T11:48:03.8334180Z TOOLKIT_MESH=PASS
make check (macos-latest)	make check (includes isolated install-to-accept demo)	2026-09-15T11:48:04.0134060Z TOOLKIT_PERMISSION_GUARD=PASS recorded denial stops continuation; ordinary eval and validation failures remain distinct
make check (macos-latest)	make check (includes isolated install-to-accept demo)	2026-09-15T11:48:04.2360780Z {"state": "paused", "before_block": 1, "reason": "Review the observed permission denial.", "next": "Inspect retained runs and remove the explicit PAUSE file only when authorized to continue."}
make check (macos-latest)	make check (includes isolated install-to-accept demo)	2026-09-15T11:48:04.2384420Z {"id": "1-codex", "exit_code": 0, "run_id": "denied-cell", "accepted": false, "error": "permission denied", "elapsed_seconds": 1, "cost_usd": 0, "permission_denied": true}
make check (macos-latest)	make check (includes isolated install-to-accept demo)	2026-09-15T11:48:04.2386100Z {"id": "1-claude", "exit_code": 0, "run_id": "denied-cell", "accepted": false, "error": "permission denied", "elapsed_seconds": 1, "cost_usd": 0, "permission_denied": true}
make check (macos-latest)	make check (includes isolated install-to-accept demo)	2026-09-15T11:48:04.2417430Z TOOLKIT_PILOT_RECORDING=PASS prospective intervals, censored failures, retained outputs, tamper detection, cohort pause
make check (macos-latest)	make check (includes isolated install-to-accept demo)	2026-09-15T11:48:04.3871500Z TOOLKIT_RUNTIME=PASS
make check (macos-latest)	make check (includes isolated install-to-accept demo)	2026-09-15T11:48:05.2069890Z TOOLKIT_SDLC=PASS
make check (macos-latest)	make check (includes isolated install-to-accept demo)	2026-09-15T11:48:05.3184530Z === Phase 1: AUTHOR a solvable v3 standard spec ===
make check (macos-latest)	make check (includes isolated install-to-accept demo)	2026-09-15T11:48:05.3222140Z   ✓ spec file authored
make check (macos-latest)	make check (includes isolated install-to-accept demo)	2026-09-15T11:48:05.3222600Z === Phase 2: VALIDATE (structural + profile + traceability) ===
make check (macos-latest)	make check (includes isolated install-to-accept demo)	2026-09-15T11:48:06.1657800Z   ✓ validate passes (rc=0)
make check (macos-latest)	make check (includes isolated install-to-accept demo)	2026-09-15T11:48:06.1691740Z   ✓ validate reports v3 + standard profile
make check (macos-latest)	make check (includes isolated install-to-accept demo)	2026-09-15T11:48:06.1725600Z   ✓ validate maps status→A2A submitted
make check (macos-latest)	make check (includes isolated install-to-accept demo)	2026-09-15T11:48:06.1726140Z === Phase 3: PRE-GATE (safe-to-delegate --stamp) ===
make check (macos-latest)	make check (includes isolated install-to-accept demo)	2026-09-15T11:48:07.6225900Z   ✓ pre-gate verdict DELEGATE (rc=0)
make check (macos-latest)	make check (includes isolated install-to-accept demo)	2026-09-15T11:48:07.6327210Z   ✓ pre-gate stamped signed_off: true
make check (macos-latest)	make check (includes isolated install-to-accept demo)	2026-09-15T11:48:07.6428490Z   ✓ pre-gate sealed HMAC (Tier 1)
make check (macos-latest)	make check (includes isolated install-to-accept demo)	2026-09-15T11:48:08.8242920Z === Phase 4: DISPATCH (reference executor drives the work) ===
make check (macos-latest)	make check (includes isolated install-to-accept demo)	2026-09-15T11:48:09.3348210Z   ✓ executor created src/feature.txt == 'done'
make check (macos-latest)	make check (includes isolated install-to-accept demo)	2026-09-15T11:48:09.3379830Z   ✓ executor leaves passing work in-progress pending acceptance
make check (macos-latest)	make check (includes isolated install-to-accept demo)	2026-09-15T11:48:09.3381270Z === Phase 5: ACCEPT (post-execution gate) ===
make check (macos-latest)	make check (includes isolated install-to-accept demo)	2026-09-15T11:48:10.1273250Z     accept-task: /var/folders/36/tjdph2t965j8snz9_vkdnw0r0000gn/T/tmp.JNg0ZXIUUM/tasks/T-20260618-e2e-closed-loop.md
make check (macos-latest)	make check (includes isolated install-to-accept demo)	2026-09-15T11:48:10.1275580Z     ────────────────────────────────────────────────────────
make check (macos-latest)	make check (includes isolated install-to-accept demo)	2026-09-15T11:48:10.1276620Z     A. Independent evaluation ...
make check (macos-latest)	make check (includes isolated install-to-accept demo)	2026-09-15T11:48:10.1277610Z        PASS — Exit Check returned 0
make check (macos-latest)	make check (includes isolated install-to-accept demo)	2026-09-15T11:48:10.1294350Z     B. Handoff, graph, base commit, and blast radius ...
make check (macos-latest)	make check (includes isolated install-to-accept demo)	2026-09-15T11:48:10.1295240Z        PASS — revision, closure, Git base, and write scope agree
make check (macos-latest)	make check (includes isolated install-to-accept demo)	2026-09-15T11:48:10.1295710Z     C. Authorization integrity ...
make check (macos-latest)	make check (includes isolated install-to-accept demo)	2026-09-15T11:48:10.1296200Z        PASS — TaskAuthorization/v3 verifies
make check (macos-latest)	make check (includes isolated install-to-accept demo)	2026-09-15T11:48:10.1296620Z     E. Sealed evidence policy ...
make check (macos-latest)	make check (includes isolated install-to-accept demo)	2026-09-15T11:48:10.1297200Z        PASS — required evidence matches this attempt
make check (macos-latest)	make check (includes isolated install-to-accept demo)	2026-09-15T11:48:10.1297820Z     ────────────────────────────────────────────────────────
make check (macos-latest)	make check (includes isolated install-to-accept demo)	2026-09-15T11:48:10.1303250Z        stamped — {"acceptance_record": "/private/var/folders/36/tjdph2t965j8snz9_vkdnw0r0000gn/T/tmp.JNg0ZXIUUM/.taskspec/acceptance/T-20260618-e2e-closed-loop/1f680c0f-0fe6-4169-9a8e-43897ea6f71c.json", "acceptance_record_digest": "sha256:3329439a2d88dc40fc0724d9382ba8069406dc1c6551d0a2e0a2dcc482772547", "accepted": true, "attempt_id": "1f680c0f-0fe6-4169-9a8e-43897ea6f71c", "contract": "AcceptanceFinalized/v1", "task_id": "T-20260618-e2e-closed-loop", "tier": 1}
make check (macos-latest)	make check (includes isolated install-to-accept demo)	2026-09-15T11:48:10.1307530Z     VERDICT: ACCEPT — Tier 1 evidence is bound to the authorized task attempt
make check (macos-latest)	make check (includes isolated install-to-accept demo)	2026-09-15T11:48:10.1308950Z     ACCEPTED=1
make check (macos-latest)	make check (includes isolated install-to-accept demo)	2026-09-15T11:48:10.1309480Z   ✓ accept verdict ACCEPT (rc=0)
make check (macos-latest)	make check (includes isolated install-to-accept demo)	2026-09-15T11:48:10.1320730Z   ✓ accept stamped accepted: true
make check (macos-latest)	make check (includes isolated install-to-accept demo)	2026-09-15T11:48:10.1368380Z   ✓ accept emitted ACCEPTED=1
make check (macos-latest)	make check (includes isolated install-to-accept demo)	2026-09-15T11:48:10.1411400Z   ✓ accept GATE A (evals pass) reported
make check (macos-latest)	make check (includes isolated install-to-accept demo)	2026-09-15T11:48:10.1412660Z === Phase 6: NEGATIVE — blast-radius breach is REJECTED ===
make check (macos-latest)	make check (includes isolated install-to-accept demo)	2026-09-15T11:48:10.7692710Z   ✓ breach REJECTED (rc=1)
make check (macos-latest)	make check (includes isolated install-to-accept demo)	2026-09-15T11:48:10.7730620Z   ✓ breach names the out-of-scope file
make check (macos-latest)	make check (includes isolated install-to-accept demo)	2026-09-15T11:48:11.2724550Z   ✓ accepted work transitions status → done
make check (macos-latest)	make check (includes isolated install-to-accept demo)	2026-09-15T11:48:11.2727890Z === Phase 7: LOOP CLOSED — final spec validates with full envelope ===
make check (macos-latest)	make check (includes isolated install-to-accept demo)	2026-09-15T11:48:12.7378520Z   ✓ final validate passes
make check (macos-latest)	make check (includes isolated install-to-accept demo)	2026-09-15T11:48:12.7412540Z   ✓ final validate confirms Tier-1 HMAC
make check (macos-latest)	make check (includes isolated install-to-accept demo)	2026-09-15T11:48:12.7413370Z 
make check (macos-latest)	make check (includes isolated install-to-accept demo)	2026-09-15T11:48:12.7416590Z ========================================
make check (macos-latest)	make check (includes isolated install-to-accept demo)	2026-09-15T11:48:12.7421260Z Results: 18 passed, 0 failed
make check (macos-latest)	make check (includes isolated install-to-accept demo)	2026-09-15T11:48:12.7452390Z ========================================
make check (macos-latest)	make check (includes isolated install-to-accept demo)	2026-09-15T11:48:12.7807790Z == install ==
make check (macos-latest)	make check (includes isolated install-to-accept demo)	2026-09-15T11:48:14.1919320Z   ✓ copy install
make check (macos-latest)	make check (includes isolated install-to-accept demo)	2026-09-15T11:48:14.9356330Z   ✓ idempotent install
make check (macos-latest)	make check (includes isolated install-to-accept demo)	2026-09-15T11:48:15.0740430Z   ✓ equivalent harness skills
make check (macos-latest)	make check (includes isolated install-to-accept demo)	2026-09-15T11:48:16.1512940Z   ✓ global user install
make check (macos-latest)	make check (includes isolated install-to-accept demo)	2026-09-15T11:48:16.4253390Z   ✓ checkout symlink install
make check (macos-latest)	make check (includes isolated install-to-accept demo)	2026-09-15T11:48:17.4861980Z   ✓ skills-only install
make check (macos-latest)	make check (includes isolated install-to-accept demo)	2026-09-15T11:48:18.1451180Z   ✓ unmanaged destination is preserved
make check (macos-latest)	make check (includes isolated install-to-accept demo)	2026-09-15T11:48:19.0908620Z   ✓ forced replacement leaves a backup
make check (macos-latest)	make check (includes isolated install-to-accept demo)	2026-09-15T11:48:19.6692520Z   ✓ managed launcher upgrades safely
make check (macos-latest)	make check (includes isolated install-to-accept demo)	2026-09-15T11:48:19.6939200Z   ✓ installed version
make check (macos-latest)	make check (includes isolated install-to-accept demo)	2026-09-15T11:48:25.6217780Z   ✓ installed isolated demo
make check (macos-latest)	make check (includes isolated install-to-accept demo)	2026-09-15T11:48:25.6893430Z   ✓ agent context JSON
make check (macos-latest)	make check (includes isolated install-to-accept demo)	2026-09-15T11:48:25.7524130Z   ✓ agent context covers the complete public command and schema surfaces
make check (macos-latest)	make check (includes isolated install-to-accept demo)	2026-09-15T11:48:25.7756090Z   ✓ agent guidance surfaces share the 3.9 lifecycle
make check (macos-latest)	make check (includes isolated install-to-accept demo)	2026-09-15T11:48:25.9766060Z   ✓ global JSON envelope
make check (macos-latest)	make check (includes isolated install-to-accept demo)	2026-09-15T11:48:26.0459850Z   ✓ per-command help init
make check (macos-latest)	make check (includes isolated install-to-accept demo)	2026-09-15T11:48:26.1116710Z   ✓ per-command help setup
make check (macos-latest)	make check (includes isolated install-to-accept demo)	2026-09-15T11:48:26.2280640Z   ✓ per-command help demo
make check (macos-latest)	make check (includes isolated install-to-accept demo)	2026-09-15T11:48:26.3557910Z   ✓ per-command help new
make check (macos-latest)	make check (includes isolated install-to-accept demo)	2026-09-15T11:48:26.4248210Z   ✓ per-command help plan
make check (macos-latest)	make check (includes isolated install-to-accept demo)	2026-09-15T11:48:26.4886150Z   ✓ per-command help batch
make check (macos-latest)	make check (includes isolated install-to-accept demo)	2026-09-15T11:48:26.5533390Z   ✓ per-command help migrate
make check (macos-latest)	make check (includes isolated install-to-accept demo)	2026-09-15T11:48:26.6610420Z   ✓ per-command help validate
make check (macos-latest)	make check (includes isolated install-to-accept demo)	2026-09-15T11:48:26.8185060Z   ✓ per-command help dod
make check (macos-latest)	make check (includes isolated install-to-accept demo)	2026-09-15T11:48:26.8672520Z   ✓ per-command help gate
make check (macos-latest)	make check (includes isolated install-to-accept demo)	2026-09-15T11:48:26.9977800Z   ✓ per-command help handoff
make check (macos-latest)	make check (includes isolated install-to-accept demo)	2026-09-15T11:48:27.1083670Z   ✓ per-command help run
make check (macos-latest)	make check (includes isolated install-to-accept demo)	2026-09-15T11:48:27.2299060Z   ✓ per-command help accept
make check (macos-latest)	make check (includes isolated install-to-accept demo)	2026-09-15T11:48:27.3854490Z   ✓ per-command help author-doctor
make check (macos-latest)	make check (includes isolated install-to-accept demo)	2026-09-15T11:48:27.4750420Z   ✓ per-command help holdout
make check (macos-latest)	make check (includes isolated install-to-accept demo)	2026-09-15T11:48:27.5391640Z   ✓ per-command help receipt
make check (macos-latest)	make check (includes isolated install-to-accept demo)	2026-09-15T11:48:27.6123880Z   ✓ per-command help dsse
make check (macos-latest)	make check (includes isolated install-to-accept demo)	2026-09-15T11:48:27.7246060Z   ✓ per-command help eval-audit
make check (macos-latest)	make check (includes isolated install-to-accept demo)	2026-09-15T11:48:27.8030980Z   ✓ per-command help identity
make check (macos-latest)	make check (includes isolated install-to-accept demo)	2026-09-15T11:48:27.9248450Z   ✓ per-command help evidence
make check (macos-latest)	make check (includes isolated install-to-accept demo)	2026-09-15T11:48:27.9807170Z   ✓ per-command help bridge
make check (macos-latest)	make check (includes isolated install-to-accept demo)	2026-09-15T11:48:28.0415470Z   ✓ per-command help mcp
make check (macos-latest)	make check (includes isolated install-to-accept demo)	2026-09-15T11:48:28.0951480Z   ✓ per-command help mesh
make check (macos-latest)	make check (includes isolated install-to-accept demo)	2026-09-15T11:48:28.1510650Z   ✓ per-command help ready
make check (macos-latest)	make check (includes isolated install-to-accept demo)	2026-09-15T11:48:28.2641550Z   ✓ per-command help graph
make check (macos-latest)	make check (includes isolated install-to-accept demo)	2026-09-15T11:48:28.3689430Z   ✓ per-command help status
make check (macos-latest)	make check (includes isolated install-to-accept demo)	2026-09-15T11:48:28.4626110Z   ✓ per-command help lint
make check (macos-latest)	make check (includes isolated install-to-accept demo)	2026-09-15T11:48:28.5117380Z   ✓ per-command help transition
make check (macos-latest)	make check (includes isolated install-to-accept demo)	2026-09-15T11:48:28.5666640Z   ✓ per-command help rebuild-state
make check (macos-latest)	make check (includes isolated install-to-accept demo)	2026-09-15T11:48:28.6187950Z   ✓ per-command help archive
make check (macos-latest)	make check (includes isolated install-to-accept demo)	2026-09-15T11:48:28.6625650Z   ✓ per-command help backup
make check (macos-latest)	make check (includes isolated install-to-accept demo)	2026-09-15T11:48:28.7144760Z   ✓ per-command help metrics
make check (macos-latest)	make check (includes isolated install-to-accept demo)	2026-09-15T11:48:28.7866710Z   ✓ per-command help conformance
make check (macos-latest)	make check (includes isolated install-to-accept demo)	2026-09-15T11:48:28.8405320Z   ✓ per-command help executor
make check (macos-latest)	make check (includes isolated install-to-accept demo)	2026-09-15T11:48:28.8903570Z   ✓ per-command help agent-context
make check (macos-latest)	make check (includes isolated install-to-accept demo)	2026-09-15T11:48:29.0045860Z   ✓ per-command help completion
make check (macos-latest)	make check (includes isolated install-to-accept demo)	2026-09-15T11:48:29.0673290Z   ✓ per-command help doctor
make check (macos-latest)	make check (includes isolated install-to-accept demo)	2026-09-15T11:48:29.1211110Z   ✓ per-command help version
make check (macos-latest)	make check (includes isolated install-to-accept demo)	2026-09-15T11:48:29.1736260Z   ✓ per-command help help
make check (macos-latest)	make check (includes isolated install-to-accept demo)	2026-09-15T11:48:29.2658270Z   ✓ usage exit 2: status
make check (macos-latest)	make check (includes isolated install-to-accept demo)	2026-09-15T11:48:29.2996410Z   ✓ usage exit 2: transition
make check (macos-latest)	make check (includes isolated install-to-accept demo)	2026-09-15T11:48:29.3387950Z   ✓ usage exit 2: migrate
make check (macos-latest)	make check (includes isolated install-to-accept demo)	2026-09-15T11:48:29.3770230Z   ✓ usage exit 2: executor
make check (macos-latest)	make check (includes isolated install-to-accept demo)	2026-09-15T11:48:29.4100870Z   ✓ usage exit 2: run
make check (macos-latest)	make check (includes isolated install-to-accept demo)	2026-09-15T11:48:29.4641220Z   ✓ completion bash
make check (macos-latest)	make check (includes isolated install-to-accept demo)	2026-09-15T11:48:29.5350540Z   ✓ completion zsh
make check (macos-latest)	make check (includes isolated install-to-accept demo)	2026-09-15T11:48:29.6640330Z   ✓ completion fish
make check (macos-latest)	make check (includes isolated install-to-accept demo)	2026-09-15T11:48:29.6640720Z == clean-room journey ==
make check (macos-latest)	make check (includes isolated install-to-accept demo)	2026-09-15T11:48:37.4765120Z   ✓ install-to-accept clean room with structured materialization receipt
make check (macos-latest)	make check (includes isolated install-to-accept demo)	2026-09-15T11:48:38.2073030Z   ✓ README v3 and opt-in v4 scaffold commands
make check (macos-latest)	make check (includes isolated install-to-accept demo)	2026-09-15T11:48:38.3070500Z   ✓ malformed and dangling TaskPlan fails closed
make check (macos-latest)	make check (includes isolated install-to-accept demo)	2026-09-15T11:48:38.3071000Z == dry-run and color ==
make check (macos-latest)	make check (includes isolated install-to-accept demo)	2026-09-15T11:48:38.3553130Z   ✓ dry-run prevents init
make check (macos-latest)	make check (includes isolated install-to-accept demo)	2026-09-15T11:48:38.4009920Z   ✓ NO_COLOR precedence
make check (macos-latest)	make check (includes isolated install-to-accept demo)	2026-09-15T11:48:38.4010330Z == research evidence ==
make check (macos-latest)	make check (includes isolated install-to-accept demo)	2026-09-15T11:48:38.4878010Z   ✓ firecrawl evidence
make check (macos-latest)	make check (includes isolated install-to-accept demo)	2026-09-15T11:48:38.5694920Z   ✓ tavily evidence
make check (macos-latest)	make check (includes isolated install-to-accept demo)	2026-09-15T11:48:38.6575280Z   ✓ exa evidence
make check (macos-latest)	make check (includes isolated install-to-accept demo)	2026-09-15T11:48:38.7412430Z   ✓ named provider failure
make check (macos-latest)	make check (includes isolated install-to-accept demo)	2026-09-15T11:48:38.7916210Z   ✓ evidence rejects credential-bearing keys
make check (macos-latest)	make check (includes isolated install-to-accept demo)	2026-09-15T11:48:38.8794880Z   ✓ composition example preview
make check (macos-latest)	make check (includes isolated install-to-accept demo)	2026-09-15T11:48:38.9336000Z   ✓ checked-in evidence example
make check (macos-latest)	make check (includes isolated install-to-accept demo)	2026-09-15T11:48:39.0143970Z   ✓ checked-in handoff example
make check (macos-latest)	make check (includes isolated install-to-accept demo)	2026-09-15T11:48:39.0844450Z   ✓ README release status is generated from evidence
make check (macos-latest)	make check (includes isolated install-to-accept demo)	2026-09-15T11:48:39.0845070Z == checksum-backed release archive ==
make check (macos-latest)	make check (includes isolated install-to-accept demo)	2026-09-15T11:48:40.6999490Z   ✓ checksum-backed remote install
make check (macos-latest)	make check (includes isolated install-to-accept demo)	2026-09-15T11:48:40.7911940Z   ✓ tampered release archive fails closed
make check (macos-latest)	make check (includes isolated install-to-accept demo)	2026-09-15T11:48:40.7933780Z == package ==
make check (macos-latest)	make check (includes isolated install-to-accept demo)	2026-09-15T11:48:42.1183170Z   ✓ npm pack dry run
make check (macos-latest)	make check (includes isolated install-to-accept demo)	2026-09-15T11:48:43.4745840Z   ✓ local npm package install
make check (macos-latest)	make check (includes isolated install-to-accept demo)	2026-09-15T11:48:43.4746140Z 
make check (macos-latest)	make check (includes isolated install-to-accept demo)	2026-09-15T11:48:43.4746300Z Results: 80 passed, 0 failed
make check (macos-latest)	make check (includes isolated install-to-accept demo)	2026-09-15T11:48:43.4746580Z INSTALL=OK
make check (macos-latest)	make check (includes isolated install-to-accept demo)	2026-09-15T11:48:43.7452690Z ok 1 - v4 authoring is explicit and non-default
make check (macos-latest)	make check (includes isolated install-to-accept demo)	2026-09-15T11:48:44.9325240Z ok 2 - v3 compatibility fixture remains valid
make check (macos-latest)	make check (includes isolated install-to-accept demo)	2026-09-15T11:48:45.7072890Z ok 3 - v4 policy validates
make check (macos-latest)	make check (includes isolated install-to-accept demo)	2026-09-15T11:48:46.4238340Z ok 4 - sealed authoring evidence digest rejects artifact drift
make check (macos-latest)	make check (includes isolated install-to-accept demo)	2026-09-15T11:48:46.4896410Z ok 5 - author doctor finds no blockers
make check (macos-latest)	make check (includes isolated install-to-accept demo)	2026-09-15T11:48:48.1534830Z ok 6 - status reports authoring-evidence freshness without making age an acceptance gate
make check (macos-latest)	make check (includes isolated install-to-accept demo)	2026-09-15T11:48:49.2874320Z ok 7 - v4 handoff emitted
make check (macos-latest)	make check (includes isolated install-to-accept demo)	2026-09-15T11:48:49.6213820Z ok 8 - baseline discrimination audit
make check (macos-latest)	make check (includes isolated install-to-accept demo)	2026-09-15T11:48:50.1580910Z ok 9 - repeated evaluation reports stable discrimination
make check (macos-latest)	make check (includes isolated install-to-accept demo)	2026-09-15T11:48:50.2332160Z ok 10 - holdout descriptor sealed
make check (macos-latest)	make check (includes isolated install-to-accept demo)	2026-09-15T11:48:50.3961670Z ok 11 - holdout rotation metadata is retained
make check (macos-latest)	make check (includes isolated install-to-accept demo)	2026-09-15T11:48:50.5408610Z ok 12 - expired holdout requires rotation and reauthorization
make check (macos-latest)	make check (includes isolated install-to-accept demo)	2026-09-15T11:48:50.6068550Z ok 13 - tampered holdout bundle is rejected
make check (macos-latest)	make check (includes isolated install-to-accept demo)	2026-09-15T11:48:50.7313130Z ok 14 - holdout executed independently
make check (macos-latest)	make check (includes isolated install-to-accept demo)	2026-09-15T11:48:50.8331480Z ok 15 - environment receipt created
make check (macos-latest)	make check (includes isolated install-to-accept demo)	2026-09-15T11:48:50.9262330Z ok 16 - graded receipt created
make check (macos-latest)	make check (includes isolated install-to-accept demo)	2026-09-15T11:48:50.9964130Z ok 17 - human receipt created
make check (macos-latest)	make check (includes isolated install-to-accept demo)	2026-09-15T11:48:51.1085050Z ok 18 - identity receipt signed
make check (macos-latest)	make check (includes isolated install-to-accept demo)	2026-09-15T11:48:51.2520190Z ok 19 - identity receipt verified
make check (macos-latest)	make check (includes isolated install-to-accept demo)	2026-09-15T11:48:51.3758590Z ok 20 - signed holdout receipt
make check (macos-latest)	make check (includes isolated install-to-accept demo)	2026-09-15T11:48:51.4803310Z ok 21 - signed environment receipt
make check (macos-latest)	make check (includes isolated install-to-accept demo)	2026-09-15T11:48:51.5663930Z ok 22 - signed graded receipt
make check (macos-latest)	make check (includes isolated install-to-accept demo)	2026-09-15T11:48:51.6976040Z ok 23 - signed human receipt
make check (macos-latest)	make check (includes isolated install-to-accept demo)	2026-09-15T11:48:51.8817990Z ok 24 - wrong evaluator signer fails closed
make check (macos-latest)	make check (includes isolated install-to-accept demo)	2026-09-15T11:48:51.9799420Z ok 25 - all typed receipts validate
make check (macos-latest)	make check (includes isolated install-to-accept demo)	2026-09-15T11:48:52.1574230Z ok 26 - portable signed evidence satisfies Tier 1 policy
make check (macos-latest)	make check (includes isolated install-to-accept demo)	2026-09-15T11:48:52.3517720Z ok 27 - DSSE receipt export verifies independently
make check (macos-latest)	make check (includes isolated install-to-accept demo)	2026-09-15T11:48:52.4219760Z ok 28 - credential-bearing receipt is rejected
make check (macos-latest)	make check (includes isolated install-to-accept demo)	2026-09-15T11:48:52.7114590Z ok 29 - enabled engine runs in a detached worktree
make check (macos-latest)	make check (includes isolated install-to-accept demo)	2026-09-15T11:48:52.7391190Z ok 30 - isolated engine receipt records a real attempt
make check (macos-latest)	make check (includes isolated install-to-accept demo)	2026-09-15T11:48:52.7503030Z ok 31 - isolated engine change is captured outside the source workspace
make check (macos-latest)	make check (includes isolated install-to-accept demo)	2026-09-15T11:48:53.2577020Z ok 32 - acceptance blocks when evidence is omitted
make check (macos-latest)	make check (includes isolated install-to-accept demo)	2026-09-15T11:48:54.1284070Z ok 33 - acceptance passes with matching supervised evidence
make check (macos-latest)	make check (includes isolated install-to-accept demo)	2026-09-15T11:48:54.2928430Z ok 34 - revoked identity no longer verifies
make check (macos-latest)	make check (includes isolated install-to-accept demo)	2026-09-15T11:48:54.4366480Z ok 35 - A2A v1.0 bridge round trip
make check (macos-latest)	make check (includes isolated install-to-accept demo)	2026-09-15T11:48:54.5773280Z ok 36 - MCP bridge round trip
make check (macos-latest)	make check (includes isolated install-to-accept demo)	2026-09-15T11:48:54.6961050Z ok 37 - A2A bridge detects embedded handoff tampering
make check (macos-latest)	make check (includes isolated install-to-accept demo)	2026-09-15T11:48:54.7758730Z ok 38 - MCP bridge detects embedded handoff tampering
make check (macos-latest)	make check (includes isolated install-to-accept demo)	2026-09-15T11:48:54.8185740Z ok 39 - MCP server lists read-only tools
make check (macos-latest)	make check (includes isolated install-to-accept demo)	2026-09-15T11:48:54.9122690Z ok 40 - nine-family engine matrix validates
make check (macos-latest)	make check (includes isolated install-to-accept demo)	2026-09-15T11:48:55.0275920Z ok 41 - disabled engine matrix records unavailable, not fabricated passes
make check (macos-latest)	make check (includes isolated install-to-accept demo)	2026-09-15T11:48:55.1196930Z ok 42 - engine matrix emits typed run receipts
make check (macos-latest)	make check (includes isolated install-to-accept demo)	2026-09-15T11:48:55.1210420Z PASS: Task-Spec 3.7 evidence integrity (42 checks)
make check (macos-latest)	make check (includes isolated install-to-accept demo)	2026-09-15T11:48:56.9471620Z ok 1 - post-seal v4 to v3 downgrade fails closed
make check (macos-latest)	make check (includes isolated install-to-accept demo)	2026-09-15T11:48:57.7739180Z ok 2 - sealed proof policy deletion fails closed
make check (macos-latest)	make check (includes isolated install-to-accept demo)	2026-09-15T11:48:58.5041500Z ok 3 - sealed environment policy deletion fails closed
make check (macos-latest)	make check (includes isolated install-to-accept demo)	2026-09-15T11:48:59.3374820Z ok 4 - parent-child authority mutation fails closed
make check (macos-latest)	make check (includes isolated install-to-accept demo)	2026-09-15T11:49:00.0988980Z ok 5 - unknown future authority is sealed by default
make check (macos-latest)	make check (includes isolated install-to-accept demo)	2026-09-15T11:49:00.8364600Z ok 6 - lifecycle and tracker projection remain mutable
make check (macos-latest)	make check (includes isolated install-to-accept demo)	2026-09-15T11:49:00.9114890Z ok 7 - duplicate YAML keys are rejected
make check (macos-latest)	make check (includes isolated install-to-accept demo)	2026-09-15T11:49:01.0022440Z ok 8 - ambiguous JSON numeric constants are rejected
make check (macos-latest)	make check (includes isolated install-to-accept demo)	2026-09-15T11:49:01.1620090Z ok 9 - authority mapping key order is canonical
make check (macos-latest)	make check (includes isolated install-to-accept demo)	2026-09-15T11:49:01.7987640Z ok 10 - textual authoring-evidence acceptance use produces a lint warning
make check (macos-latest)	make check (includes isolated install-to-accept demo)	2026-09-15T11:49:04.3693150Z ok 11 - explicit workspace supports a nested custom backlog
make check (macos-latest)	make check (includes isolated install-to-accept demo)	2026-09-15T11:49:07.5699960Z ok 12 - receipt replay across attempts fails
make check (macos-latest)	make check (includes isolated install-to-accept demo)	2026-09-15T11:49:08.0638730Z ok 13 - global JSON returns typed receipt replay failure
make check (macos-latest)	make check (includes isolated install-to-accept demo)	2026-09-15T11:49:08.5554220Z ok 14 - pre-authorization receipt timestamp fails
make check (macos-latest)	make check (includes isolated install-to-accept demo)	2026-09-15T11:49:09.1098440Z ok 15 - receipt wrong task_id fails
make check (macos-latest)	make check (includes isolated install-to-accept demo)	2026-09-15T11:49:09.6428790Z ok 16 - receipt wrong task_revision_digest fails
make check (macos-latest)	make check (includes isolated install-to-accept demo)	2026-09-15T11:49:10.2117120Z ok 17 - receipt wrong base_commit fails
make check (macos-latest)	make check (includes isolated install-to-accept demo)	2026-09-15T11:49:10.7036220Z ok 18 - legacy structural receipt cannot silently produce Tier 1
make check (macos-latest)	make check (includes isolated install-to-accept demo)	2026-09-15T11:49:11.3044800Z ok 19 - required receipt rejects structural authorization fallback
make check (macos-latest)	make check (includes isolated install-to-accept demo)	2026-09-15T11:49:11.8524350Z ok 20 - matching v2 receipt accepts Tier 1
make check (macos-latest)	make check (includes isolated install-to-accept demo)	2026-09-15T11:49:15.0201540Z ok 21 - committed out-of-scope change is rejected
make check (macos-latest)	make check (includes isolated install-to-accept demo)	2026-09-15T11:49:18.8412250Z ok 22 - symlink-escaped creation scope is rejected
make check (macos-latest)	make check (includes isolated install-to-accept demo)	2026-09-15T11:49:21.7531610Z ok 23 - absolute handoff scope fails closed
make check (macos-latest)	make check (includes isolated install-to-accept demo)	2026-09-15T11:49:22.4222470Z ok 24 - traversal handoff scope fails closed
make check (macos-latest)	make check (includes isolated install-to-accept demo)	2026-09-15T11:49:23.0406240Z ok 25 - handoff budget expansion fails closed
make check (macos-latest)	make check (includes isolated install-to-accept demo)	2026-09-15T11:49:23.6623460Z ok 26 - non-UUID attempt cannot escape acceptance storage
make check (macos-latest)	make check (includes isolated install-to-accept demo)	2026-09-15T11:49:25.5031600Z ok 27 - handoff rejects conflict with an in-progress task
make check (macos-latest)	make check (includes isolated install-to-accept demo)	2026-09-15T11:49:27.0360450Z ok 28 - acceptance rechecks active write conflicts
make check (macos-latest)	make check (includes isolated install-to-accept demo)	2026-09-15T11:49:27.3315980Z ok 29 - interrupted status mutation leaves the old complete frontmatter
make check (macos-latest)	make check (includes isolated install-to-accept demo)	2026-09-15T11:49:27.3447430Z ok 30 - interrupted status mutation leaves no partial state or temporary
make check (macos-latest)	make check (includes isolated install-to-accept demo)	2026-09-15T11:49:29.5391990Z ok 31 - base commit divergence requires a new handoff
make check (macos-latest)	make check (includes isolated install-to-accept demo)	2026-09-15T11:49:32.2626430Z ok 32 - dependency-closure drift fails closed
make check (macos-latest)	make check (includes isolated install-to-accept demo)	2026-09-15T11:49:34.9083210Z ok 33 - injected finalize crash leaves old complete task state
make check (macos-latest)	make check (includes isolated install-to-accept demo)	2026-09-15T11:49:34.9177630Z ok 34 - crash did not partially stamp accepted state
make check (macos-latest)	make check (includes isolated install-to-accept demo)	2026-09-15T11:49:35.0089910Z ok 35 - doctor reports the orphan record left by interrupted acceptance
make check (macos-latest)	make check (includes isolated install-to-accept demo)	2026-09-15T11:49:35.4759830Z ok 36 - same attempt recovers despite metrics projection failure
make check (macos-latest)	make check (includes isolated install-to-accept demo)	2026-09-15T11:49:35.5540960Z ok 37 - doctor reports the missing accepted metrics projection
make check (macos-latest)	make check (includes isolated install-to-accept demo)	2026-09-15T11:49:36.1925630Z ok 38 - same attempt cannot change its acceptor
make check (macos-latest)	make check (includes isolated install-to-accept demo)	2026-09-15T11:49:36.2716800Z ok 39 - conflicting retry leaves record and task envelope consistent
make check (macos-latest)	make check (includes isolated install-to-accept demo)	2026-09-15T11:49:36.8657220Z ok 40 - same accepted attempt can be retried without duplicate metrics
make check (macos-latest)	make check (includes isolated install-to-accept demo)	2026-09-15T11:49:36.9781940Z ok 41 - TaskStatus names rebuild-state as the one safe projection recovery
make check (macos-latest)	make check (includes isolated install-to-accept demo)	2026-09-15T11:49:37.1927420Z ok 42 - rebuilding projection advances the one safe next command
make check (macos-latest)	make check (includes isolated install-to-accept demo)	2026-09-15T11:49:37.3249610Z ok 43 - global JSON preserves the same typed TaskStatus
make check (macos-latest)	make check (includes isolated install-to-accept demo)	2026-09-15T11:49:37.5052700Z ok 44 - transition to done verifies the record subject and envelope
make check (macos-latest)	make check (includes isolated install-to-accept demo)	2026-09-15T11:49:37.6105520Z ok 45 - status exposes semantic acceptance-record mismatch
make check (macos-latest)	make check (includes isolated install-to-accept demo)	2026-09-15T11:49:37.6874670Z ok 46 - backlog doctor fails on semantic acceptance-record mismatch
make check (macos-latest)	make check (includes isolated install-to-accept demo)	2026-09-15T11:49:37.6875230Z PASS: Task-Spec hardening adversarial suite (46 checks)
make check (macos-latest)	make check (includes isolated install-to-accept demo)	2026-09-15T11:49:40.1152270Z CLI_REFERENCE=OK
make check (macos-latest)	make check (includes isolated install-to-accept demo)	2026-09-15T11:49:40.1787440Z QUALITY_SCORE=97 SCORECARD=VALID
make check (macos-latest)	make check (includes isolated install-to-accept demo)	2026-09-15T11:49:40.2268530Z RELEASE_STATUS=OK
make check (macos-latest)	make check (includes isolated install-to-accept demo)	2026-09-15T11:49:40.3714360Z V381_EXPERIENCE=READY
make check (macos-latest)	make check (includes isolated install-to-accept demo)	2026-09-15T11:49:42.5362460Z ok 1 - nested handoff binds the Git workspace
make check (macos-latest)	make check (includes isolated install-to-accept demo)	2026-09-15T11:49:43.1320160Z ok 2 - nested acceptance uses the configured contained store
make check (macos-latest)	make check (includes isolated install-to-accept demo)	2026-09-15T11:49:43.1354490Z ok 3 - nested acceptance record is separate from Converge receipts
make check (macos-latest)	make check (includes isolated install-to-accept demo)	2026-09-15T11:49:45.0994130Z ok 4 - nested backlog infers repository root
make check (macos-latest)	make check (includes isolated install-to-accept demo)	2026-09-15T11:49:45.2306150Z ok 5 - conflicting explicit workspace is rejected
make check (macos-latest)	make check (includes isolated install-to-accept demo)	2026-09-15T11:49:47.7978590Z ok 6 - acceptance traversal is rejected
make check (macos-latest)	make check (includes isolated install-to-accept demo)	2026-09-15T11:49:49.3691970Z ok 7 - acceptance symlink escape is rejected
make check (macos-latest)	make check (includes isolated install-to-accept demo)	2026-09-15T11:49:50.0256360Z ok 8 - CLI acceptance directory overrides an unsafe environment value
make check (macos-latest)	make check (includes isolated install-to-accept demo)	2026-09-15T11:49:50.0359840Z ok 9 - unsafe environment store was never written
make check (macos-latest)	make check (includes isolated install-to-accept demo)	2026-09-15T11:49:51.2624960Z ok 10 - worktree gate resolves the common-directory key
make check (macos-latest)	make check (includes isolated install-to-accept demo)	2026-09-15T11:49:51.2625890Z PASS: Task-Spec 3.8.1 nested workspace suite (10 checks)
make check (macos-latest)	make check (includes isolated install-to-accept demo)	2026-09-15T11:49:51.2861770Z bash spec/conformance/run_conformance.sh
make check (macos-latest)	make check (includes isolated install-to-accept demo)	2026-09-15T11:49:51.2965720Z == self-test floor: validating 8 conformance fixtures ==
make check (macos-latest)	make check (includes isolated install-to-accept demo)	2026-09-15T11:49:59.2207570Z    self-test floor: all 8 fixtures valid
make check (macos-latest)	make check (includes isolated install-to-accept demo)	2026-09-15T11:49:59.2208000Z 
make check (macos-latest)	make check (includes isolated install-to-accept demo)	2026-09-15T11:49:59.2208440Z == running conformance (adapter: /Users/runner/work/task-spec/task-spec/spec/conformance/adapters/self.sh) ==
make check (macos-latest)	make check (includes isolated install-to-accept demo)	2026-09-15T11:49:59.3086700Z PASS   C1        T-conformance-001-status-lock
make check (macos-latest)	make check (includes isolated install-to-accept demo)	2026-09-15T11:49:59.4134100Z PASS   C12       T-conformance-002-emit-enum
make check (macos-latest)	make check (includes isolated install-to-accept demo)	2026-09-15T11:49:59.4896390Z PASS   C6        T-conformance-003-no-signed-off-mod
make check (macos-latest)	make check (includes isolated install-to-accept demo)	2026-09-15T11:49:59.5744110Z PASS   C8        T-conformance-004-execution-backend
make check (macos-latest)	make check (includes isolated install-to-accept demo)	2026-09-15T11:49:59.6429600Z PASS   C13,C16   T-conformance-005-budget-stop
make check (macos-latest)	make check (includes isolated install-to-accept demo)	2026-09-15T11:49:59.7080840Z PASS   C5        T-conformance-006-do-not-touch
make check (macos-latest)	make check (includes isolated install-to-accept demo)	2026-09-15T11:49:59.7485850Z PASS   C17       T-conformance-007-node-refusal
make check (macos-latest)	make check (includes isolated install-to-accept demo)	2026-09-15T11:49:59.7926660Z PASS   C18       T-conformance-008-v4-policy
make check (macos-latest)	make check (includes isolated install-to-accept demo)	2026-09-15T11:49:59.8113400Z 
make check (macos-latest)	make check (includes isolated install-to-accept demo)	2026-09-15T11:49:59.8115150Z == results written to /Users/runner/work/task-spec/task-spec/spec/conformance/results.json ==
make check (macos-latest)	make check (includes isolated install-to-accept demo)	2026-09-15T11:49:59.8116120Z == non-waived failures: 0 ==
make check (macos-latest)	make check (includes isolated install-to-accept demo)	2026-09-15T11:49:59.8118740Z bash bin/taskspec conformance --self-test
make check (macos-latest)	make check (includes isolated install-to-accept demo)	2026-09-15T11:49:59.8766150Z Conformance check — level L2 — executor: bash /Users/runner/work/task-spec/task-spec/src/dispatch/ref-executor.sh
make check (macos-latest)	make check (includes isolated install-to-accept demo)	2026-09-15T11:49:59.8768050Z ────────────────────────────────────────────────────────
make check (macos-latest)	make check (includes isolated install-to-accept demo)	2026-09-15T11:50:01.0784400Z L0. Executor drives a solvable spec to a passing Exit Check ...
make check (macos-latest)	make check (includes isolated install-to-accept demo)	2026-09-15T11:50:03.4974850Z    PASS — Exit Check passes after execution (L0: reads format, runs evals)
make check (macos-latest)	make check (includes isolated install-to-accept demo)	2026-09-15T11:50:03.4976110Z L1. Executor honors the status lifecycle (→ done on success) ...
make check (macos-latest)	make check (includes isolated install-to-accept demo)	2026-09-15T11:50:03.5117430Z    PASS — status transitioned to 'done' (A2A: completed)
make check (macos-latest)	make check (includes isolated install-to-accept demo)	2026-09-15T11:50:04.7479180Z L2. Executor parks an unsolvable spec within budget (no infinite loop) ...
make check (macos-latest)	make check (includes isolated install-to-accept demo)	2026-09-15T11:50:06.6534840Z    PASS — unsolvable spec parked by the no-progress circuit breaker within the signed retry budget
make check (macos-latest)	make check (includes isolated install-to-accept demo)	2026-09-15T11:50:06.6536400Z ────────────────────────────────────────────────────────
make check (macos-latest)	make check (includes isolated install-to-accept demo)	2026-09-15T11:50:06.6537530Z CONFORMANT at L2 — this executor honors the Task-Spec contract.
make check (macos-latest)	make check (includes isolated install-to-accept demo)	2026-09-15T11:50:06.6544240Z CONFORMANCE=L2
make check (macos-latest)	make check (includes isolated install-to-accept demo)	2026-09-15T11:50:06.6728870Z CHECK=READY
make check (macos-latest)	Post Install pinned Go toolchain for optional TaskMesh	﻿2026-09-15T11:50:06.7058990Z Post job cleanup.
make check (macos-latest)	Post Install pinned Go toolchain for optional TaskMesh	2026-09-15T11:50:07.1418000Z [command]/Users/runner/hostedtoolcache/go/1.25.0/arm64/bin/go env GOCACHE
make check (macos-latest)	Post Install pinned Go toolchain for optional TaskMesh	2026-09-15T11:50:07.1451760Z [command]/Users/runner/hostedtoolcache/go/1.25.0/arm64/bin/go env GOMODCACHE
make check (macos-latest)	Post Install pinned Go toolchain for optional TaskMesh	2026-09-15T11:50:07.1559160Z /Users/runner/Library/Caches/go-build
make check (macos-latest)	Post Install pinned Go toolchain for optional TaskMesh	2026-09-15T11:50:07.1561110Z /Users/runner/go/pkg/mod
make check (macos-latest)	Post Install pinned Go toolchain for optional TaskMesh	2026-09-15T11:50:07.1574220Z Cache hit occurred on the primary key setup-go-macOS-arm64-go-1.25.0-177c9a629613f64b62ff3bce8b5249e61de06089c1d63967a2ef301279610df5, not saving cache.
make check (macos-latest)	Post Checkout	﻿2026-09-15T11:50:07.1768230Z Post job cleanup.
make check (macos-latest)	Post Checkout	2026-09-15T11:50:07.3496510Z [command]/opt/homebrew/bin/git version
make check (macos-latest)	Post Checkout	2026-09-15T11:50:07.3571130Z git version 2.55.0
make check (macos-latest)	Post Checkout	2026-09-15T11:50:07.3589830Z Copying '/Users/runner/.gitconfig' to '/Users/runner/work/_temp/d19d1700-ab91-40d8-8320-f400ae2eb4de/.gitconfig'
make check (macos-latest)	Post Checkout	2026-09-15T11:50:07.3598660Z Temporarily overriding HOME='/Users/runner/work/_temp/d19d1700-ab91-40d8-8320-f400ae2eb4de' before making global git config changes
make check (macos-latest)	Post Checkout	2026-09-15T11:50:07.3599440Z Adding repository directory to the temporary git global config as a safe directory
make check (macos-latest)	Post Checkout	2026-09-15T11:50:07.3601410Z [command]/opt/homebrew/bin/git config --global --add safe.directory /Users/runner/work/task-spec/task-spec
make check (macos-latest)	Post Checkout	2026-09-15T11:50:07.3674520Z Removing SSH command configuration
make check (macos-latest)	Post Checkout	2026-09-15T11:50:07.3678990Z [command]/opt/homebrew/bin/git config --local --name-only --get-regexp core\.sshCommand
make check (macos-latest)	Post Checkout	2026-09-15T11:50:07.3757070Z [command]/opt/homebrew/bin/git submodule foreach --recursive sh -c "git config --local --name-only --get-regexp 'core\.sshCommand' && git config --local --unset-all 'core.sshCommand' || :"
make check (macos-latest)	Post Checkout	2026-09-15T11:50:07.4891130Z Removing HTTP extra header
make check (macos-latest)	Post Checkout	2026-09-15T11:50:07.4895570Z [command]/opt/homebrew/bin/git config --local --name-only --get-regexp http\.https\:\/\/github\.com\/\.extraheader
make check (macos-latest)	Post Checkout	2026-09-15T11:50:07.4978420Z [command]/opt/homebrew/bin/git submodule foreach --recursive sh -c "git config --local --name-only --get-regexp 'http\.https\:\/\/github\.com\/\.extraheader' && git config --local --unset-all 'http.https://github.com/.extraheader' || :"
make check (macos-latest)	Post Checkout	2026-09-15T11:50:07.6333810Z Removing includeIf entries pointing to credentials config files
make check (macos-latest)	Post Checkout	2026-09-15T11:50:07.6340950Z [command]/opt/homebrew/bin/git config --local --name-only --get-regexp ^includeIf\.gitdir:
make check (macos-latest)	Post Checkout	2026-09-15T11:50:07.6422070Z [command]/opt/homebrew/bin/git submodule foreach --recursive git config --local --show-origin --name-only --get-regexp remote.origin.url
make check (macos-latest)	Complete job	﻿2026-09-15T11:50:07.7636530Z Cleaning up orphan processes
make check (macos-latest)	Complete job	2026-09-15T11:50:08.1093170Z Terminate orphan process: pid (25133) (sleep)
make check (ubuntu-latest)	Set up job	﻿2026-09-15T11:40:36.3723905Z Current runner version: '2.337.0'
make check (ubuntu-latest)	Set up job	2026-09-15T11:40:36.3740045Z ##[group]Runner Image Provisioner
make check (ubuntu-latest)	Set up job	2026-09-15T11:40:36.3740539Z Hosted Compute Agent
make check (ubuntu-latest)	Set up job	2026-09-15T11:40:36.3740940Z Version: 20260828.587
make check (ubuntu-latest)	Set up job	2026-09-15T11:40:36.3741299Z Commit: abac92662cab4cc7352de4f9f9d2e2419aad9c29
make check (ubuntu-latest)	Set up job	2026-09-15T11:40:36.3741728Z Build Date: 2026-08-28T16:44:25Z
make check (ubuntu-latest)	Set up job	2026-09-15T11:40:36.3742161Z Worker ID: {600c4c72-31f2-4e83-93f1-2a30c6d22f1e}
make check (ubuntu-latest)	Set up job	2026-09-15T11:40:36.3742587Z Azure Region: centralus
make check (ubuntu-latest)	Set up job	2026-09-15T11:40:36.3742953Z ##[endgroup]
make check (ubuntu-latest)	Set up job	2026-09-15T11:40:36.3743729Z ##[group]Operating System
make check (ubuntu-latest)	Set up job	2026-09-15T11:40:36.3744094Z Ubuntu
make check (ubuntu-latest)	Set up job	2026-09-15T11:40:36.3744439Z 24.04.5
make check (ubuntu-latest)	Set up job	2026-09-15T11:40:36.3744737Z LTS
make check (ubuntu-latest)	Set up job	2026-09-15T11:40:36.3745057Z ##[endgroup]
make check (ubuntu-latest)	Set up job	2026-09-15T11:40:36.3745377Z ##[group]Runner Image
make check (ubuntu-latest)	Set up job	2026-09-15T11:40:36.3746048Z Image: ubuntu-24.04
make check (ubuntu-latest)	Set up job	2026-09-15T11:40:36.3746429Z Version: 20260907.300.1
make check (ubuntu-latest)	Set up job	2026-09-15T11:40:36.3747021Z Included Software: https://github.com/actions/runner-images/blob/ubuntu24/20260907.300/images/ubuntu/Ubuntu2404-Readme.md
make check (ubuntu-latest)	Set up job	2026-09-15T11:40:36.3747997Z Image Release: https://github.com/actions/runner-images/releases/tag/ubuntu24%2F20260907.300
make check (ubuntu-latest)	Set up job	2026-09-15T11:40:36.3748557Z ##[endgroup]
make check (ubuntu-latest)	Set up job	2026-09-15T11:40:36.3749222Z ##[group]GITHUB_TOKEN Permissions
make check (ubuntu-latest)	Set up job	2026-09-15T11:40:36.3750747Z Contents: read
make check (ubuntu-latest)	Set up job	2026-09-15T11:40:36.3751094Z Metadata: read
make check (ubuntu-latest)	Set up job	2026-09-15T11:40:36.3751442Z ##[endgroup]
make check (ubuntu-latest)	Set up job	2026-09-15T11:40:36.3752706Z Secret source: Actions
make check (ubuntu-latest)	Set up job	2026-09-15T11:40:36.3753235Z Cache mode: write
make check (ubuntu-latest)	Set up job	2026-09-15T11:40:36.3753799Z Prepare workflow directory
make check (ubuntu-latest)	Set up job	2026-09-15T11:40:36.3966955Z Prepare all required actions
make check (ubuntu-latest)	Set up job	2026-09-15T11:40:36.4003715Z Getting action download info
make check (ubuntu-latest)	Set up job	2026-09-15T11:40:36.6268051Z Download action repository 'actions/checkout@3d3c42e5aac5ba805825da76410c181273ba90b1' (SHA:3d3c42e5aac5ba805825da76410c181273ba90b1)
make check (ubuntu-latest)	Set up job	2026-09-15T11:40:36.7078374Z Download action repository 'actions/setup-go@b7ad1dad31e06c5925ef5d2fc7ad053ef454303e' (SHA:b7ad1dad31e06c5925ef5d2fc7ad053ef454303e)
make check (ubuntu-latest)	Set up job	2026-09-15T11:40:37.2128907Z Complete job name: make check (ubuntu-latest)
make check (ubuntu-latest)	Checkout	﻿2026-09-15T11:40:37.2559412Z ##[group]Run actions/checkout@3d3c42e5aac5ba805825da76410c181273ba90b1
make check (ubuntu-latest)	Checkout	2026-09-15T11:40:37.2559920Z with:
make check (ubuntu-latest)	Checkout	2026-09-15T11:40:37.2560154Z   persist-credentials: false
make check (ubuntu-latest)	Checkout	2026-09-15T11:40:37.2560440Z   repository: luanmorenommaciel/task-spec
make check (ubuntu-latest)	Checkout	2026-09-15T11:40:37.2562375Z   token: ***
make check (ubuntu-latest)	Checkout	2026-09-15T11:40:37.2562596Z   ssh-strict: true
make check (ubuntu-latest)	Checkout	2026-09-15T11:40:37.2562822Z   ssh-user: git
make check (ubuntu-latest)	Checkout	2026-09-15T11:40:37.2563041Z   clean: true
make check (ubuntu-latest)	Checkout	2026-09-15T11:40:37.2563274Z   sparse-checkout-cone-mode: true
make check (ubuntu-latest)	Checkout	2026-09-15T11:40:37.2563542Z   fetch-depth: 1
make check (ubuntu-latest)	Checkout	2026-09-15T11:40:37.2563768Z   fetch-tags: false
make check (ubuntu-latest)	Checkout	2026-09-15T11:40:37.2564001Z   show-progress: true
make check (ubuntu-latest)	Checkout	2026-09-15T11:40:37.2564234Z   lfs: false
make check (ubuntu-latest)	Checkout	2026-09-15T11:40:37.2564450Z   submodules: false
make check (ubuntu-latest)	Checkout	2026-09-15T11:40:37.2564685Z   set-safe-directory: true
make check (ubuntu-latest)	Checkout	2026-09-15T11:40:37.2564950Z   allow-unsafe-pr-checkout: false
make check (ubuntu-latest)	Checkout	2026-09-15T11:40:37.2565281Z ##[endgroup]
make check (ubuntu-latest)	Checkout	2026-09-15T11:40:37.3163580Z Syncing repository: luanmorenommaciel/task-spec
make check (ubuntu-latest)	Checkout	2026-09-15T11:40:37.3165185Z ##[group]Getting Git version info
make check (ubuntu-latest)	Checkout	2026-09-15T11:40:37.3165844Z Working directory is '/home/runner/work/task-spec/task-spec'
make check (ubuntu-latest)	Checkout	2026-09-15T11:40:37.3166393Z [command]/usr/bin/git version
make check (ubuntu-latest)	Checkout	2026-09-15T11:40:37.3245430Z git version 2.55.0
make check (ubuntu-latest)	Checkout	2026-09-15T11:40:37.3258812Z ##[endgroup]
make check (ubuntu-latest)	Checkout	2026-09-15T11:40:37.3266251Z Temporarily overriding HOME='/home/runner/work/_temp/c18aca96-bd32-47c9-bf1c-41057fad739d' before making global git config changes
make check (ubuntu-latest)	Checkout	2026-09-15T11:40:37.3267175Z Adding repository directory to the temporary git global config as a safe directory
make check (ubuntu-latest)	Checkout	2026-09-15T11:40:37.3271097Z [command]/usr/bin/git config --global --add safe.directory /home/runner/work/task-spec/task-spec
make check (ubuntu-latest)	Checkout	2026-09-15T11:40:37.3313133Z Deleting the contents of '/home/runner/work/task-spec/task-spec'
make check (ubuntu-latest)	Checkout	2026-09-15T11:40:37.3315151Z ##[group]Determining repository object format
make check (ubuntu-latest)	Checkout	2026-09-15T11:40:37.3320271Z ##[endgroup]
make check (ubuntu-latest)	Checkout	2026-09-15T11:40:37.3325423Z ##[group]Initializing the repository
make check (ubuntu-latest)	Checkout	2026-09-15T11:40:37.3326080Z [command]/usr/bin/git init /home/runner/work/task-spec/task-spec
make check (ubuntu-latest)	Checkout	2026-09-15T11:40:37.3426570Z hint: Using 'master' as the name for the initial branch. This default branch name
make check (ubuntu-latest)	Checkout	2026-09-15T11:40:37.3428019Z hint: will change to "main" in Git 3.0. To configure the initial branch name
make check (ubuntu-latest)	Checkout	2026-09-15T11:40:37.3428957Z hint: to use in all of your new repositories, which will suppress this warning,
make check (ubuntu-latest)	Checkout	2026-09-15T11:40:37.3429686Z hint: call:
make check (ubuntu-latest)	Checkout	2026-09-15T11:40:37.3430152Z hint:
make check (ubuntu-latest)	Checkout	2026-09-15T11:40:37.3430693Z hint: 	git config --global init.defaultBranch <name>
make check (ubuntu-latest)	Checkout	2026-09-15T11:40:37.3431335Z hint:
make check (ubuntu-latest)	Checkout	2026-09-15T11:40:37.3431926Z hint: Names commonly chosen instead of 'master' are 'main', 'trunk' and
make check (ubuntu-latest)	Checkout	2026-09-15T11:40:37.3432827Z hint: 'development'. The just-created branch can be renamed via this command:
make check (ubuntu-latest)	Checkout	2026-09-15T11:40:37.3433549Z hint:
make check (ubuntu-latest)	Checkout	2026-09-15T11:40:37.3433997Z hint: 	git branch -m <name>
make check (ubuntu-latest)	Checkout	2026-09-15T11:40:37.3434495Z hint:
make check (ubuntu-latest)	Checkout	2026-09-15T11:40:37.3435321Z hint: Disable this message with "git config set advice.defaultBranchName false"
make check (ubuntu-latest)	Checkout	2026-09-15T11:40:37.3436622Z Initialized empty Git repository in /home/runner/work/task-spec/task-spec/.git/
make check (ubuntu-latest)	Checkout	2026-09-15T11:40:37.3438472Z [command]/usr/bin/git remote add origin https://github.com/luanmorenommaciel/task-spec
make check (ubuntu-latest)	Checkout	2026-09-15T11:40:37.3476139Z ##[endgroup]
make check (ubuntu-latest)	Checkout	2026-09-15T11:40:37.3476838Z ##[group]Disabling automatic garbage collection
make check (ubuntu-latest)	Checkout	2026-09-15T11:40:37.3483478Z [command]/usr/bin/git config --local gc.auto 0
make check (ubuntu-latest)	Checkout	2026-09-15T11:40:37.3510338Z ##[endgroup]
make check (ubuntu-latest)	Checkout	2026-09-15T11:40:37.3510931Z ##[group]Setting up auth
make check (ubuntu-latest)	Checkout	2026-09-15T11:40:37.3511342Z Removing SSH command configuration
make check (ubuntu-latest)	Checkout	2026-09-15T11:40:37.3516330Z [command]/usr/bin/git config --local --name-only --get-regexp core\.sshCommand
make check (ubuntu-latest)	Checkout	2026-09-15T11:40:37.3544647Z [command]/usr/bin/git submodule foreach --recursive sh -c "git config --local --name-only --get-regexp 'core\.sshCommand' && git config --local --unset-all 'core.sshCommand' || :"
make check (ubuntu-latest)	Checkout	2026-09-15T11:40:37.3824189Z Removing HTTP extra header
make check (ubuntu-latest)	Checkout	2026-09-15T11:40:37.3828019Z [command]/usr/bin/git config --local --name-only --get-regexp http\.https\:\/\/github\.com\/\.extraheader
make check (ubuntu-latest)	Checkout	2026-09-15T11:40:37.3857080Z [command]/usr/bin/git submodule foreach --recursive sh -c "git config --local --name-only --get-regexp 'http\.https\:\/\/github\.com\/\.extraheader' && git config --local --unset-all 'http.https://github.com/.extraheader' || :"
make check (ubuntu-latest)	Checkout	2026-09-15T11:40:37.4021425Z Removing includeIf entries pointing to credentials config files
make check (ubuntu-latest)	Checkout	2026-09-15T11:40:37.4025778Z [command]/usr/bin/git config --local --name-only --get-regexp ^includeIf\.gitdir:
make check (ubuntu-latest)	Checkout	2026-09-15T11:40:37.4055212Z [command]/usr/bin/git submodule foreach --recursive git config --local --show-origin --name-only --get-regexp remote.origin.url
make check (ubuntu-latest)	Checkout	2026-09-15T11:40:37.4247366Z [command]/usr/bin/git config --file /home/runner/work/_temp/git-credentials-ef8aa913-c657-48b3-8232-8d0fff939c98.config http.https://github.com/.extraheader AUTHORIZATION: basic ***
make check (ubuntu-latest)	Checkout	2026-09-15T11:40:37.4271607Z [command]/usr/bin/git config --local includeIf.gitdir:/home/runner/work/task-spec/task-spec/.git.path /home/runner/work/_temp/git-credentials-ef8aa913-c657-48b3-8232-8d0fff939c98.config
make check (ubuntu-latest)	Checkout	2026-09-15T11:40:37.4305155Z [command]/usr/bin/git config --local includeIf.gitdir:/home/runner/work/task-spec/task-spec/.git/worktrees/*.path /home/runner/work/_temp/git-credentials-ef8aa913-c657-48b3-8232-8d0fff939c98.config
make check (ubuntu-latest)	Checkout	2026-09-15T11:40:37.4334561Z [command]/usr/bin/git config --local includeIf.gitdir:/github/workspace/.git.path /github/runner_temp/git-credentials-ef8aa913-c657-48b3-8232-8d0fff939c98.config
make check (ubuntu-latest)	Checkout	2026-09-15T11:40:37.4360622Z [command]/usr/bin/git config --local includeIf.gitdir:/github/workspace/.git/worktrees/*.path /github/runner_temp/git-credentials-ef8aa913-c657-48b3-8232-8d0fff939c98.config
make check (ubuntu-latest)	Checkout	2026-09-15T11:40:37.4384910Z ##[endgroup]
make check (ubuntu-latest)	Checkout	2026-09-15T11:40:37.4385313Z ##[group]Fetching the repository
make check (ubuntu-latest)	Checkout	2026-09-15T11:40:37.4389339Z [command]/usr/bin/git -c protocol.version=2 fetch --no-tags --prune --no-recurse-submodules --depth=1 origin +79ec514387fed8c941dbd9ffb3e6d3ededfc85f3:refs/remotes/origin/main
make check (ubuntu-latest)	Checkout	2026-09-15T11:40:39.3459790Z From https://github.com/luanmorenommaciel/task-spec
make check (ubuntu-latest)	Checkout	2026-09-15T11:40:39.3461525Z  * [new ref]         79ec514387fed8c941dbd9ffb3e6d3ededfc85f3 -> origin/main
make check (ubuntu-latest)	Checkout	2026-09-15T11:40:39.3468232Z [command]/usr/bin/git branch --list --remote origin/main
make check (ubuntu-latest)	Checkout	2026-09-15T11:40:39.3493261Z   origin/main
make check (ubuntu-latest)	Checkout	2026-09-15T11:40:39.3498708Z [command]/usr/bin/git rev-parse refs/remotes/origin/main
make check (ubuntu-latest)	Checkout	2026-09-15T11:40:39.3519897Z 79ec514387fed8c941dbd9ffb3e6d3ededfc85f3
make check (ubuntu-latest)	Checkout	2026-09-15T11:40:39.3523208Z ##[endgroup]
make check (ubuntu-latest)	Checkout	2026-09-15T11:40:39.3524277Z ##[group]Determining the checkout info
make check (ubuntu-latest)	Checkout	2026-09-15T11:40:39.3525695Z ##[endgroup]
make check (ubuntu-latest)	Checkout	2026-09-15T11:40:39.3526740Z [command]/usr/bin/git sparse-checkout disable
make check (ubuntu-latest)	Checkout	2026-09-15T11:40:39.3570105Z [command]/usr/bin/git config --local --unset-all extensions.worktreeConfig
make check (ubuntu-latest)	Checkout	2026-09-15T11:40:39.3597190Z ##[group]Checking out the ref
make check (ubuntu-latest)	Checkout	2026-09-15T11:40:39.3599265Z [command]/usr/bin/git checkout --progress --force -B main refs/remotes/origin/main
make check (ubuntu-latest)	Checkout	2026-09-15T11:40:39.5698341Z Switched to a new branch 'main'
make check (ubuntu-latest)	Checkout	2026-09-15T11:40:39.5706462Z branch 'main' set up to track 'origin/main'.
make check (ubuntu-latest)	Checkout	2026-09-15T11:40:39.5718917Z ##[endgroup]
make check (ubuntu-latest)	Checkout	2026-09-15T11:40:39.5760073Z [command]/usr/bin/git log -1 --format=%H
make check (ubuntu-latest)	Checkout	2026-09-15T11:40:39.5782992Z 79ec514387fed8c941dbd9ffb3e6d3ededfc85f3
make check (ubuntu-latest)	Checkout	2026-09-15T11:40:39.5789141Z ##[group]Removing auth
make check (ubuntu-latest)	Checkout	2026-09-15T11:40:39.5789440Z Removing SSH command configuration
make check (ubuntu-latest)	Checkout	2026-09-15T11:40:39.5791349Z [command]/usr/bin/git config --local --name-only --get-regexp core\.sshCommand
make check (ubuntu-latest)	Checkout	2026-09-15T11:40:39.5819203Z [command]/usr/bin/git submodule foreach --recursive sh -c "git config --local --name-only --get-regexp 'core\.sshCommand' && git config --local --unset-all 'core.sshCommand' || :"
make check (ubuntu-latest)	Checkout	2026-09-15T11:40:39.5989663Z Removing HTTP extra header
make check (ubuntu-latest)	Checkout	2026-09-15T11:40:39.5991705Z [command]/usr/bin/git config --local --name-only --get-regexp http\.https\:\/\/github\.com\/\.extraheader
make check (ubuntu-latest)	Checkout	2026-09-15T11:40:39.6017514Z [command]/usr/bin/git submodule foreach --recursive sh -c "git config --local --name-only --get-regexp 'http\.https\:\/\/github\.com\/\.extraheader' && git config --local --unset-all 'http.https://github.com/.extraheader' || :"
make check (ubuntu-latest)	Checkout	2026-09-15T11:40:39.6186516Z Removing includeIf entries pointing to credentials config files
make check (ubuntu-latest)	Checkout	2026-09-15T11:40:39.6188039Z [command]/usr/bin/git config --local --name-only --get-regexp ^includeIf\.gitdir:
make check (ubuntu-latest)	Checkout	2026-09-15T11:40:39.6212312Z includeif.gitdir:/home/runner/work/task-spec/task-spec/.git.path
make check (ubuntu-latest)	Checkout	2026-09-15T11:40:39.6212813Z includeif.gitdir:/home/runner/work/task-spec/task-spec/.git/worktrees/*.path
make check (ubuntu-latest)	Checkout	2026-09-15T11:40:39.6213238Z includeif.gitdir:/github/workspace/.git.path
make check (ubuntu-latest)	Checkout	2026-09-15T11:40:39.6213617Z includeif.gitdir:/github/workspace/.git/worktrees/*.path
make check (ubuntu-latest)	Checkout	2026-09-15T11:40:39.6218442Z [command]/usr/bin/git config --local --get-all includeif.gitdir:/home/runner/work/task-spec/task-spec/.git.path
make check (ubuntu-latest)	Checkout	2026-09-15T11:40:39.6238849Z /home/runner/work/_temp/git-credentials-ef8aa913-c657-48b3-8232-8d0fff939c98.config
make check (ubuntu-latest)	Checkout	2026-09-15T11:40:39.6244569Z [command]/usr/bin/git config --local --unset includeif.gitdir:/home/runner/work/task-spec/task-spec/.git.path \/home\/runner\/work\/_temp\/git\-credentials\-ef8aa913\-c657\-48b3\-8232\-8d0fff939c98\.config
make check (ubuntu-latest)	Checkout	2026-09-15T11:40:39.6305105Z [command]/usr/bin/git config --local --get-all includeif.gitdir:/home/runner/work/task-spec/task-spec/.git/worktrees/*.path
make check (ubuntu-latest)	Checkout	2026-09-15T11:40:39.6325776Z /home/runner/work/_temp/git-credentials-ef8aa913-c657-48b3-8232-8d0fff939c98.config
make check (ubuntu-latest)	Checkout	2026-09-15T11:40:39.6330999Z [command]/usr/bin/git config --local --unset includeif.gitdir:/home/runner/work/task-spec/task-spec/.git/worktrees/*.path \/home\/runner\/work\/_temp\/git\-credentials\-ef8aa913\-c657\-48b3\-8232\-8d0fff939c98\.config
make check (ubuntu-latest)	Checkout	2026-09-15T11:40:39.6358286Z [command]/usr/bin/git config --local --get-all includeif.gitdir:/github/workspace/.git.path
make check (ubuntu-latest)	Checkout	2026-09-15T11:40:39.6389551Z /github/runner_temp/git-credentials-ef8aa913-c657-48b3-8232-8d0fff939c98.config
make check (ubuntu-latest)	Checkout	2026-09-15T11:40:39.6390533Z [command]/usr/bin/git config --local --unset includeif.gitdir:/github/workspace/.git.path \/github\/runner_temp\/git\-credentials\-ef8aa913\-c657\-48b3\-8232\-8d0fff939c98\.config
make check (ubuntu-latest)	Checkout	2026-09-15T11:40:39.6445857Z [command]/usr/bin/git config --local --get-all includeif.gitdir:/github/workspace/.git/worktrees/*.path
make check (ubuntu-latest)	Checkout	2026-09-15T11:40:39.6466806Z /github/runner_temp/git-credentials-ef8aa913-c657-48b3-8232-8d0fff939c98.config
make check (ubuntu-latest)	Checkout	2026-09-15T11:40:39.6472069Z [command]/usr/bin/git config --local --unset includeif.gitdir:/github/workspace/.git/worktrees/*.path \/github\/runner_temp\/git\-credentials\-ef8aa913\-c657\-48b3\-8232\-8d0fff939c98\.config
make check (ubuntu-latest)	Checkout	2026-09-15T11:40:39.6500662Z [command]/usr/bin/git submodule foreach --recursive git config --local --show-origin --name-only --get-regexp remote.origin.url
make check (ubuntu-latest)	Checkout	2026-09-15T11:40:39.6664933Z Removing credentials config '/home/runner/work/_temp/git-credentials-ef8aa913-c657-48b3-8232-8d0fff939c98.config'
make check (ubuntu-latest)	Checkout	2026-09-15T11:40:39.6670915Z ##[endgroup]
make check (ubuntu-latest)	Install pinned Go toolchain for optional TaskMesh	﻿2026-09-15T11:40:39.6826092Z ##[group]Run actions/setup-go@b7ad1dad31e06c5925ef5d2fc7ad053ef454303e
make check (ubuntu-latest)	Install pinned Go toolchain for optional TaskMesh	2026-09-15T11:40:39.6826349Z with:
make check (ubuntu-latest)	Install pinned Go toolchain for optional TaskMesh	2026-09-15T11:40:39.6826490Z   go-version: 1.25.0
make check (ubuntu-latest)	Install pinned Go toolchain for optional TaskMesh	2026-09-15T11:40:39.6826662Z   cache-dependency-path: go.sum
make check (ubuntu-latest)	Install pinned Go toolchain for optional TaskMesh	2026-09-15T11:40:39.6826827Z   check-latest: false
make check (ubuntu-latest)	Install pinned Go toolchain for optional TaskMesh	2026-09-15T11:40:39.6828195Z   token: ***
make check (ubuntu-latest)	Install pinned Go toolchain for optional TaskMesh	2026-09-15T11:40:39.6828328Z   cache: true
make check (ubuntu-latest)	Install pinned Go toolchain for optional TaskMesh	2026-09-15T11:40:39.6828464Z ##[endgroup]
make check (ubuntu-latest)	Install pinned Go toolchain for optional TaskMesh	2026-09-15T11:40:39.7533780Z Setup go version spec 1.25.0
make check (ubuntu-latest)	Install pinned Go toolchain for optional TaskMesh	2026-09-15T11:40:39.7539019Z Attempting to download 1.25.0...
make check (ubuntu-latest)	Install pinned Go toolchain for optional TaskMesh	2026-09-15T11:40:40.4086370Z matching 1.25.0...
make check (ubuntu-latest)	Install pinned Go toolchain for optional TaskMesh	2026-09-15T11:40:40.4117216Z Acquiring 1.25.0 from https://github.com/actions/go-versions/releases/download/1.25.0-16925932082/go-1.25.0-linux-x64.tar.gz
make check (ubuntu-latest)	Install pinned Go toolchain for optional TaskMesh	2026-09-15T11:40:40.9126544Z Extracting Go...
make check (ubuntu-latest)	Install pinned Go toolchain for optional TaskMesh	2026-09-15T11:40:40.9199110Z [command]/usr/bin/tar xz --warning=no-unknown-keyword --overwrite -C /home/runner/work/_temp/e73d6e10-140e-4806-9145-22b6d04c1ccd -f /home/runner/work/_temp/d15a03b9-2c0c-40b5-a1b9-137e0cd07e22
make check (ubuntu-latest)	Install pinned Go toolchain for optional TaskMesh	2026-09-15T11:40:41.9684771Z Successfully extracted go to /home/runner/work/_temp/e73d6e10-140e-4806-9145-22b6d04c1ccd
make check (ubuntu-latest)	Install pinned Go toolchain for optional TaskMesh	2026-09-15T11:40:41.9685449Z Adding to the cache ...
make check (ubuntu-latest)	Install pinned Go toolchain for optional TaskMesh	2026-09-15T11:40:45.1248539Z Successfully cached go to /opt/hostedtoolcache/go/1.25.0/x64
make check (ubuntu-latest)	Install pinned Go toolchain for optional TaskMesh	2026-09-15T11:40:45.1249729Z Added go to the path
make check (ubuntu-latest)	Install pinned Go toolchain for optional TaskMesh	2026-09-15T11:40:45.1251126Z Successfully set up Go version 1.25.0
make check (ubuntu-latest)	Install pinned Go toolchain for optional TaskMesh	2026-09-15T11:40:45.1384796Z [command]/opt/hostedtoolcache/go/1.25.0/x64/bin/go env GOMODCACHE
make check (ubuntu-latest)	Install pinned Go toolchain for optional TaskMesh	2026-09-15T11:40:45.1411671Z [command]/opt/hostedtoolcache/go/1.25.0/x64/bin/go env GOCACHE
make check (ubuntu-latest)	Install pinned Go toolchain for optional TaskMesh	2026-09-15T11:40:45.1437078Z /home/runner/go/pkg/mod
make check (ubuntu-latest)	Install pinned Go toolchain for optional TaskMesh	2026-09-15T11:40:45.1446909Z /home/runner/.cache/go-build
make check (ubuntu-latest)	Install pinned Go toolchain for optional TaskMesh	2026-09-15T11:40:45.2982706Z Cache hit for: setup-go-Linux-x64-ubuntu24-go-1.25.0-177c9a629613f64b62ff3bce8b5249e61de06089c1d63967a2ef301279610df5
make check (ubuntu-latest)	Install pinned Go toolchain for optional TaskMesh	2026-09-15T11:40:46.4389202Z Received 100718294 of 104912598 (96.0%), 96.1 MBs/sec
make check (ubuntu-latest)	Install pinned Go toolchain for optional TaskMesh	2026-09-15T11:40:46.8891908Z Received 104912598 of 104912598 (100.0%), 69.0 MBs/sec
make check (ubuntu-latest)	Install pinned Go toolchain for optional TaskMesh	2026-09-15T11:40:46.8892467Z Cache Size: ~100 MB (104912598 B)
make check (ubuntu-latest)	Install pinned Go toolchain for optional TaskMesh	2026-09-15T11:40:46.8915439Z [command]/usr/bin/tar -xf /home/runner/work/_temp/2cfbcc56-d098-4634-915d-1ee999fc15c2/cache.tzst -P -C /home/runner/work/task-spec/task-spec --use-compress-program unzstd
make check (ubuntu-latest)	Install pinned Go toolchain for optional TaskMesh	2026-09-15T11:40:47.4527986Z Cache restored successfully
make check (ubuntu-latest)	Install pinned Go toolchain for optional TaskMesh	2026-09-15T11:40:47.4572269Z Cache restored from key: setup-go-Linux-x64-ubuntu24-go-1.25.0-177c9a629613f64b62ff3bce8b5249e61de06089c1d63967a2ef301279610df5
make check (ubuntu-latest)	Install pinned Go toolchain for optional TaskMesh	2026-09-15T11:40:47.4591931Z go version go1.25.0 linux/amd64
make check (ubuntu-latest)	Install pinned Go toolchain for optional TaskMesh	2026-09-15T11:40:47.4592074Z 
make check (ubuntu-latest)	Install pinned Go toolchain for optional TaskMesh	2026-09-15T11:40:47.4592264Z ##[group]go env
make check (ubuntu-latest)	Install pinned Go toolchain for optional TaskMesh	2026-09-15T11:40:47.4695079Z AR='ar'
make check (ubuntu-latest)	Install pinned Go toolchain for optional TaskMesh	2026-09-15T11:40:47.4695285Z CC='gcc'
make check (ubuntu-latest)	Install pinned Go toolchain for optional TaskMesh	2026-09-15T11:40:47.4695479Z CGO_CFLAGS='-O2 -g'
make check (ubuntu-latest)	Install pinned Go toolchain for optional TaskMesh	2026-09-15T11:40:47.4695858Z CGO_CPPFLAGS=''
make check (ubuntu-latest)	Install pinned Go toolchain for optional TaskMesh	2026-09-15T11:40:47.4696040Z CGO_CXXFLAGS='-O2 -g'
make check (ubuntu-latest)	Install pinned Go toolchain for optional TaskMesh	2026-09-15T11:40:47.4696231Z CGO_ENABLED='1'
make check (ubuntu-latest)	Install pinned Go toolchain for optional TaskMesh	2026-09-15T11:40:47.4696429Z CGO_FFLAGS='-O2 -g'
make check (ubuntu-latest)	Install pinned Go toolchain for optional TaskMesh	2026-09-15T11:40:47.4696644Z CGO_LDFLAGS='-O2 -g'
make check (ubuntu-latest)	Install pinned Go toolchain for optional TaskMesh	2026-09-15T11:40:47.4696861Z CXX='g++'
make check (ubuntu-latest)	Install pinned Go toolchain for optional TaskMesh	2026-09-15T11:40:47.4697028Z GCCGO='gccgo'
make check (ubuntu-latest)	Install pinned Go toolchain for optional TaskMesh	2026-09-15T11:40:47.4697202Z GO111MODULE=''
make check (ubuntu-latest)	Install pinned Go toolchain for optional TaskMesh	2026-09-15T11:40:47.4697419Z GOAMD64='v1'
make check (ubuntu-latest)	Install pinned Go toolchain for optional TaskMesh	2026-09-15T11:40:47.4697585Z GOARCH='amd64'
make check (ubuntu-latest)	Install pinned Go toolchain for optional TaskMesh	2026-09-15T11:40:47.4697754Z GOAUTH='netrc'
make check (ubuntu-latest)	Install pinned Go toolchain for optional TaskMesh	2026-09-15T11:40:47.4697920Z GOBIN=''
make check (ubuntu-latest)	Install pinned Go toolchain for optional TaskMesh	2026-09-15T11:40:47.4698375Z GOCACHE='/home/runner/.cache/go-build'
make check (ubuntu-latest)	Install pinned Go toolchain for optional TaskMesh	2026-09-15T11:40:47.4698534Z GOCACHEPROG=''
make check (ubuntu-latest)	Install pinned Go toolchain for optional TaskMesh	2026-09-15T11:40:47.4698646Z GODEBUG=''
make check (ubuntu-latest)	Install pinned Go toolchain for optional TaskMesh	2026-09-15T11:40:47.4698874Z GOENV='/home/runner/.config/go/env'
make check (ubuntu-latest)	Install pinned Go toolchain for optional TaskMesh	2026-09-15T11:40:47.4699077Z GOEXE=''
make check (ubuntu-latest)	Install pinned Go toolchain for optional TaskMesh	2026-09-15T11:40:47.4699237Z GOEXPERIMENT=''
make check (ubuntu-latest)	Install pinned Go toolchain for optional TaskMesh	2026-09-15T11:40:47.4699412Z GOFIPS140='off'
make check (ubuntu-latest)	Install pinned Go toolchain for optional TaskMesh	2026-09-15T11:40:47.4699538Z GOFLAGS=''
make check (ubuntu-latest)	Install pinned Go toolchain for optional TaskMesh	2026-09-15T11:40:47.4699932Z GOGCCFLAGS='-fPIC -m64 -pthread -Wl,--no-gc-sections -fmessage-length=0 -ffile-prefix-map=/tmp/go-build1141327780=/tmp/go-build -gno-record-gcc-switches'
make check (ubuntu-latest)	Install pinned Go toolchain for optional TaskMesh	2026-09-15T11:40:47.4700285Z GOHOSTARCH='amd64'
make check (ubuntu-latest)	Install pinned Go toolchain for optional TaskMesh	2026-09-15T11:40:47.4700407Z GOHOSTOS='linux'
make check (ubuntu-latest)	Install pinned Go toolchain for optional TaskMesh	2026-09-15T11:40:47.4700524Z GOINSECURE=''
make check (ubuntu-latest)	Install pinned Go toolchain for optional TaskMesh	2026-09-15T11:40:47.4700711Z GOMOD='/home/runner/work/task-spec/task-spec/go.mod'
make check (ubuntu-latest)	Install pinned Go toolchain for optional TaskMesh	2026-09-15T11:40:47.4700901Z GOMODCACHE='/home/runner/go/pkg/mod'
make check (ubuntu-latest)	Install pinned Go toolchain for optional TaskMesh	2026-09-15T11:40:47.4701198Z GONOPROXY=''
make check (ubuntu-latest)	Install pinned Go toolchain for optional TaskMesh	2026-09-15T11:40:47.4701309Z GONOSUMDB=''
make check (ubuntu-latest)	Install pinned Go toolchain for optional TaskMesh	2026-09-15T11:40:47.4701418Z GOOS='linux'
make check (ubuntu-latest)	Install pinned Go toolchain for optional TaskMesh	2026-09-15T11:40:47.4701556Z GOPATH='/home/runner/go'
make check (ubuntu-latest)	Install pinned Go toolchain for optional TaskMesh	2026-09-15T11:40:47.4701688Z GOPRIVATE=''
make check (ubuntu-latest)	Install pinned Go toolchain for optional TaskMesh	2026-09-15T11:40:47.4701914Z GOPROXY='https://proxy.golang.org,direct'
make check (ubuntu-latest)	Install pinned Go toolchain for optional TaskMesh	2026-09-15T11:40:47.4702100Z GOROOT='/opt/hostedtoolcache/go/1.25.0/x64'
make check (ubuntu-latest)	Install pinned Go toolchain for optional TaskMesh	2026-09-15T11:40:47.4702272Z GOSUMDB='sum.golang.org'
make check (ubuntu-latest)	Install pinned Go toolchain for optional TaskMesh	2026-09-15T11:40:47.4702409Z GOTELEMETRY='local'
make check (ubuntu-latest)	Install pinned Go toolchain for optional TaskMesh	2026-09-15T11:40:47.4702557Z GOTELEMETRYDIR='/home/runner/.config/go/telemetry'
make check (ubuntu-latest)	Install pinned Go toolchain for optional TaskMesh	2026-09-15T11:40:47.4702724Z GOTMPDIR=''
make check (ubuntu-latest)	Install pinned Go toolchain for optional TaskMesh	2026-09-15T11:40:47.4702836Z GOTOOLCHAIN='local'
make check (ubuntu-latest)	Install pinned Go toolchain for optional TaskMesh	2026-09-15T11:40:47.4703019Z GOTOOLDIR='/opt/hostedtoolcache/go/1.25.0/x64/pkg/tool/linux_amd64'
make check (ubuntu-latest)	Install pinned Go toolchain for optional TaskMesh	2026-09-15T11:40:47.4703212Z GOVCS=''
make check (ubuntu-latest)	Install pinned Go toolchain for optional TaskMesh	2026-09-15T11:40:47.4703321Z GOVERSION='go1.25.0'
make check (ubuntu-latest)	Install pinned Go toolchain for optional TaskMesh	2026-09-15T11:40:47.4703443Z GOWORK=''
make check (ubuntu-latest)	Install pinned Go toolchain for optional TaskMesh	2026-09-15T11:40:47.4703564Z PKG_CONFIG='pkg-config'
make check (ubuntu-latest)	Install pinned Go toolchain for optional TaskMesh	2026-09-15T11:40:47.4703647Z 
make check (ubuntu-latest)	Install pinned Go toolchain for optional TaskMesh	2026-09-15T11:40:47.4703823Z ##[endgroup]
make check (ubuntu-latest)	Provision private locked decomposition runtime	﻿2026-09-15T11:40:47.4855967Z ##[group]Run bash bin/taskspec setup decompose
make check (ubuntu-latest)	Provision private locked decomposition runtime	2026-09-15T11:40:47.4856287Z [36;1mbash bin/taskspec setup decompose[0m
make check (ubuntu-latest)	Provision private locked decomposition runtime	2026-09-15T11:40:47.4888564Z shell: /usr/bin/bash -e {0}
make check (ubuntu-latest)	Provision private locked decomposition runtime	2026-09-15T11:40:47.4888728Z env:
make check (ubuntu-latest)	Provision private locked decomposition runtime	2026-09-15T11:40:47.4888840Z   GOTOOLCHAIN: local
make check (ubuntu-latest)	Provision private locked decomposition runtime	2026-09-15T11:40:47.4888963Z ##[endgroup]
make check (ubuntu-latest)	Provision private locked decomposition runtime	2026-09-15T11:40:49.8092268Z Collecting attrs==26.1.0 (from -r /home/runner/work/task-spec/task-spec/src/decompose/requirements.lock (line 2))
make check (ubuntu-latest)	Provision private locked decomposition runtime	2026-09-15T11:40:49.8702899Z   Downloading attrs-26.1.0-py3-none-any.whl (67 kB)
make check (ubuntu-latest)	Provision private locked decomposition runtime	2026-09-15T11:40:49.8878698Z      ━━━━━━━━━━━━━━━━━━━━━━━━━━━━━━━━━━━━━━━━ 67.5/67.5 kB 3.6 MB/s eta 0:00:00
make check (ubuntu-latest)	Provision private locked decomposition runtime	2026-09-15T11:40:49.9329321Z Collecting jsonschema==4.26.0 (from -r /home/runner/work/task-spec/task-spec/src/decompose/requirements.lock (line 5))
make check (ubuntu-latest)	Provision private locked decomposition runtime	2026-09-15T11:40:49.9452093Z   Downloading jsonschema-4.26.0-py3-none-any.whl (90 kB)
make check (ubuntu-latest)	Provision private locked decomposition runtime	2026-09-15T11:40:49.9512661Z      ━━━━━━━━━━━━━━━━━━━━━━━━━━━━━━━━━━━━━━━━ 90.6/90.6 kB 16.1 MB/s eta 0:00:00
make check (ubuntu-latest)	Provision private locked decomposition runtime	2026-09-15T11:40:49.9784343Z Collecting jsonschema-specifications==2025.9.1 (from -r /home/runner/work/task-spec/task-spec/src/decompose/requirements.lock (line 8))
make check (ubuntu-latest)	Provision private locked decomposition runtime	2026-09-15T11:40:49.9912500Z   Downloading jsonschema_specifications-2025.9.1-py3-none-any.whl (18 kB)
make check (ubuntu-latest)	Provision private locked decomposition runtime	2026-09-15T11:40:50.0392920Z Collecting PyYAML==6.0.3 (from -r /home/runner/work/task-spec/task-spec/src/decompose/requirements.lock (line 11))
make check (ubuntu-latest)	Provision private locked decomposition runtime	2026-09-15T11:40:50.0516337Z   Downloading pyyaml-6.0.3-cp312-cp312-manylinux2014_x86_64.manylinux_2_17_x86_64.manylinux_2_28_x86_64.whl (807 kB)
make check (ubuntu-latest)	Provision private locked decomposition runtime	2026-09-15T11:40:50.0911847Z      ━━━━━━━━━━━━━━━━━━━━━━━━━━━━━━━━━━━━━━ 807.9/807.9 kB 20.8 MB/s eta 0:00:00
make check (ubuntu-latest)	Provision private locked decomposition runtime	2026-09-15T11:40:50.1221712Z Collecting referencing==0.37.0 (from -r /home/runner/work/task-spec/task-spec/src/decompose/requirements.lock (line 85))
make check (ubuntu-latest)	Provision private locked decomposition runtime	2026-09-15T11:40:50.1344316Z   Downloading referencing-0.37.0-py3-none-any.whl (26 kB)
make check (ubuntu-latest)	Provision private locked decomposition runtime	2026-09-15T11:40:50.3273666Z Collecting rpds-py==2026.6.3 (from -r /home/runner/work/task-spec/task-spec/src/decompose/requirements.lock (line 88))
make check (ubuntu-latest)	Provision private locked decomposition runtime	2026-09-15T11:40:50.3404268Z   Downloading rpds_py-2026.6.3-cp312-cp312-manylinux_2_17_x86_64.manylinux2014_x86_64.whl (366 kB)
make check (ubuntu-latest)	Provision private locked decomposition runtime	2026-09-15T11:40:50.3464500Z      ━━━━━━━━━━━━━━━━━━━━━━━━━━━━━━━━━━━━━━ 366.2/366.2 kB 75.5 MB/s eta 0:00:00
make check (ubuntu-latest)	Provision private locked decomposition runtime	2026-09-15T11:40:50.3763575Z Collecting typing_extensions==4.15.0 (from -r /home/runner/work/task-spec/task-spec/src/decompose/requirements.lock (line 205))
make check (ubuntu-latest)	Provision private locked decomposition runtime	2026-09-15T11:40:50.3896053Z   Downloading typing_extensions-4.15.0-py3-none-any.whl (44 kB)
make check (ubuntu-latest)	Provision private locked decomposition runtime	2026-09-15T11:40:50.3921144Z      ━━━━━━━━━━━━━━━━━━━━━━━━━━━━━━━━━━━━━━━━ 44.6/44.6 kB 22.8 MB/s eta 0:00:00
make check (ubuntu-latest)	Provision private locked decomposition runtime	2026-09-15T11:40:50.4259998Z Installing collected packages: typing_extensions, rpds-py, PyYAML, attrs, referencing, jsonschema-specifications, jsonschema
make check (ubuntu-latest)	Provision private locked decomposition runtime	2026-09-15T11:40:50.5624220Z Successfully installed PyYAML-6.0.3 attrs-26.1.0 jsonschema-4.26.0 jsonschema-specifications-2025.9.1 referencing-0.37.0 rpds-py-2026.6.3 typing_extensions-4.15.0
make check (ubuntu-latest)	Provision private locked decomposition runtime	2026-09-15T11:40:50.6904860Z {"contract": "TaskRuntimeSetup/v1", "ready": true, "path": "/home/runner/work/task-spec/task-spec/.taskspec/runtime/decompose", "lock_digest": "eb1adcfe1266108d7587d9a561bb57d482a2104efa871db46c6287095649ba33"}
make check (ubuntu-latest)	Install schema-fidelity consumer dependencies	﻿2026-09-15T11:40:50.6980903Z ##[group]Run python3 -m pip install --disable-pip-version-check --quiet --break-system-packages pyyaml==6.0.2 jsonschema==4.26.0
make check (ubuntu-latest)	Install schema-fidelity consumer dependencies	2026-09-15T11:40:50.6981437Z [36;1mpython3 -m pip install --disable-pip-version-check --quiet --break-system-packages pyyaml==6.0.2 jsonschema==4.26.0[0m
make check (ubuntu-latest)	Install schema-fidelity consumer dependencies	2026-09-15T11:40:50.7011892Z shell: /usr/bin/bash -e {0}
make check (ubuntu-latest)	Install schema-fidelity consumer dependencies	2026-09-15T11:40:50.7012031Z env:
make check (ubuntu-latest)	Install schema-fidelity consumer dependencies	2026-09-15T11:40:50.7012149Z   GOTOOLCHAIN: local
make check (ubuntu-latest)	Install schema-fidelity consumer dependencies	2026-09-15T11:40:50.7012271Z ##[endgroup]
make check (ubuntu-latest)	make check (includes isolated install-to-accept demo)	﻿2026-09-15T11:40:51.9532456Z ##[group]Run make check
make check (ubuntu-latest)	make check (includes isolated install-to-accept demo)	2026-09-15T11:40:51.9532628Z [36;1mmake check[0m
make check (ubuntu-latest)	make check (includes isolated install-to-accept demo)	2026-09-15T11:40:51.9561729Z shell: /usr/bin/bash -e {0}
make check (ubuntu-latest)	make check (includes isolated install-to-accept demo)	2026-09-15T11:40:51.9561863Z env:
make check (ubuntu-latest)	make check (includes isolated install-to-accept demo)	2026-09-15T11:40:51.9561970Z   GOTOOLCHAIN: local
make check (ubuntu-latest)	make check (includes isolated install-to-accept demo)	2026-09-15T11:40:51.9562089Z ##[endgroup]
make check (ubuntu-latest)	make check (includes isolated install-to-accept demo)	2026-09-15T11:40:51.9623467Z bash bin/taskspec doctor
make check (ubuntu-latest)	make check (includes isolated install-to-accept demo)	2026-09-15T11:40:51.9649785Z PASS  bash >= 3.2 (5.2.21(1)-release)
make check (ubuntu-latest)	make check (includes isolated install-to-accept demo)	2026-09-15T11:40:51.9670355Z PASS  git (2.55.0)
make check (ubuntu-latest)	make check (includes isolated install-to-accept demo)	2026-09-15T11:40:51.9689340Z PASS  python3 (3.12.3)
make check (ubuntu-latest)	make check (includes isolated install-to-accept demo)	2026-09-15T11:40:51.9689953Z PASS  SHA-256/HMAC provider
make check (ubuntu-latest)	make check (includes isolated install-to-accept demo)	2026-09-15T11:40:51.9690714Z PASS  shellcheck
make check (ubuntu-latest)	make check (includes isolated install-to-accept demo)	2026-09-15T11:40:51.9709025Z WARN  no signing key; run: taskspec setup signing
make check (ubuntu-latest)	make check (includes isolated install-to-accept demo)	2026-09-15T11:40:51.9709326Z DOCTOR=READY
make check (ubuntu-latest)	make check (includes isolated install-to-accept demo)	2026-09-15T11:40:51.9711606Z bash tests/lint-skill-docs.sh
make check (ubuntu-latest)	make check (includes isolated install-to-accept demo)	2026-09-15T11:40:52.0520571Z lint-skill-docs.sh (10 checks)
make check (ubuntu-latest)	make check (includes isolated install-to-accept demo)	2026-09-15T11:40:52.0521178Z ════════════════════════════════════════
make check (ubuntu-latest)	make check (includes isolated install-to-accept demo)	2026-09-15T11:40:52.0521496Z OK: VERSION, CHANGELOG.md, and src/lib/_lib.sh agree at v3.10.0
make check (ubuntu-latest)	make check (includes isolated install-to-accept demo)	2026-09-15T11:40:52.0522371Z bash tests/lint-docs.sh
make check (ubuntu-latest)	make check (includes isolated install-to-accept demo)	2026-09-15T11:40:52.5142778Z CLI_REFERENCE=OK
make check (ubuntu-latest)	make check (includes isolated install-to-accept demo)	2026-09-15T11:40:52.5175251Z lint-docs: OK
make check (ubuntu-latest)	make check (includes isolated install-to-accept demo)	2026-09-15T11:40:52.5186025Z set -e; for t in tests/test-*.sh; do bash "$t"; done
make check (ubuntu-latest)	make check (includes isolated install-to-accept demo)	2026-09-15T11:40:52.5890658Z PASS — dependency-aware leaf frontier and --all behavior
make check (ubuntu-latest)	make check (includes isolated install-to-accept demo)	2026-09-15T11:40:52.6234076Z PASS — collisions, dangling edges, cycles, and concurrency are reported
make check (ubuntu-latest)	make check (includes isolated install-to-accept demo)	2026-09-15T11:40:52.7017807Z PASS — archived dependencies, supersession blocking, advisory blocks, and deterministic graph views
make check (ubuntu-latest)	make check (includes isolated install-to-accept demo)	2026-09-15T11:40:52.9180235Z PASS — recursive task resolution and active write conflicts share one graph universe
make check (ubuntu-latest)	make check (includes isolated install-to-accept demo)	2026-09-15T11:40:53.0099378Z PASS — dependency closure includes leaf dependencies and composition ancestors only
make check (ubuntu-latest)	make check (includes isolated install-to-accept demo)	2026-09-15T11:40:53.0135184Z === (a) bash -n syntax check for every src/*/*.sh ===
make check (ubuntu-latest)	make check (includes isolated install-to-accept demo)	2026-09-15T11:40:53.0151755Z   ✓ syntax ok: accept/accept-task.sh
make check (ubuntu-latest)	make check (includes isolated install-to-accept demo)	2026-09-15T11:40:53.0164833Z   ✓ syntax ok: author/batch-generate.sh
make check (ubuntu-latest)	make check (includes isolated install-to-accept demo)	2026-09-15T11:40:53.0177979Z   ✓ syntax ok: author/generate-task-spec.sh
make check (ubuntu-latest)	make check (includes isolated install-to-accept demo)	2026-09-15T11:40:53.0189671Z   ✓ syntax ok: author/migrate-legacy-task.sh
make check (ubuntu-latest)	make check (includes isolated install-to-accept demo)	2026-09-15T11:40:53.0200958Z   ✓ syntax ok: backlog/archive.sh
make check (ubuntu-latest)	make check (includes isolated install-to-accept demo)	2026-09-15T11:40:53.0212228Z   ✓ syntax ok: backlog/backup-backlog.sh
make check (ubuntu-latest)	make check (includes isolated install-to-accept demo)	2026-09-15T11:40:53.0223464Z   ✓ syntax ok: backlog/install-hooks.sh
make check (ubuntu-latest)	make check (includes isolated install-to-accept demo)	2026-09-15T11:40:53.0234311Z   ✓ syntax ok: backlog/lint-backlog.sh
make check (ubuntu-latest)	make check (includes isolated install-to-accept demo)	2026-09-15T11:40:53.0245078Z   ✓ syntax ok: backlog/list-ready.sh
make check (ubuntu-latest)	make check (includes isolated install-to-accept demo)	2026-09-15T11:40:53.0257421Z   ✓ syntax ok: backlog/query-metrics.sh
make check (ubuntu-latest)	make check (includes isolated install-to-accept demo)	2026-09-15T11:40:53.0269610Z   ✓ syntax ok: backlog/rebuild-state.sh
make check (ubuntu-latest)	make check (includes isolated install-to-accept demo)	2026-09-15T11:40:53.0281795Z   ✓ syntax ok: backlog/transition-status.sh
make check (ubuntu-latest)	make check (includes isolated install-to-accept demo)	2026-09-15T11:40:53.0293357Z   ✓ syntax ok: decompose/launch.sh
make check (ubuntu-latest)	make check (includes isolated install-to-accept demo)	2026-09-15T11:40:53.0306079Z   ✓ syntax ok: dispatch/conformance-check.sh
make check (ubuntu-latest)	make check (includes isolated install-to-accept demo)	2026-09-15T11:40:53.0318076Z   ✓ syntax ok: dispatch/ref-executor.sh
make check (ubuntu-latest)	make check (includes isolated install-to-accept demo)	2026-09-15T11:40:53.0329763Z   ✓ syntax ok: gate/definition-of-done.sh
make check (ubuntu-latest)	make check (includes isolated install-to-accept demo)	2026-09-15T11:40:53.0342576Z   ✓ syntax ok: gate/run-task-spec.sh
make check (ubuntu-latest)	make check (includes isolated install-to-accept demo)	2026-09-15T11:40:53.0356169Z   ✓ syntax ok: gate/safe-to-delegate.sh
make check (ubuntu-latest)	make check (includes isolated install-to-accept demo)	2026-09-15T11:40:53.0376935Z   ✓ syntax ok: gate/validate-task-spec.sh
make check (ubuntu-latest)	make check (includes isolated install-to-accept demo)	2026-09-15T11:40:53.0394807Z   ✓ syntax ok: lib/_lib.sh
make check (ubuntu-latest)	make check (includes isolated install-to-accept demo)	2026-09-15T11:40:53.0405896Z   ✓ syntax ok: lib/install.sh
make check (ubuntu-latest)	make check (includes isolated install-to-accept demo)	2026-09-15T11:40:53.0417875Z   ✓ syntax ok: setup/demo.sh
make check (ubuntu-latest)	make check (includes isolated install-to-accept demo)	2026-09-15T11:40:53.0428962Z   ✓ syntax ok: setup/init.sh
make check (ubuntu-latest)	make check (includes isolated install-to-accept demo)	2026-09-15T11:40:53.0440222Z   ✓ syntax ok: setup/readiness.sh
make check (ubuntu-latest)	make check (includes isolated install-to-accept demo)	2026-09-15T11:40:53.0440728Z === (b) core-path scripts contain no bash-4-only constructs ===
make check (ubuntu-latest)	make check (includes isolated install-to-accept demo)	2026-09-15T11:40:53.0471007Z   ✓ gate/validate-task-spec.sh has no 'declare -A'
make check (ubuntu-latest)	make check (includes isolated install-to-accept demo)	2026-09-15T11:40:53.0482954Z   ✓ gate/validate-task-spec.sh has no mapfile/readarray
make check (ubuntu-latest)	make check (includes isolated install-to-accept demo)	2026-09-15T11:40:53.0506863Z   ✓ gate/safe-to-delegate.sh has no 'declare -A'
make check (ubuntu-latest)	make check (includes isolated install-to-accept demo)	2026-09-15T11:40:53.0519467Z   ✓ gate/safe-to-delegate.sh has no mapfile/readarray
make check (ubuntu-latest)	make check (includes isolated install-to-accept demo)	2026-09-15T11:40:53.0543329Z   ✓ gate/run-task-spec.sh has no 'declare -A'
make check (ubuntu-latest)	make check (includes isolated install-to-accept demo)	2026-09-15T11:40:53.0554759Z   ✓ gate/run-task-spec.sh has no mapfile/readarray
make check (ubuntu-latest)	make check (includes isolated install-to-accept demo)	2026-09-15T11:40:53.0580334Z   ✓ lib/_lib.sh has no 'declare -A'
make check (ubuntu-latest)	make check (includes isolated install-to-accept demo)	2026-09-15T11:40:53.0591997Z   ✓ lib/_lib.sh has no mapfile/readarray
make check (ubuntu-latest)	make check (includes isolated install-to-accept demo)	2026-09-15T11:40:53.0592220Z === (c) aux scripts call ts_require_bash4 ===
make check (ubuntu-latest)	make check (includes isolated install-to-accept demo)	2026-09-15T11:40:53.0602625Z   ✓ backlog/query-metrics.sh calls ts_require_bash4
make check (ubuntu-latest)	make check (includes isolated install-to-accept demo)	2026-09-15T11:40:53.0603001Z === (d) conformance runner + adapters are bash-3.2-clean ===
make check (ubuntu-latest)	make check (includes isolated install-to-accept demo)	2026-09-15T11:40:53.0618205Z   ✓ syntax ok: conformance/run_conformance.sh
make check (ubuntu-latest)	make check (includes isolated install-to-accept demo)	2026-09-15T11:40:53.0652359Z   ✓ conformance/run_conformance.sh has no bash-4-only constructs
make check (ubuntu-latest)	make check (includes isolated install-to-accept demo)	2026-09-15T11:40:53.0664356Z   ✓ syntax ok: conformance/adapters/self.sh
make check (ubuntu-latest)	make check (includes isolated install-to-accept demo)	2026-09-15T11:40:53.0696990Z   ✓ conformance/adapters/self.sh has no bash-4-only constructs
make check (ubuntu-latest)	make check (includes isolated install-to-accept demo)	2026-09-15T11:40:53.0697206Z 
make check (ubuntu-latest)	make check (includes isolated install-to-accept demo)	2026-09-15T11:40:53.0697271Z ========================================
make check (ubuntu-latest)	make check (includes isolated install-to-accept demo)	2026-09-15T11:40:53.0697454Z Results: 37 passed, 0 failed
make check (ubuntu-latest)	make check (includes isolated install-to-accept demo)	2026-09-15T11:40:53.0697593Z ========================================
make check (ubuntu-latest)	make check (includes isolated install-to-accept demo)	2026-09-15T11:40:53.1189789Z ok    new requires slug and effort
make check (ubuntu-latest)	make check (includes isolated install-to-accept demo)	2026-09-15T11:40:53.1659826Z ok    new rejects an unknown option
make check (ubuntu-latest)	make check (includes isolated install-to-accept demo)	2026-09-15T11:40:53.2106203Z ok    new requires --format value
make check (ubuntu-latest)	make check (includes isolated install-to-accept demo)	2026-09-15T11:40:53.2549818Z ok    metrics rejects an unknown option
make check (ubuntu-latest)	make check (includes isolated install-to-accept demo)	2026-09-15T11:40:53.2996624Z ok    metrics requires --since value
make check (ubuntu-latest)	make check (includes isolated install-to-accept demo)	2026-09-15T11:40:53.2996924Z CLI_USAGE=PASS checks=5
make check (ubuntu-latest)	make check (includes isolated install-to-accept demo)	2026-09-15T11:41:01.0117610Z PASS — isolated demo reaches independent acceptance
make check (ubuntu-latest)	make check (includes isolated install-to-accept demo)	2026-09-15T11:41:01.0603277Z == effort sizing and composition ==
make check (ubuntu-latest)	make check (includes isolated install-to-accept demo)	2026-09-15T11:41:01.2585998Z ok    XS leaf                     
make check (ubuntu-latest)	make check (includes isolated install-to-accept demo)	2026-09-15T11:41:01.4545428Z ok    S leaf union budget         
make check (ubuntu-latest)	make check (includes isolated install-to-accept demo)	2026-09-15T11:41:01.6531507Z ok    M leaf                      
make check (ubuntu-latest)	make check (includes isolated install-to-accept demo)	2026-09-15T11:41:01.8526312Z ok    L long horizon              
make check (ubuntu-latest)	make check (includes isolated install-to-accept demo)	2026-09-15T11:41:02.0486203Z ok    L wrong backend             
make check (ubuntu-latest)	make check (includes isolated install-to-accept demo)	2026-09-15T11:41:02.2453906Z ok    S over budget warns         
make check (ubuntu-latest)	make check (includes isolated install-to-accept demo)	2026-09-15T11:41:02.4484405Z ok    leaf cannot have children   
make check (ubuntu-latest)	make check (includes isolated install-to-accept demo)	2026-09-15T11:41:02.6429080Z ok    XL needs children           
make check (ubuntu-latest)	make check (includes isolated install-to-accept demo)	2026-09-15T11:41:02.8449029Z ok    XXL needs three children    
make check (ubuntu-latest)	make check (includes isolated install-to-accept demo)	2026-09-15T11:41:03.0473522Z ok    XL composition node         
make check (ubuntu-latest)	make check (includes isolated install-to-accept demo)	2026-09-15T11:41:03.2563920Z ok    XXL composition node        
make check (ubuntu-latest)	make check (includes isolated install-to-accept demo)	2026-09-15T11:41:03.4622738Z ok    node owns no writes         
make check (ubuntu-latest)	make check (includes isolated install-to-accept demo)	2026-09-15T11:41:03.6654988Z ok    invalid child id            
make check (ubuntu-latest)	make check (includes isolated install-to-accept demo)	2026-09-15T11:41:03.8617514Z ok    unknown size                
make check (ubuntu-latest)	make check (includes isolated install-to-accept demo)	2026-09-15T11:41:03.8617803Z 
make check (ubuntu-latest)	make check (includes isolated install-to-accept demo)	2026-09-15T11:41:03.8618201Z PASS — all 14 sizing rows green.
make check (ubuntu-latest)	make check (includes isolated install-to-accept demo)	2026-09-15T11:41:09.0204046Z ENGINE_MATRIX_V2=READY
make check (ubuntu-latest)	make check (includes isolated install-to-accept demo)	2026-09-15T11:41:09.2683146Z ENVIRONMENT_ATTESTATION=READY
make check (ubuntu-latest)	make check (includes isolated install-to-accept demo)	2026-09-15T11:41:09.2797847Z ═══ test-extractor-fuzz.sh (adversarial extract-and-run, v3.10.0) ═══
make check (ubuntu-latest)	make check (includes isolated install-to-accept demo)	2026-09-15T11:41:09.2798346Z ── (A) extraction correctness ──
make check (ubuntu-latest)	make check (includes isolated install-to-accept demo)	2026-09-15T11:41:09.3907281Z   ✓ A:arith-shift extracted
make check (ubuntu-latest)	make check (includes isolated install-to-accept demo)	2026-09-15T11:41:09.5028001Z   ✓ A:heredoc-EOF-bash extracted
make check (ubuntu-latest)	make check (includes isolated install-to-accept demo)	2026-09-15T11:41:09.6139923Z   ✓ A:heredoc-fake-fence extracted
make check (ubuntu-latest)	make check (includes isolated install-to-accept demo)	2026-09-15T11:41:09.7276113Z   ✓ A:heredoc-fake-header extracted
make check (ubuntu-latest)	make check (includes isolated install-to-accept demo)	2026-09-15T11:41:09.8420378Z   ✓ A:nested-heredoc extracted
make check (ubuntu-latest)	make check (includes isolated install-to-accept demo)	2026-09-15T11:41:09.9548506Z   ✓ A:heredoc-dquote extracted
make check (ubuntu-latest)	make check (includes isolated install-to-accept demo)	2026-09-15T11:41:09.9548845Z ── (B) robustness invariant (no hang, no raw-error leak) ──
make check (ubuntu-latest)	make check (includes isolated install-to-accept demo)	2026-09-15T11:41:10.0667985Z   ✓ B:emoji-body clean (EXTRACTED)
make check (ubuntu-latest)	make check (includes isolated install-to-accept demo)	2026-09-15T11:41:10.2127353Z   ✓ B:two-evals clean (EXTRACTED)
make check (ubuntu-latest)	make check (includes isolated install-to-accept demo)	2026-09-15T11:41:10.3247685Z   ✓ B:unbalanced-brace clean (EXTRACTED)
make check (ubuntu-latest)	make check (includes isolated install-to-accept demo)	2026-09-15T11:41:10.4358765Z   ✓ B:fence-in-string clean (EXTRACTED)
make check (ubuntu-latest)	make check (includes isolated install-to-accept demo)	2026-09-15T11:41:10.5482803Z   ✓ B:header-looking-cmd clean (EXTRACTED)
make check (ubuntu-latest)	make check (includes isolated install-to-accept demo)	2026-09-15T11:41:10.6611298Z   ✓ B:backtick-cmd clean (EXTRACTED)
make check (ubuntu-latest)	make check (includes isolated install-to-accept demo)	2026-09-15T11:41:10.8167592Z   ✓ B:comment-only clean (EXTRACTED)
make check (ubuntu-latest)	make check (includes isolated install-to-accept demo)	2026-09-15T11:41:10.9568232Z   ✓ B:exit-in-eval clean (EXTRACTED)
make check (ubuntu-latest)	make check (includes isolated install-to-accept demo)	2026-09-15T11:41:11.1632473Z   ✓ B:reads-stdin clean (EXTRACTED)
make check (ubuntu-latest)	make check (includes isolated install-to-accept demo)	2026-09-15T11:41:11.2894027Z   ✓ B:many-heredocs clean (EXTRACTED)
make check (ubuntu-latest)	make check (includes isolated install-to-accept demo)	2026-09-15T11:41:11.2894606Z ── (C) exit-check robustness (defense-in-depth, no hang on malformed Exit Check) ──
make check (ubuntu-latest)	make check (includes isolated install-to-accept demo)	2026-09-15T11:41:11.4073821Z   ✓ C:ec-unbalanced-quote clean (EXTRACTED)
make check (ubuntu-latest)	make check (includes isolated install-to-accept demo)	2026-09-15T11:41:11.5957035Z   ✓ C:ec-unbalanced-btick clean (EXTRACTED)
make check (ubuntu-latest)	make check (includes isolated install-to-accept demo)	2026-09-15T11:41:11.7246662Z   ✓ C:ec-heredoc-no-close clean (EXTRACTED)
make check (ubuntu-latest)	make check (includes isolated install-to-accept demo)	2026-09-15T11:41:11.7259831Z 
make check (ubuntu-latest)	make check (includes isolated install-to-accept demo)	2026-09-15T11:41:11.7259938Z ========================================
make check (ubuntu-latest)	make check (includes isolated install-to-accept demo)	2026-09-15T11:41:11.7260204Z Results: 19 passed, 0 failed
make check (ubuntu-latest)	make check (includes isolated install-to-accept demo)	2026-09-15T11:41:11.7260398Z ========================================
make check (ubuntu-latest)	make check (includes isolated install-to-accept demo)	2026-09-15T11:41:11.7307966Z ═══ test-hmac-envelope.sh (TaskAuthorization/v3 suite) ═══
make check (ubuntu-latest)	make check (includes isolated install-to-accept demo)	2026-09-15T11:41:11.7308350Z ── Scenario 1: Tier 1 stamp-then-verify ──
make check (ubuntu-latest)	make check (includes isolated install-to-accept demo)	2026-09-15T11:41:12.5394511Z   ✓ S1 sealed
make check (ubuntu-latest)	make check (includes isolated install-to-accept demo)	2026-09-15T11:41:12.5394768Z   ✓ S1 sig-format
make check (ubuntu-latest)	make check (includes isolated install-to-accept demo)	2026-09-15T11:41:12.5394926Z   ✓ S1 verify-tier1
make check (ubuntu-latest)	make check (includes isolated install-to-accept demo)	2026-09-15T11:41:12.5409033Z ── Scenario 2: Tier 3 tampered body ──
make check (ubuntu-latest)	make check (includes isolated install-to-accept demo)	2026-09-15T11:41:13.6657016Z   ✓ S2 pre-tamper-tier1
make check (ubuntu-latest)	make check (includes isolated install-to-accept demo)	2026-09-15T11:41:13.6657295Z   ✓ S2 tamper-caught-tier3
make check (ubuntu-latest)	make check (includes isolated install-to-accept demo)	2026-09-15T11:41:13.6672041Z ── Scenario 3: Tier 3 envelope tamper / wrong key / malformed ──
make check (ubuntu-latest)	make check (includes isolated install-to-accept demo)	2026-09-15T11:41:15.7103418Z   ✓ S3 envelope-value-tamper
make check (ubuntu-latest)	make check (includes isolated install-to-accept demo)	2026-09-15T11:41:15.7103707Z   ✓ S3 wrong-key-tier3
make check (ubuntu-latest)	make check (includes isolated install-to-accept demo)	2026-09-15T11:41:15.7103869Z   ✓ S3 malformed-sig-tier3
make check (ubuntu-latest)	make check (includes isolated install-to-accept demo)	2026-09-15T11:41:15.7118217Z ── Scenario 4: Tier 2 no-key degrade ──
make check (ubuntu-latest)	make check (includes isolated install-to-accept demo)	2026-09-15T11:41:16.7106134Z   ✓ S4 no-key-tier2
make check (ubuntu-latest)	make check (includes isolated install-to-accept demo)	2026-09-15T11:41:16.7106487Z   ✓ S4 legacy-nosig-tier2
make check (ubuntu-latest)	make check (includes isolated install-to-accept demo)	2026-09-15T11:41:16.7120806Z ── Scenario 5: portability floor (crypto masked) ──
make check (ubuntu-latest)	make check (includes isolated install-to-accept demo)	2026-09-15T11:41:17.9389671Z   ✓ S5 provider-none
make check (ubuntu-latest)	make check (includes isolated install-to-accept demo)	2026-09-15T11:41:17.9390130Z   ✓ S5 masked-stamp-stdlib-hmac
make check (ubuntu-latest)	make check (includes isolated install-to-accept demo)	2026-09-15T11:41:17.9390512Z   ✓ S5 masked-verify-tier2
make check (ubuntu-latest)	make check (includes isolated install-to-accept demo)	2026-09-15T11:41:17.9404827Z ── Scenario 6: .git/info key fallback ──
make check (ubuntu-latest)	make check (includes isolated install-to-accept demo)	2026-09-15T11:41:18.8275006Z   ✓ S6 keyfile-written
make check (ubuntu-latest)	make check (includes isolated install-to-accept demo)	2026-09-15T11:41:18.8275287Z   ✓ S6 gitinfo-stamp-sealed
make check (ubuntu-latest)	make check (includes isolated install-to-accept demo)	2026-09-15T11:41:18.8275686Z   ✓ S6 gitinfo-verify-tier1
make check (ubuntu-latest)	make check (includes isolated install-to-accept demo)	2026-09-15T11:41:18.8289337Z ── Scenario 7: injection-safe --stamp-by ──
make check (ubuntu-latest)	make check (includes isolated install-to-accept demo)	2026-09-15T11:41:22.9558951Z   ✓ S7 literal-verbatim-tier1 [build|42]
make check (ubuntu-latest)	make check (includes isolated install-to-accept demo)	2026-09-15T11:41:22.9559295Z   ✓ S7 literal-verbatim-tier1 [a&b]
make check (ubuntu-latest)	make check (includes isolated install-to-accept demo)	2026-09-15T11:41:22.9559496Z   ✓ S7 literal-verbatim-tier1 [team/build]
make check (ubuntu-latest)	make check (includes isolated install-to-accept demo)	2026-09-15T11:41:22.9559736Z   ✓ S7 literal-verbatim-tier1 [X|p;s|.*|INJECTED]
make check (ubuntu-latest)	make check (includes isolated install-to-accept demo)	2026-09-15T11:41:22.9559958Z   ✓ S7 literal-verbatim-tier1 [name with space]
make check (ubuntu-latest)	make check (includes isolated install-to-accept demo)	2026-09-15T11:41:22.9573541Z ── Scenario 8: --require-tier1 enforcement + TIER= line ──
make check (ubuntu-latest)	make check (includes isolated install-to-accept demo)	2026-09-15T11:41:24.1782420Z   ✓ S8 tier1-require-passes
make check (ubuntu-latest)	make check (includes isolated install-to-accept demo)	2026-09-15T11:41:24.1782717Z   ✓ S8 tier2-require-blocks
make check (ubuntu-latest)	make check (includes isolated install-to-accept demo)	2026-09-15T11:41:24.1782895Z   ✓ S8 tier2-noflag-delegates
make check (ubuntu-latest)	make check (includes isolated install-to-accept demo)	2026-09-15T11:41:24.1797200Z ── Scenario 9: ts_set_frontmatter_field newline + malformed + backslash-escape ──
make check (ubuntu-latest)	make check (includes isolated install-to-accept demo)	2026-09-15T11:41:24.2168720Z   ✓ S9 newline-rejected-file-untouched
make check (ubuntu-latest)	make check (includes isolated install-to-accept demo)	2026-09-15T11:41:24.2169005Z   ✓ S9 malformed-frontmatter-hard-fails
make check (ubuntu-latest)	make check (includes isolated install-to-accept demo)	2026-09-15T11:41:24.2169475Z   ✓ S9 backslash-n-written-verbatim-no-injection
make check (ubuntu-latest)	make check (includes isolated install-to-accept demo)	2026-09-15T11:41:24.2170627Z   ✓ S9 symlink-temp-path-defused
make check (ubuntu-latest)	make check (includes isolated install-to-accept demo)	2026-09-15T11:41:24.2178629Z ── Scenario 10: envelope v3 authorization boundary ──
make check (ubuntu-latest)	make check (includes isolated install-to-accept demo)	2026-09-15T11:41:24.9228535Z   ✓ S10 scope-widening-caught
make check (ubuntu-latest)	make check (includes isolated install-to-accept demo)	2026-09-15T11:41:25.6269861Z   ✓ S10 dependency-change-caught
make check (ubuntu-latest)	make check (includes isolated install-to-accept demo)	2026-09-15T11:41:26.3331665Z   ✓ S10 budget-raise-caught
make check (ubuntu-latest)	make check (includes isolated install-to-accept demo)	2026-09-15T11:41:27.0624200Z   ✓ S10 agent-change-caught
make check (ubuntu-latest)	make check (includes isolated install-to-accept demo)	2026-09-15T11:41:27.7657193Z   ✓ S10 backend-reroute-caught
make check (ubuntu-latest)	make check (includes isolated install-to-accept demo)	2026-09-15T11:41:28.5361598Z   ✓ S10 status-change-allowed
make check (ubuntu-latest)	make check (includes isolated install-to-accept demo)	2026-09-15T11:41:29.3070477Z   ✓ S10 tracker-writeback-allowed
make check (ubuntu-latest)	make check (includes isolated install-to-accept demo)	2026-09-15T11:41:29.3084895Z ── Scenario 11: legacy v1 verification and re-stamp ──
make check (ubuntu-latest)	make check (includes isolated install-to-accept demo)	2026-09-15T11:41:31.3918030Z   ✓ S11 legacy-v1-tier2
make check (ubuntu-latest)	make check (includes isolated install-to-accept demo)	2026-09-15T11:41:31.3918307Z   ✓ S11 legacy-restamped-v3
make check (ubuntu-latest)	make check (includes isolated install-to-accept demo)	2026-09-15T11:41:31.3918488Z   ✓ S11 legacy-v2-tier2
make check (ubuntu-latest)	make check (includes isolated install-to-accept demo)	2026-09-15T11:41:31.3918668Z   ✓ S11 legacy-v2-restamped-v3
make check (ubuntu-latest)	make check (includes isolated install-to-accept demo)	2026-09-15T11:41:31.3933827Z ── Scenario 12: re-stamp an amended spec ──
make check (ubuntu-latest)	make check (includes isolated install-to-accept demo)	2026-09-15T11:41:32.5743889Z   ✓ S12 edit-breaks-seal
make check (ubuntu-latest)	make check (includes isolated install-to-accept demo)	2026-09-15T11:41:32.5744290Z   ✓ S12 amendment-resealed
make check (ubuntu-latest)	make check (includes isolated install-to-accept demo)	2026-09-15T11:41:32.5758411Z 
make check (ubuntu-latest)	make check (includes isolated install-to-accept demo)	2026-09-15T11:41:32.5758554Z ========================================
make check (ubuntu-latest)	make check (includes isolated install-to-accept demo)	2026-09-15T11:41:32.5758826Z Results: 41 passed, 0 failed
make check (ubuntu-latest)	make check (includes isolated install-to-accept demo)	2026-09-15T11:41:32.5759042Z ========================================
make check (ubuntu-latest)	make check (includes isolated install-to-accept demo)	2026-09-15T11:41:37.2237314Z MESH_ADAPTERS=READY
make check (ubuntu-latest)	make check (includes isolated install-to-accept demo)	2026-09-15T11:41:40.6922381Z MESH_COCKPIT=READY
make check (ubuntu-latest)	make check (includes isolated install-to-accept demo)	2026-09-15T11:41:44.5899627Z ok  	github.com/luanmorenomaciel/task-spec/mesh/cmd/taskspec-meshd	0.010s
make check (ubuntu-latest)	make check (includes isolated install-to-accept demo)	2026-09-15T11:41:46.5229017Z ok  	github.com/luanmorenomaciel/task-spec/mesh/internal/mesh	1.931s
make check (ubuntu-latest)	make check (includes isolated install-to-accept demo)	2026-09-15T11:41:50.0077214Z MESH_CONTRACTS=READY
make check (ubuntu-latest)	make check (includes isolated install-to-accept demo)	2026-09-15T11:41:50.9550821Z MESH_DAEMON=READY
make check (ubuntu-latest)	make check (includes isolated install-to-accept demo)	2026-09-15T11:41:56.8728706Z MESH_LEASES=READY
make check (ubuntu-latest)	make check (includes isolated install-to-accept demo)	2026-09-15T11:42:01.8486987Z MESH_ROUTING_INTEGRATION=READY
make check (ubuntu-latest)	make check (includes isolated install-to-accept demo)	2026-09-15T11:42:06.0591103Z MESH_ADAPTERS=READY
make check (ubuntu-latest)	make check (includes isolated install-to-accept demo)	2026-09-15T11:42:09.5558563Z MESH_COCKPIT=READY
make check (ubuntu-latest)	make check (includes isolated install-to-accept demo)	2026-09-15T11:42:09.5622640Z MESH_RECOVERY=READY
make check (ubuntu-latest)	make check (includes isolated install-to-accept demo)	2026-09-15T11:42:09.5622907Z MESH_CONFORMANCE=READY
make check (ubuntu-latest)	make check (includes isolated install-to-accept demo)	2026-09-15T11:42:10.0612326Z MESH_CONTRACTS=READY
make check (ubuntu-latest)	make check (includes isolated install-to-accept demo)	2026-09-15T11:42:11.0146895Z MESH_DAEMON=READY
make check (ubuntu-latest)	make check (includes isolated install-to-accept demo)	2026-09-15T11:42:14.4851315Z MESH_COCKPIT=READY
make check (ubuntu-latest)	make check (includes isolated install-to-accept demo)	2026-09-15T11:42:14.4908378Z MESH_DEMO=READY
make check (ubuntu-latest)	make check (includes isolated install-to-accept demo)	2026-09-15T11:42:28.5785386Z INSTALL=OK
make check (ubuntu-latest)	make check (includes isolated install-to-accept demo)	2026-09-15T11:42:28.5785800Z MESH_INSTALL=READY
make check (ubuntu-latest)	make check (includes isolated install-to-accept demo)	2026-09-15T11:42:52.8038568Z MESH_ISOLATION=READY
make check (ubuntu-latest)	make check (includes isolated install-to-accept demo)	2026-09-15T11:42:59.0170456Z MESH_LEASES=READY
make check (ubuntu-latest)	make check (includes isolated install-to-accept demo)	2026-09-15T11:43:04.0117243Z MESH_ROUTING_INTEGRATION=READY
make check (ubuntu-latest)	make check (includes isolated install-to-accept demo)	2026-09-15T11:43:04.0258465Z ═══ Step 1: Install the agent surface into a fresh tempdir ═══
make check (ubuntu-latest)	make check (includes isolated install-to-accept demo)	2026-09-15T11:43:04.1798789Z   ✓ install.sh succeeded
make check (ubuntu-latest)	make check (includes isolated install-to-accept demo)	2026-09-15T11:43:04.1799235Z   ✓ installed: agents/task-architect.md
make check (ubuntu-latest)	make check (includes isolated install-to-accept demo)	2026-09-15T11:43:04.1799919Z   ✓ installed: skills/task-spec/SKILL.md
make check (ubuntu-latest)	make check (includes isolated install-to-accept demo)	2026-09-15T11:43:04.1810870Z 
make check (ubuntu-latest)	make check (includes isolated install-to-accept demo)	2026-09-15T11:43:04.1811287Z ═══ Step 2: --version reports task-spec v3.10.0 ═══
make check (ubuntu-latest)	make check (includes isolated install-to-accept demo)	2026-09-15T11:43:04.1857263Z   ✓ install --version → task-spec v3.10.0
make check (ubuntu-latest)	make check (includes isolated install-to-accept demo)	2026-09-15T11:43:04.1916715Z   ✓ validate-task-spec --version → task-spec v3.10.0
make check (ubuntu-latest)	make check (includes isolated install-to-accept demo)	2026-09-15T11:43:04.1975857Z   ✓ safe-to-delegate --version → task-spec v3.10.0
make check (ubuntu-latest)	make check (includes isolated install-to-accept demo)	2026-09-15T11:43:04.2034999Z   ✓ generate-task-spec --version → task-spec v3.10.0
make check (ubuntu-latest)	make check (includes isolated install-to-accept demo)	2026-09-15T11:43:04.2094045Z   ✓ list-ready --version → task-spec v3.10.0
make check (ubuntu-latest)	make check (includes isolated install-to-accept demo)	2026-09-15T11:43:04.2094259Z 
make check (ubuntu-latest)	make check (includes isolated install-to-accept demo)	2026-09-15T11:43:04.2094453Z ═══ Step 3: GENERATE a spec ═══
make check (ubuntu-latest)	make check (includes isolated install-to-accept demo)	2026-09-15T11:43:04.3140182Z   ✓ generator wrote a spec
make check (ubuntu-latest)	make check (includes isolated install-to-accept demo)	2026-09-15T11:43:04.3151339Z   ✓ generator stamped version 3.10.0
make check (ubuntu-latest)	make check (includes isolated install-to-accept demo)	2026-09-15T11:43:04.3162691Z   ✓ generator printed --stamp breadcrumb
make check (ubuntu-latest)	make check (includes isolated install-to-accept demo)	2026-09-15T11:43:04.3176438Z   ✓ spec file present at tasks/T-20260915-e2e-health-endpoint.md
make check (ubuntu-latest)	make check (includes isolated install-to-accept demo)	2026-09-15T11:43:04.3176699Z 
make check (ubuntu-latest)	make check (includes isolated install-to-accept demo)	2026-09-15T11:43:04.3176930Z ═══ Step 4: Fill stubs (synthesize a minimal valid spec) ═══
make check (ubuntu-latest)	make check (includes isolated install-to-accept demo)	2026-09-15T11:43:04.3194336Z captured spec id: T-20260915-e2e-health-endpoint
make check (ubuntu-latest)	make check (includes isolated install-to-accept demo)	2026-09-15T11:43:04.5997768Z   ✓ validate-task-spec.sh exits 0 on synthesized spec
make check (ubuntu-latest)	make check (includes isolated install-to-accept demo)	2026-09-15T11:43:04.5998006Z 
make check (ubuntu-latest)	make check (includes isolated install-to-accept demo)	2026-09-15T11:43:04.9875870Z ═══ Step 5: GATE (taskspec gate --stamp) ═══
make check (ubuntu-latest)	make check (includes isolated install-to-accept demo)	2026-09-15T11:43:04.9876173Z   ✓ gate reported DELEGATE
make check (ubuntu-latest)	make check (includes isolated install-to-accept demo)	2026-09-15T11:43:04.9886817Z   ✓ gate stamped signed_off:true
make check (ubuntu-latest)	make check (includes isolated install-to-accept demo)	2026-09-15T11:43:04.9940102Z   ✓ spec frontmatter signed_off: true
make check (ubuntu-latest)	make check (includes isolated install-to-accept demo)	2026-09-15T11:43:04.9940471Z   ✓ spec frontmatter signed_off_by: e2e-test
make check (ubuntu-latest)	make check (includes isolated install-to-accept demo)	2026-09-15T11:43:04.9940820Z   ✓ spec frontmatter signed_off_at is ISO-8601
make check (ubuntu-latest)	make check (includes isolated install-to-accept demo)	2026-09-15T11:43:05.2844814Z   ✓ validate accepts the stamped spec (sign-off envelope OK)
make check (ubuntu-latest)	make check (includes isolated install-to-accept demo)	2026-09-15T11:43:05.2845163Z 
make check (ubuntu-latest)	make check (includes isolated install-to-accept demo)	2026-09-15T11:43:05.2845377Z ═══ Step 6: Schema fidelity (Python consumer) ═══
make check (ubuntu-latest)	make check (includes isolated install-to-accept demo)	2026-09-15T11:43:05.2855270Z   ✓ copied golden fixture into tempdir
make check (ubuntu-latest)	make check (includes isolated install-to-accept demo)	2026-09-15T11:43:05.2855778Z   ✓ python consumer present at docs/examples/consume-task-spec.py
make check (ubuntu-latest)	make check (includes isolated install-to-accept demo)	2026-09-15T11:43:05.2856643Z   ✓ python consumer canonical schemas are packaged under spec/schemas
make check (ubuntu-latest)	make check (includes isolated install-to-accept demo)	2026-09-15T11:43:05.3664107Z   ✓ python consumer parsed golden fixture (exit 0)
make check (ubuntu-latest)	make check (includes isolated install-to-accept demo)	2026-09-15T11:43:05.3664354Z 
make check (ubuntu-latest)	make check (includes isolated install-to-accept demo)	2026-09-15T11:43:05.3664529Z ═══ Step 7: Cross-engine equivalence (Python vs TypeScript) ═══
make check (ubuntu-latest)	make check (includes isolated install-to-accept demo)	2026-09-15T11:43:05.4299948Z   ✓ node present (v22.23.2) — attempting cross-engine proof
make check (ubuntu-latest)	make check (includes isolated install-to-accept demo)	2026-09-15T11:43:05.4300466Z   installing TS consumer deps (npm install, 120s budget)…
make check (ubuntu-latest)	make check (includes isolated install-to-accept demo)	2026-09-15T11:43:09.4362352Z   ✓ typescript consumer parsed golden fixture (exit 0)
make check (ubuntu-latest)	make check (includes isolated install-to-accept demo)	2026-09-15T11:43:09.4669297Z   ✓ cross-engine equivalence: id/status/execution_backend/signed_off + ordered eval_ids + canonicalized validation_card ALL EQUAL
make check (ubuntu-latest)	make check (includes isolated install-to-accept demo)	2026-09-15T11:43:09.4671445Z       both engines: {"eval_ids": ["eval_1"], "execution_backend": "any", "id": "T-20260602-golden", "signed_off": false, "status": "ready", "validation_card": {"agent_contract": {"read": ["intent", "contract", "guardrails", "operations"]}, "retry_policy": {"circuit_breaker_no_progress": 3, "max_iterations": 15, "on_terminal_failure": "park_with_context"}, "success_criteria_keys": [{"check_type": "deterministic", "description": "synthetic", "expected_duration_sec": 1, "id": "eval_1", "runnable": "bash", "terminal": true}]}}
make check (ubuntu-latest)	make check (includes isolated install-to-accept demo)	2026-09-15T11:43:09.4672656Z 
make check (ubuntu-latest)	make check (includes isolated install-to-accept demo)	2026-09-15T11:43:09.4672723Z ========================================
make check (ubuntu-latest)	make check (includes isolated install-to-accept demo)	2026-09-15T11:43:09.4672887Z Results: 26 passed, 0 failed
make check (ubuntu-latest)	make check (includes isolated install-to-accept demo)	2026-09-15T11:43:09.4673039Z ========================================
make check (ubuntu-latest)	make check (includes isolated install-to-accept demo)	2026-09-15T11:43:09.9516757Z OFFICIAL_PROTOCOL_SDK=UNAVAILABLE retained evidence verified
make check (ubuntu-latest)	make check (includes isolated install-to-accept demo)	2026-09-15T11:43:09.9517203Z PROTOCOL_CONFORMANCE=READY
make check (ubuntu-latest)	make check (includes isolated install-to-accept demo)	2026-09-15T11:43:09.9708372Z README_COMMANDS=READY commands=24 images=9 mermaid=4
make check (ubuntu-latest)	make check (includes isolated install-to-accept demo)	2026-09-15T11:43:09.9919262Z RELEASE_STATUS=OK
make check (ubuntu-latest)	make check (includes isolated install-to-accept demo)	2026-09-15T11:43:10.0354072Z CLI_REFERENCE=OK
make check (ubuntu-latest)	make check (includes isolated install-to-accept demo)	2026-09-15T11:43:10.5534018Z RELEASE_AUDIT_TESTS=READY
make check (ubuntu-latest)	make check (includes isolated install-to-accept demo)	2026-09-15T11:43:10.6696252Z RELEASE_EVIDENCE_CONTRACTS=READY
make check (ubuntu-latest)	make check (includes isolated install-to-accept demo)	2026-09-15T11:43:16.8761094Z RELEASE_PACKAGING=READY
make check (ubuntu-latest)	make check (includes isolated install-to-accept demo)	2026-09-15T11:43:17.0836415Z tests/test-release-provenance.sh: line 77: rg: command not found
make check (ubuntu-latest)	make check (includes isolated install-to-accept demo)	2026-09-15T11:43:17.1057191Z PRIVATE_PROVENANCE=READY
make check (ubuntu-latest)	make check (includes isolated install-to-accept demo)	2026-09-15T11:43:17.1089953Z test-repo-layout.sh
make check (ubuntu-latest)	make check (includes isolated install-to-accept demo)	2026-09-15T11:43:17.1090513Z ════════════════════════════════════════
make check (ubuntu-latest)	make check (includes isolated install-to-accept demo)	2026-09-15T11:43:17.1149989Z   ok   top-level directories match the manifest (16 declared)
make check (ubuntu-latest)	make check (includes isolated install-to-accept demo)	2026-09-15T11:43:17.1204706Z   ok   root files match the manifest (16 declared)
make check (ubuntu-latest)	make check (includes isolated install-to-accept demo)	2026-09-15T11:43:17.1372050Z   ok   every top-level directory appears in the AGENTS.md layout table
make check (ubuntu-latest)	make check (includes isolated install-to-accept demo)	2026-09-15T11:43:17.1714540Z   ok   no undeclared single-file top-level directory
make check (ubuntu-latest)	make check (includes isolated install-to-accept demo)	2026-09-15T11:43:17.1715386Z   ok   no retired top-level or nested path reappeared
make check (ubuntu-latest)	make check (includes isolated install-to-accept demo)	2026-09-15T11:43:17.1897816Z   ok   no live file references a pre-consolidation path
make check (ubuntu-latest)	make check (includes isolated install-to-accept demo)	2026-09-15T11:43:17.2139079Z   ok   every byte-for-byte SKILL.md copy matches root SKILL.md
make check (ubuntu-latest)	make check (includes isolated install-to-accept demo)	2026-09-15T11:43:17.2166084Z   ok   fixtures live under exactly one root (tests/fixtures/)
make check (ubuntu-latest)	make check (includes isolated install-to-accept demo)	2026-09-15T11:43:17.2353815Z   ok   every digest-pinned evidence path still resolves
make check (ubuntu-latest)	make check (includes isolated install-to-accept demo)	2026-09-15T11:43:17.2376357Z   ok   docs/runbooks/ stays closed (12 of 12; new how-tos go in docs/guides/)
make check (ubuntu-latest)	make check (includes isolated install-to-accept demo)	2026-09-15T11:43:17.2376893Z   ok   every grouped directory has a README or index
make check (ubuntu-latest)	make check (includes isolated install-to-accept demo)	2026-09-15T11:43:17.2377472Z ════════════════════════════════════════
make check (ubuntu-latest)	make check (includes isolated install-to-accept demo)	2026-09-15T11:43:17.2377717Z REPO_LAYOUT=OK (11 checks)
make check (ubuntu-latest)	make check (includes isolated install-to-accept demo)	2026-09-15T11:43:17.2401401Z test-repo-organization-e2e.sh
make check (ubuntu-latest)	make check (includes isolated install-to-accept demo)	2026-09-15T11:43:17.2401739Z ════════════════════════════════════════
make check (ubuntu-latest)	make check (includes isolated install-to-accept demo)	2026-09-15T11:43:17.2441851Z   ok   live backlog has 15 open T-*.md file(s)
make check (ubuntu-latest)	make check (includes isolated install-to-accept demo)	2026-09-15T11:43:17.2568620Z   ok   every parked spec is a non-executable composition node (2)
make check (ubuntu-latest)	make check (includes isolated install-to-accept demo)	2026-09-15T11:43:17.3302219Z   ok   every accepted done leaf has an AcceptanceRecord (20)
make check (ubuntu-latest)	make check (includes isolated install-to-accept demo)	2026-09-15T11:43:17.3302692Z   ok   tasks/.plans/ still has the 3.8.1 and 3.9.0 TaskPlan manifests
make check (ubuntu-latest)	make check (includes isolated install-to-accept demo)	2026-09-15T11:43:17.3344179Z   ok   spec README, docs/index, and root README agree on orientation
make check (ubuntu-latest)	make check (includes isolated install-to-accept demo)	2026-09-15T11:43:17.3447379Z   ok   taskspec doctor → DOCTOR=READY
make check (ubuntu-latest)	make check (includes isolated install-to-accept demo)	2026-09-15T11:43:19.2228543Z   ok   taskspec demo walks plan → seal → handoff → accept
make check (ubuntu-latest)	make check (includes isolated install-to-accept demo)	2026-09-15T11:43:19.3570255Z   ok   graph --check is clean and ready rows agree with the live backlog
make check (ubuntu-latest)	make check (includes isolated install-to-accept demo)	2026-09-15T11:43:20.9097448Z   ok   every parked composition node still validates
make check (ubuntu-latest)	make check (includes isolated install-to-accept demo)	2026-09-15T11:43:20.9097987Z ════════════════════════════════════════
make check (ubuntu-latest)	make check (includes isolated install-to-accept demo)	2026-09-15T11:43:20.9098155Z REPO_ORGANIZATION=OK (9 checks)
make check (ubuntu-latest)	make check (includes isolated install-to-accept demo)	2026-09-15T11:43:20.9976933Z SCHEMAS=READY count=58 fixtures=18
make check (ubuntu-latest)	make check (includes isolated install-to-accept demo)	2026-09-15T11:43:21.0108339Z === 1. generate-task-spec.sh ===
make check (ubuntu-latest)	make check (includes isolated install-to-accept demo)	2026-09-15T11:43:21.1164964Z   ✓ generator created tasks/T-20260915-test-self-test-suite.md
make check (ubuntu-latest)	make check (includes isolated install-to-accept demo)	2026-09-15T11:43:21.1184863Z   ✓ id in frontmatter matches filename
make check (ubuntu-latest)	make check (includes isolated install-to-accept demo)	2026-09-15T11:43:21.1185208Z === 2. Fill generated file with valid v2 content ===
make check (ubuntu-latest)	make check (includes isolated install-to-accept demo)	2026-09-15T11:43:21.1196590Z   ✓ wrote valid v2 task spec
make check (ubuntu-latest)	make check (includes isolated install-to-accept demo)	2026-09-15T11:43:21.1196840Z === 3. validate-task-spec.sh (expect PASS) ===
make check (ubuntu-latest)	make check (includes isolated install-to-accept demo)	2026-09-15T11:43:21.3830831Z   ✓ validator passes on valid task
make check (ubuntu-latest)	make check (includes isolated install-to-accept demo)	2026-09-15T11:43:21.3832458Z === 4. validate-task-spec.sh with controlled error (expect FAIL) ===
make check (ubuntu-latest)	make check (includes isolated install-to-accept demo)	2026-09-15T11:43:21.5809537Z   ✓ validator catches placeholder regression
make check (ubuntu-latest)	make check (includes isolated install-to-accept demo)	2026-09-15T11:43:22.0260951Z   ✓ pre-gate authorizes the unbuilt task
make check (ubuntu-latest)	make check (includes isolated install-to-accept demo)	2026-09-15T11:43:22.0261453Z === 5. transition-status.sh: ready → in-progress ===
make check (ubuntu-latest)	make check (includes isolated install-to-accept demo)	2026-09-15T11:43:22.1760137Z   ✓ transition to in-progress succeeds
make check (ubuntu-latest)	make check (includes isolated install-to-accept demo)	2026-09-15T11:43:22.1768767Z   ✓ status updated to in-progress
make check (ubuntu-latest)	make check (includes isolated install-to-accept demo)	2026-09-15T11:43:22.1769102Z   ✓ file remains in tasks/ for active status
make check (ubuntu-latest)	make check (includes isolated install-to-accept demo)	2026-09-15T11:43:22.2180722Z   ✓ transition to done is blocked before acceptance
make check (ubuntu-latest)	make check (includes isolated install-to-accept demo)	2026-09-15T11:43:22.4091992Z   ✓ post-gate accepts and stamps the completed task
make check (ubuntu-latest)	make check (includes isolated install-to-accept demo)	2026-09-15T11:43:22.4092501Z === 6. transition-status.sh: in-progress → done ===
make check (ubuntu-latest)	make check (includes isolated install-to-accept demo)	2026-09-15T11:43:22.5668970Z   ✓ transition to done succeeds
make check (ubuntu-latest)	make check (includes isolated install-to-accept demo)	2026-09-15T11:43:22.5669418Z   ✓ file moved to tasks/done/
make check (ubuntu-latest)	make check (includes isolated install-to-accept demo)	2026-09-15T11:43:22.5669644Z   ✓ file no longer in tasks/
make check (ubuntu-latest)	make check (includes isolated install-to-accept demo)	2026-09-15T11:43:22.5669792Z === 7. rebuild-state.sh ===
make check (ubuntu-latest)	make check (includes isolated install-to-accept demo)	2026-09-15T11:43:22.6262532Z   ✓ rebuild-state succeeds
make check (ubuntu-latest)	make check (includes isolated install-to-accept demo)	2026-09-15T11:43:22.6262939Z   ✓ _state.yaml created
make check (ubuntu-latest)	make check (includes isolated install-to-accept demo)	2026-09-15T11:43:22.6271578Z   ✓ _state.yaml contains test task
make check (ubuntu-latest)	make check (includes isolated install-to-accept demo)	2026-09-15T11:43:22.6283379Z   ✓ _state.yaml reflects done status
make check (ubuntu-latest)	make check (includes isolated install-to-accept demo)	2026-09-15T11:43:22.6940853Z   ✓ rebuild-state is byte-deterministic
make check (ubuntu-latest)	make check (includes isolated install-to-accept demo)	2026-09-15T11:43:22.6941956Z === 8. list-ready.sh ===
make check (ubuntu-latest)	make check (includes isolated install-to-accept demo)	2026-09-15T11:43:22.7364194Z   ✓ list-ready excludes done task
make check (ubuntu-latest)	make check (includes isolated install-to-accept demo)	2026-09-15T11:43:22.7364478Z === 9. archive.sh ===
make check (ubuntu-latest)	make check (includes isolated install-to-accept demo)	2026-09-15T11:43:22.8282377Z   ✓ archive is no-op for already-archived task
make check (ubuntu-latest)	make check (includes isolated install-to-accept demo)	2026-09-15T11:43:22.8283038Z === 10. backup-backlog.sh ===
make check (ubuntu-latest)	make check (includes isolated install-to-accept demo)	2026-09-15T11:43:22.8432528Z   ✓ backup-backlog succeeds
make check (ubuntu-latest)	make check (includes isolated install-to-accept demo)	2026-09-15T11:43:22.8446001Z   ✓ backup archive created
make check (ubuntu-latest)	make check (includes isolated install-to-accept demo)	2026-09-15T11:43:22.8446324Z === 11. safe-to-delegate.sh (pre-delegation gate) ===
make check (ubuntu-latest)	make check (includes isolated install-to-accept demo)	2026-09-15T11:43:23.2782623Z   ✓ safe-to-delegate clears a valid spec
make check (ubuntu-latest)	make check (includes isolated install-to-accept demo)	2026-09-15T11:43:23.6684785Z   ✓ safe-to-delegate blocks a broken-eval spec
make check (ubuntu-latest)	make check (includes isolated install-to-accept demo)	2026-09-15T11:43:23.6692854Z 
make check (ubuntu-latest)	make check (includes isolated install-to-accept demo)	2026-09-15T11:43:23.6692967Z ========================================
make check (ubuntu-latest)	make check (includes isolated install-to-accept demo)	2026-09-15T11:43:23.6693258Z Results: 25 passed, 0 failed
make check (ubuntu-latest)	make check (includes isolated install-to-accept demo)	2026-09-15T11:43:23.6693481Z ========================================
make check (ubuntu-latest)	make check (includes isolated install-to-accept demo)	2026-09-15T11:43:33.7253005Z TOOLKIT_ATTESTED=PASS two rounds, distinct revoked credentials, signed evidence, canonical acceptance
make check (ubuntu-latest)	make check (includes isolated install-to-accept demo)	2026-09-15T11:43:38.9813299Z MESH_ISOLATION=READY
make check (ubuntu-latest)	make check (includes isolated install-to-accept demo)	2026-09-15T11:43:39.1871924Z TOOLKIT_AUTHORING=PASS
make check (ubuntu-latest)	make check (includes isolated install-to-accept demo)	2026-09-15T11:43:39.2216889Z TOOLKIT_CONFORMANCE=PASS optional recipe, self-contained schemas, and complete lineage shape
make check (ubuntu-latest)	make check (includes isolated install-to-accept demo)	2026-09-15T11:43:39.2474162Z TOOLKIT_CI=CONFIGURED hosted execution not inferred
make check (ubuntu-latest)	make check (includes isolated install-to-accept demo)	2026-09-15T11:43:43.2674824Z TOOLKIT_CLI=PASS
make check (ubuntu-latest)	make check (includes isolated install-to-accept demo)	2026-09-15T11:43:50.9649733Z TOOLKIT_DECOMPOSE=PASS
make check (ubuntu-latest)	make check (includes isolated install-to-accept demo)	2026-09-15T11:43:51.0072830Z TOOLKIT_EXPERIENCE=PASS static resources and trace-oracle negatives; live chat quality not inferred
make check (ubuntu-latest)	make check (includes isolated install-to-accept demo)	2026-09-15T11:43:51.4745080Z TOOLKIT_GUIDES=PASS
make check (ubuntu-latest)	make check (includes isolated install-to-accept demo)	2026-09-15T11:44:01.8946281Z TOOLKIT_DECOMPOSE=PASS
make check (ubuntu-latest)	make check (includes isolated install-to-accept demo)	2026-09-15T11:44:05.0281172Z TOOLKIT_INSTALL=PASS clean private runtime, path spaces, version identity, and corrupted-resource refusal
make check (ubuntu-latest)	make check (includes isolated install-to-accept demo)	2026-09-15T11:44:05.4353983Z ok  	github.com/luanmorenomaciel/task-spec/mesh/internal/mesh	(cached)
make check (ubuntu-latest)	make check (includes isolated install-to-accept demo)	2026-09-15T11:44:11.3143741Z TOOLKIT_MESH=PASS
make check (ubuntu-latest)	make check (includes isolated install-to-accept demo)	2026-09-15T11:44:11.3944280Z TOOLKIT_PERMISSION_GUARD=PASS recorded denial stops continuation; ordinary eval and validation failures remain distinct
make check (ubuntu-latest)	make check (includes isolated install-to-accept demo)	2026-09-15T11:44:11.4698749Z {"state": "paused", "before_block": 1, "reason": "Review the observed permission denial.", "next": "Inspect retained runs and remove the explicit PAUSE file only when authorized to continue."}
make check (ubuntu-latest)	make check (includes isolated install-to-accept demo)	2026-09-15T11:44:11.4710489Z {"id": "1-claude", "exit_code": 0, "run_id": "denied-cell", "accepted": false, "error": "permission denied", "elapsed_seconds": 1, "cost_usd": 0, "permission_denied": true}
make check (ubuntu-latest)	make check (includes isolated install-to-accept demo)	2026-09-15T11:44:11.4711265Z {"id": "1-codex", "exit_code": 0, "run_id": "denied-cell", "accepted": false, "error": "permission denied", "elapsed_seconds": 1, "cost_usd": 0, "permission_denied": true}
make check (ubuntu-latest)	make check (includes isolated install-to-accept demo)	2026-09-15T11:44:11.4716765Z TOOLKIT_PILOT_RECORDING=PASS prospective intervals, censored failures, retained outputs, tamper detection, cohort pause
make check (ubuntu-latest)	make check (includes isolated install-to-accept demo)	2026-09-15T11:44:11.5373978Z TOOLKIT_RUNTIME=PASS
make check (ubuntu-latest)	make check (includes isolated install-to-accept demo)	2026-09-15T11:44:11.8454227Z TOOLKIT_SDLC=PASS
make check (ubuntu-latest)	make check (includes isolated install-to-accept demo)	2026-09-15T11:44:11.8667674Z === Phase 1: AUTHOR a solvable v3 standard spec ===
make check (ubuntu-latest)	make check (includes isolated install-to-accept demo)	2026-09-15T11:44:11.8677618Z   ✓ spec file authored
make check (ubuntu-latest)	make check (includes isolated install-to-accept demo)	2026-09-15T11:44:11.8677839Z === Phase 2: VALIDATE (structural + profile + traceability) ===
make check (ubuntu-latest)	make check (includes isolated install-to-accept demo)	2026-09-15T11:44:12.1575722Z   ✓ validate passes (rc=0)
make check (ubuntu-latest)	make check (includes isolated install-to-accept demo)	2026-09-15T11:44:12.1586681Z   ✓ validate reports v3 + standard profile
make check (ubuntu-latest)	make check (includes isolated install-to-accept demo)	2026-09-15T11:44:12.1599239Z   ✓ validate maps status→A2A submitted
make check (ubuntu-latest)	make check (includes isolated install-to-accept demo)	2026-09-15T11:44:12.1599512Z === Phase 3: PRE-GATE (safe-to-delegate --stamp) ===
make check (ubuntu-latest)	make check (includes isolated install-to-accept demo)	2026-09-15T11:44:12.6178253Z   ✓ pre-gate verdict DELEGATE (rc=0)
make check (ubuntu-latest)	make check (includes isolated install-to-accept demo)	2026-09-15T11:44:12.6187564Z   ✓ pre-gate stamped signed_off: true
make check (ubuntu-latest)	make check (includes isolated install-to-accept demo)	2026-09-15T11:44:12.6199127Z   ✓ pre-gate sealed HMAC (Tier 1)
make check (ubuntu-latest)	make check (includes isolated install-to-accept demo)	2026-09-15T11:44:12.9570480Z === Phase 4: DISPATCH (reference executor drives the work) ===
make check (ubuntu-latest)	make check (includes isolated install-to-accept demo)	2026-09-15T11:44:13.1567881Z   ✓ executor created src/feature.txt == 'done'
make check (ubuntu-latest)	make check (includes isolated install-to-accept demo)	2026-09-15T11:44:13.1577065Z   ✓ executor leaves passing work in-progress pending acceptance
make check (ubuntu-latest)	make check (includes isolated install-to-accept demo)	2026-09-15T11:44:13.1577309Z === Phase 5: ACCEPT (post-execution gate) ===
make check (ubuntu-latest)	make check (includes isolated install-to-accept demo)	2026-09-15T11:44:13.3804944Z     accept-task: /tmp/tmp.lFaPRuN2aQ/tasks/T-20260618-e2e-closed-loop.md
make check (ubuntu-latest)	make check (includes isolated install-to-accept demo)	2026-09-15T11:44:13.3805735Z     ────────────────────────────────────────────────────────
make check (ubuntu-latest)	make check (includes isolated install-to-accept demo)	2026-09-15T11:44:13.3805943Z     A. Independent evaluation ...
make check (ubuntu-latest)	make check (includes isolated install-to-accept demo)	2026-09-15T11:44:13.3806269Z        PASS — Exit Check returned 0
make check (ubuntu-latest)	make check (includes isolated install-to-accept demo)	2026-09-15T11:44:13.3806874Z     B. Handoff, graph, base commit, and blast radius ...
make check (ubuntu-latest)	make check (includes isolated install-to-accept demo)	2026-09-15T11:44:13.3807385Z        PASS — revision, closure, Git base, and write scope agree
make check (ubuntu-latest)	make check (includes isolated install-to-accept demo)	2026-09-15T11:44:13.3807739Z     C. Authorization integrity ...
make check (ubuntu-latest)	make check (includes isolated install-to-accept demo)	2026-09-15T11:44:13.3808075Z        PASS — TaskAuthorization/v3 verifies
make check (ubuntu-latest)	make check (includes isolated install-to-accept demo)	2026-09-15T11:44:13.3808338Z     E. Sealed evidence policy ...
make check (ubuntu-latest)	make check (includes isolated install-to-accept demo)	2026-09-15T11:44:13.3808683Z        PASS — required evidence matches this attempt
make check (ubuntu-latest)	make check (includes isolated install-to-accept demo)	2026-09-15T11:44:13.3809075Z     ────────────────────────────────────────────────────────
make check (ubuntu-latest)	make check (includes isolated install-to-accept demo)	2026-09-15T11:44:13.3811160Z        stamped — {"acceptance_record": "/tmp/tmp.lFaPRuN2aQ/.taskspec/acceptance/T-20260618-e2e-closed-loop/a3717340-ce94-4316-a2f1-66f4380e7e35.json", "acceptance_record_digest": "sha256:9027c71cc602fddfe3f591c085089af5f69ab4b6271669aaa05b60adc4f8c74c", "accepted": true, "attempt_id": "a3717340-ce94-4316-a2f1-66f4380e7e35", "contract": "AcceptanceFinalized/v1", "task_id": "T-20260618-e2e-closed-loop", "tier": 1}
make check (ubuntu-latest)	make check (includes isolated install-to-accept demo)	2026-09-15T11:44:13.3812108Z     VERDICT: ACCEPT — Tier 1 evidence is bound to the authorized task attempt
make check (ubuntu-latest)	make check (includes isolated install-to-accept demo)	2026-09-15T11:44:13.3812329Z     ACCEPTED=1
make check (ubuntu-latest)	make check (includes isolated install-to-accept demo)	2026-09-15T11:44:13.3812485Z   ✓ accept verdict ACCEPT (rc=0)
make check (ubuntu-latest)	make check (includes isolated install-to-accept demo)	2026-09-15T11:44:13.3818283Z   ✓ accept stamped accepted: true
make check (ubuntu-latest)	make check (includes isolated install-to-accept demo)	2026-09-15T11:44:13.3829989Z   ✓ accept emitted ACCEPTED=1
make check (ubuntu-latest)	make check (includes isolated install-to-accept demo)	2026-09-15T11:44:13.3841411Z   ✓ accept GATE A (evals pass) reported
make check (ubuntu-latest)	make check (includes isolated install-to-accept demo)	2026-09-15T11:44:13.3841785Z === Phase 6: NEGATIVE — blast-radius breach is REJECTED ===
make check (ubuntu-latest)	make check (includes isolated install-to-accept demo)	2026-09-15T11:44:13.5893069Z   ✓ breach REJECTED (rc=1)
make check (ubuntu-latest)	make check (includes isolated install-to-accept demo)	2026-09-15T11:44:13.5905102Z   ✓ breach names the out-of-scope file
make check (ubuntu-latest)	make check (includes isolated install-to-accept demo)	2026-09-15T11:44:13.7874118Z   ✓ accepted work transitions status → done
make check (ubuntu-latest)	make check (includes isolated install-to-accept demo)	2026-09-15T11:44:13.7874661Z === Phase 7: LOOP CLOSED — final spec validates with full envelope ===
make check (ubuntu-latest)	make check (includes isolated install-to-accept demo)	2026-09-15T11:44:14.1402593Z   ✓ final validate passes
make check (ubuntu-latest)	make check (includes isolated install-to-accept demo)	2026-09-15T11:44:14.1413116Z   ✓ final validate confirms Tier-1 HMAC
make check (ubuntu-latest)	make check (includes isolated install-to-accept demo)	2026-09-15T11:44:14.1413308Z 
make check (ubuntu-latest)	make check (includes isolated install-to-accept demo)	2026-09-15T11:44:14.1413405Z ========================================
make check (ubuntu-latest)	make check (includes isolated install-to-accept demo)	2026-09-15T11:44:14.1413671Z Results: 18 passed, 0 failed
make check (ubuntu-latest)	make check (includes isolated install-to-accept demo)	2026-09-15T11:44:14.1413950Z ========================================
make check (ubuntu-latest)	make check (includes isolated install-to-accept demo)	2026-09-15T11:44:14.1483232Z == install ==
make check (ubuntu-latest)	make check (includes isolated install-to-accept demo)	2026-09-15T11:44:14.3550917Z   ✓ copy install
make check (ubuntu-latest)	make check (includes isolated install-to-accept demo)	2026-09-15T11:44:14.7039229Z   ✓ idempotent install
make check (ubuntu-latest)	make check (includes isolated install-to-accept demo)	2026-09-15T11:44:14.7719458Z   ✓ equivalent harness skills
make check (ubuntu-latest)	make check (includes isolated install-to-accept demo)	2026-09-15T11:44:14.9839425Z   ✓ global user install
make check (ubuntu-latest)	make check (includes isolated install-to-accept demo)	2026-09-15T11:44:15.0908520Z   ✓ checkout symlink install
make check (ubuntu-latest)	make check (includes isolated install-to-accept demo)	2026-09-15T11:44:15.2903546Z   ✓ skills-only install
make check (ubuntu-latest)	make check (includes isolated install-to-accept demo)	2026-09-15T11:44:15.3765723Z   ✓ unmanaged destination is preserved
make check (ubuntu-latest)	make check (includes isolated install-to-accept demo)	2026-09-15T11:44:15.5906414Z   ✓ forced replacement leaves a backup
make check (ubuntu-latest)	make check (includes isolated install-to-accept demo)	2026-09-15T11:44:15.8224689Z   ✓ managed launcher upgrades safely
make check (ubuntu-latest)	make check (includes isolated install-to-accept demo)	2026-09-15T11:44:15.8290504Z   ✓ installed version
make check (ubuntu-latest)	make check (includes isolated install-to-accept demo)	2026-09-15T11:44:17.7850925Z   ✓ installed isolated demo
make check (ubuntu-latest)	make check (includes isolated install-to-accept demo)	2026-09-15T11:44:17.8118555Z   ✓ agent context JSON
make check (ubuntu-latest)	make check (includes isolated install-to-accept demo)	2026-09-15T11:44:17.8377456Z   ✓ agent context covers the complete public command and schema surfaces
make check (ubuntu-latest)	make check (includes isolated install-to-accept demo)	2026-09-15T11:44:17.8441790Z   ✓ agent guidance surfaces share the 3.9 lifecycle
make check (ubuntu-latest)	make check (includes isolated install-to-accept demo)	2026-09-15T11:44:17.8923597Z   ✓ global JSON envelope
make check (ubuntu-latest)	make check (includes isolated install-to-accept demo)	2026-09-15T11:44:17.9145300Z   ✓ per-command help init
make check (ubuntu-latest)	make check (includes isolated install-to-accept demo)	2026-09-15T11:44:17.9364777Z   ✓ per-command help setup
make check (ubuntu-latest)	make check (includes isolated install-to-accept demo)	2026-09-15T11:44:17.9586539Z   ✓ per-command help demo
make check (ubuntu-latest)	make check (includes isolated install-to-accept demo)	2026-09-15T11:44:17.9804326Z   ✓ per-command help new
make check (ubuntu-latest)	make check (includes isolated install-to-accept demo)	2026-09-15T11:44:18.0026621Z   ✓ per-command help plan
make check (ubuntu-latest)	make check (includes isolated install-to-accept demo)	2026-09-15T11:44:18.0247546Z   ✓ per-command help batch
make check (ubuntu-latest)	make check (includes isolated install-to-accept demo)	2026-09-15T11:44:18.0468300Z   ✓ per-command help migrate
make check (ubuntu-latest)	make check (includes isolated install-to-accept demo)	2026-09-15T11:44:18.0686268Z   ✓ per-command help validate
make check (ubuntu-latest)	make check (includes isolated install-to-accept demo)	2026-09-15T11:44:18.0903754Z   ✓ per-command help dod
make check (ubuntu-latest)	make check (includes isolated install-to-accept demo)	2026-09-15T11:44:18.1123173Z   ✓ per-command help gate
make check (ubuntu-latest)	make check (includes isolated install-to-accept demo)	2026-09-15T11:44:18.1340260Z   ✓ per-command help handoff
make check (ubuntu-latest)	make check (includes isolated install-to-accept demo)	2026-09-15T11:44:18.1563401Z   ✓ per-command help run
make check (ubuntu-latest)	make check (includes isolated install-to-accept demo)	2026-09-15T11:44:18.1785854Z   ✓ per-command help accept
make check (ubuntu-latest)	make check (includes isolated install-to-accept demo)	2026-09-15T11:44:18.2005388Z   ✓ per-command help author-doctor
make check (ubuntu-latest)	make check (includes isolated install-to-accept demo)	2026-09-15T11:44:18.2227573Z   ✓ per-command help holdout
make check (ubuntu-latest)	make check (includes isolated install-to-accept demo)	2026-09-15T11:44:18.2447344Z   ✓ per-command help receipt
make check (ubuntu-latest)	make check (includes isolated install-to-accept demo)	2026-09-15T11:44:18.2667254Z   ✓ per-command help dsse
make check (ubuntu-latest)	make check (includes isolated install-to-accept demo)	2026-09-15T11:44:18.2886961Z   ✓ per-command help eval-audit
make check (ubuntu-latest)	make check (includes isolated install-to-accept demo)	2026-09-15T11:44:18.3119423Z   ✓ per-command help identity
make check (ubuntu-latest)	make check (includes isolated install-to-accept demo)	2026-09-15T11:44:18.3340397Z   ✓ per-command help evidence
make check (ubuntu-latest)	make check (includes isolated install-to-accept demo)	2026-09-15T11:44:18.3558138Z   ✓ per-command help bridge
make check (ubuntu-latest)	make check (includes isolated install-to-accept demo)	2026-09-15T11:44:18.3779063Z   ✓ per-command help mcp
make check (ubuntu-latest)	make check (includes isolated install-to-accept demo)	2026-09-15T11:44:18.3999599Z   ✓ per-command help mesh
make check (ubuntu-latest)	make check (includes isolated install-to-accept demo)	2026-09-15T11:44:18.4219690Z   ✓ per-command help ready
make check (ubuntu-latest)	make check (includes isolated install-to-accept demo)	2026-09-15T11:44:18.4437785Z   ✓ per-command help graph
make check (ubuntu-latest)	make check (includes isolated install-to-accept demo)	2026-09-15T11:44:18.4657835Z   ✓ per-command help status
make check (ubuntu-latest)	make check (includes isolated install-to-accept demo)	2026-09-15T11:44:18.4876157Z   ✓ per-command help lint
make check (ubuntu-latest)	make check (includes isolated install-to-accept demo)	2026-09-15T11:44:18.5094007Z   ✓ per-command help transition
make check (ubuntu-latest)	make check (includes isolated install-to-accept demo)	2026-09-15T11:44:18.5321000Z   ✓ per-command help rebuild-state
make check (ubuntu-latest)	make check (includes isolated install-to-accept demo)	2026-09-15T11:44:18.5549139Z   ✓ per-command help archive
make check (ubuntu-latest)	make check (includes isolated install-to-accept demo)	2026-09-15T11:44:18.5775198Z   ✓ per-command help backup
make check (ubuntu-latest)	make check (includes isolated install-to-accept demo)	2026-09-15T11:44:18.5996706Z   ✓ per-command help metrics
make check (ubuntu-latest)	make check (includes isolated install-to-accept demo)	2026-09-15T11:44:18.6217395Z   ✓ per-command help conformance
make check (ubuntu-latest)	make check (includes isolated install-to-accept demo)	2026-09-15T11:44:18.6435089Z   ✓ per-command help executor
make check (ubuntu-latest)	make check (includes isolated install-to-accept demo)	2026-09-15T11:44:18.6654266Z   ✓ per-command help agent-context
make check (ubuntu-latest)	make check (includes isolated install-to-accept demo)	2026-09-15T11:44:18.6872620Z   ✓ per-command help completion
make check (ubuntu-latest)	make check (includes isolated install-to-accept demo)	2026-09-15T11:44:18.7089288Z   ✓ per-command help doctor
make check (ubuntu-latest)	make check (includes isolated install-to-accept demo)	2026-09-15T11:44:18.7310166Z   ✓ per-command help version
make check (ubuntu-latest)	make check (includes isolated install-to-accept demo)	2026-09-15T11:44:18.7527696Z   ✓ per-command help help
make check (ubuntu-latest)	make check (includes isolated install-to-accept demo)	2026-09-15T11:44:18.7901859Z   ✓ usage exit 2: status
make check (ubuntu-latest)	make check (includes isolated install-to-accept demo)	2026-09-15T11:44:18.8004355Z   ✓ usage exit 2: transition
make check (ubuntu-latest)	make check (includes isolated install-to-accept demo)	2026-09-15T11:44:18.8105383Z   ✓ usage exit 2: migrate
make check (ubuntu-latest)	make check (includes isolated install-to-accept demo)	2026-09-15T11:44:18.8207261Z   ✓ usage exit 2: executor
make check (ubuntu-latest)	make check (includes isolated install-to-accept demo)	2026-09-15T11:44:18.8309408Z   ✓ usage exit 2: run
make check (ubuntu-latest)	make check (includes isolated install-to-accept demo)	2026-09-15T11:44:18.8559688Z   ✓ completion bash
make check (ubuntu-latest)	make check (includes isolated install-to-accept demo)	2026-09-15T11:44:18.8807491Z   ✓ completion zsh
make check (ubuntu-latest)	make check (includes isolated install-to-accept demo)	2026-09-15T11:44:18.9054270Z   ✓ completion fish
make check (ubuntu-latest)	make check (includes isolated install-to-accept demo)	2026-09-15T11:44:18.9054531Z == clean-room journey ==
make check (ubuntu-latest)	make check (includes isolated install-to-accept demo)	2026-09-15T11:44:22.1798742Z   ✓ install-to-accept clean room with structured materialization receipt
make check (ubuntu-latest)	make check (includes isolated install-to-accept demo)	2026-09-15T11:44:22.4071940Z   ✓ README v3 and opt-in v4 scaffold commands
make check (ubuntu-latest)	make check (includes isolated install-to-accept demo)	2026-09-15T11:44:22.4485159Z   ✓ malformed and dangling TaskPlan fails closed
make check (ubuntu-latest)	make check (includes isolated install-to-accept demo)	2026-09-15T11:44:22.4485784Z == dry-run and color ==
make check (ubuntu-latest)	make check (includes isolated install-to-accept demo)	2026-09-15T11:44:22.4596974Z   ✓ dry-run prevents init
make check (ubuntu-latest)	make check (includes isolated install-to-accept demo)	2026-09-15T11:44:22.4819460Z   ✓ NO_COLOR precedence
make check (ubuntu-latest)	make check (includes isolated install-to-accept demo)	2026-09-15T11:44:22.4819727Z == research evidence ==
make check (ubuntu-latest)	make check (includes isolated install-to-accept demo)	2026-09-15T11:44:22.5229223Z   ✓ firecrawl evidence
make check (ubuntu-latest)	make check (includes isolated install-to-accept demo)	2026-09-15T11:44:22.5649047Z   ✓ tavily evidence
make check (ubuntu-latest)	make check (includes isolated install-to-accept demo)	2026-09-15T11:44:22.6064839Z   ✓ exa evidence
make check (ubuntu-latest)	make check (includes isolated install-to-accept demo)	2026-09-15T11:44:22.6473075Z   ✓ named provider failure
make check (ubuntu-latest)	make check (includes isolated install-to-accept demo)	2026-09-15T11:44:22.6796399Z   ✓ evidence rejects credential-bearing keys
make check (ubuntu-latest)	make check (includes isolated install-to-accept demo)	2026-09-15T11:44:22.7180752Z   ✓ composition example preview
make check (ubuntu-latest)	make check (includes isolated install-to-accept demo)	2026-09-15T11:44:22.7360497Z   ✓ checked-in evidence example
make check (ubuntu-latest)	make check (includes isolated install-to-accept demo)	2026-09-15T11:44:22.7563581Z   ✓ checked-in handoff example
make check (ubuntu-latest)	make check (includes isolated install-to-accept demo)	2026-09-15T11:44:22.7778412Z   ✓ README release status is generated from evidence
make check (ubuntu-latest)	make check (includes isolated install-to-accept demo)	2026-09-15T11:44:22.7778772Z == checksum-backed release archive ==
make check (ubuntu-latest)	make check (includes isolated install-to-accept demo)	2026-09-15T11:44:23.4683300Z   ✓ checksum-backed remote install
make check (ubuntu-latest)	make check (includes isolated install-to-accept demo)	2026-09-15T11:44:23.5089331Z   ✓ tampered release archive fails closed
make check (ubuntu-latest)	make check (includes isolated install-to-accept demo)	2026-09-15T11:44:23.5104221Z == package ==
make check (ubuntu-latest)	make check (includes isolated install-to-accept demo)	2026-09-15T11:44:24.0717855Z   ✓ npm pack dry run
make check (ubuntu-latest)	make check (includes isolated install-to-accept demo)	2026-09-15T11:44:24.4237524Z   ✓ local npm package install
make check (ubuntu-latest)	make check (includes isolated install-to-accept demo)	2026-09-15T11:44:24.4237864Z 
make check (ubuntu-latest)	make check (includes isolated install-to-accept demo)	2026-09-15T11:44:24.4237966Z Results: 80 passed, 0 failed
make check (ubuntu-latest)	make check (includes isolated install-to-accept demo)	2026-09-15T11:44:24.4238203Z INSTALL=OK
make check (ubuntu-latest)	make check (includes isolated install-to-accept demo)	2026-09-15T11:44:24.5452686Z ok 1 - v4 authoring is explicit and non-default
make check (ubuntu-latest)	make check (includes isolated install-to-accept demo)	2026-09-15T11:44:24.9906366Z ok 2 - v3 compatibility fixture remains valid
make check (ubuntu-latest)	make check (includes isolated install-to-accept demo)	2026-09-15T11:44:25.2552222Z ok 3 - v4 policy validates
make check (ubuntu-latest)	make check (includes isolated install-to-accept demo)	2026-09-15T11:44:25.5222276Z ok 4 - sealed authoring evidence digest rejects artifact drift
make check (ubuntu-latest)	make check (includes isolated install-to-accept demo)	2026-09-15T11:44:25.5553620Z ok 5 - author doctor finds no blockers
make check (ubuntu-latest)	make check (includes isolated install-to-accept demo)	2026-09-15T11:44:26.1290873Z ok 6 - status reports authoring-evidence freshness without making age an acceptance gate
make check (ubuntu-latest)	make check (includes isolated install-to-accept demo)	2026-09-15T11:44:26.4830639Z ok 7 - v4 handoff emitted
make check (ubuntu-latest)	make check (includes isolated install-to-accept demo)	2026-09-15T11:44:26.5913206Z ok 8 - baseline discrimination audit
make check (ubuntu-latest)	make check (includes isolated install-to-accept demo)	2026-09-15T11:44:26.7931653Z ok 9 - repeated evaluation reports stable discrimination
make check (ubuntu-latest)	make check (includes isolated install-to-accept demo)	2026-09-15T11:44:26.8292550Z ok 10 - holdout descriptor sealed
make check (ubuntu-latest)	make check (includes isolated install-to-accept demo)	2026-09-15T11:44:26.9155311Z ok 11 - holdout rotation metadata is retained
make check (ubuntu-latest)	make check (includes isolated install-to-accept demo)	2026-09-15T11:44:26.9868516Z ok 12 - expired holdout requires rotation and reauthorization
make check (ubuntu-latest)	make check (includes isolated install-to-accept demo)	2026-09-15T11:44:27.0247088Z ok 13 - tampered holdout bundle is rejected
make check (ubuntu-latest)	make check (includes isolated install-to-accept demo)	2026-09-15T11:44:27.1878380Z ok 14 - holdout executed independently
make check (ubuntu-latest)	make check (includes isolated install-to-accept demo)	2026-09-15T11:44:27.2248289Z ok 15 - environment receipt created
make check (ubuntu-latest)	make check (includes isolated install-to-accept demo)	2026-09-15T11:44:27.2621510Z ok 16 - graded receipt created
make check (ubuntu-latest)	make check (includes isolated install-to-accept demo)	2026-09-15T11:44:27.2990529Z ok 17 - human receipt created
make check (ubuntu-latest)	make check (includes isolated install-to-accept demo)	2026-09-15T11:44:27.3472431Z ok 18 - identity receipt signed
make check (ubuntu-latest)	make check (includes isolated install-to-accept demo)	2026-09-15T11:44:27.3868254Z ok 19 - identity receipt verified
make check (ubuntu-latest)	make check (includes isolated install-to-accept demo)	2026-09-15T11:44:27.4286024Z ok 20 - signed holdout receipt
make check (ubuntu-latest)	make check (includes isolated install-to-accept demo)	2026-09-15T11:44:27.4696040Z ok 21 - signed environment receipt
make check (ubuntu-latest)	make check (includes isolated install-to-accept demo)	2026-09-15T11:44:27.5094788Z ok 22 - signed graded receipt
make check (ubuntu-latest)	make check (includes isolated install-to-accept demo)	2026-09-15T11:44:27.5496983Z ok 23 - signed human receipt
make check (ubuntu-latest)	make check (includes isolated install-to-accept demo)	2026-09-15T11:44:27.6162918Z ok 24 - wrong evaluator signer fails closed
make check (ubuntu-latest)	make check (includes isolated install-to-accept demo)	2026-09-15T11:44:27.6513295Z ok 25 - all typed receipts validate
make check (ubuntu-latest)	make check (includes isolated install-to-accept demo)	2026-09-15T11:44:27.7105237Z ok 26 - portable signed evidence satisfies Tier 1 policy
make check (ubuntu-latest)	make check (includes isolated install-to-accept demo)	2026-09-15T11:44:27.7842145Z ok 27 - DSSE receipt export verifies independently
make check (ubuntu-latest)	make check (includes isolated install-to-accept demo)	2026-09-15T11:44:27.8202186Z ok 28 - credential-bearing receipt is rejected
make check (ubuntu-latest)	make check (includes isolated install-to-accept demo)	2026-09-15T11:44:27.9676392Z ok 29 - enabled engine runs in a detached worktree
make check (ubuntu-latest)	make check (includes isolated install-to-accept demo)	2026-09-15T11:44:27.9826992Z ok 30 - isolated engine receipt records a real attempt
make check (ubuntu-latest)	make check (includes isolated install-to-accept demo)	2026-09-15T11:44:27.9868307Z ok 31 - isolated engine change is captured outside the source workspace
make check (ubuntu-latest)	make check (includes isolated install-to-accept demo)	2026-09-15T11:44:28.2038415Z ok 32 - acceptance blocks when evidence is omitted
make check (ubuntu-latest)	make check (includes isolated install-to-accept demo)	2026-09-15T11:44:28.4513951Z ok 33 - acceptance passes with matching supervised evidence
make check (ubuntu-latest)	make check (includes isolated install-to-accept demo)	2026-09-15T11:44:28.5231005Z ok 34 - revoked identity no longer verifies
make check (ubuntu-latest)	make check (includes isolated install-to-accept demo)	2026-09-15T11:44:28.5836498Z ok 35 - A2A v1.0 bridge round trip
make check (ubuntu-latest)	make check (includes isolated install-to-accept demo)	2026-09-15T11:44:28.6428176Z ok 36 - MCP bridge round trip
make check (ubuntu-latest)	make check (includes isolated install-to-accept demo)	2026-09-15T11:44:28.6867383Z ok 37 - A2A bridge detects embedded handoff tampering
make check (ubuntu-latest)	make check (includes isolated install-to-accept demo)	2026-09-15T11:44:28.7299290Z ok 38 - MCP bridge detects embedded handoff tampering
make check (ubuntu-latest)	make check (includes isolated install-to-accept demo)	2026-09-15T11:44:28.7563977Z ok 39 - MCP server lists read-only tools
make check (ubuntu-latest)	make check (includes isolated install-to-accept demo)	2026-09-15T11:44:28.7928447Z ok 40 - nine-family engine matrix validates
make check (ubuntu-latest)	make check (includes isolated install-to-accept demo)	2026-09-15T11:44:28.8324464Z ok 41 - disabled engine matrix records unavailable, not fabricated passes
make check (ubuntu-latest)	make check (includes isolated install-to-accept demo)	2026-09-15T11:44:28.8677802Z ok 42 - engine matrix emits typed run receipts
make check (ubuntu-latest)	make check (includes isolated install-to-accept demo)	2026-09-15T11:44:28.8678176Z PASS: Task-Spec 3.7 evidence integrity (42 checks)
make check (ubuntu-latest)	make check (includes isolated install-to-accept demo)	2026-09-15T11:44:29.6354112Z ok 1 - post-seal v4 to v3 downgrade fails closed
make check (ubuntu-latest)	make check (includes isolated install-to-accept demo)	2026-09-15T11:44:29.9402945Z ok 2 - sealed proof policy deletion fails closed
make check (ubuntu-latest)	make check (includes isolated install-to-accept demo)	2026-09-15T11:44:30.2459742Z ok 3 - sealed environment policy deletion fails closed
make check (ubuntu-latest)	make check (includes isolated install-to-accept demo)	2026-09-15T11:44:30.5640878Z ok 4 - parent-child authority mutation fails closed
make check (ubuntu-latest)	make check (includes isolated install-to-accept demo)	2026-09-15T11:44:30.8858370Z ok 5 - unknown future authority is sealed by default
make check (ubuntu-latest)	make check (includes isolated install-to-accept demo)	2026-09-15T11:44:31.2015102Z ok 6 - lifecycle and tracker projection remain mutable
make check (ubuntu-latest)	make check (includes isolated install-to-accept demo)	2026-09-15T11:44:31.2441686Z ok 7 - duplicate YAML keys are rejected
make check (ubuntu-latest)	make check (includes isolated install-to-accept demo)	2026-09-15T11:44:31.2862082Z ok 8 - ambiguous JSON numeric constants are rejected
make check (ubuntu-latest)	make check (includes isolated install-to-accept demo)	2026-09-15T11:44:31.3532511Z ok 9 - authority mapping key order is canonical
make check (ubuntu-latest)	make check (includes isolated install-to-accept demo)	2026-09-15T11:44:31.6277981Z ok 10 - textual authoring-evidence acceptance use produces a lint warning
make check (ubuntu-latest)	make check (includes isolated install-to-accept demo)	2026-09-15T11:44:32.5934230Z ok 11 - explicit workspace supports a nested custom backlog
make check (ubuntu-latest)	make check (includes isolated install-to-accept demo)	2026-09-15T11:44:33.9848666Z ok 12 - receipt replay across attempts fails
make check (ubuntu-latest)	make check (includes isolated install-to-accept demo)	2026-09-15T11:44:34.2482463Z ok 13 - global JSON returns typed receipt replay failure
make check (ubuntu-latest)	make check (includes isolated install-to-accept demo)	2026-09-15T11:44:34.4812698Z ok 14 - pre-authorization receipt timestamp fails
make check (ubuntu-latest)	make check (includes isolated install-to-accept demo)	2026-09-15T11:44:34.7234335Z ok 15 - receipt wrong task_id fails
make check (ubuntu-latest)	make check (includes isolated install-to-accept demo)	2026-09-15T11:44:34.9577380Z ok 16 - receipt wrong task_revision_digest fails
make check (ubuntu-latest)	make check (includes isolated install-to-accept demo)	2026-09-15T11:44:35.1967106Z ok 17 - receipt wrong base_commit fails
make check (ubuntu-latest)	make check (includes isolated install-to-accept demo)	2026-09-15T11:44:35.3951449Z ok 18 - legacy structural receipt cannot silently produce Tier 1
make check (ubuntu-latest)	make check (includes isolated install-to-accept demo)	2026-09-15T11:44:35.6156683Z ok 19 - required receipt rejects structural authorization fallback
make check (ubuntu-latest)	make check (includes isolated install-to-accept demo)	2026-09-15T11:44:35.8504083Z ok 20 - matching v2 receipt accepts Tier 1
make check (ubuntu-latest)	make check (includes isolated install-to-accept demo)	2026-09-15T11:44:36.8199662Z ok 21 - committed out-of-scope change is rejected
make check (ubuntu-latest)	make check (includes isolated install-to-accept demo)	2026-09-15T11:44:37.8112702Z ok 22 - symlink-escaped creation scope is rejected
make check (ubuntu-latest)	make check (includes isolated install-to-accept demo)	2026-09-15T11:44:38.7846553Z ok 23 - absolute handoff scope fails closed
make check (ubuntu-latest)	make check (includes isolated install-to-accept demo)	2026-09-15T11:44:39.0040410Z ok 24 - traversal handoff scope fails closed
make check (ubuntu-latest)	make check (includes isolated install-to-accept demo)	2026-09-15T11:44:39.2253777Z ok 25 - handoff budget expansion fails closed
make check (ubuntu-latest)	make check (includes isolated install-to-accept demo)	2026-09-15T11:44:39.4465659Z ok 26 - non-UUID attempt cannot escape acceptance storage
make check (ubuntu-latest)	make check (includes isolated install-to-accept demo)	2026-09-15T11:44:40.2425438Z ok 27 - handoff rejects conflict with an in-progress task
make check (ubuntu-latest)	make check (includes isolated install-to-accept demo)	2026-09-15T11:44:40.8038526Z ok 28 - acceptance rechecks active write conflicts
make check (ubuntu-latest)	make check (includes isolated install-to-accept demo)	2026-09-15T11:44:40.9132934Z ok 29 - interrupted status mutation leaves the old complete frontmatter
make check (ubuntu-latest)	make check (includes isolated install-to-accept demo)	2026-09-15T11:44:40.9164721Z ok 30 - interrupted status mutation leaves no partial state or temporary
make check (ubuntu-latest)	make check (includes isolated install-to-accept demo)	2026-09-15T11:44:41.8764565Z ok 31 - base commit divergence requires a new handoff
make check (ubuntu-latest)	make check (includes isolated install-to-accept demo)	2026-09-15T11:44:42.9038973Z ok 32 - dependency-closure drift fails closed
make check (ubuntu-latest)	make check (includes isolated install-to-accept demo)	2026-09-15T11:44:43.8802911Z ok 33 - injected finalize crash leaves old complete task state
make check (ubuntu-latest)	make check (includes isolated install-to-accept demo)	2026-09-15T11:44:43.8834354Z ok 34 - crash did not partially stamp accepted state
make check (ubuntu-latest)	make check (includes isolated install-to-accept demo)	2026-09-15T11:44:43.9180555Z ok 35 - doctor reports the orphan record left by interrupted acceptance
make check (ubuntu-latest)	make check (includes isolated install-to-accept demo)	2026-09-15T11:44:44.1446237Z ok 36 - same attempt recovers despite metrics projection failure
make check (ubuntu-latest)	make check (includes isolated install-to-accept demo)	2026-09-15T11:44:44.1812040Z ok 37 - doctor reports the missing accepted metrics projection
make check (ubuntu-latest)	make check (includes isolated install-to-accept demo)	2026-09-15T11:44:44.4046444Z ok 38 - same attempt cannot change its acceptor
make check (ubuntu-latest)	make check (includes isolated install-to-accept demo)	2026-09-15T11:44:44.4342935Z ok 39 - conflicting retry leaves record and task envelope consistent
make check (ubuntu-latest)	make check (includes isolated install-to-accept demo)	2026-09-15T11:44:44.6661606Z ok 40 - same accepted attempt can be retried without duplicate metrics
make check (ubuntu-latest)	make check (includes isolated install-to-accept demo)	2026-09-15T11:44:44.7292706Z ok 41 - TaskStatus names rebuild-state as the one safe projection recovery
make check (ubuntu-latest)	make check (includes isolated install-to-accept demo)	2026-09-15T11:44:44.8587326Z ok 42 - rebuilding projection advances the one safe next command
make check (ubuntu-latest)	make check (includes isolated install-to-accept demo)	2026-09-15T11:44:44.9228083Z ok 43 - global JSON preserves the same typed TaskStatus
make check (ubuntu-latest)	make check (includes isolated install-to-accept demo)	2026-09-15T11:44:45.0219661Z ok 44 - transition to done verifies the record subject and envelope
make check (ubuntu-latest)	make check (includes isolated install-to-accept demo)	2026-09-15T11:44:45.0853118Z ok 45 - status exposes semantic acceptance-record mismatch
make check (ubuntu-latest)	make check (includes isolated install-to-accept demo)	2026-09-15T11:44:45.1222851Z ok 46 - backlog doctor fails on semantic acceptance-record mismatch
make check (ubuntu-latest)	make check (includes isolated install-to-accept demo)	2026-09-15T11:44:45.1223470Z PASS: Task-Spec hardening adversarial suite (46 checks)
make check (ubuntu-latest)	make check (includes isolated install-to-accept demo)	2026-09-15T11:44:45.9733127Z CLI_REFERENCE=OK
make check (ubuntu-latest)	make check (includes isolated install-to-accept demo)	2026-09-15T11:44:46.0037177Z QUALITY_SCORE=97 SCORECARD=VALID
make check (ubuntu-latest)	make check (includes isolated install-to-accept demo)	2026-09-15T11:44:46.0264647Z RELEASE_STATUS=OK
make check (ubuntu-latest)	make check (includes isolated install-to-accept demo)	2026-09-15T11:44:46.0816562Z V381_EXPERIENCE=READY
make check (ubuntu-latest)	make check (includes isolated install-to-accept demo)	2026-09-15T11:44:46.9417801Z ok 1 - nested handoff binds the Git workspace
make check (ubuntu-latest)	make check (includes isolated install-to-accept demo)	2026-09-15T11:44:47.1774849Z ok 2 - nested acceptance uses the configured contained store
make check (ubuntu-latest)	make check (includes isolated install-to-accept demo)	2026-09-15T11:44:47.1788178Z ok 3 - nested acceptance record is separate from Converge receipts
make check (ubuntu-latest)	make check (includes isolated install-to-accept demo)	2026-09-15T11:44:47.9653718Z ok 4 - nested backlog infers repository root
make check (ubuntu-latest)	make check (includes isolated install-to-accept demo)	2026-09-15T11:44:48.0401755Z ok 5 - conflicting explicit workspace is rejected
make check (ubuntu-latest)	make check (includes isolated install-to-accept demo)	2026-09-15T11:44:49.0261464Z ok 6 - acceptance traversal is rejected
make check (ubuntu-latest)	make check (includes isolated install-to-accept demo)	2026-09-15T11:44:49.5548299Z ok 7 - acceptance symlink escape is rejected
make check (ubuntu-latest)	make check (includes isolated install-to-accept demo)	2026-09-15T11:44:49.7791344Z ok 8 - CLI acceptance directory overrides an unsafe environment value
make check (ubuntu-latest)	make check (includes isolated install-to-accept demo)	2026-09-15T11:44:49.7814710Z ok 9 - unsafe environment store was never written
make check (ubuntu-latest)	make check (includes isolated install-to-accept demo)	2026-09-15T11:44:50.3221798Z ok 10 - worktree gate resolves the common-directory key
make check (ubuntu-latest)	make check (includes isolated install-to-accept demo)	2026-09-15T11:44:50.3222178Z PASS: Task-Spec 3.8.1 nested workspace suite (10 checks)
make check (ubuntu-latest)	make check (includes isolated install-to-accept demo)	2026-09-15T11:44:50.3284948Z bash spec/conformance/run_conformance.sh
make check (ubuntu-latest)	make check (includes isolated install-to-accept demo)	2026-09-15T11:44:50.3329027Z == self-test floor: validating 8 conformance fixtures ==
make check (ubuntu-latest)	make check (includes isolated install-to-accept demo)	2026-09-15T11:44:53.3988298Z    self-test floor: all 8 fixtures valid
make check (ubuntu-latest)	make check (includes isolated install-to-accept demo)	2026-09-15T11:44:53.3988589Z 
make check (ubuntu-latest)	make check (includes isolated install-to-accept demo)	2026-09-15T11:44:53.3988985Z == running conformance (adapter: /home/runner/work/task-spec/task-spec/spec/conformance/adapters/self.sh) ==
make check (ubuntu-latest)	make check (includes isolated install-to-accept demo)	2026-09-15T11:44:53.4218394Z PASS   C1        T-conformance-001-status-lock
make check (ubuntu-latest)	make check (includes isolated install-to-accept demo)	2026-09-15T11:44:53.4537269Z PASS   C12       T-conformance-002-emit-enum
make check (ubuntu-latest)	make check (includes isolated install-to-accept demo)	2026-09-15T11:44:53.4973784Z PASS   C6        T-conformance-003-no-signed-off-mod
make check (ubuntu-latest)	make check (includes isolated install-to-accept demo)	2026-09-15T11:44:53.5232558Z PASS   C8        T-conformance-004-execution-backend
make check (ubuntu-latest)	make check (includes isolated install-to-accept demo)	2026-09-15T11:44:53.5487090Z PASS   C13,C16   T-conformance-005-budget-stop
make check (ubuntu-latest)	make check (includes isolated install-to-accept demo)	2026-09-15T11:44:53.5713029Z PASS   C5        T-conformance-006-do-not-touch
make check (ubuntu-latest)	make check (includes isolated install-to-accept demo)	2026-09-15T11:44:53.5894719Z PASS   C17       T-conformance-007-node-refusal
make check (ubuntu-latest)	make check (includes isolated install-to-accept demo)	2026-09-15T11:44:53.6075303Z PASS   C18       T-conformance-008-v4-policy
make check (ubuntu-latest)	make check (includes isolated install-to-accept demo)	2026-09-15T11:44:53.6113190Z 
make check (ubuntu-latest)	make check (includes isolated install-to-accept demo)	2026-09-15T11:44:53.6113530Z == results written to /home/runner/work/task-spec/task-spec/spec/conformance/results.json ==
make check (ubuntu-latest)	make check (includes isolated install-to-accept demo)	2026-09-15T11:44:53.6113817Z == non-waived failures: 0 ==
make check (ubuntu-latest)	make check (includes isolated install-to-accept demo)	2026-09-15T11:44:53.6115775Z bash bin/taskspec conformance --self-test
make check (ubuntu-latest)	make check (includes isolated install-to-accept demo)	2026-09-15T11:44:53.6254350Z Conformance check — level L2 — executor: bash /home/runner/work/task-spec/task-spec/src/dispatch/ref-executor.sh
make check (ubuntu-latest)	make check (includes isolated install-to-accept demo)	2026-09-15T11:44:53.6254943Z ────────────────────────────────────────────────────────
make check (ubuntu-latest)	make check (includes isolated install-to-accept demo)	2026-09-15T11:44:54.0413208Z L0. Executor drives a solvable spec to a passing Exit Check ...
make check (ubuntu-latest)	make check (includes isolated install-to-accept demo)	2026-09-15T11:44:55.0093661Z    PASS — Exit Check passes after execution (L0: reads format, runs evals)
make check (ubuntu-latest)	make check (includes isolated install-to-accept demo)	2026-09-15T11:44:55.0094212Z L1. Executor honors the status lifecycle (→ done on success) ...
make check (ubuntu-latest)	make check (includes isolated install-to-accept demo)	2026-09-15T11:44:55.0139534Z    PASS — status transitioned to 'done' (A2A: completed)
make check (ubuntu-latest)	make check (includes isolated install-to-accept demo)	2026-09-15T11:44:55.4494489Z L2. Executor parks an unsolvable spec within budget (no infinite loop) ...
make check (ubuntu-latest)	make check (includes isolated install-to-accept demo)	2026-09-15T11:44:56.2032865Z    PASS — unsolvable spec parked by the no-progress circuit breaker within the signed retry budget
make check (ubuntu-latest)	make check (includes isolated install-to-accept demo)	2026-09-15T11:44:56.2033295Z ────────────────────────────────────────────────────────
make check (ubuntu-latest)	make check (includes isolated install-to-accept demo)	2026-09-15T11:44:56.2033565Z CONFORMANT at L2 — this executor honors the Task-Spec contract.
make check (ubuntu-latest)	make check (includes isolated install-to-accept demo)	2026-09-15T11:44:56.2034049Z CONFORMANCE=L2
make check (ubuntu-latest)	make check (includes isolated install-to-accept demo)	2026-09-15T11:44:56.2067792Z CHECK=READY
make check (ubuntu-latest)	Post Install pinned Go toolchain for optional TaskMesh	﻿2026-09-15T11:44:56.2135855Z Post job cleanup.
make check (ubuntu-latest)	Post Install pinned Go toolchain for optional TaskMesh	2026-09-15T11:44:56.2862261Z [command]/opt/hostedtoolcache/go/1.25.0/x64/bin/go env GOMODCACHE
make check (ubuntu-latest)	Post Install pinned Go toolchain for optional TaskMesh	2026-09-15T11:44:56.2916471Z [command]/opt/hostedtoolcache/go/1.25.0/x64/bin/go env GOCACHE
make check (ubuntu-latest)	Post Install pinned Go toolchain for optional TaskMesh	2026-09-15T11:44:56.2922964Z /home/runner/go/pkg/mod
make check (ubuntu-latest)	Post Install pinned Go toolchain for optional TaskMesh	2026-09-15T11:44:56.2949031Z /home/runner/.cache/go-build
make check (ubuntu-latest)	Post Install pinned Go toolchain for optional TaskMesh	2026-09-15T11:44:56.2953831Z Cache hit occurred on the primary key setup-go-Linux-x64-ubuntu24-go-1.25.0-177c9a629613f64b62ff3bce8b5249e61de06089c1d63967a2ef301279610df5, not saving cache.
make check (ubuntu-latest)	Post Checkout	﻿2026-09-15T11:44:56.3089797Z Post job cleanup.
make check (ubuntu-latest)	Post Checkout	2026-09-15T11:44:56.3607688Z [command]/usr/bin/git version
make check (ubuntu-latest)	Post Checkout	2026-09-15T11:44:56.3642168Z git version 2.55.0
make check (ubuntu-latest)	Post Checkout	2026-09-15T11:44:56.3670629Z Temporarily overriding HOME='/home/runner/work/_temp/3b896af6-c1d6-4a2e-aaff-8f64bf50d652' before making global git config changes
make check (ubuntu-latest)	Post Checkout	2026-09-15T11:44:56.3671155Z Adding repository directory to the temporary git global config as a safe directory
make check (ubuntu-latest)	Post Checkout	2026-09-15T11:44:56.3673593Z [command]/usr/bin/git config --global --add safe.directory /home/runner/work/task-spec/task-spec
make check (ubuntu-latest)	Post Checkout	2026-09-15T11:44:56.3701062Z Removing SSH command configuration
make check (ubuntu-latest)	Post Checkout	2026-09-15T11:44:56.3705386Z [command]/usr/bin/git config --local --name-only --get-regexp core\.sshCommand
make check (ubuntu-latest)	Post Checkout	2026-09-15T11:44:56.3731147Z [command]/usr/bin/git submodule foreach --recursive sh -c "git config --local --name-only --get-regexp 'core\.sshCommand' && git config --local --unset-all 'core.sshCommand' || :"
make check (ubuntu-latest)	Post Checkout	2026-09-15T11:44:56.3932469Z Removing HTTP extra header
make check (ubuntu-latest)	Post Checkout	2026-09-15T11:44:56.3937221Z [command]/usr/bin/git config --local --name-only --get-regexp http\.https\:\/\/github\.com\/\.extraheader
make check (ubuntu-latest)	Post Checkout	2026-09-15T11:44:56.3967755Z [command]/usr/bin/git submodule foreach --recursive sh -c "git config --local --name-only --get-regexp 'http\.https\:\/\/github\.com\/\.extraheader' && git config --local --unset-all 'http.https://github.com/.extraheader' || :"
make check (ubuntu-latest)	Post Checkout	2026-09-15T11:44:56.4171031Z Removing includeIf entries pointing to credentials config files
make check (ubuntu-latest)	Post Checkout	2026-09-15T11:44:56.4176788Z [command]/usr/bin/git config --local --name-only --get-regexp ^includeIf\.gitdir:
make check (ubuntu-latest)	Post Checkout	2026-09-15T11:44:56.4206485Z [command]/usr/bin/git submodule foreach --recursive git config --local --show-origin --name-only --get-regexp remote.origin.url
make check (ubuntu-latest)	Complete job	﻿2026-09-15T11:44:56.4505401Z Cleaning up orphan processes
TaskMesh autonomous isolation (ubuntu)	Set up job	﻿2026-09-15T11:40:40.0767806Z Current runner version: '2.337.0'
TaskMesh autonomous isolation (ubuntu)	Set up job	2026-09-15T11:40:40.0792116Z ##[group]Runner Image Provisioner
TaskMesh autonomous isolation (ubuntu)	Set up job	2026-09-15T11:40:40.0793000Z Hosted Compute Agent
TaskMesh autonomous isolation (ubuntu)	Set up job	2026-09-15T11:40:40.0793746Z Version: 20260828.587
TaskMesh autonomous isolation (ubuntu)	Set up job	2026-09-15T11:40:40.0794452Z Commit: abac92662cab4cc7352de4f9f9d2e2419aad9c29
TaskMesh autonomous isolation (ubuntu)	Set up job	2026-09-15T11:40:40.0795195Z Build Date: 2026-08-28T16:44:25Z
TaskMesh autonomous isolation (ubuntu)	Set up job	2026-09-15T11:40:40.0796194Z Worker ID: {0c794eac-e8bb-4be8-a24f-77da4881fe93}
TaskMesh autonomous isolation (ubuntu)	Set up job	2026-09-15T11:40:40.0797026Z Azure Region: westcentralus
TaskMesh autonomous isolation (ubuntu)	Set up job	2026-09-15T11:40:40.0797687Z ##[endgroup]
TaskMesh autonomous isolation (ubuntu)	Set up job	2026-09-15T11:40:40.0799393Z ##[group]Operating System
TaskMesh autonomous isolation (ubuntu)	Set up job	2026-09-15T11:40:40.0800056Z Ubuntu
TaskMesh autonomous isolation (ubuntu)	Set up job	2026-09-15T11:40:40.0800682Z 24.04.5
TaskMesh autonomous isolation (ubuntu)	Set up job	2026-09-15T11:40:40.0801202Z LTS
TaskMesh autonomous isolation (ubuntu)	Set up job	2026-09-15T11:40:40.0801758Z ##[endgroup]
TaskMesh autonomous isolation (ubuntu)	Set up job	2026-09-15T11:40:40.0802375Z ##[group]Runner Image
TaskMesh autonomous isolation (ubuntu)	Set up job	2026-09-15T11:40:40.0802970Z Image: ubuntu-24.04
TaskMesh autonomous isolation (ubuntu)	Set up job	2026-09-15T11:40:40.0803578Z Version: 20260907.300.1
TaskMesh autonomous isolation (ubuntu)	Set up job	2026-09-15T11:40:40.0804669Z Included Software: https://github.com/actions/runner-images/blob/ubuntu24/20260907.300/images/ubuntu/Ubuntu2404-Readme.md
TaskMesh autonomous isolation (ubuntu)	Set up job	2026-09-15T11:40:40.0806722Z Image Release: https://github.com/actions/runner-images/releases/tag/ubuntu24%2F20260907.300
TaskMesh autonomous isolation (ubuntu)	Set up job	2026-09-15T11:40:40.0807724Z ##[endgroup]
TaskMesh autonomous isolation (ubuntu)	Set up job	2026-09-15T11:40:40.0809008Z ##[group]GITHUB_TOKEN Permissions
TaskMesh autonomous isolation (ubuntu)	Set up job	2026-09-15T11:40:40.0811665Z Contents: read
TaskMesh autonomous isolation (ubuntu)	Set up job	2026-09-15T11:40:40.0812490Z Metadata: read
TaskMesh autonomous isolation (ubuntu)	Set up job	2026-09-15T11:40:40.0813113Z ##[endgroup]
TaskMesh autonomous isolation (ubuntu)	Set up job	2026-09-15T11:40:40.0816350Z Secret source: Actions
TaskMesh autonomous isolation (ubuntu)	Set up job	2026-09-15T11:40:40.0817457Z Cache mode: write
TaskMesh autonomous isolation (ubuntu)	Set up job	2026-09-15T11:40:40.0818450Z Prepare workflow directory
TaskMesh autonomous isolation (ubuntu)	Set up job	2026-09-15T11:40:40.1202843Z Prepare all required actions
TaskMesh autonomous isolation (ubuntu)	Set up job	2026-09-15T11:40:40.1248645Z Getting action download info
TaskMesh autonomous isolation (ubuntu)	Set up job	2026-09-15T11:40:40.4338166Z Download action repository 'actions/checkout@3d3c42e5aac5ba805825da76410c181273ba90b1' (SHA:3d3c42e5aac5ba805825da76410c181273ba90b1)
TaskMesh autonomous isolation (ubuntu)	Set up job	2026-09-15T11:40:40.5322987Z Download action repository 'actions/setup-go@b7ad1dad31e06c5925ef5d2fc7ad053ef454303e' (SHA:b7ad1dad31e06c5925ef5d2fc7ad053ef454303e)
TaskMesh autonomous isolation (ubuntu)	Set up job	2026-09-15T11:40:41.3658648Z Complete job name: TaskMesh autonomous isolation (ubuntu)
TaskMesh autonomous isolation (ubuntu)	Checkout	﻿2026-09-15T11:40:41.4459180Z ##[group]Run actions/checkout@3d3c42e5aac5ba805825da76410c181273ba90b1
TaskMesh autonomous isolation (ubuntu)	Checkout	2026-09-15T11:40:41.4460365Z with:
TaskMesh autonomous isolation (ubuntu)	Checkout	2026-09-15T11:40:41.4460881Z   persist-credentials: false
TaskMesh autonomous isolation (ubuntu)	Checkout	2026-09-15T11:40:41.4461501Z   repository: luanmorenommaciel/task-spec
TaskMesh autonomous isolation (ubuntu)	Checkout	2026-09-15T11:40:41.4465572Z   token: ***
TaskMesh autonomous isolation (ubuntu)	Checkout	2026-09-15T11:40:41.4466250Z   ssh-strict: true
TaskMesh autonomous isolation (ubuntu)	Checkout	2026-09-15T11:40:41.4466769Z   ssh-user: git
TaskMesh autonomous isolation (ubuntu)	Checkout	2026-09-15T11:40:41.4467255Z   clean: true
TaskMesh autonomous isolation (ubuntu)	Checkout	2026-09-15T11:40:41.4467756Z   sparse-checkout-cone-mode: true
TaskMesh autonomous isolation (ubuntu)	Checkout	2026-09-15T11:40:41.4468332Z   fetch-depth: 1
TaskMesh autonomous isolation (ubuntu)	Checkout	2026-09-15T11:40:41.4468816Z   fetch-tags: false
TaskMesh autonomous isolation (ubuntu)	Checkout	2026-09-15T11:40:41.4469315Z   show-progress: true
TaskMesh autonomous isolation (ubuntu)	Checkout	2026-09-15T11:40:41.4469803Z   lfs: false
TaskMesh autonomous isolation (ubuntu)	Checkout	2026-09-15T11:40:41.4470264Z   submodules: false
TaskMesh autonomous isolation (ubuntu)	Checkout	2026-09-15T11:40:41.4470779Z   set-safe-directory: true
TaskMesh autonomous isolation (ubuntu)	Checkout	2026-09-15T11:40:41.4471341Z   allow-unsafe-pr-checkout: false
TaskMesh autonomous isolation (ubuntu)	Checkout	2026-09-15T11:40:41.4472192Z ##[endgroup]
TaskMesh autonomous isolation (ubuntu)	Checkout	2026-09-15T11:40:41.5459539Z Syncing repository: luanmorenommaciel/task-spec
TaskMesh autonomous isolation (ubuntu)	Checkout	2026-09-15T11:40:41.5462418Z ##[group]Getting Git version info
TaskMesh autonomous isolation (ubuntu)	Checkout	2026-09-15T11:40:41.5463863Z Working directory is '/home/runner/work/task-spec/task-spec'
TaskMesh autonomous isolation (ubuntu)	Checkout	2026-09-15T11:40:41.5465693Z [command]/usr/bin/git version
TaskMesh autonomous isolation (ubuntu)	Checkout	2026-09-15T11:40:41.5492368Z git version 2.55.0
TaskMesh autonomous isolation (ubuntu)	Checkout	2026-09-15T11:40:41.5545444Z ##[endgroup]
TaskMesh autonomous isolation (ubuntu)	Checkout	2026-09-15T11:40:41.5556412Z Temporarily overriding HOME='/home/runner/work/_temp/67626ef0-9a9a-4685-8eeb-3fc348d76f08' before making global git config changes
TaskMesh autonomous isolation (ubuntu)	Checkout	2026-09-15T11:40:41.5558983Z Adding repository directory to the temporary git global config as a safe directory
TaskMesh autonomous isolation (ubuntu)	Checkout	2026-09-15T11:40:41.5562417Z [command]/usr/bin/git config --global --add safe.directory /home/runner/work/task-spec/task-spec
TaskMesh autonomous isolation (ubuntu)	Checkout	2026-09-15T11:40:41.5608837Z Deleting the contents of '/home/runner/work/task-spec/task-spec'
TaskMesh autonomous isolation (ubuntu)	Checkout	2026-09-15T11:40:41.5612702Z ##[group]Determining repository object format
TaskMesh autonomous isolation (ubuntu)	Checkout	2026-09-15T11:40:41.5614858Z ##[endgroup]
TaskMesh autonomous isolation (ubuntu)	Checkout	2026-09-15T11:40:41.5616776Z ##[group]Initializing the repository
TaskMesh autonomous isolation (ubuntu)	Checkout	2026-09-15T11:40:41.5619258Z [command]/usr/bin/git init /home/runner/work/task-spec/task-spec
TaskMesh autonomous isolation (ubuntu)	Checkout	2026-09-15T11:40:41.5721918Z hint: Using 'master' as the name for the initial branch. This default branch name
TaskMesh autonomous isolation (ubuntu)	Checkout	2026-09-15T11:40:41.5724341Z hint: will change to "main" in Git 3.0. To configure the initial branch name
TaskMesh autonomous isolation (ubuntu)	Checkout	2026-09-15T11:40:41.5726673Z hint: to use in all of your new repositories, which will suppress this warning,
TaskMesh autonomous isolation (ubuntu)	Checkout	2026-09-15T11:40:41.5728480Z hint: call:
TaskMesh autonomous isolation (ubuntu)	Checkout	2026-09-15T11:40:41.5729711Z hint:
TaskMesh autonomous isolation (ubuntu)	Checkout	2026-09-15T11:40:41.5730934Z hint: 	git config --global init.defaultBranch <name>
TaskMesh autonomous isolation (ubuntu)	Checkout	2026-09-15T11:40:41.5732295Z hint:
TaskMesh autonomous isolation (ubuntu)	Checkout	2026-09-15T11:40:41.5733597Z hint: Names commonly chosen instead of 'master' are 'main', 'trunk' and
TaskMesh autonomous isolation (ubuntu)	Checkout	2026-09-15T11:40:41.5735458Z hint: 'development'. The just-created branch can be renamed via this command:
TaskMesh autonomous isolation (ubuntu)	Checkout	2026-09-15T11:40:41.5737389Z hint:
TaskMesh autonomous isolation (ubuntu)	Checkout	2026-09-15T11:40:41.5738385Z hint: 	git branch -m <name>
TaskMesh autonomous isolation (ubuntu)	Checkout	2026-09-15T11:40:41.5739446Z hint:
TaskMesh autonomous isolation (ubuntu)	Checkout	2026-09-15T11:40:41.5740836Z hint: Disable this message with "git config set advice.defaultBranchName false"
TaskMesh autonomous isolation (ubuntu)	Checkout	2026-09-15T11:40:41.5742889Z Initialized empty Git repository in /home/runner/work/task-spec/task-spec/.git/
TaskMesh autonomous isolation (ubuntu)	Checkout	2026-09-15T11:40:41.5746659Z [command]/usr/bin/git remote add origin https://github.com/luanmorenommaciel/task-spec
TaskMesh autonomous isolation (ubuntu)	Checkout	2026-09-15T11:40:41.5789218Z ##[endgroup]
TaskMesh autonomous isolation (ubuntu)	Checkout	2026-09-15T11:40:41.5790570Z ##[group]Disabling automatic garbage collection
TaskMesh autonomous isolation (ubuntu)	Checkout	2026-09-15T11:40:41.5791912Z [command]/usr/bin/git config --local gc.auto 0
TaskMesh autonomous isolation (ubuntu)	Checkout	2026-09-15T11:40:41.5830073Z ##[endgroup]
TaskMesh autonomous isolation (ubuntu)	Checkout	2026-09-15T11:40:41.5831503Z ##[group]Setting up auth
TaskMesh autonomous isolation (ubuntu)	Checkout	2026-09-15T11:40:41.5832475Z Removing SSH command configuration
TaskMesh autonomous isolation (ubuntu)	Checkout	2026-09-15T11:40:41.5833898Z [command]/usr/bin/git config --local --name-only --get-regexp core\.sshCommand
TaskMesh autonomous isolation (ubuntu)	Checkout	2026-09-15T11:40:41.5871191Z [command]/usr/bin/git submodule foreach --recursive sh -c "git config --local --name-only --get-regexp 'core\.sshCommand' && git config --local --unset-all 'core.sshCommand' || :"
TaskMesh autonomous isolation (ubuntu)	Checkout	2026-09-15T11:40:41.6205609Z Removing HTTP extra header
TaskMesh autonomous isolation (ubuntu)	Checkout	2026-09-15T11:40:41.6212443Z [command]/usr/bin/git config --local --name-only --get-regexp http\.https\:\/\/github\.com\/\.extraheader
TaskMesh autonomous isolation (ubuntu)	Checkout	2026-09-15T11:40:41.6262598Z [command]/usr/bin/git submodule foreach --recursive sh -c "git config --local --name-only --get-regexp 'http\.https\:\/\/github\.com\/\.extraheader' && git config --local --unset-all 'http.https://github.com/.extraheader' || :"
TaskMesh autonomous isolation (ubuntu)	Checkout	2026-09-15T11:40:41.6495448Z Removing includeIf entries pointing to credentials config files
TaskMesh autonomous isolation (ubuntu)	Checkout	2026-09-15T11:40:41.6500957Z [command]/usr/bin/git config --local --name-only --get-regexp ^includeIf\.gitdir:
TaskMesh autonomous isolation (ubuntu)	Checkout	2026-09-15T11:40:41.6535186Z [command]/usr/bin/git submodule foreach --recursive git config --local --show-origin --name-only --get-regexp remote.origin.url
TaskMesh autonomous isolation (ubuntu)	Checkout	2026-09-15T11:40:41.6764930Z [command]/usr/bin/git config --file /home/runner/work/_temp/git-credentials-aa719884-a522-4064-ab21-97621e87aee5.config http.https://github.com/.extraheader AUTHORIZATION: basic ***
TaskMesh autonomous isolation (ubuntu)	Checkout	2026-09-15T11:40:41.6803232Z [command]/usr/bin/git config --local includeIf.gitdir:/home/runner/work/task-spec/task-spec/.git.path /home/runner/work/_temp/git-credentials-aa719884-a522-4064-ab21-97621e87aee5.config
TaskMesh autonomous isolation (ubuntu)	Checkout	2026-09-15T11:40:41.6835377Z [command]/usr/bin/git config --local includeIf.gitdir:/home/runner/work/task-spec/task-spec/.git/worktrees/*.path /home/runner/work/_temp/git-credentials-aa719884-a522-4064-ab21-97621e87aee5.config
TaskMesh autonomous isolation (ubuntu)	Checkout	2026-09-15T11:40:41.6871747Z [command]/usr/bin/git config --local includeIf.gitdir:/github/workspace/.git.path /github/runner_temp/git-credentials-aa719884-a522-4064-ab21-97621e87aee5.config
TaskMesh autonomous isolation (ubuntu)	Checkout	2026-09-15T11:40:41.6906184Z [command]/usr/bin/git config --local includeIf.gitdir:/github/workspace/.git/worktrees/*.path /github/runner_temp/git-credentials-aa719884-a522-4064-ab21-97621e87aee5.config
TaskMesh autonomous isolation (ubuntu)	Checkout	2026-09-15T11:40:41.6936888Z ##[endgroup]
TaskMesh autonomous isolation (ubuntu)	Checkout	2026-09-15T11:40:41.6937794Z ##[group]Fetching the repository
TaskMesh autonomous isolation (ubuntu)	Checkout	2026-09-15T11:40:41.6943111Z [command]/usr/bin/git -c protocol.version=2 fetch --no-tags --prune --no-recurse-submodules --depth=1 origin +79ec514387fed8c941dbd9ffb3e6d3ededfc85f3:refs/remotes/origin/main
TaskMesh autonomous isolation (ubuntu)	Checkout	2026-09-15T11:40:44.3473335Z From https://github.com/luanmorenommaciel/task-spec
TaskMesh autonomous isolation (ubuntu)	Checkout	2026-09-15T11:40:44.3475654Z  * [new ref]         79ec514387fed8c941dbd9ffb3e6d3ededfc85f3 -> origin/main
TaskMesh autonomous isolation (ubuntu)	Checkout	2026-09-15T11:40:44.3483724Z [command]/usr/bin/git branch --list --remote origin/main
TaskMesh autonomous isolation (ubuntu)	Checkout	2026-09-15T11:40:44.3512950Z   origin/main
TaskMesh autonomous isolation (ubuntu)	Checkout	2026-09-15T11:40:44.3521880Z [command]/usr/bin/git rev-parse refs/remotes/origin/main
TaskMesh autonomous isolation (ubuntu)	Checkout	2026-09-15T11:40:44.3548713Z 79ec514387fed8c941dbd9ffb3e6d3ededfc85f3
TaskMesh autonomous isolation (ubuntu)	Checkout	2026-09-15T11:40:44.3554768Z ##[endgroup]
TaskMesh autonomous isolation (ubuntu)	Checkout	2026-09-15T11:40:44.3555633Z ##[group]Determining the checkout info
TaskMesh autonomous isolation (ubuntu)	Checkout	2026-09-15T11:40:44.3556806Z ##[endgroup]
TaskMesh autonomous isolation (ubuntu)	Checkout	2026-09-15T11:40:44.3558954Z [command]/usr/bin/git sparse-checkout disable
TaskMesh autonomous isolation (ubuntu)	Checkout	2026-09-15T11:40:44.3611389Z [command]/usr/bin/git config --local --unset-all extensions.worktreeConfig
TaskMesh autonomous isolation (ubuntu)	Checkout	2026-09-15T11:40:44.3645143Z ##[group]Checking out the ref
TaskMesh autonomous isolation (ubuntu)	Checkout	2026-09-15T11:40:44.3650125Z [command]/usr/bin/git checkout --progress --force -B main refs/remotes/origin/main
TaskMesh autonomous isolation (ubuntu)	Checkout	2026-09-15T11:40:44.6659934Z Switched to a new branch 'main'
TaskMesh autonomous isolation (ubuntu)	Checkout	2026-09-15T11:40:44.6663776Z branch 'main' set up to track 'origin/main'.
TaskMesh autonomous isolation (ubuntu)	Checkout	2026-09-15T11:40:44.6684870Z ##[endgroup]
TaskMesh autonomous isolation (ubuntu)	Checkout	2026-09-15T11:40:44.6733107Z [command]/usr/bin/git log -1 --format=%H
TaskMesh autonomous isolation (ubuntu)	Checkout	2026-09-15T11:40:44.6761838Z 79ec514387fed8c941dbd9ffb3e6d3ededfc85f3
TaskMesh autonomous isolation (ubuntu)	Checkout	2026-09-15T11:40:44.6770443Z ##[group]Removing auth
TaskMesh autonomous isolation (ubuntu)	Checkout	2026-09-15T11:40:44.6770910Z Removing SSH command configuration
TaskMesh autonomous isolation (ubuntu)	Checkout	2026-09-15T11:40:44.6774130Z [command]/usr/bin/git config --local --name-only --get-regexp core\.sshCommand
TaskMesh autonomous isolation (ubuntu)	Checkout	2026-09-15T11:40:44.6809501Z [command]/usr/bin/git submodule foreach --recursive sh -c "git config --local --name-only --get-regexp 'core\.sshCommand' && git config --local --unset-all 'core.sshCommand' || :"
TaskMesh autonomous isolation (ubuntu)	Checkout	2026-09-15T11:40:44.7082488Z Removing HTTP extra header
TaskMesh autonomous isolation (ubuntu)	Checkout	2026-09-15T11:40:44.7086842Z [command]/usr/bin/git config --local --name-only --get-regexp http\.https\:\/\/github\.com\/\.extraheader
TaskMesh autonomous isolation (ubuntu)	Checkout	2026-09-15T11:40:44.7121697Z [command]/usr/bin/git submodule foreach --recursive sh -c "git config --local --name-only --get-regexp 'http\.https\:\/\/github\.com\/\.extraheader' && git config --local --unset-all 'http.https://github.com/.extraheader' || :"
TaskMesh autonomous isolation (ubuntu)	Checkout	2026-09-15T11:40:44.7444928Z Removing includeIf entries pointing to credentials config files
TaskMesh autonomous isolation (ubuntu)	Checkout	2026-09-15T11:40:44.7449026Z [command]/usr/bin/git config --local --name-only --get-regexp ^includeIf\.gitdir:
TaskMesh autonomous isolation (ubuntu)	Checkout	2026-09-15T11:40:44.7478201Z includeif.gitdir:/home/runner/work/task-spec/task-spec/.git.path
TaskMesh autonomous isolation (ubuntu)	Checkout	2026-09-15T11:40:44.7479539Z includeif.gitdir:/home/runner/work/task-spec/task-spec/.git/worktrees/*.path
TaskMesh autonomous isolation (ubuntu)	Checkout	2026-09-15T11:40:44.7480645Z includeif.gitdir:/github/workspace/.git.path
TaskMesh autonomous isolation (ubuntu)	Checkout	2026-09-15T11:40:44.7481648Z includeif.gitdir:/github/workspace/.git/worktrees/*.path
TaskMesh autonomous isolation (ubuntu)	Checkout	2026-09-15T11:40:44.7486473Z [command]/usr/bin/git config --local --get-all includeif.gitdir:/home/runner/work/task-spec/task-spec/.git.path
TaskMesh autonomous isolation (ubuntu)	Checkout	2026-09-15T11:40:44.7512201Z /home/runner/work/_temp/git-credentials-aa719884-a522-4064-ab21-97621e87aee5.config
TaskMesh autonomous isolation (ubuntu)	Checkout	2026-09-15T11:40:44.7521484Z [command]/usr/bin/git config --local --unset includeif.gitdir:/home/runner/work/task-spec/task-spec/.git.path \/home\/runner\/work\/_temp\/git\-credentials\-aa719884\-a522\-4064\-ab21\-97621e87aee5\.config
TaskMesh autonomous isolation (ubuntu)	Checkout	2026-09-15T11:40:44.7556733Z [command]/usr/bin/git config --local --get-all includeif.gitdir:/home/runner/work/task-spec/task-spec/.git/worktrees/*.path
TaskMesh autonomous isolation (ubuntu)	Checkout	2026-09-15T11:40:44.7589464Z /home/runner/work/_temp/git-credentials-aa719884-a522-4064-ab21-97621e87aee5.config
TaskMesh autonomous isolation (ubuntu)	Checkout	2026-09-15T11:40:44.7598163Z [command]/usr/bin/git config --local --unset includeif.gitdir:/home/runner/work/task-spec/task-spec/.git/worktrees/*.path \/home\/runner\/work\/_temp\/git\-credentials\-aa719884\-a522\-4064\-ab21\-97621e87aee5\.config
TaskMesh autonomous isolation (ubuntu)	Checkout	2026-09-15T11:40:44.7635797Z [command]/usr/bin/git config --local --get-all includeif.gitdir:/github/workspace/.git.path
TaskMesh autonomous isolation (ubuntu)	Checkout	2026-09-15T11:40:44.7687058Z /github/runner_temp/git-credentials-aa719884-a522-4064-ab21-97621e87aee5.config
TaskMesh autonomous isolation (ubuntu)	Checkout	2026-09-15T11:40:44.7711306Z [command]/usr/bin/git config --local --unset includeif.gitdir:/github/workspace/.git.path \/github\/runner_temp\/git\-credentials\-aa719884\-a522\-4064\-ab21\-97621e87aee5\.config
TaskMesh autonomous isolation (ubuntu)	Checkout	2026-09-15T11:40:44.7750600Z [command]/usr/bin/git config --local --get-all includeif.gitdir:/github/workspace/.git/worktrees/*.path
TaskMesh autonomous isolation (ubuntu)	Checkout	2026-09-15T11:40:44.7776145Z /github/runner_temp/git-credentials-aa719884-a522-4064-ab21-97621e87aee5.config
TaskMesh autonomous isolation (ubuntu)	Checkout	2026-09-15T11:40:44.7784059Z [command]/usr/bin/git config --local --unset includeif.gitdir:/github/workspace/.git/worktrees/*.path \/github\/runner_temp\/git\-credentials\-aa719884\-a522\-4064\-ab21\-97621e87aee5\.config
TaskMesh autonomous isolation (ubuntu)	Checkout	2026-09-15T11:40:44.7819356Z [command]/usr/bin/git submodule foreach --recursive git config --local --show-origin --name-only --get-regexp remote.origin.url
TaskMesh autonomous isolation (ubuntu)	Checkout	2026-09-15T11:40:44.8048987Z Removing credentials config '/home/runner/work/_temp/git-credentials-aa719884-a522-4064-ab21-97621e87aee5.config'
TaskMesh autonomous isolation (ubuntu)	Checkout	2026-09-15T11:40:44.8055008Z ##[endgroup]
TaskMesh autonomous isolation (ubuntu)	Install pinned Go toolchain	﻿2026-09-15T11:40:44.8285806Z ##[group]Run actions/setup-go@b7ad1dad31e06c5925ef5d2fc7ad053ef454303e
TaskMesh autonomous isolation (ubuntu)	Install pinned Go toolchain	2026-09-15T11:40:44.8286577Z with:
TaskMesh autonomous isolation (ubuntu)	Install pinned Go toolchain	2026-09-15T11:40:44.8286794Z   go-version: 1.25.0
TaskMesh autonomous isolation (ubuntu)	Install pinned Go toolchain	2026-09-15T11:40:44.8287056Z   cache-dependency-path: go.sum
TaskMesh autonomous isolation (ubuntu)	Install pinned Go toolchain	2026-09-15T11:40:44.8287315Z   check-latest: false
TaskMesh autonomous isolation (ubuntu)	Install pinned Go toolchain	2026-09-15T11:40:44.8289809Z   token: ***
TaskMesh autonomous isolation (ubuntu)	Install pinned Go toolchain	2026-09-15T11:40:44.8290006Z   cache: true
TaskMesh autonomous isolation (ubuntu)	Install pinned Go toolchain	2026-09-15T11:40:44.8290202Z ##[endgroup]
TaskMesh autonomous isolation (ubuntu)	Install pinned Go toolchain	2026-09-15T11:40:44.9405943Z Setup go version spec 1.25.0
TaskMesh autonomous isolation (ubuntu)	Install pinned Go toolchain	2026-09-15T11:40:44.9414904Z Attempting to download 1.25.0...
TaskMesh autonomous isolation (ubuntu)	Install pinned Go toolchain	2026-09-15T11:40:45.8655136Z matching 1.25.0...
TaskMesh autonomous isolation (ubuntu)	Install pinned Go toolchain	2026-09-15T11:40:45.8672525Z Acquiring 1.25.0 from https://github.com/actions/go-versions/releases/download/1.25.0-16925932082/go-1.25.0-linux-x64.tar.gz
TaskMesh autonomous isolation (ubuntu)	Install pinned Go toolchain	2026-09-15T11:40:46.6181934Z Extracting Go...
TaskMesh autonomous isolation (ubuntu)	Install pinned Go toolchain	2026-09-15T11:40:46.6299554Z [command]/usr/bin/tar xz --warning=no-unknown-keyword --overwrite -C /home/runner/work/_temp/804e95bb-dbec-43ad-9099-50b21b6d1cdd -f /home/runner/work/_temp/dd69d59b-2d32-43c3-82b5-7d80aa7473ce
TaskMesh autonomous isolation (ubuntu)	Install pinned Go toolchain	2026-09-15T11:40:48.0849342Z Successfully extracted go to /home/runner/work/_temp/804e95bb-dbec-43ad-9099-50b21b6d1cdd
TaskMesh autonomous isolation (ubuntu)	Install pinned Go toolchain	2026-09-15T11:40:48.0850321Z Adding to the cache ...
TaskMesh autonomous isolation (ubuntu)	Install pinned Go toolchain	2026-09-15T11:40:53.4137066Z Successfully cached go to /opt/hostedtoolcache/go/1.25.0/x64
TaskMesh autonomous isolation (ubuntu)	Install pinned Go toolchain	2026-09-15T11:40:53.4139690Z Added go to the path
TaskMesh autonomous isolation (ubuntu)	Install pinned Go toolchain	2026-09-15T11:40:53.4141143Z Successfully set up Go version 1.25.0
TaskMesh autonomous isolation (ubuntu)	Install pinned Go toolchain	2026-09-15T11:40:53.4363789Z [command]/opt/hostedtoolcache/go/1.25.0/x64/bin/go env GOMODCACHE
TaskMesh autonomous isolation (ubuntu)	Install pinned Go toolchain	2026-09-15T11:40:53.4422139Z [command]/opt/hostedtoolcache/go/1.25.0/x64/bin/go env GOCACHE
TaskMesh autonomous isolation (ubuntu)	Install pinned Go toolchain	2026-09-15T11:40:53.4446377Z /home/runner/go/pkg/mod
TaskMesh autonomous isolation (ubuntu)	Install pinned Go toolchain	2026-09-15T11:40:53.4460413Z /home/runner/.cache/go-build
TaskMesh autonomous isolation (ubuntu)	Install pinned Go toolchain	2026-09-15T11:40:53.6402052Z Cache hit for: setup-go-Linux-x64-ubuntu24-go-1.25.0-177c9a629613f64b62ff3bce8b5249e61de06089c1d63967a2ef301279610df5
TaskMesh autonomous isolation (ubuntu)	Install pinned Go toolchain	2026-09-15T11:40:54.8781030Z Received 33554432 of 104912598 (32.0%), 32.0 MBs/sec
TaskMesh autonomous isolation (ubuntu)	Install pinned Go toolchain	2026-09-15T11:40:55.4359800Z Received 104912598 of 104912598 (100.0%), 64.2 MBs/sec
TaskMesh autonomous isolation (ubuntu)	Install pinned Go toolchain	2026-09-15T11:40:55.4360488Z Cache Size: ~100 MB (104912598 B)
TaskMesh autonomous isolation (ubuntu)	Install pinned Go toolchain	2026-09-15T11:40:55.4456913Z [command]/usr/bin/tar -xf /home/runner/work/_temp/de55018c-52b1-45e7-97a1-9319ee70329b/cache.tzst -P -C /home/runner/work/task-spec/task-spec --use-compress-program unzstd
TaskMesh autonomous isolation (ubuntu)	Install pinned Go toolchain	2026-09-15T11:40:56.3287143Z Cache restored successfully
TaskMesh autonomous isolation (ubuntu)	Install pinned Go toolchain	2026-09-15T11:40:56.3340714Z Cache restored from key: setup-go-Linux-x64-ubuntu24-go-1.25.0-177c9a629613f64b62ff3bce8b5249e61de06089c1d63967a2ef301279610df5
TaskMesh autonomous isolation (ubuntu)	Install pinned Go toolchain	2026-09-15T11:40:56.3364626Z go version go1.25.0 linux/amd64
TaskMesh autonomous isolation (ubuntu)	Install pinned Go toolchain	2026-09-15T11:40:56.3364861Z 
TaskMesh autonomous isolation (ubuntu)	Install pinned Go toolchain	2026-09-15T11:40:56.3365171Z ##[group]go env
TaskMesh autonomous isolation (ubuntu)	Install pinned Go toolchain	2026-09-15T11:40:56.3483818Z AR='ar'
TaskMesh autonomous isolation (ubuntu)	Install pinned Go toolchain	2026-09-15T11:40:56.3484216Z CC='gcc'
TaskMesh autonomous isolation (ubuntu)	Install pinned Go toolchain	2026-09-15T11:40:56.3484600Z CGO_CFLAGS='-O2 -g'
TaskMesh autonomous isolation (ubuntu)	Install pinned Go toolchain	2026-09-15T11:40:56.3484989Z CGO_CPPFLAGS=''
TaskMesh autonomous isolation (ubuntu)	Install pinned Go toolchain	2026-09-15T11:40:56.3485363Z CGO_CXXFLAGS='-O2 -g'
TaskMesh autonomous isolation (ubuntu)	Install pinned Go toolchain	2026-09-15T11:40:56.3485677Z CGO_ENABLED='1'
TaskMesh autonomous isolation (ubuntu)	Install pinned Go toolchain	2026-09-15T11:40:56.3485923Z CGO_FFLAGS='-O2 -g'
TaskMesh autonomous isolation (ubuntu)	Install pinned Go toolchain	2026-09-15T11:40:56.3486426Z CGO_LDFLAGS='-O2 -g'
TaskMesh autonomous isolation (ubuntu)	Install pinned Go toolchain	2026-09-15T11:40:56.3486659Z CXX='g++'
TaskMesh autonomous isolation (ubuntu)	Install pinned Go toolchain	2026-09-15T11:40:56.3486870Z GCCGO='gccgo'
TaskMesh autonomous isolation (ubuntu)	Install pinned Go toolchain	2026-09-15T11:40:56.3487083Z GO111MODULE=''
TaskMesh autonomous isolation (ubuntu)	Install pinned Go toolchain	2026-09-15T11:40:56.3487337Z GOAMD64='v1'
TaskMesh autonomous isolation (ubuntu)	Install pinned Go toolchain	2026-09-15T11:40:56.3487556Z GOARCH='amd64'
TaskMesh autonomous isolation (ubuntu)	Install pinned Go toolchain	2026-09-15T11:40:56.3487775Z GOAUTH='netrc'
TaskMesh autonomous isolation (ubuntu)	Install pinned Go toolchain	2026-09-15T11:40:56.3488323Z GOBIN=''
TaskMesh autonomous isolation (ubuntu)	Install pinned Go toolchain	2026-09-15T11:40:56.3488576Z GOCACHE='/home/runner/.cache/go-build'
TaskMesh autonomous isolation (ubuntu)	Install pinned Go toolchain	2026-09-15T11:40:56.3488894Z GOCACHEPROG=''
TaskMesh autonomous isolation (ubuntu)	Install pinned Go toolchain	2026-09-15T11:40:56.3489119Z GODEBUG=''
TaskMesh autonomous isolation (ubuntu)	Install pinned Go toolchain	2026-09-15T11:40:56.3489355Z GOENV='/home/runner/.config/go/env'
TaskMesh autonomous isolation (ubuntu)	Install pinned Go toolchain	2026-09-15T11:40:56.3489651Z GOEXE=''
TaskMesh autonomous isolation (ubuntu)	Install pinned Go toolchain	2026-09-15T11:40:56.3489864Z GOEXPERIMENT=''
TaskMesh autonomous isolation (ubuntu)	Install pinned Go toolchain	2026-09-15T11:40:56.3490101Z GOFIPS140='off'
TaskMesh autonomous isolation (ubuntu)	Install pinned Go toolchain	2026-09-15T11:40:56.3490331Z GOFLAGS=''
TaskMesh autonomous isolation (ubuntu)	Install pinned Go toolchain	2026-09-15T11:40:56.3491102Z GOGCCFLAGS='-fPIC -m64 -pthread -Wl,--no-gc-sections -fmessage-length=0 -ffile-prefix-map=/tmp/go-build1785341561=/tmp/go-build -gno-record-gcc-switches'
TaskMesh autonomous isolation (ubuntu)	Install pinned Go toolchain	2026-09-15T11:40:56.3491884Z GOHOSTARCH='amd64'
TaskMesh autonomous isolation (ubuntu)	Install pinned Go toolchain	2026-09-15T11:40:56.3492125Z GOHOSTOS='linux'
TaskMesh autonomous isolation (ubuntu)	Install pinned Go toolchain	2026-09-15T11:40:56.3492358Z GOINSECURE=''
TaskMesh autonomous isolation (ubuntu)	Install pinned Go toolchain	2026-09-15T11:40:56.3492688Z GOMOD='/home/runner/work/task-spec/task-spec/go.mod'
TaskMesh autonomous isolation (ubuntu)	Install pinned Go toolchain	2026-09-15T11:40:56.3493071Z GOMODCACHE='/home/runner/go/pkg/mod'
TaskMesh autonomous isolation (ubuntu)	Install pinned Go toolchain	2026-09-15T11:40:56.3493556Z GONOPROXY=''
TaskMesh autonomous isolation (ubuntu)	Install pinned Go toolchain	2026-09-15T11:40:56.3493778Z GONOSUMDB=''
TaskMesh autonomous isolation (ubuntu)	Install pinned Go toolchain	2026-09-15T11:40:56.3494002Z GOOS='linux'
TaskMesh autonomous isolation (ubuntu)	Install pinned Go toolchain	2026-09-15T11:40:56.3494233Z GOPATH='/home/runner/go'
TaskMesh autonomous isolation (ubuntu)	Install pinned Go toolchain	2026-09-15T11:40:56.3494503Z GOPRIVATE=''
TaskMesh autonomous isolation (ubuntu)	Install pinned Go toolchain	2026-09-15T11:40:56.3494790Z GOPROXY='https://proxy.golang.org,direct'
TaskMesh autonomous isolation (ubuntu)	Install pinned Go toolchain	2026-09-15T11:40:56.3495165Z GOROOT='/opt/hostedtoolcache/go/1.25.0/x64'
TaskMesh autonomous isolation (ubuntu)	Install pinned Go toolchain	2026-09-15T11:40:56.3495512Z GOSUMDB='sum.golang.org'
TaskMesh autonomous isolation (ubuntu)	Install pinned Go toolchain	2026-09-15T11:40:56.3495779Z GOTELEMETRY='local'
TaskMesh autonomous isolation (ubuntu)	Install pinned Go toolchain	2026-09-15T11:40:56.3496375Z GOTELEMETRYDIR='/home/runner/.config/go/telemetry'
TaskMesh autonomous isolation (ubuntu)	Install pinned Go toolchain	2026-09-15T11:40:56.3496747Z GOTMPDIR=''
TaskMesh autonomous isolation (ubuntu)	Install pinned Go toolchain	2026-09-15T11:40:56.3496988Z GOTOOLCHAIN='local'
TaskMesh autonomous isolation (ubuntu)	Install pinned Go toolchain	2026-09-15T11:40:56.3497363Z GOTOOLDIR='/opt/hostedtoolcache/go/1.25.0/x64/pkg/tool/linux_amd64'
TaskMesh autonomous isolation (ubuntu)	Install pinned Go toolchain	2026-09-15T11:40:56.3497781Z GOVCS=''
TaskMesh autonomous isolation (ubuntu)	Install pinned Go toolchain	2026-09-15T11:40:56.3497999Z GOVERSION='go1.25.0'
TaskMesh autonomous isolation (ubuntu)	Install pinned Go toolchain	2026-09-15T11:40:56.3498245Z GOWORK=''
TaskMesh autonomous isolation (ubuntu)	Install pinned Go toolchain	2026-09-15T11:40:56.3498489Z PKG_CONFIG='pkg-config'
TaskMesh autonomous isolation (ubuntu)	Install pinned Go toolchain	2026-09-15T11:40:56.3498634Z 
TaskMesh autonomous isolation (ubuntu)	Install pinned Go toolchain	2026-09-15T11:40:56.3498911Z ##[endgroup]
TaskMesh autonomous isolation (ubuntu)	Require live Docker isolation proof	﻿2026-09-15T11:40:56.3657597Z ##[group]Run bash tests/test-mesh-isolation.sh
TaskMesh autonomous isolation (ubuntu)	Require live Docker isolation proof	2026-09-15T11:40:56.3658051Z [36;1mbash tests/test-mesh-isolation.sh[0m
TaskMesh autonomous isolation (ubuntu)	Require live Docker isolation proof	2026-09-15T11:40:56.3658398Z [36;1mbash tests/test-toolkit-attested.sh[0m
TaskMesh autonomous isolation (ubuntu)	Require live Docker isolation proof	2026-09-15T11:40:56.3701373Z shell: /usr/bin/bash -e {0}
TaskMesh autonomous isolation (ubuntu)	Require live Docker isolation proof	2026-09-15T11:40:56.3701649Z env:
TaskMesh autonomous isolation (ubuntu)	Require live Docker isolation proof	2026-09-15T11:40:56.3701850Z   GOTOOLCHAIN: local
TaskMesh autonomous isolation (ubuntu)	Require live Docker isolation proof	2026-09-15T11:40:56.3702101Z   TASKSPEC_REQUIRE_MESH_ISOLATION: 1
TaskMesh autonomous isolation (ubuntu)	Require live Docker isolation proof	2026-09-15T11:40:56.3702377Z ##[endgroup]
TaskMesh autonomous isolation (ubuntu)	Require live Docker isolation proof	2026-09-15T11:41:30.9680840Z MESH_ISOLATION=READY
TaskMesh autonomous isolation (ubuntu)	Require live Docker isolation proof	2026-09-15T11:41:44.5698940Z TOOLKIT_ATTESTED=PASS two rounds, distinct revoked credentials, signed evidence, canonical acceptance
TaskMesh autonomous isolation (ubuntu)	Require live Docker isolation proof	2026-09-15T11:41:50.8291826Z MESH_ISOLATION=READY
TaskMesh autonomous isolation (ubuntu)	Post Install pinned Go toolchain	﻿2026-09-15T11:41:50.8518243Z Post job cleanup.
TaskMesh autonomous isolation (ubuntu)	Post Install pinned Go toolchain	2026-09-15T11:41:50.9674849Z [command]/opt/hostedtoolcache/go/1.25.0/x64/bin/go env GOMODCACHE
TaskMesh autonomous isolation (ubuntu)	Post Install pinned Go toolchain	2026-09-15T11:41:50.9723672Z [command]/opt/hostedtoolcache/go/1.25.0/x64/bin/go env GOCACHE
TaskMesh autonomous isolation (ubuntu)	Post Install pinned Go toolchain	2026-09-15T11:41:50.9756396Z /home/runner/go/pkg/mod
TaskMesh autonomous isolation (ubuntu)	Post Install pinned Go toolchain	2026-09-15T11:41:50.9776987Z /home/runner/.cache/go-build
TaskMesh autonomous isolation (ubuntu)	Post Install pinned Go toolchain	2026-09-15T11:41:50.9784462Z Cache hit occurred on the primary key setup-go-Linux-x64-ubuntu24-go-1.25.0-177c9a629613f64b62ff3bce8b5249e61de06089c1d63967a2ef301279610df5, not saving cache.
TaskMesh autonomous isolation (ubuntu)	Post Checkout	﻿2026-09-15T11:41:51.0002092Z Post job cleanup.
TaskMesh autonomous isolation (ubuntu)	Post Checkout	2026-09-15T11:41:51.0846453Z [command]/usr/bin/git version
TaskMesh autonomous isolation (ubuntu)	Post Checkout	2026-09-15T11:41:51.0887592Z git version 2.55.0
TaskMesh autonomous isolation (ubuntu)	Post Checkout	2026-09-15T11:41:51.0940344Z Temporarily overriding HOME='/home/runner/work/_temp/6aa4ebb1-5056-4a9e-817e-bebc19a17d52' before making global git config changes
TaskMesh autonomous isolation (ubuntu)	Post Checkout	2026-09-15T11:41:51.0941732Z Adding repository directory to the temporary git global config as a safe directory
TaskMesh autonomous isolation (ubuntu)	Post Checkout	2026-09-15T11:41:51.0946436Z [command]/usr/bin/git config --global --add safe.directory /home/runner/work/task-spec/task-spec
TaskMesh autonomous isolation (ubuntu)	Post Checkout	2026-09-15T11:41:51.0977889Z Removing SSH command configuration
TaskMesh autonomous isolation (ubuntu)	Post Checkout	2026-09-15T11:41:51.0983654Z [command]/usr/bin/git config --local --name-only --get-regexp core\.sshCommand
TaskMesh autonomous isolation (ubuntu)	Post Checkout	2026-09-15T11:41:51.1018280Z [command]/usr/bin/git submodule foreach --recursive sh -c "git config --local --name-only --get-regexp 'core\.sshCommand' && git config --local --unset-all 'core.sshCommand' || :"
TaskMesh autonomous isolation (ubuntu)	Post Checkout	2026-09-15T11:41:51.1264752Z Removing HTTP extra header
TaskMesh autonomous isolation (ubuntu)	Post Checkout	2026-09-15T11:41:51.1270966Z [command]/usr/bin/git config --local --name-only --get-regexp http\.https\:\/\/github\.com\/\.extraheader
TaskMesh autonomous isolation (ubuntu)	Post Checkout	2026-09-15T11:41:51.1306143Z [command]/usr/bin/git submodule foreach --recursive sh -c "git config --local --name-only --get-regexp 'http\.https\:\/\/github\.com\/\.extraheader' && git config --local --unset-all 'http.https://github.com/.extraheader' || :"
TaskMesh autonomous isolation (ubuntu)	Post Checkout	2026-09-15T11:41:51.1556246Z Removing includeIf entries pointing to credentials config files
TaskMesh autonomous isolation (ubuntu)	Post Checkout	2026-09-15T11:41:51.1582261Z [command]/usr/bin/git config --local --name-only --get-regexp ^includeIf\.gitdir:
TaskMesh autonomous isolation (ubuntu)	Post Checkout	2026-09-15T11:41:51.1622442Z [command]/usr/bin/git submodule foreach --recursive git config --local --show-origin --name-only --get-regexp remote.origin.url
TaskMesh autonomous isolation (ubuntu)	Complete job	﻿2026-09-15T11:41:51.2003091Z Cleaning up orphan processes
