TaskMesh autonomous isolation (ubuntu)	Set up job	﻿2026-09-16T02:48:33.0011533Z Current runner version: '2.337.0'
TaskMesh autonomous isolation (ubuntu)	Set up job	2026-09-16T02:48:33.0089355Z ##[group]Runner Image Provisioner
TaskMesh autonomous isolation (ubuntu)	Set up job	2026-09-16T02:48:33.0090840Z Hosted Compute Agent
TaskMesh autonomous isolation (ubuntu)	Set up job	2026-09-16T02:48:33.0092198Z Version: 20260828.587
TaskMesh autonomous isolation (ubuntu)	Set up job	2026-09-16T02:48:33.0093369Z Commit: abac92662cab4cc7352de4f9f9d2e2419aad9c29
TaskMesh autonomous isolation (ubuntu)	Set up job	2026-09-16T02:48:33.0094786Z Build Date: 2026-08-28T16:44:25Z
TaskMesh autonomous isolation (ubuntu)	Set up job	2026-09-16T02:48:33.0096075Z Worker ID: {b60c8c8b-9822-4b67-a0d1-f7416e4f041f}
TaskMesh autonomous isolation (ubuntu)	Set up job	2026-09-16T02:48:33.0097365Z Azure Region: eastus
TaskMesh autonomous isolation (ubuntu)	Set up job	2026-09-16T02:48:33.0098531Z ##[endgroup]
TaskMesh autonomous isolation (ubuntu)	Set up job	2026-09-16T02:48:33.0122065Z ##[group]Operating System
TaskMesh autonomous isolation (ubuntu)	Set up job	2026-09-16T02:48:33.0123283Z Ubuntu
TaskMesh autonomous isolation (ubuntu)	Set up job	2026-09-16T02:48:33.0124188Z 24.04.5
TaskMesh autonomous isolation (ubuntu)	Set up job	2026-09-16T02:48:33.0125178Z LTS
TaskMesh autonomous isolation (ubuntu)	Set up job	2026-09-16T02:48:33.0126642Z ##[endgroup]
TaskMesh autonomous isolation (ubuntu)	Set up job	2026-09-16T02:48:33.0127819Z ##[group]Runner Image
TaskMesh autonomous isolation (ubuntu)	Set up job	2026-09-16T02:48:33.0128865Z Image: ubuntu-24.04
TaskMesh autonomous isolation (ubuntu)	Set up job	2026-09-16T02:48:33.0130251Z Version: 20260907.300.1
TaskMesh autonomous isolation (ubuntu)	Set up job	2026-09-16T02:48:33.0132309Z Included Software: https://github.com/actions/runner-images/blob/ubuntu24/20260907.300/images/ubuntu/Ubuntu2404-Readme.md
TaskMesh autonomous isolation (ubuntu)	Set up job	2026-09-16T02:48:33.0135502Z Image Release: https://github.com/actions/runner-images/releases/tag/ubuntu24%2F20260907.300
TaskMesh autonomous isolation (ubuntu)	Set up job	2026-09-16T02:48:33.0137247Z ##[endgroup]
TaskMesh autonomous isolation (ubuntu)	Set up job	2026-09-16T02:48:33.0159846Z ##[group]GITHUB_TOKEN Permissions
TaskMesh autonomous isolation (ubuntu)	Set up job	2026-09-16T02:48:33.0163208Z Contents: read
TaskMesh autonomous isolation (ubuntu)	Set up job	2026-09-16T02:48:33.0164347Z Metadata: read
TaskMesh autonomous isolation (ubuntu)	Set up job	2026-09-16T02:48:33.0165345Z ##[endgroup]
TaskMesh autonomous isolation (ubuntu)	Set up job	2026-09-16T02:48:33.0168786Z Secret source: Actions
TaskMesh autonomous isolation (ubuntu)	Set up job	2026-09-16T02:48:33.0170720Z Cache mode: write
TaskMesh autonomous isolation (ubuntu)	Set up job	2026-09-16T02:48:33.0172665Z Prepare workflow directory
TaskMesh autonomous isolation (ubuntu)	Set up job	2026-09-16T02:48:33.1092322Z Prepare all required actions
TaskMesh autonomous isolation (ubuntu)	Set up job	2026-09-16T02:48:33.1213406Z Getting action download info
TaskMesh autonomous isolation (ubuntu)	Set up job	2026-09-16T02:48:33.3167997Z Download action repository 'actions/checkout@3d3c42e5aac5ba805825da76410c181273ba90b1' (SHA:3d3c42e5aac5ba805825da76410c181273ba90b1)
TaskMesh autonomous isolation (ubuntu)	Set up job	2026-09-16T02:48:33.4259634Z Download action repository 'actions/setup-go@b7ad1dad31e06c5925ef5d2fc7ad053ef454303e' (SHA:b7ad1dad31e06c5925ef5d2fc7ad053ef454303e)
TaskMesh autonomous isolation (ubuntu)	Set up job	2026-09-16T02:48:33.7078748Z Complete job name: TaskMesh autonomous isolation (ubuntu)
TaskMesh autonomous isolation (ubuntu)	Checkout	﻿2026-09-16T02:48:33.7835195Z ##[group]Run actions/checkout@3d3c42e5aac5ba805825da76410c181273ba90b1
TaskMesh autonomous isolation (ubuntu)	Checkout	2026-09-16T02:48:33.7836301Z with:
TaskMesh autonomous isolation (ubuntu)	Checkout	2026-09-16T02:48:33.7836778Z   persist-credentials: false
TaskMesh autonomous isolation (ubuntu)	Checkout	2026-09-16T02:48:33.7837350Z   repository: luanmorenommaciel/task-spec
TaskMesh autonomous isolation (ubuntu)	Checkout	2026-09-16T02:48:33.7841877Z   token: ***
TaskMesh autonomous isolation (ubuntu)	Checkout	2026-09-16T02:48:33.7842335Z   ssh-strict: true
TaskMesh autonomous isolation (ubuntu)	Checkout	2026-09-16T02:48:33.7842784Z   ssh-user: git
TaskMesh autonomous isolation (ubuntu)	Checkout	2026-09-16T02:48:33.7843213Z   clean: true
TaskMesh autonomous isolation (ubuntu)	Checkout	2026-09-16T02:48:33.7843667Z   sparse-checkout-cone-mode: true
TaskMesh autonomous isolation (ubuntu)	Checkout	2026-09-16T02:48:33.7844201Z   fetch-depth: 1
TaskMesh autonomous isolation (ubuntu)	Checkout	2026-09-16T02:48:33.7844644Z   fetch-tags: false
TaskMesh autonomous isolation (ubuntu)	Checkout	2026-09-16T02:48:33.7845087Z   show-progress: true
TaskMesh autonomous isolation (ubuntu)	Checkout	2026-09-16T02:48:33.7845537Z   lfs: false
TaskMesh autonomous isolation (ubuntu)	Checkout	2026-09-16T02:48:33.7845956Z   submodules: false
TaskMesh autonomous isolation (ubuntu)	Checkout	2026-09-16T02:48:33.7846414Z   set-safe-directory: true
TaskMesh autonomous isolation (ubuntu)	Checkout	2026-09-16T02:48:33.7846923Z   allow-unsafe-pr-checkout: false
TaskMesh autonomous isolation (ubuntu)	Checkout	2026-09-16T02:48:33.7847711Z ##[endgroup]
TaskMesh autonomous isolation (ubuntu)	Checkout	2026-09-16T02:48:33.8972012Z Syncing repository: luanmorenommaciel/task-spec
TaskMesh autonomous isolation (ubuntu)	Checkout	2026-09-16T02:48:33.8992571Z ##[group]Getting Git version info
TaskMesh autonomous isolation (ubuntu)	Checkout	2026-09-16T02:48:33.9005597Z Working directory is '/home/runner/work/task-spec/task-spec'
TaskMesh autonomous isolation (ubuntu)	Checkout	2026-09-16T02:48:33.9020725Z [command]/usr/bin/git version
TaskMesh autonomous isolation (ubuntu)	Checkout	2026-09-16T02:48:33.9301941Z git version 2.55.0
TaskMesh autonomous isolation (ubuntu)	Checkout	2026-09-16T02:48:33.9354635Z ##[endgroup]
TaskMesh autonomous isolation (ubuntu)	Checkout	2026-09-16T02:48:33.9363169Z Temporarily overriding HOME='/home/runner/work/_temp/75723e86-fb04-492d-9f9f-34364462b630' before making global git config changes
TaskMesh autonomous isolation (ubuntu)	Checkout	2026-09-16T02:48:33.9365970Z Adding repository directory to the temporary git global config as a safe directory
TaskMesh autonomous isolation (ubuntu)	Checkout	2026-09-16T02:48:33.9390801Z [command]/usr/bin/git config --global --add safe.directory /home/runner/work/task-spec/task-spec
TaskMesh autonomous isolation (ubuntu)	Checkout	2026-09-16T02:48:33.9408689Z Deleting the contents of '/home/runner/work/task-spec/task-spec'
TaskMesh autonomous isolation (ubuntu)	Checkout	2026-09-16T02:48:33.9411065Z ##[group]Determining repository object format
TaskMesh autonomous isolation (ubuntu)	Checkout	2026-09-16T02:48:33.9412614Z ##[endgroup]
TaskMesh autonomous isolation (ubuntu)	Checkout	2026-09-16T02:48:33.9413874Z ##[group]Initializing the repository
TaskMesh autonomous isolation (ubuntu)	Checkout	2026-09-16T02:48:33.9415177Z [command]/usr/bin/git init /home/runner/work/task-spec/task-spec
TaskMesh autonomous isolation (ubuntu)	Checkout	2026-09-16T02:48:34.0675737Z hint: Using 'master' as the name for the initial branch. This default branch name
TaskMesh autonomous isolation (ubuntu)	Checkout	2026-09-16T02:48:34.0690396Z hint: will change to "main" in Git 3.0. To configure the initial branch name
TaskMesh autonomous isolation (ubuntu)	Checkout	2026-09-16T02:48:34.0720913Z hint: to use in all of your new repositories, which will suppress this warning,
TaskMesh autonomous isolation (ubuntu)	Checkout	2026-09-16T02:48:34.0739738Z hint: call:
TaskMesh autonomous isolation (ubuntu)	Checkout	2026-09-16T02:48:34.0759700Z hint:
TaskMesh autonomous isolation (ubuntu)	Checkout	2026-09-16T02:48:34.0780107Z hint: 	git config --global init.defaultBranch <name>
TaskMesh autonomous isolation (ubuntu)	Checkout	2026-09-16T02:48:34.0781623Z hint:
TaskMesh autonomous isolation (ubuntu)	Checkout	2026-09-16T02:48:34.0798985Z hint: Names commonly chosen instead of 'master' are 'main', 'trunk' and
TaskMesh autonomous isolation (ubuntu)	Checkout	2026-09-16T02:48:34.0801295Z hint: 'development'. The just-created branch can be renamed via this command:
TaskMesh autonomous isolation (ubuntu)	Checkout	2026-09-16T02:48:34.0802815Z hint:
TaskMesh autonomous isolation (ubuntu)	Checkout	2026-09-16T02:48:34.0803737Z hint: 	git branch -m <name>
TaskMesh autonomous isolation (ubuntu)	Checkout	2026-09-16T02:48:34.0804789Z hint:
TaskMesh autonomous isolation (ubuntu)	Checkout	2026-09-16T02:48:34.0806092Z hint: Disable this message with "git config set advice.defaultBranchName false"
TaskMesh autonomous isolation (ubuntu)	Checkout	2026-09-16T02:48:34.0835241Z Initialized empty Git repository in /home/runner/work/task-spec/task-spec/.git/
TaskMesh autonomous isolation (ubuntu)	Checkout	2026-09-16T02:48:34.0886743Z [command]/usr/bin/git remote add origin https://github.com/luanmorenommaciel/task-spec
TaskMesh autonomous isolation (ubuntu)	Checkout	2026-09-16T02:48:34.0926344Z ##[endgroup]
TaskMesh autonomous isolation (ubuntu)	Checkout	2026-09-16T02:48:34.0928069Z ##[group]Disabling automatic garbage collection
TaskMesh autonomous isolation (ubuntu)	Checkout	2026-09-16T02:48:34.0929924Z [command]/usr/bin/git config --local gc.auto 0
TaskMesh autonomous isolation (ubuntu)	Checkout	2026-09-16T02:48:34.0933471Z ##[endgroup]
TaskMesh autonomous isolation (ubuntu)	Checkout	2026-09-16T02:48:34.0935076Z ##[group]Setting up auth
TaskMesh autonomous isolation (ubuntu)	Checkout	2026-09-16T02:48:34.0936281Z Removing SSH command configuration
TaskMesh autonomous isolation (ubuntu)	Checkout	2026-09-16T02:48:34.0937884Z [command]/usr/bin/git config --local --name-only --get-regexp core\.sshCommand
TaskMesh autonomous isolation (ubuntu)	Checkout	2026-09-16T02:48:34.0942794Z [command]/usr/bin/git submodule foreach --recursive sh -c "git config --local --name-only --get-regexp 'core\.sshCommand' && git config --local --unset-all 'core.sshCommand' || :"
TaskMesh autonomous isolation (ubuntu)	Checkout	2026-09-16T02:48:34.0947196Z Removing HTTP extra header
TaskMesh autonomous isolation (ubuntu)	Checkout	2026-09-16T02:48:34.0948954Z [command]/usr/bin/git config --local --name-only --get-regexp http\.https\:\/\/github\.com\/\.extraheader
TaskMesh autonomous isolation (ubuntu)	Checkout	2026-09-16T02:48:34.0966015Z [command]/usr/bin/git submodule foreach --recursive sh -c "git config --local --name-only --get-regexp 'http\.https\:\/\/github\.com\/\.extraheader' && git config --local --unset-all 'http.https://github.com/.extraheader' || :"
TaskMesh autonomous isolation (ubuntu)	Checkout	2026-09-16T02:48:34.1151426Z Removing includeIf entries pointing to credentials config files
TaskMesh autonomous isolation (ubuntu)	Checkout	2026-09-16T02:48:34.1153374Z [command]/usr/bin/git config --local --name-only --get-regexp ^includeIf\.gitdir:
TaskMesh autonomous isolation (ubuntu)	Checkout	2026-09-16T02:48:34.1182948Z [command]/usr/bin/git submodule foreach --recursive git config --local --show-origin --name-only --get-regexp remote.origin.url
TaskMesh autonomous isolation (ubuntu)	Checkout	2026-09-16T02:48:34.1528587Z [command]/usr/bin/git config --file /home/runner/work/_temp/git-credentials-fb040764-0223-40ce-ba9a-30000eba7f07.config http.https://github.com/.extraheader AUTHORIZATION: basic ***
TaskMesh autonomous isolation (ubuntu)	Checkout	2026-09-16T02:48:34.1573042Z [command]/usr/bin/git config --local includeIf.gitdir:/home/runner/work/task-spec/task-spec/.git.path /home/runner/work/_temp/git-credentials-fb040764-0223-40ce-ba9a-30000eba7f07.config
TaskMesh autonomous isolation (ubuntu)	Checkout	2026-09-16T02:48:34.1614044Z [command]/usr/bin/git config --local includeIf.gitdir:/home/runner/work/task-spec/task-spec/.git/worktrees/*.path /home/runner/work/_temp/git-credentials-fb040764-0223-40ce-ba9a-30000eba7f07.config
TaskMesh autonomous isolation (ubuntu)	Checkout	2026-09-16T02:48:34.1655604Z [command]/usr/bin/git config --local includeIf.gitdir:/github/workspace/.git.path /github/runner_temp/git-credentials-fb040764-0223-40ce-ba9a-30000eba7f07.config
TaskMesh autonomous isolation (ubuntu)	Checkout	2026-09-16T02:48:34.1711317Z [command]/usr/bin/git config --local includeIf.gitdir:/github/workspace/.git/worktrees/*.path /github/runner_temp/git-credentials-fb040764-0223-40ce-ba9a-30000eba7f07.config
TaskMesh autonomous isolation (ubuntu)	Checkout	2026-09-16T02:48:34.1743176Z ##[endgroup]
TaskMesh autonomous isolation (ubuntu)	Checkout	2026-09-16T02:48:34.1744810Z ##[group]Fetching the repository
TaskMesh autonomous isolation (ubuntu)	Checkout	2026-09-16T02:48:34.1752392Z [command]/usr/bin/git -c protocol.version=2 fetch --no-tags --prune --no-recurse-submodules --depth=1 origin +459f0cd415a2cd22db6021fd3f8a7fb0faf25f25:refs/remotes/origin/main
TaskMesh autonomous isolation (ubuntu)	Checkout	2026-09-16T02:48:37.9428220Z From https://github.com/luanmorenommaciel/task-spec
TaskMesh autonomous isolation (ubuntu)	Checkout	2026-09-16T02:48:37.9436043Z  * [new ref]         459f0cd415a2cd22db6021fd3f8a7fb0faf25f25 -> origin/main
TaskMesh autonomous isolation (ubuntu)	Checkout	2026-09-16T02:48:37.9440556Z [command]/usr/bin/git branch --list --remote origin/main
TaskMesh autonomous isolation (ubuntu)	Checkout	2026-09-16T02:48:37.9474287Z   origin/main
TaskMesh autonomous isolation (ubuntu)	Checkout	2026-09-16T02:48:37.9485990Z [command]/usr/bin/git rev-parse refs/remotes/origin/main
TaskMesh autonomous isolation (ubuntu)	Checkout	2026-09-16T02:48:37.9513196Z 459f0cd415a2cd22db6021fd3f8a7fb0faf25f25
TaskMesh autonomous isolation (ubuntu)	Checkout	2026-09-16T02:48:37.9524026Z ##[endgroup]
TaskMesh autonomous isolation (ubuntu)	Checkout	2026-09-16T02:48:37.9526569Z ##[group]Determining the checkout info
TaskMesh autonomous isolation (ubuntu)	Checkout	2026-09-16T02:48:37.9529624Z ##[endgroup]
TaskMesh autonomous isolation (ubuntu)	Checkout	2026-09-16T02:48:37.9531467Z [command]/usr/bin/git sparse-checkout disable
TaskMesh autonomous isolation (ubuntu)	Checkout	2026-09-16T02:48:37.9584920Z [command]/usr/bin/git config --local --unset-all extensions.worktreeConfig
TaskMesh autonomous isolation (ubuntu)	Checkout	2026-09-16T02:48:37.9625053Z ##[group]Checking out the ref
TaskMesh autonomous isolation (ubuntu)	Checkout	2026-09-16T02:48:37.9629447Z [command]/usr/bin/git checkout --progress --force -B main refs/remotes/origin/main
TaskMesh autonomous isolation (ubuntu)	Checkout	2026-09-16T02:48:38.4466248Z Switched to a new branch 'main'
TaskMesh autonomous isolation (ubuntu)	Checkout	2026-09-16T02:48:38.4482036Z branch 'main' set up to track 'origin/main'.
TaskMesh autonomous isolation (ubuntu)	Checkout	2026-09-16T02:48:38.4505213Z ##[endgroup]
TaskMesh autonomous isolation (ubuntu)	Checkout	2026-09-16T02:48:38.4573996Z [command]/usr/bin/git log -1 --format=%H
TaskMesh autonomous isolation (ubuntu)	Checkout	2026-09-16T02:48:38.4608353Z 459f0cd415a2cd22db6021fd3f8a7fb0faf25f25
TaskMesh autonomous isolation (ubuntu)	Checkout	2026-09-16T02:48:38.4620857Z ##[group]Removing auth
TaskMesh autonomous isolation (ubuntu)	Checkout	2026-09-16T02:48:38.4622004Z Removing SSH command configuration
TaskMesh autonomous isolation (ubuntu)	Checkout	2026-09-16T02:48:38.4626325Z [command]/usr/bin/git config --local --name-only --get-regexp core\.sshCommand
TaskMesh autonomous isolation (ubuntu)	Checkout	2026-09-16T02:48:38.4682814Z [command]/usr/bin/git submodule foreach --recursive sh -c "git config --local --name-only --get-regexp 'core\.sshCommand' && git config --local --unset-all 'core.sshCommand' || :"
TaskMesh autonomous isolation (ubuntu)	Checkout	2026-09-16T02:48:38.4944960Z Removing HTTP extra header
TaskMesh autonomous isolation (ubuntu)	Checkout	2026-09-16T02:48:38.4948205Z [command]/usr/bin/git config --local --name-only --get-regexp http\.https\:\/\/github\.com\/\.extraheader
TaskMesh autonomous isolation (ubuntu)	Checkout	2026-09-16T02:48:38.4988510Z [command]/usr/bin/git submodule foreach --recursive sh -c "git config --local --name-only --get-regexp 'http\.https\:\/\/github\.com\/\.extraheader' && git config --local --unset-all 'http.https://github.com/.extraheader' || :"
TaskMesh autonomous isolation (ubuntu)	Checkout	2026-09-16T02:48:38.5248544Z Removing includeIf entries pointing to credentials config files
TaskMesh autonomous isolation (ubuntu)	Checkout	2026-09-16T02:48:38.5251733Z [command]/usr/bin/git config --local --name-only --get-regexp ^includeIf\.gitdir:
TaskMesh autonomous isolation (ubuntu)	Checkout	2026-09-16T02:48:38.5286860Z includeif.gitdir:/home/runner/work/task-spec/task-spec/.git.path
TaskMesh autonomous isolation (ubuntu)	Checkout	2026-09-16T02:48:38.5290126Z includeif.gitdir:/home/runner/work/task-spec/task-spec/.git/worktrees/*.path
TaskMesh autonomous isolation (ubuntu)	Checkout	2026-09-16T02:48:38.5291761Z includeif.gitdir:/github/workspace/.git.path
TaskMesh autonomous isolation (ubuntu)	Checkout	2026-09-16T02:48:38.5293026Z includeif.gitdir:/github/workspace/.git/worktrees/*.path
TaskMesh autonomous isolation (ubuntu)	Checkout	2026-09-16T02:48:38.5300121Z [command]/usr/bin/git config --local --get-all includeif.gitdir:/home/runner/work/task-spec/task-spec/.git.path
TaskMesh autonomous isolation (ubuntu)	Checkout	2026-09-16T02:48:38.5333691Z /home/runner/work/_temp/git-credentials-fb040764-0223-40ce-ba9a-30000eba7f07.config
TaskMesh autonomous isolation (ubuntu)	Checkout	2026-09-16T02:48:38.5345851Z [command]/usr/bin/git config --local --unset includeif.gitdir:/home/runner/work/task-spec/task-spec/.git.path \/home\/runner\/work\/_temp\/git\-credentials\-fb040764\-0223\-40ce\-ba9a\-30000eba7f07\.config
TaskMesh autonomous isolation (ubuntu)	Checkout	2026-09-16T02:48:38.5388450Z [command]/usr/bin/git config --local --get-all includeif.gitdir:/home/runner/work/task-spec/task-spec/.git/worktrees/*.path
TaskMesh autonomous isolation (ubuntu)	Checkout	2026-09-16T02:48:38.5427549Z /home/runner/work/_temp/git-credentials-fb040764-0223-40ce-ba9a-30000eba7f07.config
TaskMesh autonomous isolation (ubuntu)	Checkout	2026-09-16T02:48:38.5441856Z [command]/usr/bin/git config --local --unset includeif.gitdir:/home/runner/work/task-spec/task-spec/.git/worktrees/*.path \/home\/runner\/work\/_temp\/git\-credentials\-fb040764\-0223\-40ce\-ba9a\-30000eba7f07\.config
TaskMesh autonomous isolation (ubuntu)	Checkout	2026-09-16T02:48:38.5498688Z [command]/usr/bin/git config --local --get-all includeif.gitdir:/github/workspace/.git.path
TaskMesh autonomous isolation (ubuntu)	Checkout	2026-09-16T02:48:38.5534843Z /github/runner_temp/git-credentials-fb040764-0223-40ce-ba9a-30000eba7f07.config
TaskMesh autonomous isolation (ubuntu)	Checkout	2026-09-16T02:48:38.5547513Z [command]/usr/bin/git config --local --unset includeif.gitdir:/github/workspace/.git.path \/github\/runner_temp\/git\-credentials\-fb040764\-0223\-40ce\-ba9a\-30000eba7f07\.config
TaskMesh autonomous isolation (ubuntu)	Checkout	2026-09-16T02:48:38.5601121Z [command]/usr/bin/git config --local --get-all includeif.gitdir:/github/workspace/.git/worktrees/*.path
TaskMesh autonomous isolation (ubuntu)	Checkout	2026-09-16T02:48:38.5630172Z /github/runner_temp/git-credentials-fb040764-0223-40ce-ba9a-30000eba7f07.config
TaskMesh autonomous isolation (ubuntu)	Checkout	2026-09-16T02:48:38.5643043Z [command]/usr/bin/git config --local --unset includeif.gitdir:/github/workspace/.git/worktrees/*.path \/github\/runner_temp\/git\-credentials\-fb040764\-0223\-40ce\-ba9a\-30000eba7f07\.config
TaskMesh autonomous isolation (ubuntu)	Checkout	2026-09-16T02:48:38.5683497Z [command]/usr/bin/git submodule foreach --recursive git config --local --show-origin --name-only --get-regexp remote.origin.url
TaskMesh autonomous isolation (ubuntu)	Checkout	2026-09-16T02:48:38.5940696Z Removing credentials config '/home/runner/work/_temp/git-credentials-fb040764-0223-40ce-ba9a-30000eba7f07.config'
TaskMesh autonomous isolation (ubuntu)	Checkout	2026-09-16T02:48:38.5947646Z ##[endgroup]
TaskMesh autonomous isolation (ubuntu)	Install pinned Go toolchain	﻿2026-09-16T02:48:38.6204577Z ##[group]Run actions/setup-go@b7ad1dad31e06c5925ef5d2fc7ad053ef454303e
TaskMesh autonomous isolation (ubuntu)	Install pinned Go toolchain	2026-09-16T02:48:38.6205137Z with:
TaskMesh autonomous isolation (ubuntu)	Install pinned Go toolchain	2026-09-16T02:48:38.6205422Z   go-version: 1.25.0
TaskMesh autonomous isolation (ubuntu)	Install pinned Go toolchain	2026-09-16T02:48:38.6205761Z   cache-dependency-path: go.sum
TaskMesh autonomous isolation (ubuntu)	Install pinned Go toolchain	2026-09-16T02:48:38.6206100Z   check-latest: false
TaskMesh autonomous isolation (ubuntu)	Install pinned Go toolchain	2026-09-16T02:48:38.6209004Z   token: ***
TaskMesh autonomous isolation (ubuntu)	Install pinned Go toolchain	2026-09-16T02:48:38.6209486Z   cache: true
TaskMesh autonomous isolation (ubuntu)	Install pinned Go toolchain	2026-09-16T02:48:38.6209764Z ##[endgroup]
TaskMesh autonomous isolation (ubuntu)	Install pinned Go toolchain	2026-09-16T02:48:38.7445056Z Setup go version spec 1.25.0
TaskMesh autonomous isolation (ubuntu)	Install pinned Go toolchain	2026-09-16T02:48:38.7456770Z Attempting to download 1.25.0...
TaskMesh autonomous isolation (ubuntu)	Install pinned Go toolchain	2026-09-16T02:48:39.1932649Z matching 1.25.0...
TaskMesh autonomous isolation (ubuntu)	Install pinned Go toolchain	2026-09-16T02:48:39.2032159Z Acquiring 1.25.0 from https://github.com/actions/go-versions/releases/download/1.25.0-16925932082/go-1.25.0-linux-x64.tar.gz
TaskMesh autonomous isolation (ubuntu)	Install pinned Go toolchain	2026-09-16T02:48:39.8526536Z Extracting Go...
TaskMesh autonomous isolation (ubuntu)	Install pinned Go toolchain	2026-09-16T02:48:39.8668503Z [command]/usr/bin/tar xz --warning=no-unknown-keyword --overwrite -C /home/runner/work/_temp/623dc430-b898-46c1-ad50-ac9a120b5cce -f /home/runner/work/_temp/a3006846-1bd3-4b4e-a9ad-832828605952
TaskMesh autonomous isolation (ubuntu)	Install pinned Go toolchain	2026-09-16T02:48:41.6070841Z Successfully extracted go to /home/runner/work/_temp/623dc430-b898-46c1-ad50-ac9a120b5cce
TaskMesh autonomous isolation (ubuntu)	Install pinned Go toolchain	2026-09-16T02:48:41.6072852Z Adding to the cache ...
TaskMesh autonomous isolation (ubuntu)	Install pinned Go toolchain	2026-09-16T02:48:50.1489458Z Successfully cached go to /opt/hostedtoolcache/go/1.25.0/x64
TaskMesh autonomous isolation (ubuntu)	Install pinned Go toolchain	2026-09-16T02:48:50.1491004Z Added go to the path
TaskMesh autonomous isolation (ubuntu)	Install pinned Go toolchain	2026-09-16T02:48:50.1491712Z Successfully set up Go version 1.25.0
TaskMesh autonomous isolation (ubuntu)	Install pinned Go toolchain	2026-09-16T02:48:50.1696089Z [command]/opt/hostedtoolcache/go/1.25.0/x64/bin/go env GOMODCACHE
TaskMesh autonomous isolation (ubuntu)	Install pinned Go toolchain	2026-09-16T02:48:50.1742902Z [command]/opt/hostedtoolcache/go/1.25.0/x64/bin/go env GOCACHE
TaskMesh autonomous isolation (ubuntu)	Install pinned Go toolchain	2026-09-16T02:48:50.1792474Z /home/runner/go/pkg/mod
TaskMesh autonomous isolation (ubuntu)	Install pinned Go toolchain	2026-09-16T02:48:50.1809605Z /home/runner/.cache/go-build
TaskMesh autonomous isolation (ubuntu)	Install pinned Go toolchain	2026-09-16T02:48:50.2858725Z Cache hit for: setup-go-Linux-x64-ubuntu24-go-1.25.0-177c9a629613f64b62ff3bce8b5249e61de06089c1d63967a2ef301279610df5
TaskMesh autonomous isolation (ubuntu)	Install pinned Go toolchain	2026-09-16T02:48:50.9492310Z Received 104912598 of 104912598 (100.0%), 163.5 MBs/sec
TaskMesh autonomous isolation (ubuntu)	Install pinned Go toolchain	2026-09-16T02:48:50.9506947Z Cache Size: ~100 MB (104912598 B)
TaskMesh autonomous isolation (ubuntu)	Install pinned Go toolchain	2026-09-16T02:48:50.9625647Z [command]/usr/bin/tar -xf /home/runner/work/_temp/8ee18dc0-9b44-4dd4-bc43-3aa38f8da6f9/cache.tzst -P -C /home/runner/work/task-spec/task-spec --use-compress-program unzstd
TaskMesh autonomous isolation (ubuntu)	Install pinned Go toolchain	2026-09-16T02:48:52.6730213Z Cache restored successfully
TaskMesh autonomous isolation (ubuntu)	Install pinned Go toolchain	2026-09-16T02:48:52.6813326Z Cache restored from key: setup-go-Linux-x64-ubuntu24-go-1.25.0-177c9a629613f64b62ff3bce8b5249e61de06089c1d63967a2ef301279610df5
TaskMesh autonomous isolation (ubuntu)	Install pinned Go toolchain	2026-09-16T02:48:52.6871628Z go version go1.25.0 linux/amd64
TaskMesh autonomous isolation (ubuntu)	Install pinned Go toolchain	2026-09-16T02:48:52.6872220Z 
TaskMesh autonomous isolation (ubuntu)	Install pinned Go toolchain	2026-09-16T02:48:52.6872892Z ##[group]go env
TaskMesh autonomous isolation (ubuntu)	Install pinned Go toolchain	2026-09-16T02:48:52.7160538Z AR='ar'
TaskMesh autonomous isolation (ubuntu)	Install pinned Go toolchain	2026-09-16T02:48:52.7161572Z CC='gcc'
TaskMesh autonomous isolation (ubuntu)	Install pinned Go toolchain	2026-09-16T02:48:52.7177076Z CGO_CFLAGS='-O2 -g'
TaskMesh autonomous isolation (ubuntu)	Install pinned Go toolchain	2026-09-16T02:48:52.7199663Z CGO_CPPFLAGS=''
TaskMesh autonomous isolation (ubuntu)	Install pinned Go toolchain	2026-09-16T02:48:52.7219507Z CGO_CXXFLAGS='-O2 -g'
TaskMesh autonomous isolation (ubuntu)	Install pinned Go toolchain	2026-09-16T02:48:52.7220337Z CGO_ENABLED='1'
TaskMesh autonomous isolation (ubuntu)	Install pinned Go toolchain	2026-09-16T02:48:52.7240504Z CGO_FFLAGS='-O2 -g'
TaskMesh autonomous isolation (ubuntu)	Install pinned Go toolchain	2026-09-16T02:48:52.7259673Z CGO_LDFLAGS='-O2 -g'
TaskMesh autonomous isolation (ubuntu)	Install pinned Go toolchain	2026-09-16T02:48:52.7260298Z CXX='g++'
TaskMesh autonomous isolation (ubuntu)	Install pinned Go toolchain	2026-09-16T02:48:52.7264906Z GCCGO='gccgo'
TaskMesh autonomous isolation (ubuntu)	Install pinned Go toolchain	2026-09-16T02:48:52.7265486Z GO111MODULE=''
TaskMesh autonomous isolation (ubuntu)	Install pinned Go toolchain	2026-09-16T02:48:52.7266049Z GOAMD64='v1'
TaskMesh autonomous isolation (ubuntu)	Install pinned Go toolchain	2026-09-16T02:48:52.7266496Z GOARCH='amd64'
TaskMesh autonomous isolation (ubuntu)	Install pinned Go toolchain	2026-09-16T02:48:52.7319634Z GOAUTH='netrc'
TaskMesh autonomous isolation (ubuntu)	Install pinned Go toolchain	2026-09-16T02:48:52.7339476Z GOBIN=''
TaskMesh autonomous isolation (ubuntu)	Install pinned Go toolchain	2026-09-16T02:48:52.7340199Z GOCACHE='/home/runner/.cache/go-build'
TaskMesh autonomous isolation (ubuntu)	Install pinned Go toolchain	2026-09-16T02:48:52.7352825Z GOCACHEPROG=''
TaskMesh autonomous isolation (ubuntu)	Install pinned Go toolchain	2026-09-16T02:48:52.7370683Z GODEBUG=''
TaskMesh autonomous isolation (ubuntu)	Install pinned Go toolchain	2026-09-16T02:48:52.7386756Z GOENV='/home/runner/.config/go/env'
TaskMesh autonomous isolation (ubuntu)	Install pinned Go toolchain	2026-09-16T02:48:52.7387585Z GOEXE=''
TaskMesh autonomous isolation (ubuntu)	Install pinned Go toolchain	2026-09-16T02:48:52.7388119Z GOEXPERIMENT=''
TaskMesh autonomous isolation (ubuntu)	Install pinned Go toolchain	2026-09-16T02:48:52.7388664Z GOFIPS140='off'
TaskMesh autonomous isolation (ubuntu)	Install pinned Go toolchain	2026-09-16T02:48:52.7389506Z GOFLAGS=''
TaskMesh autonomous isolation (ubuntu)	Install pinned Go toolchain	2026-09-16T02:48:52.7390909Z GOGCCFLAGS='-fPIC -m64 -pthread -Wl,--no-gc-sections -fmessage-length=0 -ffile-prefix-map=/tmp/go-build4137226456=/tmp/go-build -gno-record-gcc-switches'
TaskMesh autonomous isolation (ubuntu)	Install pinned Go toolchain	2026-09-16T02:48:52.7392291Z GOHOSTARCH='amd64'
TaskMesh autonomous isolation (ubuntu)	Install pinned Go toolchain	2026-09-16T02:48:52.7392840Z GOHOSTOS='linux'
TaskMesh autonomous isolation (ubuntu)	Install pinned Go toolchain	2026-09-16T02:48:52.7393366Z GOINSECURE=''
TaskMesh autonomous isolation (ubuntu)	Install pinned Go toolchain	2026-09-16T02:48:52.7394033Z GOMOD='/home/runner/work/task-spec/task-spec/go.mod'
TaskMesh autonomous isolation (ubuntu)	Install pinned Go toolchain	2026-09-16T02:48:52.7394792Z GOMODCACHE='/home/runner/go/pkg/mod'
TaskMesh autonomous isolation (ubuntu)	Install pinned Go toolchain	2026-09-16T02:48:52.7395437Z GONOPROXY=''
TaskMesh autonomous isolation (ubuntu)	Install pinned Go toolchain	2026-09-16T02:48:52.7395949Z GONOSUMDB=''
TaskMesh autonomous isolation (ubuntu)	Install pinned Go toolchain	2026-09-16T02:48:52.7396804Z GOOS='linux'
TaskMesh autonomous isolation (ubuntu)	Install pinned Go toolchain	2026-09-16T02:48:52.7397321Z GOPATH='/home/runner/go'
TaskMesh autonomous isolation (ubuntu)	Install pinned Go toolchain	2026-09-16T02:48:52.7397917Z GOPRIVATE=''
TaskMesh autonomous isolation (ubuntu)	Install pinned Go toolchain	2026-09-16T02:48:52.7398570Z GOPROXY='https://proxy.golang.org,direct'
TaskMesh autonomous isolation (ubuntu)	Install pinned Go toolchain	2026-09-16T02:48:52.7399611Z GOROOT='/opt/hostedtoolcache/go/1.25.0/x64'
TaskMesh autonomous isolation (ubuntu)	Install pinned Go toolchain	2026-09-16T02:48:52.7400331Z GOSUMDB='sum.golang.org'
TaskMesh autonomous isolation (ubuntu)	Install pinned Go toolchain	2026-09-16T02:48:52.7400933Z GOTELEMETRY='local'
TaskMesh autonomous isolation (ubuntu)	Install pinned Go toolchain	2026-09-16T02:48:52.7401591Z GOTELEMETRYDIR='/home/runner/.config/go/telemetry'
TaskMesh autonomous isolation (ubuntu)	Install pinned Go toolchain	2026-09-16T02:48:52.7402302Z GOTMPDIR=''
TaskMesh autonomous isolation (ubuntu)	Install pinned Go toolchain	2026-09-16T02:48:52.7402812Z GOTOOLCHAIN='local'
TaskMesh autonomous isolation (ubuntu)	Install pinned Go toolchain	2026-09-16T02:48:52.7403565Z GOTOOLDIR='/opt/hostedtoolcache/go/1.25.0/x64/pkg/tool/linux_amd64'
TaskMesh autonomous isolation (ubuntu)	Install pinned Go toolchain	2026-09-16T02:48:52.7404360Z GOVCS=''
TaskMesh autonomous isolation (ubuntu)	Install pinned Go toolchain	2026-09-16T02:48:52.7404871Z GOVERSION='go1.25.0'
TaskMesh autonomous isolation (ubuntu)	Install pinned Go toolchain	2026-09-16T02:48:52.7405451Z GOWORK=''
TaskMesh autonomous isolation (ubuntu)	Install pinned Go toolchain	2026-09-16T02:48:52.7405980Z PKG_CONFIG='pkg-config'
TaskMesh autonomous isolation (ubuntu)	Install pinned Go toolchain	2026-09-16T02:48:52.7406398Z 
TaskMesh autonomous isolation (ubuntu)	Install pinned Go toolchain	2026-09-16T02:48:52.7407215Z ##[endgroup]
TaskMesh autonomous isolation (ubuntu)	Require live Docker isolation proof	﻿2026-09-16T02:48:52.7490559Z ##[group]Run bash tests/test-mesh-isolation.sh
TaskMesh autonomous isolation (ubuntu)	Require live Docker isolation proof	2026-09-16T02:48:52.7491309Z [36;1mbash tests/test-mesh-isolation.sh[0m
TaskMesh autonomous isolation (ubuntu)	Require live Docker isolation proof	2026-09-16T02:48:52.7491878Z [36;1mbash tests/test-toolkit-attested.sh[0m
TaskMesh autonomous isolation (ubuntu)	Require live Docker isolation proof	2026-09-16T02:48:52.7548132Z shell: /usr/bin/bash -e {0}
TaskMesh autonomous isolation (ubuntu)	Require live Docker isolation proof	2026-09-16T02:48:52.7548600Z env:
TaskMesh autonomous isolation (ubuntu)	Require live Docker isolation proof	2026-09-16T02:48:52.7548921Z   GOTOOLCHAIN: local
TaskMesh autonomous isolation (ubuntu)	Require live Docker isolation proof	2026-09-16T02:48:52.7549834Z   TASKSPEC_REQUIRE_MESH_ISOLATION: 1
TaskMesh autonomous isolation (ubuntu)	Require live Docker isolation proof	2026-09-16T02:48:52.7550293Z ##[endgroup]
TaskMesh autonomous isolation (ubuntu)	Require live Docker isolation proof	2026-09-16T02:49:31.5498271Z MESH_ISOLATION=READY
TaskMesh autonomous isolation (ubuntu)	Require live Docker isolation proof	2026-09-16T02:49:48.6480533Z TOOLKIT_ATTESTED=PASS two rounds, distinct revoked credentials, signed evidence, canonical acceptance
TaskMesh autonomous isolation (ubuntu)	Require live Docker isolation proof	2026-09-16T02:49:56.4957137Z MESH_ISOLATION=READY
TaskMesh autonomous isolation (ubuntu)	Post Install pinned Go toolchain	﻿2026-09-16T02:49:56.5248290Z Post job cleanup.
TaskMesh autonomous isolation (ubuntu)	Post Install pinned Go toolchain	2026-09-16T02:49:56.6541820Z [command]/opt/hostedtoolcache/go/1.25.0/x64/bin/go env GOCACHE
TaskMesh autonomous isolation (ubuntu)	Post Install pinned Go toolchain	2026-09-16T02:49:56.6611445Z [command]/opt/hostedtoolcache/go/1.25.0/x64/bin/go env GOMODCACHE
TaskMesh autonomous isolation (ubuntu)	Post Install pinned Go toolchain	2026-09-16T02:49:56.6680036Z /home/runner/.cache/go-build
TaskMesh autonomous isolation (ubuntu)	Post Install pinned Go toolchain	2026-09-16T02:49:56.6704460Z /home/runner/go/pkg/mod
TaskMesh autonomous isolation (ubuntu)	Post Install pinned Go toolchain	2026-09-16T02:49:56.6713308Z Cache hit occurred on the primary key setup-go-Linux-x64-ubuntu24-go-1.25.0-177c9a629613f64b62ff3bce8b5249e61de06089c1d63967a2ef301279610df5, not saving cache.
TaskMesh autonomous isolation (ubuntu)	Post Checkout	﻿2026-09-16T02:49:56.6976371Z Post job cleanup.
TaskMesh autonomous isolation (ubuntu)	Post Checkout	2026-09-16T02:49:56.7987388Z [command]/usr/bin/git version
TaskMesh autonomous isolation (ubuntu)	Post Checkout	2026-09-16T02:49:56.8050441Z git version 2.55.0
TaskMesh autonomous isolation (ubuntu)	Post Checkout	2026-09-16T02:49:56.8127145Z Temporarily overriding HOME='/home/runner/work/_temp/e3e8ebd3-5932-4934-96a9-ab11cde7c9d3' before making global git config changes
TaskMesh autonomous isolation (ubuntu)	Post Checkout	2026-09-16T02:49:56.8128638Z Adding repository directory to the temporary git global config as a safe directory
TaskMesh autonomous isolation (ubuntu)	Post Checkout	2026-09-16T02:49:56.8130019Z [command]/usr/bin/git config --global --add safe.directory /home/runner/work/task-spec/task-spec
TaskMesh autonomous isolation (ubuntu)	Post Checkout	2026-09-16T02:49:56.8197731Z Removing SSH command configuration
TaskMesh autonomous isolation (ubuntu)	Post Checkout	2026-09-16T02:49:56.8219994Z [command]/usr/bin/git config --local --name-only --get-regexp core\.sshCommand
TaskMesh autonomous isolation (ubuntu)	Post Checkout	2026-09-16T02:49:56.8286294Z [command]/usr/bin/git submodule foreach --recursive sh -c "git config --local --name-only --get-regexp 'core\.sshCommand' && git config --local --unset-all 'core.sshCommand' || :"
TaskMesh autonomous isolation (ubuntu)	Post Checkout	2026-09-16T02:49:56.9047279Z Removing HTTP extra header
TaskMesh autonomous isolation (ubuntu)	Post Checkout	2026-09-16T02:49:56.9060315Z [command]/usr/bin/git config --local --name-only --get-regexp http\.https\:\/\/github\.com\/\.extraheader
TaskMesh autonomous isolation (ubuntu)	Post Checkout	2026-09-16T02:49:56.9225003Z [command]/usr/bin/git submodule foreach --recursive sh -c "git config --local --name-only --get-regexp 'http\.https\:\/\/github\.com\/\.extraheader' && git config --local --unset-all 'http.https://github.com/.extraheader' || :"
TaskMesh autonomous isolation (ubuntu)	Post Checkout	2026-09-16T02:49:56.9819926Z Removing includeIf entries pointing to credentials config files
TaskMesh autonomous isolation (ubuntu)	Post Checkout	2026-09-16T02:49:56.9839998Z [command]/usr/bin/git config --local --name-only --get-regexp ^includeIf\.gitdir:
TaskMesh autonomous isolation (ubuntu)	Post Checkout	2026-09-16T02:49:56.9860595Z [command]/usr/bin/git submodule foreach --recursive git config --local --show-origin --name-only --get-regexp remote.origin.url
TaskMesh autonomous isolation (ubuntu)	Complete job	﻿2026-09-16T02:49:57.0367374Z Cleaning up orphan processes
make check (ubuntu-latest)	Set up job	﻿2026-09-16T02:48:33.7246117Z Current runner version: '2.337.0'
make check (ubuntu-latest)	Set up job	2026-09-16T02:48:33.7284834Z ##[group]Runner Image Provisioner
make check (ubuntu-latest)	Set up job	2026-09-16T02:48:33.7286337Z Hosted Compute Agent
make check (ubuntu-latest)	Set up job	2026-09-16T02:48:33.7287751Z Version: 20260828.587
make check (ubuntu-latest)	Set up job	2026-09-16T02:48:33.7288969Z Commit: abac92662cab4cc7352de4f9f9d2e2419aad9c29
make check (ubuntu-latest)	Set up job	2026-09-16T02:48:33.7290290Z Build Date: 2026-08-28T16:44:25Z
make check (ubuntu-latest)	Set up job	2026-09-16T02:48:33.7291744Z Worker ID: {0a0ecf61-41aa-4b09-a563-fcbe6ad09049}
make check (ubuntu-latest)	Set up job	2026-09-16T02:48:33.7292994Z Azure Region: westus
make check (ubuntu-latest)	Set up job	2026-09-16T02:48:33.7294057Z ##[endgroup]
make check (ubuntu-latest)	Set up job	2026-09-16T02:48:33.7297076Z ##[group]Operating System
make check (ubuntu-latest)	Set up job	2026-09-16T02:48:33.7298204Z Ubuntu
make check (ubuntu-latest)	Set up job	2026-09-16T02:48:33.7299271Z 24.04.5
make check (ubuntu-latest)	Set up job	2026-09-16T02:48:33.7300193Z LTS
make check (ubuntu-latest)	Set up job	2026-09-16T02:48:33.7301019Z ##[endgroup]
make check (ubuntu-latest)	Set up job	2026-09-16T02:48:33.7302086Z ##[group]Runner Image
make check (ubuntu-latest)	Set up job	2026-09-16T02:48:33.7303104Z Image: ubuntu-24.04
make check (ubuntu-latest)	Set up job	2026-09-16T02:48:33.7304359Z Version: 20260907.300.1
make check (ubuntu-latest)	Set up job	2026-09-16T02:48:33.7306317Z Included Software: https://github.com/actions/runner-images/blob/ubuntu24/20260907.300/images/ubuntu/Ubuntu2404-Readme.md
make check (ubuntu-latest)	Set up job	2026-09-16T02:48:33.7309780Z Image Release: https://github.com/actions/runner-images/releases/tag/ubuntu24%2F20260907.300
make check (ubuntu-latest)	Set up job	2026-09-16T02:48:33.7311661Z ##[endgroup]
make check (ubuntu-latest)	Set up job	2026-09-16T02:48:33.7313742Z ##[group]GITHUB_TOKEN Permissions
make check (ubuntu-latest)	Set up job	2026-09-16T02:48:33.7317060Z Contents: read
make check (ubuntu-latest)	Set up job	2026-09-16T02:48:33.7318242Z Metadata: read
make check (ubuntu-latest)	Set up job	2026-09-16T02:48:33.7319724Z ##[endgroup]
make check (ubuntu-latest)	Set up job	2026-09-16T02:48:33.7323050Z Secret source: Actions
make check (ubuntu-latest)	Set up job	2026-09-16T02:48:33.7324630Z Cache mode: write
make check (ubuntu-latest)	Set up job	2026-09-16T02:48:33.7326282Z Prepare workflow directory
make check (ubuntu-latest)	Set up job	2026-09-16T02:48:33.7886805Z Prepare all required actions
make check (ubuntu-latest)	Set up job	2026-09-16T02:48:33.7958815Z Getting action download info
make check (ubuntu-latest)	Set up job	2026-09-16T02:48:34.1929018Z Download action repository 'actions/checkout@3d3c42e5aac5ba805825da76410c181273ba90b1' (SHA:3d3c42e5aac5ba805825da76410c181273ba90b1)
make check (ubuntu-latest)	Set up job	2026-09-16T02:48:34.3104313Z Download action repository 'actions/setup-go@b7ad1dad31e06c5925ef5d2fc7ad053ef454303e' (SHA:b7ad1dad31e06c5925ef5d2fc7ad053ef454303e)
make check (ubuntu-latest)	Set up job	2026-09-16T02:48:34.9082446Z Complete job name: make check (ubuntu-latest)
make check (ubuntu-latest)	Checkout	﻿2026-09-16T02:48:34.9934948Z ##[group]Run actions/checkout@3d3c42e5aac5ba805825da76410c181273ba90b1
make check (ubuntu-latest)	Checkout	2026-09-16T02:48:34.9936233Z with:
make check (ubuntu-latest)	Checkout	2026-09-16T02:48:34.9936995Z   persist-credentials: false
make check (ubuntu-latest)	Checkout	2026-09-16T02:48:34.9937632Z   repository: luanmorenommaciel/task-spec
make check (ubuntu-latest)	Checkout	2026-09-16T02:48:34.9942018Z   token: ***
make check (ubuntu-latest)	Checkout	2026-09-16T02:48:34.9942507Z   ssh-strict: true
make check (ubuntu-latest)	Checkout	2026-09-16T02:48:34.9943000Z   ssh-user: git
make check (ubuntu-latest)	Checkout	2026-09-16T02:48:34.9943469Z   clean: true
make check (ubuntu-latest)	Checkout	2026-09-16T02:48:34.9943967Z   sparse-checkout-cone-mode: true
make check (ubuntu-latest)	Checkout	2026-09-16T02:48:34.9944548Z   fetch-depth: 1
make check (ubuntu-latest)	Checkout	2026-09-16T02:48:34.9945033Z   fetch-tags: false
make check (ubuntu-latest)	Checkout	2026-09-16T02:48:34.9945534Z   show-progress: true
make check (ubuntu-latest)	Checkout	2026-09-16T02:48:34.9946039Z   lfs: false
make check (ubuntu-latest)	Checkout	2026-09-16T02:48:34.9946511Z   submodules: false
make check (ubuntu-latest)	Checkout	2026-09-16T02:48:34.9947225Z   set-safe-directory: true
make check (ubuntu-latest)	Checkout	2026-09-16T02:48:34.9947791Z   allow-unsafe-pr-checkout: false
make check (ubuntu-latest)	Checkout	2026-09-16T02:48:34.9948670Z ##[endgroup]
make check (ubuntu-latest)	Checkout	2026-09-16T02:48:35.1227760Z Syncing repository: luanmorenommaciel/task-spec
make check (ubuntu-latest)	Checkout	2026-09-16T02:48:35.1232287Z ##[group]Getting Git version info
make check (ubuntu-latest)	Checkout	2026-09-16T02:48:35.1234687Z Working directory is '/home/runner/work/task-spec/task-spec'
make check (ubuntu-latest)	Checkout	2026-09-16T02:48:35.1239171Z [command]/usr/bin/git version
make check (ubuntu-latest)	Checkout	2026-09-16T02:48:35.1425996Z git version 2.55.0
make check (ubuntu-latest)	Checkout	2026-09-16T02:48:35.1456274Z ##[endgroup]
make check (ubuntu-latest)	Checkout	2026-09-16T02:48:35.1471994Z Temporarily overriding HOME='/home/runner/work/_temp/e976a834-71e6-46b9-805c-21dfcee3a9a9' before making global git config changes
make check (ubuntu-latest)	Checkout	2026-09-16T02:48:35.1475004Z Adding repository directory to the temporary git global config as a safe directory
make check (ubuntu-latest)	Checkout	2026-09-16T02:48:35.1478249Z [command]/usr/bin/git config --global --add safe.directory /home/runner/work/task-spec/task-spec
make check (ubuntu-latest)	Checkout	2026-09-16T02:48:35.1534794Z Deleting the contents of '/home/runner/work/task-spec/task-spec'
make check (ubuntu-latest)	Checkout	2026-09-16T02:48:35.1538382Z ##[group]Determining repository object format
make check (ubuntu-latest)	Checkout	2026-09-16T02:48:35.1541555Z ##[endgroup]
make check (ubuntu-latest)	Checkout	2026-09-16T02:48:35.1543584Z ##[group]Initializing the repository
make check (ubuntu-latest)	Checkout	2026-09-16T02:48:35.1545773Z [command]/usr/bin/git init /home/runner/work/task-spec/task-spec
make check (ubuntu-latest)	Checkout	2026-09-16T02:48:35.1708290Z hint: Using 'master' as the name for the initial branch. This default branch name
make check (ubuntu-latest)	Checkout	2026-09-16T02:48:35.1724680Z hint: will change to "main" in Git 3.0. To configure the initial branch name
make check (ubuntu-latest)	Checkout	2026-09-16T02:48:35.1728223Z hint: to use in all of your new repositories, which will suppress this warning,
make check (ubuntu-latest)	Checkout	2026-09-16T02:48:35.1730284Z hint: call:
make check (ubuntu-latest)	Checkout	2026-09-16T02:48:35.1731737Z hint:
make check (ubuntu-latest)	Checkout	2026-09-16T02:48:35.1733102Z hint: 	git config --global init.defaultBranch <name>
make check (ubuntu-latest)	Checkout	2026-09-16T02:48:35.1735024Z hint:
make check (ubuntu-latest)	Checkout	2026-09-16T02:48:35.1736912Z hint: Names commonly chosen instead of 'master' are 'main', 'trunk' and
make check (ubuntu-latest)	Checkout	2026-09-16T02:48:35.1739522Z hint: 'development'. The just-created branch can be renamed via this command:
make check (ubuntu-latest)	Checkout	2026-09-16T02:48:35.1741373Z hint:
make check (ubuntu-latest)	Checkout	2026-09-16T02:48:35.1742778Z hint: 	git branch -m <name>
make check (ubuntu-latest)	Checkout	2026-09-16T02:48:35.1744020Z hint:
make check (ubuntu-latest)	Checkout	2026-09-16T02:48:35.1745895Z hint: Disable this message with "git config set advice.defaultBranchName false"
make check (ubuntu-latest)	Checkout	2026-09-16T02:48:35.1752714Z Initialized empty Git repository in /home/runner/work/task-spec/task-spec/.git/
make check (ubuntu-latest)	Checkout	2026-09-16T02:48:35.1759777Z [command]/usr/bin/git remote add origin https://github.com/luanmorenommaciel/task-spec
make check (ubuntu-latest)	Checkout	2026-09-16T02:48:35.1816908Z ##[endgroup]
make check (ubuntu-latest)	Checkout	2026-09-16T02:48:35.1819333Z ##[group]Disabling automatic garbage collection
make check (ubuntu-latest)	Checkout	2026-09-16T02:48:35.1821644Z [command]/usr/bin/git config --local gc.auto 0
make check (ubuntu-latest)	Checkout	2026-09-16T02:48:35.1885776Z ##[endgroup]
make check (ubuntu-latest)	Checkout	2026-09-16T02:48:35.1888595Z ##[group]Setting up auth
make check (ubuntu-latest)	Checkout	2026-09-16T02:48:35.1891861Z Removing SSH command configuration
make check (ubuntu-latest)	Checkout	2026-09-16T02:48:35.1909322Z [command]/usr/bin/git config --local --name-only --get-regexp core\.sshCommand
make check (ubuntu-latest)	Checkout	2026-09-16T02:48:35.1963268Z [command]/usr/bin/git submodule foreach --recursive sh -c "git config --local --name-only --get-regexp 'core\.sshCommand' && git config --local --unset-all 'core.sshCommand' || :"
make check (ubuntu-latest)	Checkout	2026-09-16T02:48:35.2592852Z Removing HTTP extra header
make check (ubuntu-latest)	Checkout	2026-09-16T02:48:35.2597890Z [command]/usr/bin/git config --local --name-only --get-regexp http\.https\:\/\/github\.com\/\.extraheader
make check (ubuntu-latest)	Checkout	2026-09-16T02:48:35.2609678Z [command]/usr/bin/git submodule foreach --recursive sh -c "git config --local --name-only --get-regexp 'http\.https\:\/\/github\.com\/\.extraheader' && git config --local --unset-all 'http.https://github.com/.extraheader' || :"
make check (ubuntu-latest)	Checkout	2026-09-16T02:48:35.2792022Z Removing includeIf entries pointing to credentials config files
make check (ubuntu-latest)	Checkout	2026-09-16T02:48:35.2798470Z [command]/usr/bin/git config --local --name-only --get-regexp ^includeIf\.gitdir:
make check (ubuntu-latest)	Checkout	2026-09-16T02:48:35.2841991Z [command]/usr/bin/git submodule foreach --recursive git config --local --show-origin --name-only --get-regexp remote.origin.url
make check (ubuntu-latest)	Checkout	2026-09-16T02:48:35.3108455Z [command]/usr/bin/git config --file /home/runner/work/_temp/git-credentials-9b659312-7865-4155-acef-d0cab10d7a80.config http.https://github.com/.extraheader AUTHORIZATION: basic ***
make check (ubuntu-latest)	Checkout	2026-09-16T02:48:35.3159015Z [command]/usr/bin/git config --local includeIf.gitdir:/home/runner/work/task-spec/task-spec/.git.path /home/runner/work/_temp/git-credentials-9b659312-7865-4155-acef-d0cab10d7a80.config
make check (ubuntu-latest)	Checkout	2026-09-16T02:48:35.3197960Z [command]/usr/bin/git config --local includeIf.gitdir:/home/runner/work/task-spec/task-spec/.git/worktrees/*.path /home/runner/work/_temp/git-credentials-9b659312-7865-4155-acef-d0cab10d7a80.config
make check (ubuntu-latest)	Checkout	2026-09-16T02:48:35.3245078Z [command]/usr/bin/git config --local includeIf.gitdir:/github/workspace/.git.path /github/runner_temp/git-credentials-9b659312-7865-4155-acef-d0cab10d7a80.config
make check (ubuntu-latest)	Checkout	2026-09-16T02:48:35.3297662Z [command]/usr/bin/git config --local includeIf.gitdir:/github/workspace/.git/worktrees/*.path /github/runner_temp/git-credentials-9b659312-7865-4155-acef-d0cab10d7a80.config
make check (ubuntu-latest)	Checkout	2026-09-16T02:48:35.3330947Z ##[endgroup]
make check (ubuntu-latest)	Checkout	2026-09-16T02:48:35.3333067Z ##[group]Fetching the repository
make check (ubuntu-latest)	Checkout	2026-09-16T02:48:35.3336260Z [command]/usr/bin/git -c protocol.version=2 fetch --no-tags --prune --no-recurse-submodules --depth=1 origin +459f0cd415a2cd22db6021fd3f8a7fb0faf25f25:refs/remotes/origin/main
make check (ubuntu-latest)	Checkout	2026-09-16T02:48:40.1383642Z From https://github.com/luanmorenommaciel/task-spec
make check (ubuntu-latest)	Checkout	2026-09-16T02:48:40.1389327Z  * [new ref]         459f0cd415a2cd22db6021fd3f8a7fb0faf25f25 -> origin/main
make check (ubuntu-latest)	Checkout	2026-09-16T02:48:40.1396383Z [command]/usr/bin/git branch --list --remote origin/main
make check (ubuntu-latest)	Checkout	2026-09-16T02:48:40.1435544Z   origin/main
make check (ubuntu-latest)	Checkout	2026-09-16T02:48:40.1448286Z [command]/usr/bin/git rev-parse refs/remotes/origin/main
make check (ubuntu-latest)	Checkout	2026-09-16T02:48:40.1484794Z 459f0cd415a2cd22db6021fd3f8a7fb0faf25f25
make check (ubuntu-latest)	Checkout	2026-09-16T02:48:40.1501831Z ##[endgroup]
make check (ubuntu-latest)	Checkout	2026-09-16T02:48:40.1503385Z ##[group]Determining the checkout info
make check (ubuntu-latest)	Checkout	2026-09-16T02:48:40.1505208Z ##[endgroup]
make check (ubuntu-latest)	Checkout	2026-09-16T02:48:40.1506358Z [command]/usr/bin/git sparse-checkout disable
make check (ubuntu-latest)	Checkout	2026-09-16T02:48:40.1573181Z [command]/usr/bin/git config --local --unset-all extensions.worktreeConfig
make check (ubuntu-latest)	Checkout	2026-09-16T02:48:40.1632513Z ##[group]Checking out the ref
make check (ubuntu-latest)	Checkout	2026-09-16T02:48:40.1634246Z [command]/usr/bin/git checkout --progress --force -B main refs/remotes/origin/main
make check (ubuntu-latest)	Checkout	2026-09-16T02:48:40.6281578Z Switched to a new branch 'main'
make check (ubuntu-latest)	Checkout	2026-09-16T02:48:40.6300490Z branch 'main' set up to track 'origin/main'.
make check (ubuntu-latest)	Checkout	2026-09-16T02:48:40.6380906Z ##[endgroup]
make check (ubuntu-latest)	Checkout	2026-09-16T02:48:40.6451169Z [command]/usr/bin/git log -1 --format=%H
make check (ubuntu-latest)	Checkout	2026-09-16T02:48:40.6487285Z 459f0cd415a2cd22db6021fd3f8a7fb0faf25f25
make check (ubuntu-latest)	Checkout	2026-09-16T02:48:40.6507988Z ##[group]Removing auth
make check (ubuntu-latest)	Checkout	2026-09-16T02:48:40.6508698Z Removing SSH command configuration
make check (ubuntu-latest)	Checkout	2026-09-16T02:48:40.6509697Z [command]/usr/bin/git config --local --name-only --get-regexp core\.sshCommand
make check (ubuntu-latest)	Checkout	2026-09-16T02:48:40.6599525Z [command]/usr/bin/git submodule foreach --recursive sh -c "git config --local --name-only --get-regexp 'core\.sshCommand' && git config --local --unset-all 'core.sshCommand' || :"
make check (ubuntu-latest)	Checkout	2026-09-16T02:48:40.6946986Z Removing HTTP extra header
make check (ubuntu-latest)	Checkout	2026-09-16T02:48:40.6951113Z [command]/usr/bin/git config --local --name-only --get-regexp http\.https\:\/\/github\.com\/\.extraheader
make check (ubuntu-latest)	Checkout	2026-09-16T02:48:40.7023416Z [command]/usr/bin/git submodule foreach --recursive sh -c "git config --local --name-only --get-regexp 'http\.https\:\/\/github\.com\/\.extraheader' && git config --local --unset-all 'http.https://github.com/.extraheader' || :"
make check (ubuntu-latest)	Checkout	2026-09-16T02:48:40.7337517Z Removing includeIf entries pointing to credentials config files
make check (ubuntu-latest)	Checkout	2026-09-16T02:48:40.7341393Z [command]/usr/bin/git config --local --name-only --get-regexp ^includeIf\.gitdir:
make check (ubuntu-latest)	Checkout	2026-09-16T02:48:40.7386787Z includeif.gitdir:/home/runner/work/task-spec/task-spec/.git.path
make check (ubuntu-latest)	Checkout	2026-09-16T02:48:40.7401602Z includeif.gitdir:/home/runner/work/task-spec/task-spec/.git/worktrees/*.path
make check (ubuntu-latest)	Checkout	2026-09-16T02:48:40.7430730Z includeif.gitdir:/github/workspace/.git.path
make check (ubuntu-latest)	Checkout	2026-09-16T02:48:40.7447582Z includeif.gitdir:/github/workspace/.git/worktrees/*.path
make check (ubuntu-latest)	Checkout	2026-09-16T02:48:40.7467669Z [command]/usr/bin/git config --local --get-all includeif.gitdir:/home/runner/work/task-spec/task-spec/.git.path
make check (ubuntu-latest)	Checkout	2026-09-16T02:48:40.7469276Z /home/runner/work/_temp/git-credentials-9b659312-7865-4155-acef-d0cab10d7a80.config
make check (ubuntu-latest)	Checkout	2026-09-16T02:48:40.7472396Z [command]/usr/bin/git config --local --unset includeif.gitdir:/home/runner/work/task-spec/task-spec/.git.path \/home\/runner\/work\/_temp\/git\-credentials\-9b659312\-7865\-4155\-acef\-d0cab10d7a80\.config
make check (ubuntu-latest)	Checkout	2026-09-16T02:48:40.7588045Z [command]/usr/bin/git config --local --get-all includeif.gitdir:/home/runner/work/task-spec/task-spec/.git/worktrees/*.path
make check (ubuntu-latest)	Checkout	2026-09-16T02:48:40.7617614Z /home/runner/work/_temp/git-credentials-9b659312-7865-4155-acef-d0cab10d7a80.config
make check (ubuntu-latest)	Checkout	2026-09-16T02:48:40.7673872Z [command]/usr/bin/git config --local --unset includeif.gitdir:/home/runner/work/task-spec/task-spec/.git/worktrees/*.path \/home\/runner\/work\/_temp\/git\-credentials\-9b659312\-7865\-4155\-acef\-d0cab10d7a80\.config
make check (ubuntu-latest)	Checkout	2026-09-16T02:48:40.7727657Z [command]/usr/bin/git config --local --get-all includeif.gitdir:/github/workspace/.git.path
make check (ubuntu-latest)	Checkout	2026-09-16T02:48:40.7744688Z /github/runner_temp/git-credentials-9b659312-7865-4155-acef-d0cab10d7a80.config
make check (ubuntu-latest)	Checkout	2026-09-16T02:48:40.7751948Z [command]/usr/bin/git config --local --unset includeif.gitdir:/github/workspace/.git.path \/github\/runner_temp\/git\-credentials\-9b659312\-7865\-4155\-acef\-d0cab10d7a80\.config
make check (ubuntu-latest)	Checkout	2026-09-16T02:48:40.7845979Z [command]/usr/bin/git config --local --get-all includeif.gitdir:/github/workspace/.git/worktrees/*.path
make check (ubuntu-latest)	Checkout	2026-09-16T02:48:40.7891424Z /github/runner_temp/git-credentials-9b659312-7865-4155-acef-d0cab10d7a80.config
make check (ubuntu-latest)	Checkout	2026-09-16T02:48:40.7905760Z [command]/usr/bin/git config --local --unset includeif.gitdir:/github/workspace/.git/worktrees/*.path \/github\/runner_temp\/git\-credentials\-9b659312\-7865\-4155\-acef\-d0cab10d7a80\.config
make check (ubuntu-latest)	Checkout	2026-09-16T02:48:40.7954942Z [command]/usr/bin/git submodule foreach --recursive git config --local --show-origin --name-only --get-regexp remote.origin.url
make check (ubuntu-latest)	Checkout	2026-09-16T02:48:40.8242973Z Removing credentials config '/home/runner/work/_temp/git-credentials-9b659312-7865-4155-acef-d0cab10d7a80.config'
make check (ubuntu-latest)	Checkout	2026-09-16T02:48:40.8261387Z ##[endgroup]
make check (ubuntu-latest)	Install pinned Go toolchain for optional TaskMesh	﻿2026-09-16T02:48:40.8539332Z ##[group]Run actions/setup-go@b7ad1dad31e06c5925ef5d2fc7ad053ef454303e
make check (ubuntu-latest)	Install pinned Go toolchain for optional TaskMesh	2026-09-16T02:48:40.8539772Z with:
make check (ubuntu-latest)	Install pinned Go toolchain for optional TaskMesh	2026-09-16T02:48:40.8539987Z   go-version: 1.25.0
make check (ubuntu-latest)	Install pinned Go toolchain for optional TaskMesh	2026-09-16T02:48:40.8540254Z   cache-dependency-path: go.sum
make check (ubuntu-latest)	Install pinned Go toolchain for optional TaskMesh	2026-09-16T02:48:40.8540537Z   check-latest: false
make check (ubuntu-latest)	Install pinned Go toolchain for optional TaskMesh	2026-09-16T02:48:40.8543111Z   token: ***
make check (ubuntu-latest)	Install pinned Go toolchain for optional TaskMesh	2026-09-16T02:48:40.8543313Z   cache: true
make check (ubuntu-latest)	Install pinned Go toolchain for optional TaskMesh	2026-09-16T02:48:40.8543512Z ##[endgroup]
make check (ubuntu-latest)	Install pinned Go toolchain for optional TaskMesh	2026-09-16T02:48:40.9851533Z Setup go version spec 1.25.0
make check (ubuntu-latest)	Install pinned Go toolchain for optional TaskMesh	2026-09-16T02:48:40.9862371Z Attempting to download 1.25.0...
make check (ubuntu-latest)	Install pinned Go toolchain for optional TaskMesh	2026-09-16T02:48:41.5913880Z matching 1.25.0...
make check (ubuntu-latest)	Install pinned Go toolchain for optional TaskMesh	2026-09-16T02:48:41.6007212Z Acquiring 1.25.0 from https://github.com/actions/go-versions/releases/download/1.25.0-16925932082/go-1.25.0-linux-x64.tar.gz
make check (ubuntu-latest)	Install pinned Go toolchain for optional TaskMesh	2026-09-16T02:48:42.3151844Z Extracting Go...
make check (ubuntu-latest)	Install pinned Go toolchain for optional TaskMesh	2026-09-16T02:48:42.3298323Z [command]/usr/bin/tar xz --warning=no-unknown-keyword --overwrite -C /home/runner/work/_temp/36955b44-6f76-470c-b7b1-44f409661b25 -f /home/runner/work/_temp/1d4bbec5-df3b-4989-a7f0-9de6791ce31d
make check (ubuntu-latest)	Install pinned Go toolchain for optional TaskMesh	2026-09-16T02:48:44.0994494Z Successfully extracted go to /home/runner/work/_temp/36955b44-6f76-470c-b7b1-44f409661b25
make check (ubuntu-latest)	Install pinned Go toolchain for optional TaskMesh	2026-09-16T02:48:44.0995905Z Adding to the cache ...
make check (ubuntu-latest)	Install pinned Go toolchain for optional TaskMesh	2026-09-16T02:48:52.2428537Z Successfully cached go to /opt/hostedtoolcache/go/1.25.0/x64
make check (ubuntu-latest)	Install pinned Go toolchain for optional TaskMesh	2026-09-16T02:48:52.2434373Z Added go to the path
make check (ubuntu-latest)	Install pinned Go toolchain for optional TaskMesh	2026-09-16T02:48:52.2435662Z Successfully set up Go version 1.25.0
make check (ubuntu-latest)	Install pinned Go toolchain for optional TaskMesh	2026-09-16T02:48:52.2675282Z [command]/opt/hostedtoolcache/go/1.25.0/x64/bin/go env GOMODCACHE
make check (ubuntu-latest)	Install pinned Go toolchain for optional TaskMesh	2026-09-16T02:48:52.2721349Z [command]/opt/hostedtoolcache/go/1.25.0/x64/bin/go env GOCACHE
make check (ubuntu-latest)	Install pinned Go toolchain for optional TaskMesh	2026-09-16T02:48:52.2762816Z /home/runner/go/pkg/mod
make check (ubuntu-latest)	Install pinned Go toolchain for optional TaskMesh	2026-09-16T02:48:52.2789197Z /home/runner/.cache/go-build
make check (ubuntu-latest)	Install pinned Go toolchain for optional TaskMesh	2026-09-16T02:48:52.5318078Z Cache hit for: setup-go-Linux-x64-ubuntu24-go-1.25.0-177c9a629613f64b62ff3bce8b5249e61de06089c1d63967a2ef301279610df5
make check (ubuntu-latest)	Install pinned Go toolchain for optional TaskMesh	2026-09-16T02:48:53.8280069Z Received 0 of 104912598 (0.0%), 0.0 MBs/sec
make check (ubuntu-latest)	Install pinned Go toolchain for optional TaskMesh	2026-09-16T02:48:54.8502012Z Received 104912598 of 104912598 (100.0%), 49.5 MBs/sec
make check (ubuntu-latest)	Install pinned Go toolchain for optional TaskMesh	2026-09-16T02:48:54.8503121Z Cache Size: ~100 MB (104912598 B)
make check (ubuntu-latest)	Install pinned Go toolchain for optional TaskMesh	2026-09-16T02:48:54.8678904Z [command]/usr/bin/tar -xf /home/runner/work/_temp/4537eb28-9242-483d-ba96-b884138fd9da/cache.tzst -P -C /home/runner/work/task-spec/task-spec --use-compress-program unzstd
make check (ubuntu-latest)	Install pinned Go toolchain for optional TaskMesh	2026-09-16T02:48:56.2837800Z Cache restored successfully
make check (ubuntu-latest)	Install pinned Go toolchain for optional TaskMesh	2026-09-16T02:48:56.2937806Z Cache restored from key: setup-go-Linux-x64-ubuntu24-go-1.25.0-177c9a629613f64b62ff3bce8b5249e61de06089c1d63967a2ef301279610df5
make check (ubuntu-latest)	Install pinned Go toolchain for optional TaskMesh	2026-09-16T02:48:56.2986440Z go version go1.25.0 linux/amd64
make check (ubuntu-latest)	Install pinned Go toolchain for optional TaskMesh	2026-09-16T02:48:56.2987069Z 
make check (ubuntu-latest)	Install pinned Go toolchain for optional TaskMesh	2026-09-16T02:48:56.2987544Z ##[group]go env
make check (ubuntu-latest)	Install pinned Go toolchain for optional TaskMesh	2026-09-16T02:48:56.3445766Z AR='ar'
make check (ubuntu-latest)	Install pinned Go toolchain for optional TaskMesh	2026-09-16T02:48:56.3446473Z CC='gcc'
make check (ubuntu-latest)	Install pinned Go toolchain for optional TaskMesh	2026-09-16T02:48:56.3447308Z CGO_CFLAGS='-O2 -g'
make check (ubuntu-latest)	Install pinned Go toolchain for optional TaskMesh	2026-09-16T02:48:56.3447887Z CGO_CPPFLAGS=''
make check (ubuntu-latest)	Install pinned Go toolchain for optional TaskMesh	2026-09-16T02:48:56.3448486Z CGO_CXXFLAGS='-O2 -g'
make check (ubuntu-latest)	Install pinned Go toolchain for optional TaskMesh	2026-09-16T02:48:56.3448976Z CGO_ENABLED='1'
make check (ubuntu-latest)	Install pinned Go toolchain for optional TaskMesh	2026-09-16T02:48:56.3449420Z CGO_FFLAGS='-O2 -g'
make check (ubuntu-latest)	Install pinned Go toolchain for optional TaskMesh	2026-09-16T02:48:56.3449858Z CGO_LDFLAGS='-O2 -g'
make check (ubuntu-latest)	Install pinned Go toolchain for optional TaskMesh	2026-09-16T02:48:56.3450304Z CXX='g++'
make check (ubuntu-latest)	Install pinned Go toolchain for optional TaskMesh	2026-09-16T02:48:56.3450720Z GCCGO='gccgo'
make check (ubuntu-latest)	Install pinned Go toolchain for optional TaskMesh	2026-09-16T02:48:56.3451162Z GO111MODULE=''
make check (ubuntu-latest)	Install pinned Go toolchain for optional TaskMesh	2026-09-16T02:48:56.3451622Z GOAMD64='v1'
make check (ubuntu-latest)	Install pinned Go toolchain for optional TaskMesh	2026-09-16T02:48:56.3452047Z GOARCH='amd64'
make check (ubuntu-latest)	Install pinned Go toolchain for optional TaskMesh	2026-09-16T02:48:56.3452471Z GOAUTH='netrc'
make check (ubuntu-latest)	Install pinned Go toolchain for optional TaskMesh	2026-09-16T02:48:56.3452887Z GOBIN=''
make check (ubuntu-latest)	Install pinned Go toolchain for optional TaskMesh	2026-09-16T02:48:56.3453720Z GOCACHE='/home/runner/.cache/go-build'
make check (ubuntu-latest)	Install pinned Go toolchain for optional TaskMesh	2026-09-16T02:48:56.3454313Z GOCACHEPROG=''
make check (ubuntu-latest)	Install pinned Go toolchain for optional TaskMesh	2026-09-16T02:48:56.3454746Z GODEBUG=''
make check (ubuntu-latest)	Install pinned Go toolchain for optional TaskMesh	2026-09-16T02:48:56.3455204Z GOENV='/home/runner/.config/go/env'
make check (ubuntu-latest)	Install pinned Go toolchain for optional TaskMesh	2026-09-16T02:48:56.3455730Z GOEXE=''
make check (ubuntu-latest)	Install pinned Go toolchain for optional TaskMesh	2026-09-16T02:48:56.3456142Z GOEXPERIMENT=''
make check (ubuntu-latest)	Install pinned Go toolchain for optional TaskMesh	2026-09-16T02:48:56.3456830Z GOFIPS140='off'
make check (ubuntu-latest)	Install pinned Go toolchain for optional TaskMesh	2026-09-16T02:48:56.3457362Z GOFLAGS=''
make check (ubuntu-latest)	Install pinned Go toolchain for optional TaskMesh	2026-09-16T02:48:56.3458599Z GOGCCFLAGS='-fPIC -m64 -pthread -Wl,--no-gc-sections -fmessage-length=0 -ffile-prefix-map=/tmp/go-build2860365592=/tmp/go-build -gno-record-gcc-switches'
make check (ubuntu-latest)	Install pinned Go toolchain for optional TaskMesh	2026-09-16T02:48:56.3459864Z GOHOSTARCH='amd64'
make check (ubuntu-latest)	Install pinned Go toolchain for optional TaskMesh	2026-09-16T02:48:56.3460322Z GOHOSTOS='linux'
make check (ubuntu-latest)	Install pinned Go toolchain for optional TaskMesh	2026-09-16T02:48:56.3460756Z GOINSECURE=''
make check (ubuntu-latest)	Install pinned Go toolchain for optional TaskMesh	2026-09-16T02:48:56.3461313Z GOMOD='/home/runner/work/task-spec/task-spec/go.mod'
make check (ubuntu-latest)	Install pinned Go toolchain for optional TaskMesh	2026-09-16T02:48:56.3461989Z GOMODCACHE='/home/runner/go/pkg/mod'
make check (ubuntu-latest)	Install pinned Go toolchain for optional TaskMesh	2026-09-16T02:48:56.3462947Z GONOPROXY=''
make check (ubuntu-latest)	Install pinned Go toolchain for optional TaskMesh	2026-09-16T02:48:56.3463404Z GONOSUMDB=''
make check (ubuntu-latest)	Install pinned Go toolchain for optional TaskMesh	2026-09-16T02:48:56.3463810Z GOOS='linux'
make check (ubuntu-latest)	Install pinned Go toolchain for optional TaskMesh	2026-09-16T02:48:56.3464261Z GOPATH='/home/runner/go'
make check (ubuntu-latest)	Install pinned Go toolchain for optional TaskMesh	2026-09-16T02:48:56.3464755Z GOPRIVATE=''
make check (ubuntu-latest)	Install pinned Go toolchain for optional TaskMesh	2026-09-16T02:48:56.3465262Z GOPROXY='https://proxy.golang.org,direct'
make check (ubuntu-latest)	Install pinned Go toolchain for optional TaskMesh	2026-09-16T02:48:56.3465910Z GOROOT='/opt/hostedtoolcache/go/1.25.0/x64'
make check (ubuntu-latest)	Install pinned Go toolchain for optional TaskMesh	2026-09-16T02:48:56.3466749Z GOSUMDB='sum.golang.org'
make check (ubuntu-latest)	Install pinned Go toolchain for optional TaskMesh	2026-09-16T02:48:56.3467257Z GOTELEMETRY='local'
make check (ubuntu-latest)	Install pinned Go toolchain for optional TaskMesh	2026-09-16T02:48:56.3467806Z GOTELEMETRYDIR='/home/runner/.config/go/telemetry'
make check (ubuntu-latest)	Install pinned Go toolchain for optional TaskMesh	2026-09-16T02:48:56.3468416Z GOTMPDIR=''
make check (ubuntu-latest)	Install pinned Go toolchain for optional TaskMesh	2026-09-16T02:48:56.3468961Z GOTOOLCHAIN='local'
make check (ubuntu-latest)	Install pinned Go toolchain for optional TaskMesh	2026-09-16T02:48:56.3469638Z GOTOOLDIR='/opt/hostedtoolcache/go/1.25.0/x64/pkg/tool/linux_amd64'
make check (ubuntu-latest)	Install pinned Go toolchain for optional TaskMesh	2026-09-16T02:48:56.3470361Z GOVCS=''
make check (ubuntu-latest)	Install pinned Go toolchain for optional TaskMesh	2026-09-16T02:48:56.3470780Z GOVERSION='go1.25.0'
make check (ubuntu-latest)	Install pinned Go toolchain for optional TaskMesh	2026-09-16T02:48:56.3471270Z GOWORK=''
make check (ubuntu-latest)	Install pinned Go toolchain for optional TaskMesh	2026-09-16T02:48:56.3471820Z PKG_CONFIG='pkg-config'
make check (ubuntu-latest)	Install pinned Go toolchain for optional TaskMesh	2026-09-16T02:48:56.3472179Z 
make check (ubuntu-latest)	Install pinned Go toolchain for optional TaskMesh	2026-09-16T02:48:56.3472894Z ##[endgroup]
make check (ubuntu-latest)	Provision private locked decomposition runtime	﻿2026-09-16T02:48:56.3661815Z ##[group]Run bash bin/taskspec setup decompose
make check (ubuntu-latest)	Provision private locked decomposition runtime	2026-09-16T02:48:56.3662302Z [36;1mbash bin/taskspec setup decompose[0m
make check (ubuntu-latest)	Provision private locked decomposition runtime	2026-09-16T02:48:56.3707106Z shell: /usr/bin/bash -e {0}
make check (ubuntu-latest)	Provision private locked decomposition runtime	2026-09-16T02:48:56.3707430Z env:
make check (ubuntu-latest)	Provision private locked decomposition runtime	2026-09-16T02:48:56.3707634Z   GOTOOLCHAIN: local
make check (ubuntu-latest)	Provision private locked decomposition runtime	2026-09-16T02:48:56.3707861Z ##[endgroup]
make check (ubuntu-latest)	Provision private locked decomposition runtime	2026-09-16T02:49:00.0446932Z Collecting attrs==26.1.0 (from -r /home/runner/work/task-spec/task-spec/src/decompose/requirements.lock (line 2))
make check (ubuntu-latest)	Provision private locked decomposition runtime	2026-09-16T02:49:00.1235312Z   Downloading attrs-26.1.0-py3-none-any.whl (67 kB)
make check (ubuntu-latest)	Provision private locked decomposition runtime	2026-09-16T02:49:00.1500929Z      ━━━━━━━━━━━━━━━━━━━━━━━━━━━━━━━━━━━━━━━━ 67.5/67.5 kB 2.6 MB/s eta 0:00:00
make check (ubuntu-latest)	Provision private locked decomposition runtime	2026-09-16T02:49:00.2286420Z Collecting jsonschema==4.26.0 (from -r /home/runner/work/task-spec/task-spec/src/decompose/requirements.lock (line 5))
make check (ubuntu-latest)	Provision private locked decomposition runtime	2026-09-16T02:49:00.2487052Z   Downloading jsonschema-4.26.0-py3-none-any.whl (90 kB)
make check (ubuntu-latest)	Provision private locked decomposition runtime	2026-09-16T02:49:00.2598790Z      ━━━━━━━━━━━━━━━━━━━━━━━━━━━━━━━━━━━━━━━━ 90.6/90.6 kB 12.4 MB/s eta 0:00:00
make check (ubuntu-latest)	Provision private locked decomposition runtime	2026-09-16T02:49:00.2923155Z Collecting jsonschema-specifications==2025.9.1 (from -r /home/runner/work/task-spec/task-spec/src/decompose/requirements.lock (line 8))
make check (ubuntu-latest)	Provision private locked decomposition runtime	2026-09-16T02:49:00.3117477Z   Downloading jsonschema_specifications-2025.9.1-py3-none-any.whl (18 kB)
make check (ubuntu-latest)	Provision private locked decomposition runtime	2026-09-16T02:49:00.3918437Z Collecting PyYAML==6.0.3 (from -r /home/runner/work/task-spec/task-spec/src/decompose/requirements.lock (line 11))
make check (ubuntu-latest)	Provision private locked decomposition runtime	2026-09-16T02:49:00.4105279Z   Downloading pyyaml-6.0.3-cp312-cp312-manylinux2014_x86_64.manylinux_2_17_x86_64.manylinux_2_28_x86_64.whl (807 kB)
make check (ubuntu-latest)	Provision private locked decomposition runtime	2026-09-16T02:49:00.4693921Z      ━━━━━━━━━━━━━━━━━━━━━━━━━━━━━━━━━━━━━━ 807.9/807.9 kB 14.2 MB/s eta 0:00:00
make check (ubuntu-latest)	Provision private locked decomposition runtime	2026-09-16T02:49:00.5224208Z Collecting referencing==0.37.0 (from -r /home/runner/work/task-spec/task-spec/src/decompose/requirements.lock (line 85))
make check (ubuntu-latest)	Provision private locked decomposition runtime	2026-09-16T02:49:00.5416882Z   Downloading referencing-0.37.0-py3-none-any.whl (26 kB)
make check (ubuntu-latest)	Provision private locked decomposition runtime	2026-09-16T02:49:00.9203900Z Collecting rpds-py==2026.6.3 (from -r /home/runner/work/task-spec/task-spec/src/decompose/requirements.lock (line 88))
make check (ubuntu-latest)	Provision private locked decomposition runtime	2026-09-16T02:49:00.9400304Z   Downloading rpds_py-2026.6.3-cp312-cp312-manylinux_2_17_x86_64.manylinux2014_x86_64.whl (366 kB)
make check (ubuntu-latest)	Provision private locked decomposition runtime	2026-09-16T02:49:00.9497546Z      ━━━━━━━━━━━━━━━━━━━━━━━━━━━━━━━━━━━━━━ 366.2/366.2 kB 48.2 MB/s eta 0:00:00
make check (ubuntu-latest)	Provision private locked decomposition runtime	2026-09-16T02:49:00.9895469Z Collecting typing_extensions==4.15.0 (from -r /home/runner/work/task-spec/task-spec/src/decompose/requirements.lock (line 205))
make check (ubuntu-latest)	Provision private locked decomposition runtime	2026-09-16T02:49:01.0094015Z   Downloading typing_extensions-4.15.0-py3-none-any.whl (44 kB)
make check (ubuntu-latest)	Provision private locked decomposition runtime	2026-09-16T02:49:01.0137252Z      ━━━━━━━━━━━━━━━━━━━━━━━━━━━━━━━━━━━━━━━━ 44.6/44.6 kB 15.6 MB/s eta 0:00:00
make check (ubuntu-latest)	Provision private locked decomposition runtime	2026-09-16T02:49:01.0854929Z Installing collected packages: typing_extensions, rpds-py, PyYAML, attrs, referencing, jsonschema-specifications, jsonschema
make check (ubuntu-latest)	Provision private locked decomposition runtime	2026-09-16T02:49:01.3353634Z Successfully installed PyYAML-6.0.3 attrs-26.1.0 jsonschema-4.26.0 jsonschema-specifications-2025.9.1 referencing-0.37.0 rpds-py-2026.6.3 typing_extensions-4.15.0
make check (ubuntu-latest)	Provision private locked decomposition runtime	2026-09-16T02:49:01.5644556Z {"contract": "TaskRuntimeSetup/v1", "ready": true, "path": "/home/runner/work/task-spec/task-spec/.taskspec/runtime/decompose", "lock_digest": "eb1adcfe1266108d7587d9a561bb57d482a2104efa871db46c6287095649ba33"}
make check (ubuntu-latest)	Install schema-fidelity consumer dependencies	﻿2026-09-16T02:49:01.5745806Z ##[group]Run python3 -m pip install --disable-pip-version-check --quiet --break-system-packages pyyaml==6.0.2 jsonschema==4.26.0
make check (ubuntu-latest)	Install schema-fidelity consumer dependencies	2026-09-16T02:49:01.5747159Z [36;1mpython3 -m pip install --disable-pip-version-check --quiet --break-system-packages pyyaml==6.0.2 jsonschema==4.26.0[0m
make check (ubuntu-latest)	Install schema-fidelity consumer dependencies	2026-09-16T02:49:01.5783517Z shell: /usr/bin/bash -e {0}
make check (ubuntu-latest)	Install schema-fidelity consumer dependencies	2026-09-16T02:49:01.5783783Z env:
make check (ubuntu-latest)	Install schema-fidelity consumer dependencies	2026-09-16T02:49:01.5783992Z   GOTOOLCHAIN: local
make check (ubuntu-latest)	Install schema-fidelity consumer dependencies	2026-09-16T02:49:01.5784213Z ##[endgroup]
make check (ubuntu-latest)	make check (includes isolated install-to-accept demo)	﻿2026-09-16T02:49:05.0394246Z ##[group]Run make check
make check (ubuntu-latest)	make check (includes isolated install-to-accept demo)	2026-09-16T02:49:05.0394544Z [36;1mmake check[0m
make check (ubuntu-latest)	make check (includes isolated install-to-accept demo)	2026-09-16T02:49:05.0431084Z shell: /usr/bin/bash -e {0}
make check (ubuntu-latest)	make check (includes isolated install-to-accept demo)	2026-09-16T02:49:05.0431350Z env:
make check (ubuntu-latest)	make check (includes isolated install-to-accept demo)	2026-09-16T02:49:05.0431559Z   GOTOOLCHAIN: local
make check (ubuntu-latest)	make check (includes isolated install-to-accept demo)	2026-09-16T02:49:05.0431778Z ##[endgroup]
make check (ubuntu-latest)	make check (includes isolated install-to-accept demo)	2026-09-16T02:49:05.0525052Z bash bin/taskspec doctor
make check (ubuntu-latest)	make check (includes isolated install-to-accept demo)	2026-09-16T02:49:05.0566442Z PASS  bash >= 3.2 (5.2.21(1)-release)
make check (ubuntu-latest)	make check (includes isolated install-to-accept demo)	2026-09-16T02:49:05.0602822Z PASS  git (2.55.0)
make check (ubuntu-latest)	make check (includes isolated install-to-accept demo)	2026-09-16T02:49:05.0634630Z PASS  python3 (3.12.3)
make check (ubuntu-latest)	make check (includes isolated install-to-accept demo)	2026-09-16T02:49:05.0635361Z PASS  SHA-256/HMAC provider
make check (ubuntu-latest)	make check (includes isolated install-to-accept demo)	2026-09-16T02:49:05.0636479Z PASS  shellcheck
make check (ubuntu-latest)	make check (includes isolated install-to-accept demo)	2026-09-16T02:49:05.0667510Z WARN  no signing key; run: taskspec setup signing
make check (ubuntu-latest)	make check (includes isolated install-to-accept demo)	2026-09-16T02:49:05.0678191Z DOCTOR=READY
make check (ubuntu-latest)	make check (includes isolated install-to-accept demo)	2026-09-16T02:49:05.0678799Z bash tests/lint-skill-docs.sh
make check (ubuntu-latest)	make check (includes isolated install-to-accept demo)	2026-09-16T02:49:05.2023444Z lint-skill-docs.sh (10 checks)
make check (ubuntu-latest)	make check (includes isolated install-to-accept demo)	2026-09-16T02:49:05.2024842Z ════════════════════════════════════════
make check (ubuntu-latest)	make check (includes isolated install-to-accept demo)	2026-09-16T02:49:05.2027864Z OK: VERSION, CHANGELOG.md, and src/lib/_lib.sh agree at v3.10.0
make check (ubuntu-latest)	make check (includes isolated install-to-accept demo)	2026-09-16T02:49:05.2028794Z bash tests/lint-docs.sh
make check (ubuntu-latest)	make check (includes isolated install-to-accept demo)	2026-09-16T02:49:05.9413684Z CLI_REFERENCE=OK
make check (ubuntu-latest)	make check (includes isolated install-to-accept demo)	2026-09-16T02:49:05.9481857Z lint-docs: OK
make check (ubuntu-latest)	make check (includes isolated install-to-accept demo)	2026-09-16T02:49:05.9496453Z set -e; for t in tests/test-*.sh; do bash "$t"; done
make check (ubuntu-latest)	make check (includes isolated install-to-accept demo)	2026-09-16T02:49:06.0955190Z PASS — dependency-aware leaf frontier and --all behavior
make check (ubuntu-latest)	make check (includes isolated install-to-accept demo)	2026-09-16T02:49:06.1533915Z PASS — collisions, dangling edges, cycles, and concurrency are reported
make check (ubuntu-latest)	make check (includes isolated install-to-accept demo)	2026-09-16T02:49:06.3029126Z PASS — archived dependencies, supersession blocking, advisory blocks, and deterministic graph views
make check (ubuntu-latest)	make check (includes isolated install-to-accept demo)	2026-09-16T02:49:06.6916262Z PASS — recursive task resolution and active write conflicts share one graph universe
make check (ubuntu-latest)	make check (includes isolated install-to-accept demo)	2026-09-16T02:49:06.8528680Z PASS — dependency closure includes leaf dependencies and composition ancestors only
make check (ubuntu-latest)	make check (includes isolated install-to-accept demo)	2026-09-16T02:49:06.8584163Z === (a) bash -n syntax check for every src/*/*.sh ===
make check (ubuntu-latest)	make check (includes isolated install-to-accept demo)	2026-09-16T02:49:06.8611162Z   ✓ syntax ok: accept/accept-task.sh
make check (ubuntu-latest)	make check (includes isolated install-to-accept demo)	2026-09-16T02:49:06.8633122Z   ✓ syntax ok: author/batch-generate.sh
make check (ubuntu-latest)	make check (includes isolated install-to-accept demo)	2026-09-16T02:49:06.8656975Z   ✓ syntax ok: author/generate-task-spec.sh
make check (ubuntu-latest)	make check (includes isolated install-to-accept demo)	2026-09-16T02:49:06.8674116Z   ✓ syntax ok: author/migrate-legacy-task.sh
make check (ubuntu-latest)	make check (includes isolated install-to-accept demo)	2026-09-16T02:49:06.8694833Z   ✓ syntax ok: backlog/archive.sh
make check (ubuntu-latest)	make check (includes isolated install-to-accept demo)	2026-09-16T02:49:06.8713186Z   ✓ syntax ok: backlog/backup-backlog.sh
make check (ubuntu-latest)	make check (includes isolated install-to-accept demo)	2026-09-16T02:49:06.8729706Z   ✓ syntax ok: backlog/install-hooks.sh
make check (ubuntu-latest)	make check (includes isolated install-to-accept demo)	2026-09-16T02:49:06.8747508Z   ✓ syntax ok: backlog/lint-backlog.sh
make check (ubuntu-latest)	make check (includes isolated install-to-accept demo)	2026-09-16T02:49:06.8767240Z   ✓ syntax ok: backlog/list-ready.sh
make check (ubuntu-latest)	make check (includes isolated install-to-accept demo)	2026-09-16T02:49:06.8784501Z   ✓ syntax ok: backlog/query-metrics.sh
make check (ubuntu-latest)	make check (includes isolated install-to-accept demo)	2026-09-16T02:49:06.8806949Z   ✓ syntax ok: backlog/rebuild-state.sh
make check (ubuntu-latest)	make check (includes isolated install-to-accept demo)	2026-09-16T02:49:06.8824905Z   ✓ syntax ok: backlog/transition-status.sh
make check (ubuntu-latest)	make check (includes isolated install-to-accept demo)	2026-09-16T02:49:06.8843393Z   ✓ syntax ok: decompose/launch.sh
make check (ubuntu-latest)	make check (includes isolated install-to-accept demo)	2026-09-16T02:49:06.8866001Z   ✓ syntax ok: dispatch/conformance-check.sh
make check (ubuntu-latest)	make check (includes isolated install-to-accept demo)	2026-09-16T02:49:06.8883652Z   ✓ syntax ok: dispatch/ref-executor.sh
make check (ubuntu-latest)	make check (includes isolated install-to-accept demo)	2026-09-16T02:49:06.8901892Z   ✓ syntax ok: gate/definition-of-done.sh
make check (ubuntu-latest)	make check (includes isolated install-to-accept demo)	2026-09-16T02:49:06.8925014Z   ✓ syntax ok: gate/run-task-spec.sh
make check (ubuntu-latest)	make check (includes isolated install-to-accept demo)	2026-09-16T02:49:06.8947674Z   ✓ syntax ok: gate/safe-to-delegate.sh
make check (ubuntu-latest)	make check (includes isolated install-to-accept demo)	2026-09-16T02:49:06.8983573Z   ✓ syntax ok: gate/validate-task-spec.sh
make check (ubuntu-latest)	make check (includes isolated install-to-accept demo)	2026-09-16T02:49:06.9012217Z   ✓ syntax ok: lib/_lib.sh
make check (ubuntu-latest)	make check (includes isolated install-to-accept demo)	2026-09-16T02:49:06.9032557Z   ✓ syntax ok: lib/install.sh
make check (ubuntu-latest)	make check (includes isolated install-to-accept demo)	2026-09-16T02:49:06.9049330Z   ✓ syntax ok: setup/demo.sh
make check (ubuntu-latest)	make check (includes isolated install-to-accept demo)	2026-09-16T02:49:06.9067169Z   ✓ syntax ok: setup/init.sh
make check (ubuntu-latest)	make check (includes isolated install-to-accept demo)	2026-09-16T02:49:06.9087870Z   ✓ syntax ok: setup/readiness.sh
make check (ubuntu-latest)	make check (includes isolated install-to-accept demo)	2026-09-16T02:49:06.9088807Z === (b) core-path scripts contain no bash-4-only constructs ===
make check (ubuntu-latest)	make check (includes isolated install-to-accept demo)	2026-09-16T02:49:06.9158357Z   ✓ gate/validate-task-spec.sh has no 'declare -A'
make check (ubuntu-latest)	make check (includes isolated install-to-accept demo)	2026-09-16T02:49:06.9176775Z   ✓ gate/validate-task-spec.sh has no mapfile/readarray
make check (ubuntu-latest)	make check (includes isolated install-to-accept demo)	2026-09-16T02:49:06.9215870Z   ✓ gate/safe-to-delegate.sh has no 'declare -A'
make check (ubuntu-latest)	make check (includes isolated install-to-accept demo)	2026-09-16T02:49:06.9240214Z   ✓ gate/safe-to-delegate.sh has no mapfile/readarray
make check (ubuntu-latest)	make check (includes isolated install-to-accept demo)	2026-09-16T02:49:06.9288092Z   ✓ gate/run-task-spec.sh has no 'declare -A'
make check (ubuntu-latest)	make check (includes isolated install-to-accept demo)	2026-09-16T02:49:06.9295847Z   ✓ gate/run-task-spec.sh has no mapfile/readarray
make check (ubuntu-latest)	make check (includes isolated install-to-accept demo)	2026-09-16T02:49:06.9339293Z   ✓ lib/_lib.sh has no 'declare -A'
make check (ubuntu-latest)	make check (includes isolated install-to-accept demo)	2026-09-16T02:49:06.9360470Z   ✓ lib/_lib.sh has no mapfile/readarray
make check (ubuntu-latest)	make check (includes isolated install-to-accept demo)	2026-09-16T02:49:06.9361555Z === (c) aux scripts call ts_require_bash4 ===
make check (ubuntu-latest)	make check (includes isolated install-to-accept demo)	2026-09-16T02:49:06.9381048Z   ✓ backlog/query-metrics.sh calls ts_require_bash4
make check (ubuntu-latest)	make check (includes isolated install-to-accept demo)	2026-09-16T02:49:06.9386501Z === (d) conformance runner + adapters are bash-3.2-clean ===
make check (ubuntu-latest)	make check (includes isolated install-to-accept demo)	2026-09-16T02:49:06.9404923Z   ✓ syntax ok: conformance/run_conformance.sh
make check (ubuntu-latest)	make check (includes isolated install-to-accept demo)	2026-09-16T02:49:06.9461864Z   ✓ conformance/run_conformance.sh has no bash-4-only constructs
make check (ubuntu-latest)	make check (includes isolated install-to-accept demo)	2026-09-16T02:49:06.9484733Z   ✓ syntax ok: conformance/adapters/self.sh
make check (ubuntu-latest)	make check (includes isolated install-to-accept demo)	2026-09-16T02:49:06.9537358Z   ✓ conformance/adapters/self.sh has no bash-4-only constructs
make check (ubuntu-latest)	make check (includes isolated install-to-accept demo)	2026-09-16T02:49:06.9537935Z 
make check (ubuntu-latest)	make check (includes isolated install-to-accept demo)	2026-09-16T02:49:06.9547783Z ========================================
make check (ubuntu-latest)	make check (includes isolated install-to-accept demo)	2026-09-16T02:49:06.9548512Z Results: 37 passed, 0 failed
make check (ubuntu-latest)	make check (includes isolated install-to-accept demo)	2026-09-16T02:49:06.9549143Z ========================================
make check (ubuntu-latest)	make check (includes isolated install-to-accept demo)	2026-09-16T02:49:07.0339631Z ok    new requires slug and effort
make check (ubuntu-latest)	make check (includes isolated install-to-accept demo)	2026-09-16T02:49:07.1118001Z ok    new rejects an unknown option
make check (ubuntu-latest)	make check (includes isolated install-to-accept demo)	2026-09-16T02:49:07.1901282Z ok    new requires --format value
make check (ubuntu-latest)	make check (includes isolated install-to-accept demo)	2026-09-16T02:49:07.2673982Z ok    metrics rejects an unknown option
make check (ubuntu-latest)	make check (includes isolated install-to-accept demo)	2026-09-16T02:49:07.3444016Z ok    metrics requires --since value
make check (ubuntu-latest)	make check (includes isolated install-to-accept demo)	2026-09-16T02:49:07.3457533Z CLI_USAGE=PASS checks=5
make check (ubuntu-latest)	make check (includes isolated install-to-accept demo)	2026-09-16T02:49:19.0019491Z PASS — isolated demo reaches independent acceptance
make check (ubuntu-latest)	make check (includes isolated install-to-accept demo)	2026-09-16T02:49:19.0656077Z == effort sizing and composition ==
make check (ubuntu-latest)	make check (includes isolated install-to-accept demo)	2026-09-16T02:49:19.3900224Z ok    XS leaf                     
make check (ubuntu-latest)	make check (includes isolated install-to-accept demo)	2026-09-16T02:49:19.7164058Z ok    S leaf union budget         
make check (ubuntu-latest)	make check (includes isolated install-to-accept demo)	2026-09-16T02:49:20.0464665Z ok    M leaf                      
make check (ubuntu-latest)	make check (includes isolated install-to-accept demo)	2026-09-16T02:49:20.3991558Z ok    L long horizon              
make check (ubuntu-latest)	make check (includes isolated install-to-accept demo)	2026-09-16T02:49:20.7283864Z ok    L wrong backend             
make check (ubuntu-latest)	make check (includes isolated install-to-accept demo)	2026-09-16T02:49:21.0875503Z ok    S over budget warns         
make check (ubuntu-latest)	make check (includes isolated install-to-accept demo)	2026-09-16T02:49:21.4400291Z ok    leaf cannot have children   
make check (ubuntu-latest)	make check (includes isolated install-to-accept demo)	2026-09-16T02:49:21.7656498Z ok    XL needs children           
make check (ubuntu-latest)	make check (includes isolated install-to-accept demo)	2026-09-16T02:49:22.1106477Z ok    XXL needs three children    
make check (ubuntu-latest)	make check (includes isolated install-to-accept demo)	2026-09-16T02:49:22.4902862Z ok    XL composition node         
make check (ubuntu-latest)	make check (includes isolated install-to-accept demo)	2026-09-16T02:49:22.8334375Z ok    XXL composition node        
make check (ubuntu-latest)	make check (includes isolated install-to-accept demo)	2026-09-16T02:49:23.1734971Z ok    node owns no writes         
make check (ubuntu-latest)	make check (includes isolated install-to-accept demo)	2026-09-16T02:49:23.5081119Z ok    invalid child id            
make check (ubuntu-latest)	make check (includes isolated install-to-accept demo)	2026-09-16T02:49:23.8343264Z ok    unknown size                
make check (ubuntu-latest)	make check (includes isolated install-to-accept demo)	2026-09-16T02:49:23.8359300Z 
make check (ubuntu-latest)	make check (includes isolated install-to-accept demo)	2026-09-16T02:49:23.8368663Z PASS — all 14 sizing rows green.
make check (ubuntu-latest)	make check (includes isolated install-to-accept demo)	2026-09-16T02:49:32.5519676Z ENGINE_MATRIX_V2=READY
make check (ubuntu-latest)	make check (includes isolated install-to-accept demo)	2026-09-16T02:49:32.9904411Z ENVIRONMENT_ATTESTATION=READY
make check (ubuntu-latest)	make check (includes isolated install-to-accept demo)	2026-09-16T02:49:33.0074823Z ═══ test-extractor-fuzz.sh (adversarial extract-and-run, v3.10.0) ═══
make check (ubuntu-latest)	make check (includes isolated install-to-accept demo)	2026-09-16T02:49:33.0076774Z ── (A) extraction correctness ──
make check (ubuntu-latest)	make check (includes isolated install-to-accept demo)	2026-09-16T02:49:33.1944400Z   ✓ A:arith-shift extracted
make check (ubuntu-latest)	make check (includes isolated install-to-accept demo)	2026-09-16T02:49:33.4023577Z   ✓ A:heredoc-EOF-bash extracted
make check (ubuntu-latest)	make check (includes isolated install-to-accept demo)	2026-09-16T02:49:33.5924077Z   ✓ A:heredoc-fake-fence extracted
make check (ubuntu-latest)	make check (includes isolated install-to-accept demo)	2026-09-16T02:49:33.7861879Z   ✓ A:heredoc-fake-header extracted
make check (ubuntu-latest)	make check (includes isolated install-to-accept demo)	2026-09-16T02:49:33.9743297Z   ✓ A:nested-heredoc extracted
make check (ubuntu-latest)	make check (includes isolated install-to-accept demo)	2026-09-16T02:49:34.1608659Z   ✓ A:heredoc-dquote extracted
make check (ubuntu-latest)	make check (includes isolated install-to-accept demo)	2026-09-16T02:49:34.1614769Z ── (B) robustness invariant (no hang, no raw-error leak) ──
make check (ubuntu-latest)	make check (includes isolated install-to-accept demo)	2026-09-16T02:49:34.3476387Z   ✓ B:emoji-body clean (EXTRACTED)
make check (ubuntu-latest)	make check (includes isolated install-to-accept demo)	2026-09-16T02:49:34.5920789Z   ✓ B:two-evals clean (EXTRACTED)
make check (ubuntu-latest)	make check (includes isolated install-to-accept demo)	2026-09-16T02:49:34.7781531Z   ✓ B:unbalanced-brace clean (EXTRACTED)
make check (ubuntu-latest)	make check (includes isolated install-to-accept demo)	2026-09-16T02:49:34.9641447Z   ✓ B:fence-in-string clean (EXTRACTED)
make check (ubuntu-latest)	make check (includes isolated install-to-accept demo)	2026-09-16T02:49:35.1483499Z   ✓ B:header-looking-cmd clean (EXTRACTED)
make check (ubuntu-latest)	make check (includes isolated install-to-accept demo)	2026-09-16T02:49:35.3361791Z   ✓ B:backtick-cmd clean (EXTRACTED)
make check (ubuntu-latest)	make check (includes isolated install-to-accept demo)	2026-09-16T02:49:35.5219034Z   ✓ B:comment-only clean (EXTRACTED)
make check (ubuntu-latest)	make check (includes isolated install-to-accept demo)	2026-09-16T02:49:35.7083302Z   ✓ B:exit-in-eval clean (EXTRACTED)
make check (ubuntu-latest)	make check (includes isolated install-to-accept demo)	2026-09-16T02:49:35.8928304Z   ✓ B:reads-stdin clean (EXTRACTED)
make check (ubuntu-latest)	make check (includes isolated install-to-accept demo)	2026-09-16T02:49:36.0909693Z   ✓ B:many-heredocs clean (EXTRACTED)
make check (ubuntu-latest)	make check (includes isolated install-to-accept demo)	2026-09-16T02:49:36.0911176Z ── (C) exit-check robustness (defense-in-depth, no hang on malformed Exit Check) ──
make check (ubuntu-latest)	make check (includes isolated install-to-accept demo)	2026-09-16T02:49:36.2837703Z   ✓ C:ec-unbalanced-quote clean (EXTRACTED)
make check (ubuntu-latest)	make check (includes isolated install-to-accept demo)	2026-09-16T02:49:36.4706133Z   ✓ C:ec-unbalanced-btick clean (EXTRACTED)
make check (ubuntu-latest)	make check (includes isolated install-to-accept demo)	2026-09-16T02:49:36.6591546Z   ✓ C:ec-heredoc-no-close clean (EXTRACTED)
make check (ubuntu-latest)	make check (includes isolated install-to-accept demo)	2026-09-16T02:49:36.6612125Z 
make check (ubuntu-latest)	make check (includes isolated install-to-accept demo)	2026-09-16T02:49:36.6612614Z ========================================
make check (ubuntu-latest)	make check (includes isolated install-to-accept demo)	2026-09-16T02:49:36.6613316Z Results: 19 passed, 0 failed
make check (ubuntu-latest)	make check (includes isolated install-to-accept demo)	2026-09-16T02:49:36.6613866Z ========================================
make check (ubuntu-latest)	make check (includes isolated install-to-accept demo)	2026-09-16T02:49:36.6688025Z ═══ test-hmac-envelope.sh (TaskAuthorization/v3 suite) ═══
make check (ubuntu-latest)	make check (includes isolated install-to-accept demo)	2026-09-16T02:49:36.6689092Z ── Scenario 1: Tier 1 stamp-then-verify ──
make check (ubuntu-latest)	make check (includes isolated install-to-accept demo)	2026-09-16T02:49:37.9927835Z   ✓ S1 sealed
make check (ubuntu-latest)	make check (includes isolated install-to-accept demo)	2026-09-16T02:49:37.9928554Z   ✓ S1 sig-format
make check (ubuntu-latest)	make check (includes isolated install-to-accept demo)	2026-09-16T02:49:37.9929524Z   ✓ S1 verify-tier1
make check (ubuntu-latest)	make check (includes isolated install-to-accept demo)	2026-09-16T02:49:37.9950280Z ── Scenario 2: Tier 3 tampered body ──
make check (ubuntu-latest)	make check (includes isolated install-to-accept demo)	2026-09-16T02:49:39.7738056Z   ✓ S2 pre-tamper-tier1
make check (ubuntu-latest)	make check (includes isolated install-to-accept demo)	2026-09-16T02:49:39.7739367Z   ✓ S2 tamper-caught-tier3
make check (ubuntu-latest)	make check (includes isolated install-to-accept demo)	2026-09-16T02:49:39.7762720Z ── Scenario 3: Tier 3 envelope tamper / wrong key / malformed ──
make check (ubuntu-latest)	make check (includes isolated install-to-accept demo)	2026-09-16T02:49:43.3498332Z   ✓ S3 envelope-value-tamper
make check (ubuntu-latest)	make check (includes isolated install-to-accept demo)	2026-09-16T02:49:43.3499516Z   ✓ S3 wrong-key-tier3
make check (ubuntu-latest)	make check (includes isolated install-to-accept demo)	2026-09-16T02:49:43.3500918Z   ✓ S3 malformed-sig-tier3
make check (ubuntu-latest)	make check (includes isolated install-to-accept demo)	2026-09-16T02:49:43.3520858Z ── Scenario 4: Tier 2 no-key degrade ──
make check (ubuntu-latest)	make check (includes isolated install-to-accept demo)	2026-09-16T02:49:45.1013449Z   ✓ S4 no-key-tier2
make check (ubuntu-latest)	make check (includes isolated install-to-accept demo)	2026-09-16T02:49:45.1014487Z   ✓ S4 legacy-nosig-tier2
make check (ubuntu-latest)	make check (includes isolated install-to-accept demo)	2026-09-16T02:49:45.1035237Z ── Scenario 5: portability floor (crypto masked) ──
make check (ubuntu-latest)	make check (includes isolated install-to-accept demo)	2026-09-16T02:49:47.1346087Z   ✓ S5 provider-none
make check (ubuntu-latest)	make check (includes isolated install-to-accept demo)	2026-09-16T02:49:47.1347821Z   ✓ S5 masked-stamp-stdlib-hmac
make check (ubuntu-latest)	make check (includes isolated install-to-accept demo)	2026-09-16T02:49:47.1348957Z   ✓ S5 masked-verify-tier2
make check (ubuntu-latest)	make check (includes isolated install-to-accept demo)	2026-09-16T02:49:47.1367750Z ── Scenario 6: .git/info key fallback ──
make check (ubuntu-latest)	make check (includes isolated install-to-accept demo)	2026-09-16T02:49:48.5004827Z   ✓ S6 keyfile-written
make check (ubuntu-latest)	make check (includes isolated install-to-accept demo)	2026-09-16T02:49:48.5018155Z   ✓ S6 gitinfo-stamp-sealed
make check (ubuntu-latest)	make check (includes isolated install-to-accept demo)	2026-09-16T02:49:48.5027860Z   ✓ S6 gitinfo-verify-tier1
make check (ubuntu-latest)	make check (includes isolated install-to-accept demo)	2026-09-16T02:49:48.5029085Z ── Scenario 7: injection-safe --stamp-by ──
make check (ubuntu-latest)	make check (includes isolated install-to-accept demo)	2026-09-16T02:49:54.9748951Z   ✓ S7 literal-verbatim-tier1 [build|42]
make check (ubuntu-latest)	make check (includes isolated install-to-accept demo)	2026-09-16T02:49:54.9750121Z   ✓ S7 literal-verbatim-tier1 [a&b]
make check (ubuntu-latest)	make check (includes isolated install-to-accept demo)	2026-09-16T02:49:54.9751686Z   ✓ S7 literal-verbatim-tier1 [team/build]
make check (ubuntu-latest)	make check (includes isolated install-to-accept demo)	2026-09-16T02:49:54.9753144Z   ✓ S7 literal-verbatim-tier1 [X|p;s|.*|INJECTED]
make check (ubuntu-latest)	make check (includes isolated install-to-accept demo)	2026-09-16T02:49:54.9754173Z   ✓ S7 literal-verbatim-tier1 [name with space]
make check (ubuntu-latest)	make check (includes isolated install-to-accept demo)	2026-09-16T02:49:54.9773886Z ── Scenario 8: --require-tier1 enforcement + TIER= line ──
make check (ubuntu-latest)	make check (includes isolated install-to-accept demo)	2026-09-16T02:49:57.0559685Z   ✓ S8 tier1-require-passes
make check (ubuntu-latest)	make check (includes isolated install-to-accept demo)	2026-09-16T02:49:57.0560773Z   ✓ S8 tier2-require-blocks
make check (ubuntu-latest)	make check (includes isolated install-to-accept demo)	2026-09-16T02:49:57.0562470Z   ✓ S8 tier2-noflag-delegates
make check (ubuntu-latest)	make check (includes isolated install-to-accept demo)	2026-09-16T02:49:57.0583020Z ── Scenario 9: ts_set_frontmatter_field newline + malformed + backslash-escape ──
make check (ubuntu-latest)	make check (includes isolated install-to-accept demo)	2026-09-16T02:49:57.1123626Z   ✓ S9 newline-rejected-file-untouched
make check (ubuntu-latest)	make check (includes isolated install-to-accept demo)	2026-09-16T02:49:57.1124751Z   ✓ S9 malformed-frontmatter-hard-fails
make check (ubuntu-latest)	make check (includes isolated install-to-accept demo)	2026-09-16T02:49:57.1126490Z   ✓ S9 backslash-n-written-verbatim-no-injection
make check (ubuntu-latest)	make check (includes isolated install-to-accept demo)	2026-09-16T02:49:57.1127826Z   ✓ S9 symlink-temp-path-defused
make check (ubuntu-latest)	make check (includes isolated install-to-accept demo)	2026-09-16T02:49:57.1143209Z ── Scenario 10: envelope v3 authorization boundary ──
make check (ubuntu-latest)	make check (includes isolated install-to-accept demo)	2026-09-16T02:49:58.2876003Z   ✓ S10 scope-widening-caught
make check (ubuntu-latest)	make check (includes isolated install-to-accept demo)	2026-09-16T02:49:59.4676962Z   ✓ S10 dependency-change-caught
make check (ubuntu-latest)	make check (includes isolated install-to-accept demo)	2026-09-16T02:50:00.6992627Z   ✓ S10 budget-raise-caught
make check (ubuntu-latest)	make check (includes isolated install-to-accept demo)	2026-09-16T02:50:01.9564846Z   ✓ S10 agent-change-caught
make check (ubuntu-latest)	make check (includes isolated install-to-accept demo)	2026-09-16T02:50:03.1821894Z   ✓ S10 backend-reroute-caught
make check (ubuntu-latest)	make check (includes isolated install-to-accept demo)	2026-09-16T02:50:04.5212159Z   ✓ S10 status-change-allowed
make check (ubuntu-latest)	make check (includes isolated install-to-accept demo)	2026-09-16T02:50:05.8836514Z   ✓ S10 tracker-writeback-allowed
make check (ubuntu-latest)	make check (includes isolated install-to-accept demo)	2026-09-16T02:50:05.8859478Z ── Scenario 11: legacy v1 verification and re-stamp ──
make check (ubuntu-latest)	make check (includes isolated install-to-accept demo)	2026-09-16T02:50:09.6271094Z   ✓ S11 legacy-v1-tier2
make check (ubuntu-latest)	make check (includes isolated install-to-accept demo)	2026-09-16T02:50:09.6303098Z   ✓ S11 legacy-restamped-v3
make check (ubuntu-latest)	make check (includes isolated install-to-accept demo)	2026-09-16T02:50:09.6311365Z   ✓ S11 legacy-v2-tier2
make check (ubuntu-latest)	make check (includes isolated install-to-accept demo)	2026-09-16T02:50:09.6312120Z   ✓ S11 legacy-v2-restamped-v3
make check (ubuntu-latest)	make check (includes isolated install-to-accept demo)	2026-09-16T02:50:09.6312848Z ── Scenario 12: re-stamp an amended spec ──
make check (ubuntu-latest)	make check (includes isolated install-to-accept demo)	2026-09-16T02:50:11.6991900Z   ✓ S12 edit-breaks-seal
make check (ubuntu-latest)	make check (includes isolated install-to-accept demo)	2026-09-16T02:50:11.6992829Z   ✓ S12 amendment-resealed
make check (ubuntu-latest)	make check (includes isolated install-to-accept demo)	2026-09-16T02:50:11.7014900Z 
make check (ubuntu-latest)	make check (includes isolated install-to-accept demo)	2026-09-16T02:50:11.7015369Z ========================================
make check (ubuntu-latest)	make check (includes isolated install-to-accept demo)	2026-09-16T02:50:11.7016070Z Results: 41 passed, 0 failed
make check (ubuntu-latest)	make check (includes isolated install-to-accept demo)	2026-09-16T02:50:11.7017028Z ========================================
make check (ubuntu-latest)	make check (includes isolated install-to-accept demo)	2026-09-16T02:50:20.4494343Z MESH_ADAPTERS=READY
make check (ubuntu-latest)	make check (includes isolated install-to-accept demo)	2026-09-16T02:50:26.2711828Z MESH_COCKPIT=READY
make check (ubuntu-latest)	make check (includes isolated install-to-accept demo)	2026-09-16T02:50:37.0929455Z ok  	github.com/luanmorenomaciel/task-spec/mesh/cmd/taskspec-meshd	0.022s
make check (ubuntu-latest)	make check (includes isolated install-to-accept demo)	2026-09-16T02:50:39.1312265Z ok  	github.com/luanmorenomaciel/task-spec/mesh/internal/mesh	2.041s
make check (ubuntu-latest)	make check (includes isolated install-to-accept demo)	2026-09-16T02:50:47.9465040Z MESH_CONTRACTS=READY
make check (ubuntu-latest)	make check (includes isolated install-to-accept demo)	2026-09-16T02:50:49.5416711Z MESH_DAEMON=READY
make check (ubuntu-latest)	make check (includes isolated install-to-accept demo)	2026-09-16T02:50:58.2593796Z MESH_LEASES=READY
make check (ubuntu-latest)	make check (includes isolated install-to-accept demo)	2026-09-16T02:51:06.8040166Z MESH_ROUTING_INTEGRATION=READY
make check (ubuntu-latest)	make check (includes isolated install-to-accept demo)	2026-09-16T02:51:14.2940195Z MESH_ADAPTERS=READY
make check (ubuntu-latest)	make check (includes isolated install-to-accept demo)	2026-09-16T02:51:20.0817461Z MESH_COCKPIT=READY
make check (ubuntu-latest)	make check (includes isolated install-to-accept demo)	2026-09-16T02:51:20.0897059Z MESH_RECOVERY=READY
make check (ubuntu-latest)	make check (includes isolated install-to-accept demo)	2026-09-16T02:51:20.0897825Z MESH_CONFORMANCE=READY
make check (ubuntu-latest)	make check (includes isolated install-to-accept demo)	2026-09-16T02:51:21.0073846Z MESH_CONTRACTS=READY
make check (ubuntu-latest)	make check (includes isolated install-to-accept demo)	2026-09-16T02:51:22.5782538Z MESH_DAEMON=READY
make check (ubuntu-latest)	make check (includes isolated install-to-accept demo)	2026-09-16T02:51:28.3604117Z MESH_COCKPIT=READY
make check (ubuntu-latest)	make check (includes isolated install-to-accept demo)	2026-09-16T02:51:28.3699842Z MESH_DEMO=READY
make check (ubuntu-latest)	make check (includes isolated install-to-accept demo)	2026-09-16T02:52:07.2046933Z INSTALL=OK
make check (ubuntu-latest)	make check (includes isolated install-to-accept demo)	2026-09-16T02:52:07.2050483Z MESH_INSTALL=READY
make check (ubuntu-latest)	make check (includes isolated install-to-accept demo)	2026-09-16T02:52:43.2784298Z MESH_ISOLATION=READY
make check (ubuntu-latest)	make check (includes isolated install-to-accept demo)	2026-09-16T02:52:52.0657460Z MESH_LEASES=READY
make check (ubuntu-latest)	make check (includes isolated install-to-accept demo)	2026-09-16T02:53:00.5802455Z MESH_ROUTING_INTEGRATION=READY
make check (ubuntu-latest)	make check (includes isolated install-to-accept demo)	2026-09-16T02:53:00.6024639Z ═══ Step 1: Install the agent surface into a fresh tempdir ═══
make check (ubuntu-latest)	make check (includes isolated install-to-accept demo)	2026-09-16T02:53:00.8668355Z   ✓ install.sh succeeded
make check (ubuntu-latest)	make check (includes isolated install-to-accept demo)	2026-09-16T02:53:00.8669706Z   ✓ installed: agents/task-architect.md
make check (ubuntu-latest)	make check (includes isolated install-to-accept demo)	2026-09-16T02:53:00.8670851Z   ✓ installed: skills/task-spec/SKILL.md
make check (ubuntu-latest)	make check (includes isolated install-to-accept demo)	2026-09-16T02:53:00.8690675Z 
make check (ubuntu-latest)	make check (includes isolated install-to-accept demo)	2026-09-16T02:53:00.8691445Z ═══ Step 2: --version reports task-spec v3.10.0 ═══
make check (ubuntu-latest)	make check (includes isolated install-to-accept demo)	2026-09-16T02:53:00.8766388Z   ✓ install --version → task-spec v3.10.0
make check (ubuntu-latest)	make check (includes isolated install-to-accept demo)	2026-09-16T02:53:00.8864421Z   ✓ validate-task-spec --version → task-spec v3.10.0
make check (ubuntu-latest)	make check (includes isolated install-to-accept demo)	2026-09-16T02:53:00.8953329Z   ✓ safe-to-delegate --version → task-spec v3.10.0
make check (ubuntu-latest)	make check (includes isolated install-to-accept demo)	2026-09-16T02:53:00.9044067Z   ✓ generate-task-spec --version → task-spec v3.10.0
make check (ubuntu-latest)	make check (includes isolated install-to-accept demo)	2026-09-16T02:53:00.9135188Z   ✓ list-ready --version → task-spec v3.10.0
make check (ubuntu-latest)	make check (includes isolated install-to-accept demo)	2026-09-16T02:53:00.9136195Z 
make check (ubuntu-latest)	make check (includes isolated install-to-accept demo)	2026-09-16T02:53:00.9137427Z ═══ Step 3: GENERATE a spec ═══
make check (ubuntu-latest)	make check (includes isolated install-to-accept demo)	2026-09-16T02:53:01.1104168Z   ✓ generator wrote a spec
make check (ubuntu-latest)	make check (includes isolated install-to-accept demo)	2026-09-16T02:53:01.1126779Z   ✓ generator stamped version 3.10.0
make check (ubuntu-latest)	make check (includes isolated install-to-accept demo)	2026-09-16T02:53:01.1149170Z   ✓ generator printed --stamp breadcrumb
make check (ubuntu-latest)	make check (includes isolated install-to-accept demo)	2026-09-16T02:53:01.1175458Z   ✓ spec file present at tasks/T-20260916-e2e-health-endpoint.md
make check (ubuntu-latest)	make check (includes isolated install-to-accept demo)	2026-09-16T02:53:01.1176880Z 
make check (ubuntu-latest)	make check (includes isolated install-to-accept demo)	2026-09-16T02:53:01.1177787Z ═══ Step 4: Fill stubs (synthesize a minimal valid spec) ═══
make check (ubuntu-latest)	make check (includes isolated install-to-accept demo)	2026-09-16T02:53:01.1215362Z captured spec id: T-20260916-e2e-health-endpoint
make check (ubuntu-latest)	make check (includes isolated install-to-accept demo)	2026-09-16T02:53:01.6231561Z   ✓ validate-task-spec.sh exits 0 on synthesized spec
make check (ubuntu-latest)	make check (includes isolated install-to-accept demo)	2026-09-16T02:53:01.6232419Z 
make check (ubuntu-latest)	make check (includes isolated install-to-accept demo)	2026-09-16T02:53:01.6233090Z ═══ Step 5: GATE (taskspec gate --stamp) ═══
make check (ubuntu-latest)	make check (includes isolated install-to-accept demo)	2026-09-16T02:53:02.3018261Z   ✓ gate reported DELEGATE
make check (ubuntu-latest)	make check (includes isolated install-to-accept demo)	2026-09-16T02:53:02.3022087Z   ✓ gate stamped signed_off:true
make check (ubuntu-latest)	make check (includes isolated install-to-accept demo)	2026-09-16T02:53:02.3118870Z   ✓ spec frontmatter signed_off: true
make check (ubuntu-latest)	make check (includes isolated install-to-accept demo)	2026-09-16T02:53:02.3124244Z   ✓ spec frontmatter signed_off_by: e2e-test
make check (ubuntu-latest)	make check (includes isolated install-to-accept demo)	2026-09-16T02:53:02.3125239Z   ✓ spec frontmatter signed_off_at is ISO-8601
make check (ubuntu-latest)	make check (includes isolated install-to-accept demo)	2026-09-16T02:53:02.7931972Z   ✓ validate accepts the stamped spec (sign-off envelope OK)
make check (ubuntu-latest)	make check (includes isolated install-to-accept demo)	2026-09-16T02:53:02.7933143Z 
make check (ubuntu-latest)	make check (includes isolated install-to-accept demo)	2026-09-16T02:53:02.7934075Z ═══ Step 6: Schema fidelity (Python consumer) ═══
make check (ubuntu-latest)	make check (includes isolated install-to-accept demo)	2026-09-16T02:53:02.7952490Z   ✓ copied golden fixture into tempdir
make check (ubuntu-latest)	make check (includes isolated install-to-accept demo)	2026-09-16T02:53:02.7957985Z   ✓ python consumer present at docs/examples/consume-task-spec.py
make check (ubuntu-latest)	make check (includes isolated install-to-accept demo)	2026-09-16T02:53:02.7968081Z   ✓ python consumer canonical schemas are packaged under spec/schemas
make check (ubuntu-latest)	make check (includes isolated install-to-accept demo)	2026-09-16T02:53:02.9340024Z   ✓ python consumer parsed golden fixture (exit 0)
make check (ubuntu-latest)	make check (includes isolated install-to-accept demo)	2026-09-16T02:53:02.9340803Z 
make check (ubuntu-latest)	make check (includes isolated install-to-accept demo)	2026-09-16T02:53:02.9341515Z ═══ Step 7: Cross-engine equivalence (Python vs TypeScript) ═══
make check (ubuntu-latest)	make check (includes isolated install-to-accept demo)	2026-09-16T02:53:03.0048823Z   ✓ node present (v22.23.2) — attempting cross-engine proof
make check (ubuntu-latest)	make check (includes isolated install-to-accept demo)	2026-09-16T02:53:03.0051255Z   installing TS consumer deps (npm install, 120s budget)…
make check (ubuntu-latest)	make check (includes isolated install-to-accept demo)	2026-09-16T02:53:09.0187224Z   ✓ typescript consumer parsed golden fixture (exit 0)
make check (ubuntu-latest)	make check (includes isolated install-to-accept demo)	2026-09-16T02:53:09.0710375Z   ✓ cross-engine equivalence: id/status/execution_backend/signed_off + ordered eval_ids + canonicalized validation_card ALL EQUAL
make check (ubuntu-latest)	make check (includes isolated install-to-accept demo)	2026-09-16T02:53:09.0716821Z       both engines: {"eval_ids": ["eval_1"], "execution_backend": "any", "id": "T-20260602-golden", "signed_off": false, "status": "ready", "validation_card": {"agent_contract": {"read": ["intent", "contract", "guardrails", "operations"]}, "retry_policy": {"circuit_breaker_no_progress": 3, "max_iterations": 15, "on_terminal_failure": "park_with_context"}, "success_criteria_keys": [{"check_type": "deterministic", "description": "synthetic", "expected_duration_sec": 1, "id": "eval_1", "runnable": "bash", "terminal": true}]}}
make check (ubuntu-latest)	make check (includes isolated install-to-accept demo)	2026-09-16T02:53:09.0721032Z 
make check (ubuntu-latest)	make check (includes isolated install-to-accept demo)	2026-09-16T02:53:09.0721517Z ========================================
make check (ubuntu-latest)	make check (includes isolated install-to-accept demo)	2026-09-16T02:53:09.0722270Z Results: 26 passed, 0 failed
make check (ubuntu-latest)	make check (includes isolated install-to-accept demo)	2026-09-16T02:53:09.0722972Z ========================================
make check (ubuntu-latest)	make check (includes isolated install-to-accept demo)	2026-09-16T02:53:09.9061422Z OFFICIAL_PROTOCOL_SDK=UNAVAILABLE retained evidence verified
make check (ubuntu-latest)	make check (includes isolated install-to-accept demo)	2026-09-16T02:53:09.9067748Z PROTOCOL_CONFORMANCE=READY
make check (ubuntu-latest)	make check (includes isolated install-to-accept demo)	2026-09-16T02:53:09.9370701Z README_COMMANDS=READY commands=24 images=4 mermaid=2
make check (ubuntu-latest)	make check (includes isolated install-to-accept demo)	2026-09-16T02:53:09.9721575Z RELEASE_STATUS=OK
make check (ubuntu-latest)	make check (includes isolated install-to-accept demo)	2026-09-16T02:53:10.0448396Z CLI_REFERENCE=OK
make check (ubuntu-latest)	make check (includes isolated install-to-accept demo)	2026-09-16T02:53:10.9272039Z RELEASE_AUDIT_TESTS=READY
make check (ubuntu-latest)	make check (includes isolated install-to-accept demo)	2026-09-16T02:53:11.1416310Z RELEASE_EVIDENCE_CONTRACTS=READY
make check (ubuntu-latest)	make check (includes isolated install-to-accept demo)	2026-09-16T02:53:25.9524124Z RELEASE_PACKAGING=READY
make check (ubuntu-latest)	make check (includes isolated install-to-accept demo)	2026-09-16T02:53:26.3344869Z tests/test-release-provenance.sh: line 77: rg: command not found
make check (ubuntu-latest)	make check (includes isolated install-to-accept demo)	2026-09-16T02:53:26.3738054Z PRIVATE_PROVENANCE=READY
make check (ubuntu-latest)	make check (includes isolated install-to-accept demo)	2026-09-16T02:53:26.3788880Z test-repo-layout.sh
make check (ubuntu-latest)	make check (includes isolated install-to-accept demo)	2026-09-16T02:53:26.3820588Z ════════════════════════════════════════
make check (ubuntu-latest)	make check (includes isolated install-to-accept demo)	2026-09-16T02:53:26.3935816Z   ok   top-level directories match the manifest (16 declared)
make check (ubuntu-latest)	make check (includes isolated install-to-accept demo)	2026-09-16T02:53:26.4063213Z   ok   root files match the manifest (16 declared)
make check (ubuntu-latest)	make check (includes isolated install-to-accept demo)	2026-09-16T02:53:26.4333883Z   ok   every top-level directory appears in the AGENTS.md layout table
make check (ubuntu-latest)	make check (includes isolated install-to-accept demo)	2026-09-16T02:53:26.5027451Z   ok   no undeclared single-file top-level directory
make check (ubuntu-latest)	make check (includes isolated install-to-accept demo)	2026-09-16T02:53:26.5028644Z   ok   no retired top-level or nested path reappeared
make check (ubuntu-latest)	make check (includes isolated install-to-accept demo)	2026-09-16T02:53:26.5356399Z   ok   no live file references a pre-consolidation path
make check (ubuntu-latest)	make check (includes isolated install-to-accept demo)	2026-09-16T02:53:26.5821567Z   ok   every byte-for-byte SKILL.md copy matches root SKILL.md
make check (ubuntu-latest)	make check (includes isolated install-to-accept demo)	2026-09-16T02:53:26.5902535Z   ok   fixtures live under exactly one root (tests/fixtures/)
make check (ubuntu-latest)	make check (includes isolated install-to-accept demo)	2026-09-16T02:53:26.6247175Z   ok   every digest-pinned evidence path still resolves
make check (ubuntu-latest)	make check (includes isolated install-to-accept demo)	2026-09-16T02:53:26.6292647Z   ok   docs/runbooks/ stays closed (12 of 12; new how-tos go in docs/guides/)
make check (ubuntu-latest)	make check (includes isolated install-to-accept demo)	2026-09-16T02:53:26.6298125Z   ok   every grouped directory has a README or index
make check (ubuntu-latest)	make check (includes isolated install-to-accept demo)	2026-09-16T02:53:26.6299449Z ════════════════════════════════════════
make check (ubuntu-latest)	make check (includes isolated install-to-accept demo)	2026-09-16T02:53:26.6300264Z REPO_LAYOUT=OK (11 checks)
make check (ubuntu-latest)	make check (includes isolated install-to-accept demo)	2026-09-16T02:53:26.6331535Z test-repo-organization-e2e.sh
make check (ubuntu-latest)	make check (includes isolated install-to-accept demo)	2026-09-16T02:53:26.6332690Z ════════════════════════════════════════
make check (ubuntu-latest)	make check (includes isolated install-to-accept demo)	2026-09-16T02:53:26.6402232Z   ok   live backlog has 2 open T-*.md file(s)
make check (ubuntu-latest)	make check (includes isolated install-to-accept demo)	2026-09-16T02:53:26.6596507Z   ok   every parked spec is a non-executable composition node (2)
make check (ubuntu-latest)	make check (includes isolated install-to-accept demo)	2026-09-16T02:53:26.8559345Z   ok   every accepted done leaf has an AcceptanceRecord (34)
make check (ubuntu-latest)	make check (includes isolated install-to-accept demo)	2026-09-16T02:53:26.8561358Z   ok   tasks/.plans/ still has the 3.8.1 and 3.9.0 TaskPlan manifests
make check (ubuntu-latest)	make check (includes isolated install-to-accept demo)	2026-09-16T02:53:26.8617512Z   ok   spec README, docs/index, and root README agree on orientation
make check (ubuntu-latest)	make check (includes isolated install-to-accept demo)	2026-09-16T02:53:26.8774043Z   ok   taskspec doctor → DOCTOR=READY
make check (ubuntu-latest)	make check (includes isolated install-to-accept demo)	2026-09-16T02:53:30.2093403Z   ok   taskspec demo walks plan → seal → handoff → accept
make check (ubuntu-latest)	make check (includes isolated install-to-accept demo)	2026-09-16T02:53:30.4254872Z   ok   graph --check is clean and ready rows agree with the live backlog
make check (ubuntu-latest)	make check (includes isolated install-to-accept demo)	2026-09-16T02:53:33.3633221Z   ok   every parked composition node still validates
make check (ubuntu-latest)	make check (includes isolated install-to-accept demo)	2026-09-16T02:53:33.3634684Z ════════════════════════════════════════
make check (ubuntu-latest)	make check (includes isolated install-to-accept demo)	2026-09-16T02:53:33.3636769Z REPO_ORGANIZATION=OK (9 checks)
make check (ubuntu-latest)	make check (includes isolated install-to-accept demo)	2026-09-16T02:53:33.5227804Z SCHEMAS=READY count=58 fixtures=18
make check (ubuntu-latest)	make check (includes isolated install-to-accept demo)	2026-09-16T02:53:33.5444041Z === 1. generate-task-spec.sh ===
make check (ubuntu-latest)	make check (includes isolated install-to-accept demo)	2026-09-16T02:53:33.7344911Z   ✓ generator created tasks/T-20260916-test-self-test-suite.md
make check (ubuntu-latest)	make check (includes isolated install-to-accept demo)	2026-09-16T02:53:33.7390285Z   ✓ id in frontmatter matches filename
make check (ubuntu-latest)	make check (includes isolated install-to-accept demo)	2026-09-16T02:53:33.7391421Z === 2. Fill generated file with valid v2 content ===
make check (ubuntu-latest)	make check (includes isolated install-to-accept demo)	2026-09-16T02:53:33.7412435Z   ✓ wrote valid v2 task spec
make check (ubuntu-latest)	make check (includes isolated install-to-accept demo)	2026-09-16T02:53:33.7418615Z === 3. validate-task-spec.sh (expect PASS) ===
make check (ubuntu-latest)	make check (includes isolated install-to-accept demo)	2026-09-16T02:53:34.1938270Z   ✓ validator passes on valid task
make check (ubuntu-latest)	make check (includes isolated install-to-accept demo)	2026-09-16T02:53:34.1940961Z === 4. validate-task-spec.sh with controlled error (expect FAIL) ===
make check (ubuntu-latest)	make check (includes isolated install-to-accept demo)	2026-09-16T02:53:34.5288493Z   ✓ validator catches placeholder regression
make check (ubuntu-latest)	make check (includes isolated install-to-accept demo)	2026-09-16T02:53:35.3098714Z   ✓ pre-gate authorizes the unbuilt task
make check (ubuntu-latest)	make check (includes isolated install-to-accept demo)	2026-09-16T02:53:35.3114784Z === 5. transition-status.sh: ready → in-progress ===
make check (ubuntu-latest)	make check (includes isolated install-to-accept demo)	2026-09-16T02:53:35.5840633Z   ✓ transition to in-progress succeeds
make check (ubuntu-latest)	make check (includes isolated install-to-accept demo)	2026-09-16T02:53:35.5856185Z   ✓ status updated to in-progress
make check (ubuntu-latest)	make check (includes isolated install-to-accept demo)	2026-09-16T02:53:35.5857655Z   ✓ file remains in tasks/ for active status
make check (ubuntu-latest)	make check (includes isolated install-to-accept demo)	2026-09-16T02:53:35.6595374Z   ✓ transition to done is blocked before acceptance
make check (ubuntu-latest)	make check (includes isolated install-to-accept demo)	2026-09-16T02:53:35.9916977Z   ✓ post-gate accepts and stamps the completed task
make check (ubuntu-latest)	make check (includes isolated install-to-accept demo)	2026-09-16T02:53:35.9922705Z === 6. transition-status.sh: in-progress → done ===
make check (ubuntu-latest)	make check (includes isolated install-to-accept demo)	2026-09-16T02:53:36.2859381Z   ✓ transition to done succeeds
make check (ubuntu-latest)	make check (includes isolated install-to-accept demo)	2026-09-16T02:53:36.2860469Z   ✓ file moved to tasks/done/
make check (ubuntu-latest)	make check (includes isolated install-to-accept demo)	2026-09-16T02:53:36.2861276Z   ✓ file no longer in tasks/
make check (ubuntu-latest)	make check (includes isolated install-to-accept demo)	2026-09-16T02:53:36.2861821Z === 7. rebuild-state.sh ===
make check (ubuntu-latest)	make check (includes isolated install-to-accept demo)	2026-09-16T02:53:36.4000319Z   ✓ rebuild-state succeeds
make check (ubuntu-latest)	make check (includes isolated install-to-accept demo)	2026-09-16T02:53:36.4007867Z   ✓ _state.yaml created
make check (ubuntu-latest)	make check (includes isolated install-to-accept demo)	2026-09-16T02:53:36.4013793Z   ✓ _state.yaml contains test task
make check (ubuntu-latest)	make check (includes isolated install-to-accept demo)	2026-09-16T02:53:36.4035032Z   ✓ _state.yaml reflects done status
make check (ubuntu-latest)	make check (includes isolated install-to-accept demo)	2026-09-16T02:53:36.5179435Z   ✓ rebuild-state is byte-deterministic
make check (ubuntu-latest)	make check (includes isolated install-to-accept demo)	2026-09-16T02:53:36.5180329Z === 8. list-ready.sh ===
make check (ubuntu-latest)	make check (includes isolated install-to-accept demo)	2026-09-16T02:53:36.5692070Z   ✓ list-ready excludes done task
make check (ubuntu-latest)	make check (includes isolated install-to-accept demo)	2026-09-16T02:53:36.5692575Z === 9. archive.sh ===
make check (ubuntu-latest)	make check (includes isolated install-to-accept demo)	2026-09-16T02:53:36.6946054Z   ✓ archive is no-op for already-archived task
make check (ubuntu-latest)	make check (includes isolated install-to-accept demo)	2026-09-16T02:53:36.6948255Z === 10. backup-backlog.sh ===
make check (ubuntu-latest)	make check (includes isolated install-to-accept demo)	2026-09-16T02:53:36.7175842Z   ✓ backup-backlog succeeds
make check (ubuntu-latest)	make check (includes isolated install-to-accept demo)	2026-09-16T02:53:36.7199610Z   ✓ backup archive created
make check (ubuntu-latest)	make check (includes isolated install-to-accept demo)	2026-09-16T02:53:36.7200845Z === 11. safe-to-delegate.sh (pre-delegation gate) ===
make check (ubuntu-latest)	make check (includes isolated install-to-accept demo)	2026-09-16T02:53:37.4841721Z   ✓ safe-to-delegate clears a valid spec
make check (ubuntu-latest)	make check (includes isolated install-to-accept demo)	2026-09-16T02:53:38.1714274Z   ✓ safe-to-delegate blocks a broken-eval spec
make check (ubuntu-latest)	make check (includes isolated install-to-accept demo)	2026-09-16T02:53:38.1728166Z 
make check (ubuntu-latest)	make check (includes isolated install-to-accept demo)	2026-09-16T02:53:38.1728598Z ========================================
make check (ubuntu-latest)	make check (includes isolated install-to-accept demo)	2026-09-16T02:53:38.1729855Z Results: 25 passed, 0 failed
make check (ubuntu-latest)	make check (includes isolated install-to-accept demo)	2026-09-16T02:53:38.1730673Z ========================================
make check (ubuntu-latest)	make check (includes isolated install-to-accept demo)	2026-09-16T02:53:56.0338613Z TOOLKIT_ATTESTED=PASS two rounds, distinct revoked credentials, signed evidence, canonical acceptance
make check (ubuntu-latest)	make check (includes isolated install-to-accept demo)	2026-09-16T02:54:04.0169295Z MESH_ISOLATION=READY
make check (ubuntu-latest)	make check (includes isolated install-to-accept demo)	2026-09-16T02:54:04.2975015Z TOOLKIT_AUTHORING=PASS
make check (ubuntu-latest)	make check (includes isolated install-to-accept demo)	2026-09-16T02:54:04.3598283Z TOOLKIT_CONFORMANCE=PASS optional recipe, self-contained schemas, and complete lineage shape
make check (ubuntu-latest)	make check (includes isolated install-to-accept demo)	2026-09-16T02:54:04.3948843Z TOOLKIT_CI=CONFIGURED hosted execution not inferred
make check (ubuntu-latest)	make check (includes isolated install-to-accept demo)	2026-09-16T02:54:11.2659291Z TOOLKIT_CLI=PASS
make check (ubuntu-latest)	make check (includes isolated install-to-accept demo)	2026-09-16T02:54:24.9961211Z TOOLKIT_DECOMPOSE=PASS
make check (ubuntu-latest)	make check (includes isolated install-to-accept demo)	2026-09-16T02:54:25.0675309Z TOOLKIT_EXPERIENCE=PASS static resources and trace-oracle negatives; live chat quality not inferred
make check (ubuntu-latest)	make check (includes isolated install-to-accept demo)	2026-09-16T02:54:25.8667898Z TOOLKIT_GUIDES=PASS
make check (ubuntu-latest)	make check (includes isolated install-to-accept demo)	2026-09-16T02:54:45.2543480Z TOOLKIT_DECOMPOSE=PASS
make check (ubuntu-latest)	make check (includes isolated install-to-accept demo)	2026-09-16T02:54:51.1188330Z TOOLKIT_INSTALL=PASS clean private runtime, path spaces, version identity, and corrupted-resource refusal
make check (ubuntu-latest)	make check (includes isolated install-to-accept demo)	2026-09-16T02:54:52.1314502Z ok  	github.com/luanmorenomaciel/task-spec/mesh/internal/mesh	(cached)
make check (ubuntu-latest)	make check (includes isolated install-to-accept demo)	2026-09-16T02:55:02.5508204Z TOOLKIT_MESH=PASS
make check (ubuntu-latest)	make check (includes isolated install-to-accept demo)	2026-09-16T02:55:02.6829302Z TOOLKIT_PERMISSION_GUARD=PASS recorded denial stops continuation; ordinary eval and validation failures remain distinct
make check (ubuntu-latest)	make check (includes isolated install-to-accept demo)	2026-09-16T02:55:02.8207042Z {"state": "paused", "before_block": 1, "reason": "Review the observed permission denial.", "next": "Inspect retained runs and remove the explicit PAUSE file only when authorized to continue."}
make check (ubuntu-latest)	make check (includes isolated install-to-accept demo)	2026-09-16T02:55:02.8232195Z {"id": "1-claude", "exit_code": 0, "run_id": "denied-cell", "accepted": false, "error": "permission denied", "elapsed_seconds": 1, "cost_usd": 0, "permission_denied": true}
make check (ubuntu-latest)	make check (includes isolated install-to-accept demo)	2026-09-16T02:55:02.8234602Z {"id": "1-codex", "exit_code": 0, "run_id": "denied-cell", "accepted": false, "error": "permission denied", "elapsed_seconds": 1, "cost_usd": 0, "permission_denied": true}
make check (ubuntu-latest)	make check (includes isolated install-to-accept demo)	2026-09-16T02:55:02.8933277Z TOOLKIT_PILOT_RECORDING=PASS prospective intervals, censored failures, retained outputs, tamper detection, cohort pause
make check (ubuntu-latest)	make check (includes isolated install-to-accept demo)	2026-09-16T02:55:04.1178049Z TOOLKIT_PUBLIC_EVALUATOR=PASS exact local resources; script and fixture substitution refused
make check (ubuntu-latest)	make check (includes isolated install-to-accept demo)	2026-09-16T02:55:04.2254727Z TOOLKIT_RUNTIME=PASS
make check (ubuntu-latest)	make check (includes isolated install-to-accept demo)	2026-09-16T02:55:04.7786451Z TOOLKIT_SDLC=PASS
make check (ubuntu-latest)	make check (includes isolated install-to-accept demo)	2026-09-16T02:55:04.8084930Z === Phase 1: AUTHOR a solvable v3 standard spec ===
make check (ubuntu-latest)	make check (includes isolated install-to-accept demo)	2026-09-16T02:55:04.8098724Z   ✓ spec file authored
make check (ubuntu-latest)	make check (includes isolated install-to-accept demo)	2026-09-16T02:55:04.8099612Z === Phase 2: VALIDATE (structural + profile + traceability) ===
make check (ubuntu-latest)	make check (includes isolated install-to-accept demo)	2026-09-16T02:55:05.3239463Z   ✓ validate passes (rc=0)
make check (ubuntu-latest)	make check (includes isolated install-to-accept demo)	2026-09-16T02:55:05.3260000Z   ✓ validate reports v3 + standard profile
make check (ubuntu-latest)	make check (includes isolated install-to-accept demo)	2026-09-16T02:55:05.3285327Z   ✓ validate maps status→A2A submitted
make check (ubuntu-latest)	make check (includes isolated install-to-accept demo)	2026-09-16T02:55:05.3297844Z === Phase 3: PRE-GATE (safe-to-delegate --stamp) ===
make check (ubuntu-latest)	make check (includes isolated install-to-accept demo)	2026-09-16T02:55:06.0955782Z   ✓ pre-gate verdict DELEGATE (rc=0)
make check (ubuntu-latest)	make check (includes isolated install-to-accept demo)	2026-09-16T02:55:06.0971410Z   ✓ pre-gate stamped signed_off: true
make check (ubuntu-latest)	make check (includes isolated install-to-accept demo)	2026-09-16T02:55:06.0988812Z   ✓ pre-gate sealed HMAC (Tier 1)
make check (ubuntu-latest)	make check (includes isolated install-to-accept demo)	2026-09-16T02:55:06.6586335Z === Phase 4: DISPATCH (reference executor drives the work) ===
make check (ubuntu-latest)	make check (includes isolated install-to-accept demo)	2026-09-16T02:55:06.9895290Z   ✓ executor created src/feature.txt == 'done'
make check (ubuntu-latest)	make check (includes isolated install-to-accept demo)	2026-09-16T02:55:06.9910226Z   ✓ executor leaves passing work in-progress pending acceptance
make check (ubuntu-latest)	make check (includes isolated install-to-accept demo)	2026-09-16T02:55:06.9911351Z === Phase 5: ACCEPT (post-execution gate) ===
make check (ubuntu-latest)	make check (includes isolated install-to-accept demo)	2026-09-16T02:55:07.3791086Z     accept-task: /tmp/tmp.ndTLuL30Gm/tasks/T-20260618-e2e-closed-loop.md
make check (ubuntu-latest)	make check (includes isolated install-to-accept demo)	2026-09-16T02:55:07.3792277Z     ────────────────────────────────────────────────────────
make check (ubuntu-latest)	make check (includes isolated install-to-accept demo)	2026-09-16T02:55:07.3796985Z     A. Independent evaluation ...
make check (ubuntu-latest)	make check (includes isolated install-to-accept demo)	2026-09-16T02:55:07.3798340Z        PASS — Exit Check returned 0
make check (ubuntu-latest)	make check (includes isolated install-to-accept demo)	2026-09-16T02:55:07.3799195Z     B. Handoff, graph, base commit, and blast radius ...
make check (ubuntu-latest)	make check (includes isolated install-to-accept demo)	2026-09-16T02:55:07.3800469Z        PASS — revision, closure, Git base, and write scope agree
make check (ubuntu-latest)	make check (includes isolated install-to-accept demo)	2026-09-16T02:55:07.3801333Z     C. Authorization integrity ...
make check (ubuntu-latest)	make check (includes isolated install-to-accept demo)	2026-09-16T02:55:07.3802219Z        PASS — TaskAuthorization/v3 verifies
make check (ubuntu-latest)	make check (includes isolated install-to-accept demo)	2026-09-16T02:55:07.3802942Z     E. Sealed evidence policy ...
make check (ubuntu-latest)	make check (includes isolated install-to-accept demo)	2026-09-16T02:55:07.3803865Z        PASS — required evidence matches this attempt
make check (ubuntu-latest)	make check (includes isolated install-to-accept demo)	2026-09-16T02:55:07.3804915Z     ────────────────────────────────────────────────────────
make check (ubuntu-latest)	make check (includes isolated install-to-accept demo)	2026-09-16T02:55:07.3810375Z        stamped — {"acceptance_record": "/tmp/tmp.ndTLuL30Gm/.taskspec/acceptance/T-20260618-e2e-closed-loop/409df777-e04e-422d-88bc-c1f7f598c7d3.json", "acceptance_record_digest": "sha256:82fcb1dfaaa1c59b3a8aaf3ed03c7081739ef9e3096aa778eb4bd359564d3cf0", "accepted": true, "attempt_id": "409df777-e04e-422d-88bc-c1f7f598c7d3", "contract": "AcceptanceFinalized/v1", "task_id": "T-20260618-e2e-closed-loop", "tier": 1}
make check (ubuntu-latest)	make check (includes isolated install-to-accept demo)	2026-09-16T02:55:07.3813833Z     VERDICT: ACCEPT — Tier 1 evidence is bound to the authorized task attempt
make check (ubuntu-latest)	make check (includes isolated install-to-accept demo)	2026-09-16T02:55:07.3814713Z     ACCEPTED=1
make check (ubuntu-latest)	make check (includes isolated install-to-accept demo)	2026-09-16T02:55:07.3827547Z   ✓ accept verdict ACCEPT (rc=0)
make check (ubuntu-latest)	make check (includes isolated install-to-accept demo)	2026-09-16T02:55:07.3828392Z   ✓ accept stamped accepted: true
make check (ubuntu-latest)	make check (includes isolated install-to-accept demo)	2026-09-16T02:55:07.3834338Z   ✓ accept emitted ACCEPTED=1
make check (ubuntu-latest)	make check (includes isolated install-to-accept demo)	2026-09-16T02:55:07.3852345Z   ✓ accept GATE A (evals pass) reported
make check (ubuntu-latest)	make check (includes isolated install-to-accept demo)	2026-09-16T02:55:07.3853637Z === Phase 6: NEGATIVE — blast-radius breach is REJECTED ===
make check (ubuntu-latest)	make check (includes isolated install-to-accept demo)	2026-09-16T02:55:07.7440742Z   ✓ breach REJECTED (rc=1)
make check (ubuntu-latest)	make check (includes isolated install-to-accept demo)	2026-09-16T02:55:07.7463046Z   ✓ breach names the out-of-scope file
make check (ubuntu-latest)	make check (includes isolated install-to-accept demo)	2026-09-16T02:55:08.0945677Z   ✓ accepted work transitions status → done
make check (ubuntu-latest)	make check (includes isolated install-to-accept demo)	2026-09-16T02:55:08.0947307Z === Phase 7: LOOP CLOSED — final spec validates with full envelope ===
make check (ubuntu-latest)	make check (includes isolated install-to-accept demo)	2026-09-16T02:55:08.7192914Z   ✓ final validate passes
make check (ubuntu-latest)	make check (includes isolated install-to-accept demo)	2026-09-16T02:55:08.7210277Z   ✓ final validate confirms Tier-1 HMAC
make check (ubuntu-latest)	make check (includes isolated install-to-accept demo)	2026-09-16T02:55:08.7211051Z 
make check (ubuntu-latest)	make check (includes isolated install-to-accept demo)	2026-09-16T02:55:08.7211640Z ========================================
make check (ubuntu-latest)	make check (includes isolated install-to-accept demo)	2026-09-16T02:55:08.7212730Z Results: 18 passed, 0 failed
make check (ubuntu-latest)	make check (includes isolated install-to-accept demo)	2026-09-16T02:55:08.7213457Z ========================================
make check (ubuntu-latest)	make check (includes isolated install-to-accept demo)	2026-09-16T02:55:08.7313246Z == install ==
make check (ubuntu-latest)	make check (includes isolated install-to-accept demo)	2026-09-16T02:55:09.0608104Z   ✓ copy install
make check (ubuntu-latest)	make check (includes isolated install-to-accept demo)	2026-09-16T02:55:09.4531859Z   ✓ idempotent install
make check (ubuntu-latest)	make check (includes isolated install-to-accept demo)	2026-09-16T02:55:09.5736176Z   ✓ equivalent harness skills
make check (ubuntu-latest)	make check (includes isolated install-to-accept demo)	2026-09-16T02:55:09.9155963Z   ✓ global user install
make check (ubuntu-latest)	make check (includes isolated install-to-accept demo)	2026-09-16T02:55:10.0980383Z   ✓ checkout symlink install
make check (ubuntu-latest)	make check (includes isolated install-to-accept demo)	2026-09-16T02:55:10.4091537Z   ✓ skills-only install
make check (ubuntu-latest)	make check (includes isolated install-to-accept demo)	2026-09-16T02:55:10.5246191Z   ✓ unmanaged destination is preserved
make check (ubuntu-latest)	make check (includes isolated install-to-accept demo)	2026-09-16T02:55:10.8534170Z   ✓ forced replacement leaves a backup
make check (ubuntu-latest)	make check (includes isolated install-to-accept demo)	2026-09-16T02:55:11.2608530Z   ✓ managed launcher upgrades safely
make check (ubuntu-latest)	make check (includes isolated install-to-accept demo)	2026-09-16T02:55:11.2702181Z   ✓ installed version
make check (ubuntu-latest)	make check (includes isolated install-to-accept demo)	2026-09-16T02:55:14.4157387Z   ✓ installed isolated demo
make check (ubuntu-latest)	make check (includes isolated install-to-accept demo)	2026-09-16T02:55:14.4718049Z   ✓ agent context JSON
make check (ubuntu-latest)	make check (includes isolated install-to-accept demo)	2026-09-16T02:55:14.5212319Z   ✓ agent context covers the complete public command and schema surfaces
make check (ubuntu-latest)	make check (includes isolated install-to-accept demo)	2026-09-16T02:55:14.5312285Z   ✓ agent guidance surfaces share the 3.9 lifecycle
make check (ubuntu-latest)	make check (includes isolated install-to-accept demo)	2026-09-16T02:55:14.6183383Z   ✓ global JSON envelope
make check (ubuntu-latest)	make check (includes isolated install-to-accept demo)	2026-09-16T02:55:14.6542088Z   ✓ per-command help init
make check (ubuntu-latest)	make check (includes isolated install-to-accept demo)	2026-09-16T02:55:14.6907253Z   ✓ per-command help setup
make check (ubuntu-latest)	make check (includes isolated install-to-accept demo)	2026-09-16T02:55:14.7274216Z   ✓ per-command help demo
make check (ubuntu-latest)	make check (includes isolated install-to-accept demo)	2026-09-16T02:55:14.7634915Z   ✓ per-command help new
make check (ubuntu-latest)	make check (includes isolated install-to-accept demo)	2026-09-16T02:55:14.8000893Z   ✓ per-command help plan
make check (ubuntu-latest)	make check (includes isolated install-to-accept demo)	2026-09-16T02:55:14.8369360Z   ✓ per-command help batch
make check (ubuntu-latest)	make check (includes isolated install-to-accept demo)	2026-09-16T02:55:14.8735261Z   ✓ per-command help migrate
make check (ubuntu-latest)	make check (includes isolated install-to-accept demo)	2026-09-16T02:55:14.9102072Z   ✓ per-command help validate
make check (ubuntu-latest)	make check (includes isolated install-to-accept demo)	2026-09-16T02:55:14.9473399Z   ✓ per-command help dod
make check (ubuntu-latest)	make check (includes isolated install-to-accept demo)	2026-09-16T02:55:14.9839982Z   ✓ per-command help gate
make check (ubuntu-latest)	make check (includes isolated install-to-accept demo)	2026-09-16T02:55:15.0202962Z   ✓ per-command help handoff
make check (ubuntu-latest)	make check (includes isolated install-to-accept demo)	2026-09-16T02:55:15.0567491Z   ✓ per-command help run
make check (ubuntu-latest)	make check (includes isolated install-to-accept demo)	2026-09-16T02:55:15.0939722Z   ✓ per-command help accept
make check (ubuntu-latest)	make check (includes isolated install-to-accept demo)	2026-09-16T02:55:15.1305985Z   ✓ per-command help author-doctor
make check (ubuntu-latest)	make check (includes isolated install-to-accept demo)	2026-09-16T02:55:15.1672753Z   ✓ per-command help holdout
make check (ubuntu-latest)	make check (includes isolated install-to-accept demo)	2026-09-16T02:55:15.2034721Z   ✓ per-command help receipt
make check (ubuntu-latest)	make check (includes isolated install-to-accept demo)	2026-09-16T02:55:15.2398833Z   ✓ per-command help dsse
make check (ubuntu-latest)	make check (includes isolated install-to-accept demo)	2026-09-16T02:55:15.2762210Z   ✓ per-command help eval-audit
make check (ubuntu-latest)	make check (includes isolated install-to-accept demo)	2026-09-16T02:55:15.3127484Z   ✓ per-command help identity
make check (ubuntu-latest)	make check (includes isolated install-to-accept demo)	2026-09-16T02:55:15.3489959Z   ✓ per-command help evidence
make check (ubuntu-latest)	make check (includes isolated install-to-accept demo)	2026-09-16T02:55:15.3847655Z   ✓ per-command help bridge
make check (ubuntu-latest)	make check (includes isolated install-to-accept demo)	2026-09-16T02:55:15.4213264Z   ✓ per-command help mcp
make check (ubuntu-latest)	make check (includes isolated install-to-accept demo)	2026-09-16T02:55:15.4576038Z   ✓ per-command help mesh
make check (ubuntu-latest)	make check (includes isolated install-to-accept demo)	2026-09-16T02:55:15.4942589Z   ✓ per-command help ready
make check (ubuntu-latest)	make check (includes isolated install-to-accept demo)	2026-09-16T02:55:15.5308798Z   ✓ per-command help graph
make check (ubuntu-latest)	make check (includes isolated install-to-accept demo)	2026-09-16T02:55:15.5684076Z   ✓ per-command help status
make check (ubuntu-latest)	make check (includes isolated install-to-accept demo)	2026-09-16T02:55:15.6056202Z   ✓ per-command help lint
make check (ubuntu-latest)	make check (includes isolated install-to-accept demo)	2026-09-16T02:55:15.6433316Z   ✓ per-command help transition
make check (ubuntu-latest)	make check (includes isolated install-to-accept demo)	2026-09-16T02:55:15.6807769Z   ✓ per-command help rebuild-state
make check (ubuntu-latest)	make check (includes isolated install-to-accept demo)	2026-09-16T02:55:15.7179743Z   ✓ per-command help archive
make check (ubuntu-latest)	make check (includes isolated install-to-accept demo)	2026-09-16T02:55:15.7551634Z   ✓ per-command help backup
make check (ubuntu-latest)	make check (includes isolated install-to-accept demo)	2026-09-16T02:55:15.7921896Z   ✓ per-command help metrics
make check (ubuntu-latest)	make check (includes isolated install-to-accept demo)	2026-09-16T02:55:15.8289931Z   ✓ per-command help conformance
make check (ubuntu-latest)	make check (includes isolated install-to-accept demo)	2026-09-16T02:55:15.8652335Z   ✓ per-command help executor
make check (ubuntu-latest)	make check (includes isolated install-to-accept demo)	2026-09-16T02:55:15.9017109Z   ✓ per-command help agent-context
make check (ubuntu-latest)	make check (includes isolated install-to-accept demo)	2026-09-16T02:55:15.9388539Z   ✓ per-command help completion
make check (ubuntu-latest)	make check (includes isolated install-to-accept demo)	2026-09-16T02:55:15.9749511Z   ✓ per-command help doctor
make check (ubuntu-latest)	make check (includes isolated install-to-accept demo)	2026-09-16T02:55:16.0116741Z   ✓ per-command help version
make check (ubuntu-latest)	make check (includes isolated install-to-accept demo)	2026-09-16T02:55:16.0480188Z   ✓ per-command help help
make check (ubuntu-latest)	make check (includes isolated install-to-accept demo)	2026-09-16T02:55:16.1094084Z   ✓ usage exit 2: status
make check (ubuntu-latest)	make check (includes isolated install-to-accept demo)	2026-09-16T02:55:16.1249064Z   ✓ usage exit 2: transition
make check (ubuntu-latest)	make check (includes isolated install-to-accept demo)	2026-09-16T02:55:16.1405758Z   ✓ usage exit 2: migrate
make check (ubuntu-latest)	make check (includes isolated install-to-accept demo)	2026-09-16T02:55:16.1554557Z   ✓ usage exit 2: executor
make check (ubuntu-latest)	make check (includes isolated install-to-accept demo)	2026-09-16T02:55:16.1711942Z   ✓ usage exit 2: run
make check (ubuntu-latest)	make check (includes isolated install-to-accept demo)	2026-09-16T02:55:16.2113905Z   ✓ completion bash
make check (ubuntu-latest)	make check (includes isolated install-to-accept demo)	2026-09-16T02:55:16.2508283Z   ✓ completion zsh
make check (ubuntu-latest)	make check (includes isolated install-to-accept demo)	2026-09-16T02:55:16.2921722Z   ✓ completion fish
make check (ubuntu-latest)	make check (includes isolated install-to-accept demo)	2026-09-16T02:55:16.2927204Z == clean-room journey ==
make check (ubuntu-latest)	make check (includes isolated install-to-accept demo)	2026-09-16T02:55:21.6549194Z   ✓ install-to-accept clean room with structured materialization receipt
make check (ubuntu-latest)	make check (includes isolated install-to-accept demo)	2026-09-16T02:55:22.0752455Z   ✓ README v3 and opt-in v4 scaffold commands
make check (ubuntu-latest)	make check (includes isolated install-to-accept demo)	2026-09-16T02:55:22.1432687Z   ✓ malformed and dangling TaskPlan fails closed
make check (ubuntu-latest)	make check (includes isolated install-to-accept demo)	2026-09-16T02:55:22.1433923Z == dry-run and color ==
make check (ubuntu-latest)	make check (includes isolated install-to-accept demo)	2026-09-16T02:55:22.1598889Z   ✓ dry-run prevents init
make check (ubuntu-latest)	make check (includes isolated install-to-accept demo)	2026-09-16T02:55:22.1968736Z   ✓ NO_COLOR precedence
make check (ubuntu-latest)	make check (includes isolated install-to-accept demo)	2026-09-16T02:55:22.1972123Z == research evidence ==
make check (ubuntu-latest)	make check (includes isolated install-to-accept demo)	2026-09-16T02:55:22.2711544Z   ✓ firecrawl evidence
make check (ubuntu-latest)	make check (includes isolated install-to-accept demo)	2026-09-16T02:55:22.3612477Z   ✓ tavily evidence
make check (ubuntu-latest)	make check (includes isolated install-to-accept demo)	2026-09-16T02:55:22.4308909Z   ✓ exa evidence
make check (ubuntu-latest)	make check (includes isolated install-to-accept demo)	2026-09-16T02:55:22.4983046Z   ✓ named provider failure
make check (ubuntu-latest)	make check (includes isolated install-to-accept demo)	2026-09-16T02:55:22.5515711Z   ✓ evidence rejects credential-bearing keys
make check (ubuntu-latest)	make check (includes isolated install-to-accept demo)	2026-09-16T02:55:22.6154532Z   ✓ composition example preview
make check (ubuntu-latest)	make check (includes isolated install-to-accept demo)	2026-09-16T02:55:22.6455651Z   ✓ checked-in evidence example
make check (ubuntu-latest)	make check (includes isolated install-to-accept demo)	2026-09-16T02:55:22.6809639Z   ✓ checked-in handoff example
make check (ubuntu-latest)	make check (includes isolated install-to-accept demo)	2026-09-16T02:55:22.7173352Z   ✓ README release status is generated from evidence
make check (ubuntu-latest)	make check (includes isolated install-to-accept demo)	2026-09-16T02:55:22.7175045Z == checksum-backed release archive ==
make check (ubuntu-latest)	make check (includes isolated install-to-accept demo)	2026-09-16T02:55:23.9765219Z   ✓ checksum-backed remote install
make check (ubuntu-latest)	make check (includes isolated install-to-accept demo)	2026-09-16T02:55:24.0438153Z   ✓ tampered release archive fails closed
make check (ubuntu-latest)	make check (includes isolated install-to-accept demo)	2026-09-16T02:55:24.0460810Z == package ==
make check (ubuntu-latest)	make check (includes isolated install-to-accept demo)	2026-09-16T02:55:25.1461426Z   ✓ npm pack dry run
make check (ubuntu-latest)	make check (includes isolated install-to-accept demo)	2026-09-16T02:55:25.7888139Z   ✓ local npm package install
make check (ubuntu-latest)	make check (includes isolated install-to-accept demo)	2026-09-16T02:55:25.7888859Z 
make check (ubuntu-latest)	make check (includes isolated install-to-accept demo)	2026-09-16T02:55:25.7889302Z Results: 80 passed, 0 failed
make check (ubuntu-latest)	make check (includes isolated install-to-accept demo)	2026-09-16T02:55:25.7889991Z INSTALL=OK
make check (ubuntu-latest)	make check (includes isolated install-to-accept demo)	2026-09-16T02:55:25.9966168Z ok 1 - v4 authoring is explicit and non-default
make check (ubuntu-latest)	make check (includes isolated install-to-accept demo)	2026-09-16T02:55:26.5929307Z ok 2 - v3 compatibility fixture remains valid
make check (ubuntu-latest)	make check (includes isolated install-to-accept demo)	2026-09-16T02:55:27.0188302Z ok 3 - v4 policy validates
make check (ubuntu-latest)	make check (includes isolated install-to-accept demo)	2026-09-16T02:55:27.4521525Z ok 4 - sealed authoring evidence digest rejects artifact drift
make check (ubuntu-latest)	make check (includes isolated install-to-accept demo)	2026-09-16T02:55:27.5022807Z ok 5 - author doctor finds no blockers
make check (ubuntu-latest)	make check (includes isolated install-to-accept demo)	2026-09-16T02:55:28.4631223Z ok 6 - status reports authoring-evidence freshness without making age an acceptance gate
make check (ubuntu-latest)	make check (includes isolated install-to-accept demo)	2026-09-16T02:55:29.0658936Z ok 7 - v4 handoff emitted
make check (ubuntu-latest)	make check (includes isolated install-to-accept demo)	2026-09-16T02:55:29.2345145Z ok 8 - baseline discrimination audit
make check (ubuntu-latest)	make check (includes isolated install-to-accept demo)	2026-09-16T02:55:29.5391487Z ok 9 - repeated evaluation reports stable discrimination
make check (ubuntu-latest)	make check (includes isolated install-to-accept demo)	2026-09-16T02:55:29.5961974Z ok 10 - holdout descriptor sealed
make check (ubuntu-latest)	make check (includes isolated install-to-accept demo)	2026-09-16T02:55:29.7347699Z ok 11 - holdout rotation metadata is retained
make check (ubuntu-latest)	make check (includes isolated install-to-accept demo)	2026-09-16T02:55:29.8490403Z ok 12 - expired holdout requires rotation and reauthorization
make check (ubuntu-latest)	make check (includes isolated install-to-accept demo)	2026-09-16T02:55:29.9074457Z ok 13 - tampered holdout bundle is rejected
make check (ubuntu-latest)	make check (includes isolated install-to-accept demo)	2026-09-16T02:55:30.0994334Z ok 14 - holdout executed independently
make check (ubuntu-latest)	make check (includes isolated install-to-accept demo)	2026-09-16T02:55:30.1586390Z ok 15 - environment receipt created
make check (ubuntu-latest)	make check (includes isolated install-to-accept demo)	2026-09-16T02:55:30.2184966Z ok 16 - graded receipt created
make check (ubuntu-latest)	make check (includes isolated install-to-accept demo)	2026-09-16T02:55:30.2767841Z ok 17 - human receipt created
make check (ubuntu-latest)	make check (includes isolated install-to-accept demo)	2026-09-16T02:55:30.3538542Z ok 18 - identity receipt signed
make check (ubuntu-latest)	make check (includes isolated install-to-accept demo)	2026-09-16T02:55:30.4180524Z ok 19 - identity receipt verified
make check (ubuntu-latest)	make check (includes isolated install-to-accept demo)	2026-09-16T02:55:30.4885338Z ok 20 - signed holdout receipt
make check (ubuntu-latest)	make check (includes isolated install-to-accept demo)	2026-09-16T02:55:30.5568183Z ok 21 - signed environment receipt
make check (ubuntu-latest)	make check (includes isolated install-to-accept demo)	2026-09-16T02:55:30.6247215Z ok 22 - signed graded receipt
make check (ubuntu-latest)	make check (includes isolated install-to-accept demo)	2026-09-16T02:55:30.6932707Z ok 23 - signed human receipt
make check (ubuntu-latest)	make check (includes isolated install-to-accept demo)	2026-09-16T02:55:30.8030805Z ok 24 - wrong evaluator signer fails closed
make check (ubuntu-latest)	make check (includes isolated install-to-accept demo)	2026-09-16T02:55:30.8630320Z ok 25 - all typed receipts validate
make check (ubuntu-latest)	make check (includes isolated install-to-accept demo)	2026-09-16T02:55:30.9689746Z ok 26 - portable signed evidence satisfies Tier 1 policy
make check (ubuntu-latest)	make check (includes isolated install-to-accept demo)	2026-09-16T02:55:31.0917837Z ok 27 - DSSE receipt export verifies independently
make check (ubuntu-latest)	make check (includes isolated install-to-accept demo)	2026-09-16T02:55:31.1537811Z ok 28 - credential-bearing receipt is rejected
make check (ubuntu-latest)	make check (includes isolated install-to-accept demo)	2026-09-16T02:55:31.3829388Z ok 29 - enabled engine runs in a detached worktree
make check (ubuntu-latest)	make check (includes isolated install-to-accept demo)	2026-09-16T02:55:31.4075146Z ok 30 - isolated engine receipt records a real attempt
make check (ubuntu-latest)	make check (includes isolated install-to-accept demo)	2026-09-16T02:55:31.4134655Z ok 31 - isolated engine change is captured outside the source workspace
make check (ubuntu-latest)	make check (includes isolated install-to-accept demo)	2026-09-16T02:55:31.7770282Z ok 32 - acceptance blocks when evidence is omitted
make check (ubuntu-latest)	make check (includes isolated install-to-accept demo)	2026-09-16T02:55:32.2002274Z ok 33 - acceptance passes with matching supervised evidence
make check (ubuntu-latest)	make check (includes isolated install-to-accept demo)	2026-09-16T02:55:32.3257915Z ok 34 - revoked identity no longer verifies
make check (ubuntu-latest)	make check (includes isolated install-to-accept demo)	2026-09-16T02:55:32.4307528Z ok 35 - A2A v1.0 bridge round trip
make check (ubuntu-latest)	make check (includes isolated install-to-accept demo)	2026-09-16T02:55:32.5325970Z ok 36 - MCP bridge round trip
make check (ubuntu-latest)	make check (includes isolated install-to-accept demo)	2026-09-16T02:55:32.6091782Z ok 37 - A2A bridge detects embedded handoff tampering
make check (ubuntu-latest)	make check (includes isolated install-to-accept demo)	2026-09-16T02:55:32.6870864Z ok 38 - MCP bridge detects embedded handoff tampering
make check (ubuntu-latest)	make check (includes isolated install-to-accept demo)	2026-09-16T02:55:32.7339882Z ok 39 - MCP server lists read-only tools
make check (ubuntu-latest)	make check (includes isolated install-to-accept demo)	2026-09-16T02:55:32.7959382Z ok 40 - nine-family engine matrix validates
make check (ubuntu-latest)	make check (includes isolated install-to-accept demo)	2026-09-16T02:55:32.8653682Z ok 41 - disabled engine matrix records unavailable, not fabricated passes
make check (ubuntu-latest)	make check (includes isolated install-to-accept demo)	2026-09-16T02:55:32.9261928Z ok 42 - engine matrix emits typed run receipts
make check (ubuntu-latest)	make check (includes isolated install-to-accept demo)	2026-09-16T02:55:32.9263210Z PASS: Task-Spec 3.7 evidence integrity (42 checks)
make check (ubuntu-latest)	make check (includes isolated install-to-accept demo)	2026-09-16T02:55:34.2254749Z ok 1 - post-seal v4 to v3 downgrade fails closed
make check (ubuntu-latest)	make check (includes isolated install-to-accept demo)	2026-09-16T02:55:34.7417211Z ok 2 - sealed proof policy deletion fails closed
make check (ubuntu-latest)	make check (includes isolated install-to-accept demo)	2026-09-16T02:55:35.2566043Z ok 3 - sealed environment policy deletion fails closed
make check (ubuntu-latest)	make check (includes isolated install-to-accept demo)	2026-09-16T02:55:35.8098255Z ok 4 - parent-child authority mutation fails closed
make check (ubuntu-latest)	make check (includes isolated install-to-accept demo)	2026-09-16T02:55:36.3475986Z ok 5 - unknown future authority is sealed by default
make check (ubuntu-latest)	make check (includes isolated install-to-accept demo)	2026-09-16T02:55:36.8828261Z ok 6 - lifecycle and tracker projection remain mutable
make check (ubuntu-latest)	make check (includes isolated install-to-accept demo)	2026-09-16T02:55:36.9567680Z ok 7 - duplicate YAML keys are rejected
make check (ubuntu-latest)	make check (includes isolated install-to-accept demo)	2026-09-16T02:55:37.0289181Z ok 8 - ambiguous JSON numeric constants are rejected
make check (ubuntu-latest)	make check (includes isolated install-to-accept demo)	2026-09-16T02:55:37.1459226Z ok 9 - authority mapping key order is canonical
make check (ubuntu-latest)	make check (includes isolated install-to-accept demo)	2026-09-16T02:55:37.6064452Z ok 10 - textual authoring-evidence acceptance use produces a lint warning
make check (ubuntu-latest)	make check (includes isolated install-to-accept demo)	2026-09-16T02:55:39.2203087Z ok 11 - explicit workspace supports a nested custom backlog
make check (ubuntu-latest)	make check (includes isolated install-to-accept demo)	2026-09-16T02:55:41.7254514Z ok 12 - receipt replay across attempts fails
make check (ubuntu-latest)	make check (includes isolated install-to-accept demo)	2026-09-16T02:55:42.1717223Z ok 13 - global JSON returns typed receipt replay failure
make check (ubuntu-latest)	make check (includes isolated install-to-accept demo)	2026-09-16T02:55:42.5775056Z ok 14 - pre-authorization receipt timestamp fails
make check (ubuntu-latest)	make check (includes isolated install-to-accept demo)	2026-09-16T02:55:42.9939785Z ok 15 - receipt wrong task_id fails
make check (ubuntu-latest)	make check (includes isolated install-to-accept demo)	2026-09-16T02:55:43.4051369Z ok 16 - receipt wrong task_revision_digest fails
make check (ubuntu-latest)	make check (includes isolated install-to-accept demo)	2026-09-16T02:55:43.8095942Z ok 17 - receipt wrong base_commit fails
make check (ubuntu-latest)	make check (includes isolated install-to-accept demo)	2026-09-16T02:55:44.1446335Z ok 18 - legacy structural receipt cannot silently produce Tier 1
make check (ubuntu-latest)	make check (includes isolated install-to-accept demo)	2026-09-16T02:55:44.5232593Z ok 19 - required receipt rejects structural authorization fallback
make check (ubuntu-latest)	make check (includes isolated install-to-accept demo)	2026-09-16T02:55:44.9000702Z ok 20 - matching v2 receipt accepts Tier 1
make check (ubuntu-latest)	make check (includes isolated install-to-accept demo)	2026-09-16T02:55:46.5207262Z ok 21 - committed out-of-scope change is rejected
make check (ubuntu-latest)	make check (includes isolated install-to-accept demo)	2026-09-16T02:55:48.1987680Z ok 22 - symlink-escaped creation scope is rejected
make check (ubuntu-latest)	make check (includes isolated install-to-accept demo)	2026-09-16T02:55:49.8459109Z ok 23 - absolute handoff scope fails closed
make check (ubuntu-latest)	make check (includes isolated install-to-accept demo)	2026-09-16T02:55:50.2233437Z ok 24 - traversal handoff scope fails closed
make check (ubuntu-latest)	make check (includes isolated install-to-accept demo)	2026-09-16T02:55:50.5967999Z ok 25 - handoff budget expansion fails closed
make check (ubuntu-latest)	make check (includes isolated install-to-accept demo)	2026-09-16T02:55:50.9768375Z ok 26 - non-UUID attempt cannot escape acceptance storage
make check (ubuntu-latest)	make check (includes isolated install-to-accept demo)	2026-09-16T02:55:52.3240030Z ok 27 - handoff rejects conflict with an in-progress task
make check (ubuntu-latest)	make check (includes isolated install-to-accept demo)	2026-09-16T02:55:53.2683921Z ok 28 - acceptance rechecks active write conflicts
make check (ubuntu-latest)	make check (includes isolated install-to-accept demo)	2026-09-16T02:55:53.4478066Z ok 29 - interrupted status mutation leaves the old complete frontmatter
make check (ubuntu-latest)	make check (includes isolated install-to-accept demo)	2026-09-16T02:55:53.4530878Z ok 30 - interrupted status mutation leaves no partial state or temporary
make check (ubuntu-latest)	make check (includes isolated install-to-accept demo)	2026-09-16T02:55:55.0657867Z ok 31 - base commit divergence requires a new handoff
make check (ubuntu-latest)	make check (includes isolated install-to-accept demo)	2026-09-16T02:55:56.7904569Z ok 32 - dependency-closure drift fails closed
make check (ubuntu-latest)	make check (includes isolated install-to-accept demo)	2026-09-16T02:55:58.4795376Z ok 33 - injected finalize crash leaves old complete task state
make check (ubuntu-latest)	make check (includes isolated install-to-accept demo)	2026-09-16T02:55:58.4842166Z ok 34 - crash did not partially stamp accepted state
make check (ubuntu-latest)	make check (includes isolated install-to-accept demo)	2026-09-16T02:55:58.5457433Z ok 35 - doctor reports the orphan record left by interrupted acceptance
make check (ubuntu-latest)	make check (includes isolated install-to-accept demo)	2026-09-16T02:55:58.9230257Z ok 36 - same attempt recovers despite metrics projection failure
make check (ubuntu-latest)	make check (includes isolated install-to-accept demo)	2026-09-16T02:55:58.9875651Z ok 37 - doctor reports the missing accepted metrics projection
make check (ubuntu-latest)	make check (includes isolated install-to-accept demo)	2026-09-16T02:55:59.3637443Z ok 38 - same attempt cannot change its acceptor
make check (ubuntu-latest)	make check (includes isolated install-to-accept demo)	2026-09-16T02:55:59.4159376Z ok 39 - conflicting retry leaves record and task envelope consistent
make check (ubuntu-latest)	make check (includes isolated install-to-accept demo)	2026-09-16T02:55:59.7920245Z ok 40 - same accepted attempt can be retried without duplicate metrics
make check (ubuntu-latest)	make check (includes isolated install-to-accept demo)	2026-09-16T02:55:59.9062498Z ok 41 - TaskStatus names rebuild-state as the one safe projection recovery
make check (ubuntu-latest)	make check (includes isolated install-to-accept demo)	2026-09-16T02:56:00.1407974Z ok 42 - rebuilding projection advances the one safe next command
make check (ubuntu-latest)	make check (includes isolated install-to-accept demo)	2026-09-16T02:56:00.2666175Z ok 43 - global JSON preserves the same typed TaskStatus
make check (ubuntu-latest)	make check (includes isolated install-to-accept demo)	2026-09-16T02:56:00.4487802Z ok 44 - transition to done verifies the record subject and envelope
make check (ubuntu-latest)	make check (includes isolated install-to-accept demo)	2026-09-16T02:56:00.5683085Z ok 45 - status exposes semantic acceptance-record mismatch
make check (ubuntu-latest)	make check (includes isolated install-to-accept demo)	2026-09-16T02:56:00.6310561Z ok 46 - backlog doctor fails on semantic acceptance-record mismatch
make check (ubuntu-latest)	make check (includes isolated install-to-accept demo)	2026-09-16T02:56:00.6312020Z PASS: Task-Spec hardening adversarial suite (46 checks)
make check (ubuntu-latest)	make check (includes isolated install-to-accept demo)	2026-09-16T02:56:01.7755881Z CLI_REFERENCE=OK
make check (ubuntu-latest)	make check (includes isolated install-to-accept demo)	2026-09-16T02:56:01.8253696Z QUALITY_SCORE=97 SCORECARD=VALID
make check (ubuntu-latest)	make check (includes isolated install-to-accept demo)	2026-09-16T02:56:01.8641919Z RELEASE_STATUS=OK
make check (ubuntu-latest)	make check (includes isolated install-to-accept demo)	2026-09-16T02:56:01.9595087Z V381_EXPERIENCE=READY
make check (ubuntu-latest)	make check (includes isolated install-to-accept demo)	2026-09-16T02:56:03.3305629Z ok 1 - nested handoff binds the Git workspace
make check (ubuntu-latest)	make check (includes isolated install-to-accept demo)	2026-09-16T02:56:03.7381909Z ok 2 - nested acceptance uses the configured contained store
make check (ubuntu-latest)	make check (includes isolated install-to-accept demo)	2026-09-16T02:56:03.7404380Z ok 3 - nested acceptance record is separate from Converge receipts
make check (ubuntu-latest)	make check (includes isolated install-to-accept demo)	2026-09-16T02:56:05.0382360Z ok 4 - nested backlog infers repository root
make check (ubuntu-latest)	make check (includes isolated install-to-accept demo)	2026-09-16T02:56:05.1683281Z ok 5 - conflicting explicit workspace is rejected
make check (ubuntu-latest)	make check (includes isolated install-to-accept demo)	2026-09-16T02:56:06.8464419Z ok 6 - acceptance traversal is rejected
make check (ubuntu-latest)	make check (includes isolated install-to-accept demo)	2026-09-16T02:56:07.7530085Z ok 7 - acceptance symlink escape is rejected
make check (ubuntu-latest)	make check (includes isolated install-to-accept demo)	2026-09-16T02:56:08.1516307Z ok 8 - CLI acceptance directory overrides an unsafe environment value
make check (ubuntu-latest)	make check (includes isolated install-to-accept demo)	2026-09-16T02:56:08.1551701Z ok 9 - unsafe environment store was never written
make check (ubuntu-latest)	make check (includes isolated install-to-accept demo)	2026-09-16T02:56:08.9770722Z ok 10 - worktree gate resolves the common-directory key
make check (ubuntu-latest)	make check (includes isolated install-to-accept demo)	2026-09-16T02:56:08.9772436Z PASS: Task-Spec 3.8.1 nested workspace suite (10 checks)
make check (ubuntu-latest)	make check (includes isolated install-to-accept demo)	2026-09-16T02:56:08.9851863Z bash spec/conformance/run_conformance.sh
make check (ubuntu-latest)	make check (includes isolated install-to-accept demo)	2026-09-16T02:56:08.9920326Z == self-test floor: validating 8 conformance fixtures ==
make check (ubuntu-latest)	make check (includes isolated install-to-accept demo)	2026-09-16T02:56:14.1597484Z    self-test floor: all 8 fixtures valid
make check (ubuntu-latest)	make check (includes isolated install-to-accept demo)	2026-09-16T02:56:14.1598306Z 
make check (ubuntu-latest)	make check (includes isolated install-to-accept demo)	2026-09-16T02:56:14.1599175Z == running conformance (adapter: /home/runner/work/task-spec/task-spec/spec/conformance/adapters/self.sh) ==
make check (ubuntu-latest)	make check (includes isolated install-to-accept demo)	2026-09-16T02:56:14.1941036Z PASS   C1        T-conformance-001-status-lock
make check (ubuntu-latest)	make check (includes isolated install-to-accept demo)	2026-09-16T02:56:14.2465254Z PASS   C12       T-conformance-002-emit-enum
make check (ubuntu-latest)	make check (includes isolated install-to-accept demo)	2026-09-16T02:56:14.3085091Z PASS   C6        T-conformance-003-no-signed-off-mod
make check (ubuntu-latest)	make check (includes isolated install-to-accept demo)	2026-09-16T02:56:14.3517792Z PASS   C8        T-conformance-004-execution-backend
make check (ubuntu-latest)	make check (includes isolated install-to-accept demo)	2026-09-16T02:56:14.3913888Z PASS   C13,C16   T-conformance-005-budget-stop
make check (ubuntu-latest)	make check (includes isolated install-to-accept demo)	2026-09-16T02:56:14.4258883Z PASS   C5        T-conformance-006-do-not-touch
make check (ubuntu-latest)	make check (includes isolated install-to-accept demo)	2026-09-16T02:56:14.4548255Z PASS   C17       T-conformance-007-node-refusal
make check (ubuntu-latest)	make check (includes isolated install-to-accept demo)	2026-09-16T02:56:14.4829018Z PASS   C18       T-conformance-008-v4-policy
make check (ubuntu-latest)	make check (includes isolated install-to-accept demo)	2026-09-16T02:56:14.4889367Z 
make check (ubuntu-latest)	make check (includes isolated install-to-accept demo)	2026-09-16T02:56:14.4890434Z == results written to /home/runner/work/task-spec/task-spec/spec/conformance/results.json ==
make check (ubuntu-latest)	make check (includes isolated install-to-accept demo)	2026-09-16T02:56:14.4891897Z == non-waived failures: 0 ==
make check (ubuntu-latest)	make check (includes isolated install-to-accept demo)	2026-09-16T02:56:14.4893809Z bash bin/taskspec conformance --self-test
make check (ubuntu-latest)	make check (includes isolated install-to-accept demo)	2026-09-16T02:56:14.5099681Z Conformance check — level L2 — executor: bash /home/runner/work/task-spec/task-spec/src/dispatch/ref-executor.sh
make check (ubuntu-latest)	make check (includes isolated install-to-accept demo)	2026-09-16T02:56:14.5101970Z ────────────────────────────────────────────────────────
make check (ubuntu-latest)	make check (includes isolated install-to-accept demo)	2026-09-16T02:56:15.2109472Z L0. Executor drives a solvable spec to a passing Exit Check ...
make check (ubuntu-latest)	make check (includes isolated install-to-accept demo)	2026-09-16T02:56:16.8579931Z    PASS — Exit Check passes after execution (L0: reads format, runs evals)
make check (ubuntu-latest)	make check (includes isolated install-to-accept demo)	2026-09-16T02:56:16.8581416Z L1. Executor honors the status lifecycle (→ done on success) ...
make check (ubuntu-latest)	make check (includes isolated install-to-accept demo)	2026-09-16T02:56:16.8661799Z    PASS — status transitioned to 'done' (A2A: completed)
make check (ubuntu-latest)	make check (includes isolated install-to-accept demo)	2026-09-16T02:56:17.5819751Z L2. Executor parks an unsolvable spec within budget (no infinite loop) ...
make check (ubuntu-latest)	make check (includes isolated install-to-accept demo)	2026-09-16T02:56:18.8382465Z    PASS — unsolvable spec parked by the no-progress circuit breaker within the signed retry budget
make check (ubuntu-latest)	make check (includes isolated install-to-accept demo)	2026-09-16T02:56:18.8388098Z ────────────────────────────────────────────────────────
make check (ubuntu-latest)	make check (includes isolated install-to-accept demo)	2026-09-16T02:56:18.8389638Z CONFORMANT at L2 — this executor honors the Task-Spec contract.
make check (ubuntu-latest)	make check (includes isolated install-to-accept demo)	2026-09-16T02:56:18.8390506Z CONFORMANCE=L2
make check (ubuntu-latest)	make check (includes isolated install-to-accept demo)	2026-09-16T02:56:18.8430262Z CHECK=READY
make check (ubuntu-latest)	Post Install pinned Go toolchain for optional TaskMesh	﻿2026-09-16T02:56:18.8535881Z Post job cleanup.
make check (ubuntu-latest)	Post Install pinned Go toolchain for optional TaskMesh	2026-09-16T02:56:19.0020605Z [command]/opt/hostedtoolcache/go/1.25.0/x64/bin/go env GOMODCACHE
make check (ubuntu-latest)	Post Install pinned Go toolchain for optional TaskMesh	2026-09-16T02:56:19.0140535Z [command]/opt/hostedtoolcache/go/1.25.0/x64/bin/go env GOCACHE
make check (ubuntu-latest)	Post Install pinned Go toolchain for optional TaskMesh	2026-09-16T02:56:19.0141212Z /home/runner/go/pkg/mod
make check (ubuntu-latest)	Post Install pinned Go toolchain for optional TaskMesh	2026-09-16T02:56:19.0141641Z /home/runner/.cache/go-build
make check (ubuntu-latest)	Post Install pinned Go toolchain for optional TaskMesh	2026-09-16T02:56:19.0143011Z Cache hit occurred on the primary key setup-go-Linux-x64-ubuntu24-go-1.25.0-177c9a629613f64b62ff3bce8b5249e61de06089c1d63967a2ef301279610df5, not saving cache.
make check (ubuntu-latest)	Post Checkout	﻿2026-09-16T02:56:19.0383439Z Post job cleanup.
make check (ubuntu-latest)	Post Checkout	2026-09-16T02:56:19.1494142Z [command]/usr/bin/git version
make check (ubuntu-latest)	Post Checkout	2026-09-16T02:56:19.1595584Z git version 2.55.0
make check (ubuntu-latest)	Post Checkout	2026-09-16T02:56:19.1644661Z Temporarily overriding HOME='/home/runner/work/_temp/29c6a4bb-e158-47cf-ac3c-b732d4570703' before making global git config changes
make check (ubuntu-latest)	Post Checkout	2026-09-16T02:56:19.1646443Z Adding repository directory to the temporary git global config as a safe directory
make check (ubuntu-latest)	Post Checkout	2026-09-16T02:56:19.1648407Z [command]/usr/bin/git config --global --add safe.directory /home/runner/work/task-spec/task-spec
make check (ubuntu-latest)	Post Checkout	2026-09-16T02:56:19.1715152Z Removing SSH command configuration
make check (ubuntu-latest)	Post Checkout	2026-09-16T02:56:19.1717910Z [command]/usr/bin/git config --local --name-only --get-regexp core\.sshCommand
make check (ubuntu-latest)	Post Checkout	2026-09-16T02:56:19.1777558Z [command]/usr/bin/git submodule foreach --recursive sh -c "git config --local --name-only --get-regexp 'core\.sshCommand' && git config --local --unset-all 'core.sshCommand' || :"
make check (ubuntu-latest)	Post Checkout	2026-09-16T02:56:19.4262071Z Removing HTTP extra header
make check (ubuntu-latest)	Post Checkout	2026-09-16T02:56:19.4263021Z [command]/usr/bin/git config --local --name-only --get-regexp http\.https\:\/\/github\.com\/\.extraheader
make check (ubuntu-latest)	Post Checkout	2026-09-16T02:56:19.4265735Z [command]/usr/bin/git submodule foreach --recursive sh -c "git config --local --name-only --get-regexp 'http\.https\:\/\/github\.com\/\.extraheader' && git config --local --unset-all 'http.https://github.com/.extraheader' || :"
make check (ubuntu-latest)	Post Checkout	2026-09-16T02:56:19.4269074Z Removing includeIf entries pointing to credentials config files
make check (ubuntu-latest)	Post Checkout	2026-09-16T02:56:19.4270039Z [command]/usr/bin/git config --local --name-only --get-regexp ^includeIf\.gitdir:
make check (ubuntu-latest)	Post Checkout	2026-09-16T02:56:19.4271952Z [command]/usr/bin/git submodule foreach --recursive git config --local --show-origin --name-only --get-regexp remote.origin.url
make check (ubuntu-latest)	Complete job	﻿2026-09-16T02:56:19.4454319Z Cleaning up orphan processes
make check (macos-latest)	Set up job	﻿2026-09-16T02:48:36.9368200Z Current runner version: '2.337.0'
make check (macos-latest)	Set up job	2026-09-16T02:48:36.9386430Z ##[group]Runner Image Provisioner
make check (macos-latest)	Set up job	2026-09-16T02:48:36.9386960Z Hosted Compute Agent
make check (macos-latest)	Set up job	2026-09-16T02:48:36.9387320Z Version: 20260828.587
make check (macos-latest)	Set up job	2026-09-16T02:48:36.9387720Z Commit: abac92662cab4cc7352de4f9f9d2e2419aad9c29
make check (macos-latest)	Set up job	2026-09-16T02:48:36.9388170Z Build Date: 2026-08-28T16:44:25Z
make check (macos-latest)	Set up job	2026-09-16T02:48:36.9388590Z Worker ID: {38b993d8-04e3-47e6-b4e9-5d91c4a7fc84}
make check (macos-latest)	Set up job	2026-09-16T02:48:36.9389080Z Azure Region: westus
make check (macos-latest)	Set up job	2026-09-16T02:48:36.9389480Z ##[endgroup]
make check (macos-latest)	Set up job	2026-09-16T02:48:36.9390380Z ##[group]Operating System
make check (macos-latest)	Set up job	2026-09-16T02:48:36.9390800Z macOS
make check (macos-latest)	Set up job	2026-09-16T02:48:36.9391160Z 26.6.2
make check (macos-latest)	Set up job	2026-09-16T02:48:36.9391530Z 25G83
make check (macos-latest)	Set up job	2026-09-16T02:48:36.9392250Z ##[endgroup]
make check (macos-latest)	Set up job	2026-09-16T02:48:36.9392590Z ##[group]Runner Image
make check (macos-latest)	Set up job	2026-09-16T02:48:36.9392990Z Image: macos-26-arm64
make check (macos-latest)	Set up job	2026-09-16T02:48:36.9393420Z Version: 20260907.0351.1
make check (macos-latest)	Set up job	2026-09-16T02:48:36.9394250Z Included Software: https://github.com/actions/runner-images/blob/macos-26-arm64/20260907.0351/images/macos/macos-26-arm64-Readme.md
make check (macos-latest)	Set up job	2026-09-16T02:48:36.9395500Z Image Release: https://github.com/actions/runner-images/releases/tag/macos-26-arm64%2F20260907.0351
make check (macos-latest)	Set up job	2026-09-16T02:48:36.9396260Z ##[endgroup]
make check (macos-latest)	Set up job	2026-09-16T02:48:36.9397290Z ##[group]GITHUB_TOKEN Permissions
make check (macos-latest)	Set up job	2026-09-16T02:48:36.9398440Z Contents: read
make check (macos-latest)	Set up job	2026-09-16T02:48:36.9398790Z Metadata: read
make check (macos-latest)	Set up job	2026-09-16T02:48:36.9399180Z ##[endgroup]
make check (macos-latest)	Set up job	2026-09-16T02:48:36.9400630Z Secret source: Actions
make check (macos-latest)	Set up job	2026-09-16T02:48:36.9401180Z Cache mode: write
make check (macos-latest)	Set up job	2026-09-16T02:48:36.9401620Z Prepare workflow directory
make check (macos-latest)	Set up job	2026-09-16T02:48:36.9662620Z Prepare all required actions
make check (macos-latest)	Set up job	2026-09-16T02:48:36.9707100Z Getting action download info
make check (macos-latest)	Set up job	2026-09-16T02:48:37.0977560Z Download action repository 'actions/checkout@3d3c42e5aac5ba805825da76410c181273ba90b1' (SHA:3d3c42e5aac5ba805825da76410c181273ba90b1)
make check (macos-latest)	Set up job	2026-09-16T02:48:37.3197390Z Download action repository 'actions/setup-go@b7ad1dad31e06c5925ef5d2fc7ad053ef454303e' (SHA:b7ad1dad31e06c5925ef5d2fc7ad053ef454303e)
make check (macos-latest)	Set up job	2026-09-16T02:48:38.1508340Z Complete job name: make check (macos-latest)
make check (macos-latest)	Checkout	﻿2026-09-16T02:48:38.2018970Z ##[group]Run actions/checkout@3d3c42e5aac5ba805825da76410c181273ba90b1
make check (macos-latest)	Checkout	2026-09-16T02:48:38.2020340Z with:
make check (macos-latest)	Checkout	2026-09-16T02:48:38.2020740Z   persist-credentials: false
make check (macos-latest)	Checkout	2026-09-16T02:48:38.2021200Z   repository: luanmorenommaciel/task-spec
make check (macos-latest)	Checkout	2026-09-16T02:48:38.2024600Z   token: ***
make check (macos-latest)	Checkout	2026-09-16T02:48:38.2024970Z   ssh-strict: true
make check (macos-latest)	Checkout	2026-09-16T02:48:38.2025340Z   ssh-user: git
make check (macos-latest)	Checkout	2026-09-16T02:48:38.2025930Z   clean: true
make check (macos-latest)	Checkout	2026-09-16T02:48:38.2042820Z   sparse-checkout-cone-mode: true
make check (macos-latest)	Checkout	2026-09-16T02:48:38.2043300Z   fetch-depth: 1
make check (macos-latest)	Checkout	2026-09-16T02:48:38.2043650Z   fetch-tags: false
make check (macos-latest)	Checkout	2026-09-16T02:48:38.2044010Z   show-progress: true
make check (macos-latest)	Checkout	2026-09-16T02:48:38.2044360Z   lfs: false
make check (macos-latest)	Checkout	2026-09-16T02:48:38.2044690Z   submodules: false
make check (macos-latest)	Checkout	2026-09-16T02:48:38.2045540Z   set-safe-directory: true
make check (macos-latest)	Checkout	2026-09-16T02:48:38.2046070Z   allow-unsafe-pr-checkout: false
make check (macos-latest)	Checkout	2026-09-16T02:48:38.2047360Z ##[endgroup]
make check (macos-latest)	Checkout	2026-09-16T02:48:38.5417720Z Syncing repository: luanmorenommaciel/task-spec
make check (macos-latest)	Checkout	2026-09-16T02:48:38.5419670Z ##[group]Getting Git version info
make check (macos-latest)	Checkout	2026-09-16T02:48:38.5420350Z Working directory is '/Users/runner/work/task-spec/task-spec'
make check (macos-latest)	Checkout	2026-09-16T02:48:38.5421230Z [command]/opt/homebrew/bin/git version
make check (macos-latest)	Checkout	2026-09-16T02:48:38.6012940Z git version 2.55.0
make check (macos-latest)	Checkout	2026-09-16T02:48:38.6213710Z ##[endgroup]
make check (macos-latest)	Checkout	2026-09-16T02:48:38.6313290Z Copying '/Users/runner/.gitconfig' to '/Users/runner/work/_temp/0a81c5f1-fd19-4857-94b7-756067645d67/.gitconfig'
make check (macos-latest)	Checkout	2026-09-16T02:48:38.6316230Z Temporarily overriding HOME='/Users/runner/work/_temp/0a81c5f1-fd19-4857-94b7-756067645d67' before making global git config changes
make check (macos-latest)	Checkout	2026-09-16T02:48:38.6317500Z Adding repository directory to the temporary git global config as a safe directory
make check (macos-latest)	Checkout	2026-09-16T02:48:38.6318620Z [command]/opt/homebrew/bin/git config --global --add safe.directory /Users/runner/work/task-spec/task-spec
make check (macos-latest)	Checkout	2026-09-16T02:48:38.6320430Z Deleting the contents of '/Users/runner/work/task-spec/task-spec'
make check (macos-latest)	Checkout	2026-09-16T02:48:38.6321700Z ##[group]Determining repository object format
make check (macos-latest)	Checkout	2026-09-16T02:48:38.6324440Z ##[endgroup]
make check (macos-latest)	Checkout	2026-09-16T02:48:38.6325230Z ##[group]Initializing the repository
make check (macos-latest)	Checkout	2026-09-16T02:48:38.6325890Z [command]/opt/homebrew/bin/git init /Users/runner/work/task-spec/task-spec
make check (macos-latest)	Checkout	2026-09-16T02:48:38.6542050Z hint: Using 'master' as the name for the initial branch. This default branch name
make check (macos-latest)	Checkout	2026-09-16T02:48:38.6544910Z hint: will change to "main" in Git 3.0. To configure the initial branch name
make check (macos-latest)	Checkout	2026-09-16T02:48:38.6546010Z hint: to use in all of your new repositories, which will suppress this warning,
make check (macos-latest)	Checkout	2026-09-16T02:48:38.6546950Z hint: call:
make check (macos-latest)	Checkout	2026-09-16T02:48:38.6547490Z hint:
make check (macos-latest)	Checkout	2026-09-16T02:48:38.6548090Z hint: 	git config --global init.defaultBranch <name>
make check (macos-latest)	Checkout	2026-09-16T02:48:38.6548660Z hint:
make check (macos-latest)	Checkout	2026-09-16T02:48:38.6549380Z hint: Names commonly chosen instead of 'master' are 'main', 'trunk' and
make check (macos-latest)	Checkout	2026-09-16T02:48:38.6551070Z hint: 'development'. The just-created branch can be renamed via this command:
make check (macos-latest)	Checkout	2026-09-16T02:48:38.6551940Z hint:
make check (macos-latest)	Checkout	2026-09-16T02:48:38.6552380Z hint: 	git branch -m <name>
make check (macos-latest)	Checkout	2026-09-16T02:48:38.6568380Z hint:
make check (macos-latest)	Checkout	2026-09-16T02:48:38.6568990Z hint: Disable this message with "git config set advice.defaultBranchName false"
make check (macos-latest)	Checkout	2026-09-16T02:48:38.6569910Z Initialized empty Git repository in /Users/runner/work/task-spec/task-spec/.git/
make check (macos-latest)	Checkout	2026-09-16T02:48:38.6571700Z [command]/opt/homebrew/bin/git remote add origin https://github.com/luanmorenommaciel/task-spec
make check (macos-latest)	Checkout	2026-09-16T02:48:38.6643950Z ##[endgroup]
make check (macos-latest)	Checkout	2026-09-16T02:48:38.6644720Z ##[group]Disabling automatic garbage collection
make check (macos-latest)	Checkout	2026-09-16T02:48:38.6648290Z [command]/opt/homebrew/bin/git config --local gc.auto 0
make check (macos-latest)	Checkout	2026-09-16T02:48:38.6726780Z ##[endgroup]
make check (macos-latest)	Checkout	2026-09-16T02:48:38.6727570Z ##[group]Setting up auth
make check (macos-latest)	Checkout	2026-09-16T02:48:38.6728100Z Removing SSH command configuration
make check (macos-latest)	Checkout	2026-09-16T02:48:38.6736520Z [command]/opt/homebrew/bin/git config --local --name-only --get-regexp core\.sshCommand
make check (macos-latest)	Checkout	2026-09-16T02:48:38.6824900Z [command]/opt/homebrew/bin/git submodule foreach --recursive sh -c "git config --local --name-only --get-regexp 'core\.sshCommand' && git config --local --unset-all 'core.sshCommand' || :"
make check (macos-latest)	Checkout	2026-09-16T02:48:38.7984830Z Removing HTTP extra header
make check (macos-latest)	Checkout	2026-09-16T02:48:38.7987870Z [command]/opt/homebrew/bin/git config --local --name-only --get-regexp http\.https\:\/\/github\.com\/\.extraheader
make check (macos-latest)	Checkout	2026-09-16T02:48:38.8062820Z [command]/opt/homebrew/bin/git submodule foreach --recursive sh -c "git config --local --name-only --get-regexp 'http\.https\:\/\/github\.com\/\.extraheader' && git config --local --unset-all 'http.https://github.com/.extraheader' || :"
make check (macos-latest)	Checkout	2026-09-16T02:48:38.9456860Z Removing includeIf entries pointing to credentials config files
make check (macos-latest)	Checkout	2026-09-16T02:48:38.9558540Z [command]/opt/homebrew/bin/git config --local --name-only --get-regexp ^includeIf\.gitdir:
make check (macos-latest)	Checkout	2026-09-16T02:48:38.9965840Z [command]/opt/homebrew/bin/git submodule foreach --recursive git config --local --show-origin --name-only --get-regexp remote.origin.url
make check (macos-latest)	Checkout	2026-09-16T02:48:39.1287480Z [command]/opt/homebrew/bin/git config --file /Users/runner/work/_temp/git-credentials-b0ec9e3c-889d-4547-8562-9a5cc2cb48e5.config http.https://github.com/.extraheader AUTHORIZATION: basic ***
make check (macos-latest)	Checkout	2026-09-16T02:48:39.1438740Z [command]/opt/homebrew/bin/git config --local includeIf.gitdir:/Users/runner/work/task-spec/task-spec/.git.path /Users/runner/work/_temp/git-credentials-b0ec9e3c-889d-4547-8562-9a5cc2cb48e5.config
make check (macos-latest)	Checkout	2026-09-16T02:48:39.1455810Z [command]/opt/homebrew/bin/git config --local includeIf.gitdir:/Users/runner/work/task-spec/task-spec/.git/worktrees/*.path /Users/runner/work/_temp/git-credentials-b0ec9e3c-889d-4547-8562-9a5cc2cb48e5.config
make check (macos-latest)	Checkout	2026-09-16T02:48:39.1482830Z [command]/opt/homebrew/bin/git config --local includeIf.gitdir:/github/workspace/.git.path /github/runner_temp/git-credentials-b0ec9e3c-889d-4547-8562-9a5cc2cb48e5.config
make check (macos-latest)	Checkout	2026-09-16T02:48:39.1485150Z [command]/opt/homebrew/bin/git config --local includeIf.gitdir:/github/workspace/.git/worktrees/*.path /github/runner_temp/git-credentials-b0ec9e3c-889d-4547-8562-9a5cc2cb48e5.config
make check (macos-latest)	Checkout	2026-09-16T02:48:39.1559540Z ##[endgroup]
make check (macos-latest)	Checkout	2026-09-16T02:48:39.1560950Z ##[group]Fetching the repository
make check (macos-latest)	Checkout	2026-09-16T02:48:39.1562140Z [command]/opt/homebrew/bin/git -c protocol.version=2 fetch --no-tags --prune --no-recurse-submodules --depth=1 origin +459f0cd415a2cd22db6021fd3f8a7fb0faf25f25:refs/remotes/origin/main
make check (macos-latest)	Checkout	2026-09-16T02:48:43.4606260Z From https://github.com/luanmorenommaciel/task-spec
make check (macos-latest)	Checkout	2026-09-16T02:48:43.4611580Z  * [new ref]         459f0cd415a2cd22db6021fd3f8a7fb0faf25f25 -> origin/main
make check (macos-latest)	Checkout	2026-09-16T02:48:43.4671240Z [command]/opt/homebrew/bin/git branch --list --remote origin/main
make check (macos-latest)	Checkout	2026-09-16T02:48:43.4716740Z   origin/main
make check (macos-latest)	Checkout	2026-09-16T02:48:43.4723140Z [command]/opt/homebrew/bin/git rev-parse refs/remotes/origin/main
make check (macos-latest)	Checkout	2026-09-16T02:48:43.4798330Z 459f0cd415a2cd22db6021fd3f8a7fb0faf25f25
make check (macos-latest)	Checkout	2026-09-16T02:48:43.4834210Z ##[endgroup]
make check (macos-latest)	Checkout	2026-09-16T02:48:43.4835400Z ##[group]Determining the checkout info
make check (macos-latest)	Checkout	2026-09-16T02:48:43.4836740Z ##[endgroup]
make check (macos-latest)	Checkout	2026-09-16T02:48:43.4839880Z [command]/opt/homebrew/bin/git sparse-checkout disable
make check (macos-latest)	Checkout	2026-09-16T02:48:43.4955340Z [command]/opt/homebrew/bin/git config --local --unset-all extensions.worktreeConfig
make check (macos-latest)	Checkout	2026-09-16T02:48:43.5059640Z ##[group]Checking out the ref
make check (macos-latest)	Checkout	2026-09-16T02:48:43.5061140Z [command]/opt/homebrew/bin/git checkout --progress --force -B main refs/remotes/origin/main
make check (macos-latest)	Checkout	2026-09-16T02:48:44.6115400Z Switched to a new branch 'main'
make check (macos-latest)	Checkout	2026-09-16T02:48:44.6158360Z branch 'main' set up to track 'origin/main'.
make check (macos-latest)	Checkout	2026-09-16T02:48:44.6192120Z ##[endgroup]
make check (macos-latest)	Checkout	2026-09-16T02:48:44.6357860Z [command]/opt/homebrew/bin/git log -1 --format=%H
make check (macos-latest)	Checkout	2026-09-16T02:48:44.6467540Z 459f0cd415a2cd22db6021fd3f8a7fb0faf25f25
make check (macos-latest)	Checkout	2026-09-16T02:48:44.6478070Z ##[group]Removing auth
make check (macos-latest)	Checkout	2026-09-16T02:48:44.6478960Z Removing SSH command configuration
make check (macos-latest)	Checkout	2026-09-16T02:48:44.6483210Z [command]/opt/homebrew/bin/git config --local --name-only --get-regexp core\.sshCommand
make check (macos-latest)	Checkout	2026-09-16T02:48:44.6590780Z [command]/opt/homebrew/bin/git submodule foreach --recursive sh -c "git config --local --name-only --get-regexp 'core\.sshCommand' && git config --local --unset-all 'core.sshCommand' || :"
make check (macos-latest)	Checkout	2026-09-16T02:48:44.7894130Z Removing HTTP extra header
make check (macos-latest)	Checkout	2026-09-16T02:48:44.7902590Z [command]/opt/homebrew/bin/git config --local --name-only --get-regexp http\.https\:\/\/github\.com\/\.extraheader
make check (macos-latest)	Checkout	2026-09-16T02:48:44.8021560Z [command]/opt/homebrew/bin/git submodule foreach --recursive sh -c "git config --local --name-only --get-regexp 'http\.https\:\/\/github\.com\/\.extraheader' && git config --local --unset-all 'http.https://github.com/.extraheader' || :"
make check (macos-latest)	Checkout	2026-09-16T02:48:44.9053300Z Removing includeIf entries pointing to credentials config files
make check (macos-latest)	Checkout	2026-09-16T02:48:44.9055250Z [command]/opt/homebrew/bin/git config --local --name-only --get-regexp ^includeIf\.gitdir:
make check (macos-latest)	Checkout	2026-09-16T02:48:44.9150680Z includeif.gitdir:/Users/runner/work/task-spec/task-spec/.git.path
make check (macos-latest)	Checkout	2026-09-16T02:48:44.9151950Z includeif.gitdir:/Users/runner/work/task-spec/task-spec/.git/worktrees/*.path
make check (macos-latest)	Checkout	2026-09-16T02:48:44.9152490Z includeif.gitdir:/github/workspace/.git.path
make check (macos-latest)	Checkout	2026-09-16T02:48:44.9152970Z includeif.gitdir:/github/workspace/.git/worktrees/*.path
make check (macos-latest)	Checkout	2026-09-16T02:48:44.9154460Z [command]/opt/homebrew/bin/git config --local --get-all includeif.gitdir:/Users/runner/work/task-spec/task-spec/.git.path
make check (macos-latest)	Checkout	2026-09-16T02:48:44.9262240Z /Users/runner/work/_temp/git-credentials-b0ec9e3c-889d-4547-8562-9a5cc2cb48e5.config
make check (macos-latest)	Checkout	2026-09-16T02:48:44.9610120Z [command]/opt/homebrew/bin/git config --local --unset includeif.gitdir:/Users/runner/work/task-spec/task-spec/.git.path \/Users\/runner\/work\/_temp\/git\-credentials\-b0ec9e3c\-889d\-4547\-8562\-9a5cc2cb48e5\.config
make check (macos-latest)	Checkout	2026-09-16T02:48:44.9852570Z [command]/opt/homebrew/bin/git config --local --get-all includeif.gitdir:/Users/runner/work/task-spec/task-spec/.git/worktrees/*.path
make check (macos-latest)	Checkout	2026-09-16T02:48:44.9885050Z /Users/runner/work/_temp/git-credentials-b0ec9e3c-889d-4547-8562-9a5cc2cb48e5.config
make check (macos-latest)	Checkout	2026-09-16T02:48:44.9905740Z [command]/opt/homebrew/bin/git config --local --unset includeif.gitdir:/Users/runner/work/task-spec/task-spec/.git/worktrees/*.path \/Users\/runner\/work\/_temp\/git\-credentials\-b0ec9e3c\-889d\-4547\-8562\-9a5cc2cb48e5\.config
make check (macos-latest)	Checkout	2026-09-16T02:48:44.9915310Z [command]/opt/homebrew/bin/git config --local --get-all includeif.gitdir:/github/workspace/.git.path
make check (macos-latest)	Checkout	2026-09-16T02:48:44.9915860Z /github/runner_temp/git-credentials-b0ec9e3c-889d-4547-8562-9a5cc2cb48e5.config
make check (macos-latest)	Checkout	2026-09-16T02:48:44.9916840Z [command]/opt/homebrew/bin/git config --local --unset includeif.gitdir:/github/workspace/.git.path \/github\/runner_temp\/git\-credentials\-b0ec9e3c\-889d\-4547\-8562\-9a5cc2cb48e5\.config
make check (macos-latest)	Checkout	2026-09-16T02:48:44.9917910Z [command]/opt/homebrew/bin/git config --local --get-all includeif.gitdir:/github/workspace/.git/worktrees/*.path
make check (macos-latest)	Checkout	2026-09-16T02:48:44.9931710Z /github/runner_temp/git-credentials-b0ec9e3c-889d-4547-8562-9a5cc2cb48e5.config
make check (macos-latest)	Checkout	2026-09-16T02:48:44.9937890Z [command]/opt/homebrew/bin/git config --local --unset includeif.gitdir:/github/workspace/.git/worktrees/*.path \/github\/runner_temp\/git\-credentials\-b0ec9e3c\-889d\-4547\-8562\-9a5cc2cb48e5\.config
make check (macos-latest)	Checkout	2026-09-16T02:48:45.0013230Z [command]/opt/homebrew/bin/git submodule foreach --recursive git config --local --show-origin --name-only --get-regexp remote.origin.url
make check (macos-latest)	Checkout	2026-09-16T02:48:45.0964430Z Removing credentials config '/Users/runner/work/_temp/git-credentials-b0ec9e3c-889d-4547-8562-9a5cc2cb48e5.config'
make check (macos-latest)	Checkout	2026-09-16T02:48:45.0969810Z ##[endgroup]
make check (macos-latest)	Install pinned Go toolchain for optional TaskMesh	﻿2026-09-16T02:48:45.1262460Z ##[group]Run actions/setup-go@b7ad1dad31e06c5925ef5d2fc7ad053ef454303e
make check (macos-latest)	Install pinned Go toolchain for optional TaskMesh	2026-09-16T02:48:45.1262950Z with:
make check (macos-latest)	Install pinned Go toolchain for optional TaskMesh	2026-09-16T02:48:45.1263160Z   go-version: 1.25.0
make check (macos-latest)	Install pinned Go toolchain for optional TaskMesh	2026-09-16T02:48:45.1263380Z   cache-dependency-path: go.sum
make check (macos-latest)	Install pinned Go toolchain for optional TaskMesh	2026-09-16T02:48:45.1263650Z   check-latest: false
make check (macos-latest)	Install pinned Go toolchain for optional TaskMesh	2026-09-16T02:48:45.1265820Z   token: ***
make check (macos-latest)	Install pinned Go toolchain for optional TaskMesh	2026-09-16T02:48:45.1266050Z   cache: true
make check (macos-latest)	Install pinned Go toolchain for optional TaskMesh	2026-09-16T02:48:45.1266230Z ##[endgroup]
make check (macos-latest)	Install pinned Go toolchain for optional TaskMesh	2026-09-16T02:48:45.2606550Z Setup go version spec 1.25.0
make check (macos-latest)	Install pinned Go toolchain for optional TaskMesh	2026-09-16T02:48:45.2635340Z Attempting to download 1.25.0...
make check (macos-latest)	Install pinned Go toolchain for optional TaskMesh	2026-09-16T02:48:46.1743630Z matching 1.25.0...
make check (macos-latest)	Install pinned Go toolchain for optional TaskMesh	2026-09-16T02:48:46.2183790Z Acquiring 1.25.0 from https://github.com/actions/go-versions/releases/download/1.25.0-16925932082/go-1.25.0-darwin-arm64.tar.gz
make check (macos-latest)	Install pinned Go toolchain for optional TaskMesh	2026-09-16T02:48:47.0938660Z Extracting Go...
make check (macos-latest)	Install pinned Go toolchain for optional TaskMesh	2026-09-16T02:48:47.1099530Z [command]/usr/bin/tar xz -C /Users/runner/work/_temp/c1bb443c-4d65-4e23-90ca-2d22f84c5424 -f /Users/runner/work/_temp/19325ca4-d6e9-4910-b70e-25941dc7cc06
make check (macos-latest)	Install pinned Go toolchain for optional TaskMesh	2026-09-16T02:48:50.4657560Z Successfully extracted go to /Users/runner/work/_temp/c1bb443c-4d65-4e23-90ca-2d22f84c5424
make check (macos-latest)	Install pinned Go toolchain for optional TaskMesh	2026-09-16T02:48:50.4664290Z Adding to the cache ...
make check (macos-latest)	Install pinned Go toolchain for optional TaskMesh	2026-09-16T02:49:05.8275760Z Successfully cached go to /Users/runner/hostedtoolcache/go/1.25.0/arm64
make check (macos-latest)	Install pinned Go toolchain for optional TaskMesh	2026-09-16T02:49:05.8289070Z Added go to the path
make check (macos-latest)	Install pinned Go toolchain for optional TaskMesh	2026-09-16T02:49:05.8293290Z Successfully set up Go version 1.25.0
make check (macos-latest)	Install pinned Go toolchain for optional TaskMesh	2026-09-16T02:49:06.1028710Z [command]/Users/runner/hostedtoolcache/go/1.25.0/arm64/bin/go env GOCACHE
make check (macos-latest)	Install pinned Go toolchain for optional TaskMesh	2026-09-16T02:49:06.1042120Z [command]/Users/runner/hostedtoolcache/go/1.25.0/arm64/bin/go env GOMODCACHE
make check (macos-latest)	Install pinned Go toolchain for optional TaskMesh	2026-09-16T02:49:06.1165500Z /Users/runner/Library/Caches/go-build
make check (macos-latest)	Install pinned Go toolchain for optional TaskMesh	2026-09-16T02:49:06.1194910Z /Users/runner/go/pkg/mod
make check (macos-latest)	Install pinned Go toolchain for optional TaskMesh	2026-09-16T02:49:06.2413530Z Cache hit for: setup-go-macOS-arm64-go-1.25.0-177c9a629613f64b62ff3bce8b5249e61de06089c1d63967a2ef301279610df5
make check (macos-latest)	Install pinned Go toolchain for optional TaskMesh	2026-09-16T02:49:07.3125080Z Received 104857600 of 139017218 (75.4%), 99.9 MBs/sec
make check (macos-latest)	Install pinned Go toolchain for optional TaskMesh	2026-09-16T02:49:07.6463790Z Received 139017218 of 139017218 (100.0%), 98.9 MBs/sec
make check (macos-latest)	Install pinned Go toolchain for optional TaskMesh	2026-09-16T02:49:07.6563790Z Cache Size: ~133 MB (139017218 B)
make check (macos-latest)	Install pinned Go toolchain for optional TaskMesh	2026-09-16T02:49:07.6672890Z [command]/opt/homebrew/bin/gtar -xf /Users/runner/work/_temp/fd00f5ec-6c4e-4b19-be52-f95df705f888/cache.tzst -P -C /Users/runner/work/task-spec/task-spec --delay-directory-restore --use-compress-program unzstd
make check (macos-latest)	Install pinned Go toolchain for optional TaskMesh	2026-09-16T02:49:12.7283970Z Cache restored successfully
make check (macos-latest)	Install pinned Go toolchain for optional TaskMesh	2026-09-16T02:49:12.7379430Z Cache restored from key: setup-go-macOS-arm64-go-1.25.0-177c9a629613f64b62ff3bce8b5249e61de06089c1d63967a2ef301279610df5
make check (macos-latest)	Install pinned Go toolchain for optional TaskMesh	2026-09-16T02:49:12.7477320Z go version go1.25.0 darwin/arm64
make check (macos-latest)	Install pinned Go toolchain for optional TaskMesh	2026-09-16T02:49:12.7477640Z 
make check (macos-latest)	Install pinned Go toolchain for optional TaskMesh	2026-09-16T02:49:12.7478380Z ##[group]go env
make check (macos-latest)	Install pinned Go toolchain for optional TaskMesh	2026-09-16T02:49:15.8052330Z AR='ar'
make check (macos-latest)	Install pinned Go toolchain for optional TaskMesh	2026-09-16T02:49:15.8053240Z CC='clang'
make check (macos-latest)	Install pinned Go toolchain for optional TaskMesh	2026-09-16T02:49:15.8054410Z CGO_CFLAGS='-O2 -g'
make check (macos-latest)	Install pinned Go toolchain for optional TaskMesh	2026-09-16T02:49:15.8067600Z CGO_CPPFLAGS=''
make check (macos-latest)	Install pinned Go toolchain for optional TaskMesh	2026-09-16T02:49:15.8068670Z CGO_CXXFLAGS='-O2 -g'
make check (macos-latest)	Install pinned Go toolchain for optional TaskMesh	2026-09-16T02:49:15.8070080Z CGO_ENABLED='1'
make check (macos-latest)	Install pinned Go toolchain for optional TaskMesh	2026-09-16T02:49:15.8070850Z CGO_FFLAGS='-O2 -g'
make check (macos-latest)	Install pinned Go toolchain for optional TaskMesh	2026-09-16T02:49:15.8071250Z CGO_LDFLAGS='-O2 -g'
make check (macos-latest)	Install pinned Go toolchain for optional TaskMesh	2026-09-16T02:49:15.8071660Z CXX='clang++'
make check (macos-latest)	Install pinned Go toolchain for optional TaskMesh	2026-09-16T02:49:15.8071940Z GCCGO='gccgo'
make check (macos-latest)	Install pinned Go toolchain for optional TaskMesh	2026-09-16T02:49:15.8072550Z GO111MODULE=''
make check (macos-latest)	Install pinned Go toolchain for optional TaskMesh	2026-09-16T02:49:15.8072800Z GOARCH='arm64'
make check (macos-latest)	Install pinned Go toolchain for optional TaskMesh	2026-09-16T02:49:15.8073180Z GOARM64='v8.0'
make check (macos-latest)	Install pinned Go toolchain for optional TaskMesh	2026-09-16T02:49:15.8073570Z GOAUTH='netrc'
make check (macos-latest)	Install pinned Go toolchain for optional TaskMesh	2026-09-16T02:49:15.8073820Z GOBIN=''
make check (macos-latest)	Install pinned Go toolchain for optional TaskMesh	2026-09-16T02:49:15.8074400Z GOCACHE='/Users/runner/Library/Caches/go-build'
make check (macos-latest)	Install pinned Go toolchain for optional TaskMesh	2026-09-16T02:49:15.8074800Z GOCACHEPROG=''
make check (macos-latest)	Install pinned Go toolchain for optional TaskMesh	2026-09-16T02:49:15.8075130Z GODEBUG=''
make check (macos-latest)	Install pinned Go toolchain for optional TaskMesh	2026-09-16T02:49:15.8075630Z GOENV='/Users/runner/Library/Application Support/go/env'
make check (macos-latest)	Install pinned Go toolchain for optional TaskMesh	2026-09-16T02:49:15.8076210Z GOEXE=''
make check (macos-latest)	Install pinned Go toolchain for optional TaskMesh	2026-09-16T02:49:15.8076590Z GOEXPERIMENT=''
make check (macos-latest)	Install pinned Go toolchain for optional TaskMesh	2026-09-16T02:49:15.8076940Z GOFIPS140='off'
make check (macos-latest)	Install pinned Go toolchain for optional TaskMesh	2026-09-16T02:49:15.8077200Z GOFLAGS=''
make check (macos-latest)	Install pinned Go toolchain for optional TaskMesh	2026-09-16T02:49:15.8083040Z GOGCCFLAGS='-fPIC -arch arm64 -pthread -fno-caret-diagnostics -Qunused-arguments -fmessage-length=0 -ffile-prefix-map=/var/folders/36/tjdph2t965j8snz9_vkdnw0r0000gn/T/go-build3184840563=/tmp/go-build -gno-record-gcc-switches -fno-common'
make check (macos-latest)	Install pinned Go toolchain for optional TaskMesh	2026-09-16T02:49:15.8084370Z GOHOSTARCH='arm64'
make check (macos-latest)	Install pinned Go toolchain for optional TaskMesh	2026-09-16T02:49:15.8085020Z GOHOSTOS='darwin'
make check (macos-latest)	Install pinned Go toolchain for optional TaskMesh	2026-09-16T02:49:15.8085330Z GOINSECURE=''
make check (macos-latest)	Install pinned Go toolchain for optional TaskMesh	2026-09-16T02:49:15.8092180Z GOMOD='/Users/runner/work/task-spec/task-spec/go.mod'
make check (macos-latest)	Install pinned Go toolchain for optional TaskMesh	2026-09-16T02:49:15.8092650Z GOMODCACHE='/Users/runner/go/pkg/mod'
make check (macos-latest)	Install pinned Go toolchain for optional TaskMesh	2026-09-16T02:49:15.8093060Z GONOPROXY=''
make check (macos-latest)	Install pinned Go toolchain for optional TaskMesh	2026-09-16T02:49:15.8093320Z GONOSUMDB=''
make check (macos-latest)	Install pinned Go toolchain for optional TaskMesh	2026-09-16T02:49:15.8093730Z GOOS='darwin'
make check (macos-latest)	Install pinned Go toolchain for optional TaskMesh	2026-09-16T02:49:15.8094040Z GOPATH='/Users/runner/go'
make check (macos-latest)	Install pinned Go toolchain for optional TaskMesh	2026-09-16T02:49:15.8094580Z GOPRIVATE=''
make check (macos-latest)	Install pinned Go toolchain for optional TaskMesh	2026-09-16T02:49:15.8095430Z GOPROXY='https://proxy.golang.org,direct'
make check (macos-latest)	Install pinned Go toolchain for optional TaskMesh	2026-09-16T02:49:15.8096040Z GOROOT='/Users/runner/hostedtoolcache/go/1.25.0/arm64'
make check (macos-latest)	Install pinned Go toolchain for optional TaskMesh	2026-09-16T02:49:15.8096540Z GOSUMDB='sum.golang.org'
make check (macos-latest)	Install pinned Go toolchain for optional TaskMesh	2026-09-16T02:49:15.8096840Z GOTELEMETRY='local'
make check (macos-latest)	Install pinned Go toolchain for optional TaskMesh	2026-09-16T02:49:15.8097480Z GOTELEMETRYDIR='/Users/runner/Library/Application Support/go/telemetry'
make check (macos-latest)	Install pinned Go toolchain for optional TaskMesh	2026-09-16T02:49:15.8098050Z GOTMPDIR=''
make check (macos-latest)	Install pinned Go toolchain for optional TaskMesh	2026-09-16T02:49:15.8098310Z GOTOOLCHAIN='local'
make check (macos-latest)	Install pinned Go toolchain for optional TaskMesh	2026-09-16T02:49:15.8098850Z GOTOOLDIR='/Users/runner/hostedtoolcache/go/1.25.0/arm64/pkg/tool/darwin_arm64'
make check (macos-latest)	Install pinned Go toolchain for optional TaskMesh	2026-09-16T02:49:15.8099410Z GOVCS=''
make check (macos-latest)	Install pinned Go toolchain for optional TaskMesh	2026-09-16T02:49:15.8099770Z GOVERSION='go1.25.0'
make check (macos-latest)	Install pinned Go toolchain for optional TaskMesh	2026-09-16T02:49:15.8100210Z GOWORK=''
make check (macos-latest)	Install pinned Go toolchain for optional TaskMesh	2026-09-16T02:49:15.8100550Z PKG_CONFIG='pkg-config'
make check (macos-latest)	Install pinned Go toolchain for optional TaskMesh	2026-09-16T02:49:15.8100850Z 
make check (macos-latest)	Install pinned Go toolchain for optional TaskMesh	2026-09-16T02:49:15.8101520Z ##[endgroup]
make check (macos-latest)	Install macOS gate dependency	﻿2026-09-16T02:49:15.8569270Z ##[group]Run brew list shellcheck >/dev/null 2>&1 || brew install shellcheck
make check (macos-latest)	Install macOS gate dependency	2026-09-16T02:49:15.8571160Z [36;1mbrew list shellcheck >/dev/null 2>&1 || brew install shellcheck[0m
make check (macos-latest)	Install macOS gate dependency	2026-09-16T02:49:15.8927240Z shell: /bin/bash -e {0}
make check (macos-latest)	Install macOS gate dependency	2026-09-16T02:49:15.8927580Z env:
make check (macos-latest)	Install macOS gate dependency	2026-09-16T02:49:15.8927910Z   GOTOOLCHAIN: local
make check (macos-latest)	Install macOS gate dependency	2026-09-16T02:49:15.8928240Z ##[endgroup]
make check (macos-latest)	Install macOS gate dependency	2026-09-16T02:49:19.0630600Z [32m==>[0m [1mDownloading bottle manifests[0m
make check (macos-latest)	Install macOS gate dependency	2026-09-16T02:49:19.0833260Z ✔︎ Bottle Manifest shellcheck (0.11.0)
make check (macos-latest)	Install macOS gate dependency	2026-09-16T02:49:19.0833840Z [34m==>[0m [1mWould install 1 formula:[0m
make check (macos-latest)	Install macOS gate dependency	2026-09-16T02:49:19.0935220Z shellcheck
make check (macos-latest)	Install macOS gate dependency	2026-09-16T02:49:19.1692040Z [32m==>[0m [1mFetching downloads for: [32mshellcheck[39m[0m
make check (macos-latest)	Install macOS gate dependency	2026-09-16T02:49:19.7511150Z ✔︎ Bottle shellcheck (0.11.0)
make check (macos-latest)	Install macOS gate dependency	2026-09-16T02:49:19.7654870Z [34m==>[0m [1mPouring shellcheck--0.11.0.arm64_tahoe.bottle.1.tar.gz[0m
make check (macos-latest)	Install macOS gate dependency	2026-09-16T02:49:20.6139300Z 🍺  /opt/homebrew/Cellar/shellcheck/0.11.0: 8 files, 70.7MB
make check (macos-latest)	Provision private locked decomposition runtime	﻿2026-09-16T02:49:20.6419430Z ##[group]Run bash bin/taskspec setup decompose
make check (macos-latest)	Provision private locked decomposition runtime	2026-09-16T02:49:20.6423230Z [36;1mbash bin/taskspec setup decompose[0m
make check (macos-latest)	Provision private locked decomposition runtime	2026-09-16T02:49:20.6479530Z shell: /bin/bash -e {0}
make check (macos-latest)	Provision private locked decomposition runtime	2026-09-16T02:49:20.6481260Z env:
make check (macos-latest)	Provision private locked decomposition runtime	2026-09-16T02:49:20.6482300Z   GOTOOLCHAIN: local
make check (macos-latest)	Provision private locked decomposition runtime	2026-09-16T02:49:20.6482520Z ##[endgroup]
make check (macos-latest)	Provision private locked decomposition runtime	2026-09-16T02:49:25.0551890Z Collecting attrs==26.1.0 (from -r /Users/runner/work/task-spec/task-spec/src/decompose/requirements.lock (line 2))
make check (macos-latest)	Provision private locked decomposition runtime	2026-09-16T02:49:25.0882790Z   Downloading attrs-26.1.0-py3-none-any.whl (67 kB)
make check (macos-latest)	Provision private locked decomposition runtime	2026-09-16T02:49:25.1283430Z Collecting jsonschema==4.26.0 (from -r /Users/runner/work/task-spec/task-spec/src/decompose/requirements.lock (line 5))
make check (macos-latest)	Provision private locked decomposition runtime	2026-09-16T02:49:25.1332380Z   Downloading jsonschema-4.26.0-py3-none-any.whl (90 kB)
make check (macos-latest)	Provision private locked decomposition runtime	2026-09-16T02:49:25.1520630Z Collecting jsonschema-specifications==2025.9.1 (from -r /Users/runner/work/task-spec/task-spec/src/decompose/requirements.lock (line 8))
make check (macos-latest)	Provision private locked decomposition runtime	2026-09-16T02:49:25.1569070Z   Downloading jsonschema_specifications-2025.9.1-py3-none-any.whl (18 kB)
make check (macos-latest)	Provision private locked decomposition runtime	2026-09-16T02:49:25.1874180Z Collecting PyYAML==6.0.3 (from -r /Users/runner/work/task-spec/task-spec/src/decompose/requirements.lock (line 11))
make check (macos-latest)	Provision private locked decomposition runtime	2026-09-16T02:49:25.1917400Z   Downloading pyyaml-6.0.3-cp314-cp314-macosx_11_0_arm64.whl (173 kB)
make check (macos-latest)	Provision private locked decomposition runtime	2026-09-16T02:49:25.2095430Z Collecting referencing==0.37.0 (from -r /Users/runner/work/task-spec/task-spec/src/decompose/requirements.lock (line 85))
make check (macos-latest)	Provision private locked decomposition runtime	2026-09-16T02:49:25.2151750Z   Downloading referencing-0.37.0-py3-none-any.whl (26 kB)
make check (macos-latest)	Provision private locked decomposition runtime	2026-09-16T02:49:25.3617140Z Collecting rpds-py==2026.6.3 (from -r /Users/runner/work/task-spec/task-spec/src/decompose/requirements.lock (line 88))
make check (macos-latest)	Provision private locked decomposition runtime	2026-09-16T02:49:25.3719840Z   Downloading rpds_py-2026.6.3-cp314-cp314-macosx_11_0_arm64.whl (339 kB)
make check (macos-latest)	Provision private locked decomposition runtime	2026-09-16T02:49:25.4007430Z Collecting typing_extensions==4.15.0 (from -r /Users/runner/work/task-spec/task-spec/src/decompose/requirements.lock (line 205))
make check (macos-latest)	Provision private locked decomposition runtime	2026-09-16T02:49:25.4058730Z   Downloading typing_extensions-4.15.0-py3-none-any.whl (44 kB)
make check (macos-latest)	Provision private locked decomposition runtime	2026-09-16T02:49:25.4338570Z Installing collected packages: typing_extensions, rpds-py, PyYAML, attrs, referencing, jsonschema-specifications, jsonschema
make check (macos-latest)	Provision private locked decomposition runtime	2026-09-16T02:49:25.6814960Z 
make check (macos-latest)	Provision private locked decomposition runtime	2026-09-16T02:49:25.6825660Z Successfully installed PyYAML-6.0.3 attrs-26.1.0 jsonschema-4.26.0 jsonschema-specifications-2025.9.1 referencing-0.37.0 rpds-py-2026.6.3 typing_extensions-4.15.0
make check (macos-latest)	Provision private locked decomposition runtime	2026-09-16T02:49:25.8713480Z {"contract": "TaskRuntimeSetup/v1", "ready": true, "path": "/Users/runner/work/task-spec/task-spec/.taskspec/runtime/decompose", "lock_digest": "eb1adcfe1266108d7587d9a561bb57d482a2104efa871db46c6287095649ba33"}
make check (macos-latest)	Install schema-fidelity consumer dependencies	﻿2026-09-16T02:49:25.8870030Z ##[group]Run python3 -m pip install --disable-pip-version-check --quiet --break-system-packages pyyaml==6.0.2 jsonschema==4.26.0
make check (macos-latest)	Install schema-fidelity consumer dependencies	2026-09-16T02:49:25.8871150Z [36;1mpython3 -m pip install --disable-pip-version-check --quiet --break-system-packages pyyaml==6.0.2 jsonschema==4.26.0[0m
make check (macos-latest)	Install schema-fidelity consumer dependencies	2026-09-16T02:49:25.8917210Z shell: /bin/bash -e {0}
make check (macos-latest)	Install schema-fidelity consumer dependencies	2026-09-16T02:49:25.8917510Z env:
make check (macos-latest)	Install schema-fidelity consumer dependencies	2026-09-16T02:49:25.8917800Z   GOTOOLCHAIN: local
make check (macos-latest)	Install schema-fidelity consumer dependencies	2026-09-16T02:49:25.8918030Z ##[endgroup]
make check (macos-latest)	make check (includes isolated install-to-accept demo)	﻿2026-09-16T02:49:32.1719150Z ##[group]Run make check
make check (macos-latest)	make check (includes isolated install-to-accept demo)	2026-09-16T02:49:32.1719500Z [36;1mmake check[0m
make check (macos-latest)	make check (includes isolated install-to-accept demo)	2026-09-16T02:49:32.1790280Z shell: /bin/bash -e {0}
make check (macos-latest)	make check (includes isolated install-to-accept demo)	2026-09-16T02:49:32.1790590Z env:
make check (macos-latest)	make check (includes isolated install-to-accept demo)	2026-09-16T02:49:32.1790830Z   GOTOOLCHAIN: local
make check (macos-latest)	make check (includes isolated install-to-accept demo)	2026-09-16T02:49:32.1791000Z ##[endgroup]
make check (macos-latest)	make check (includes isolated install-to-accept demo)	2026-09-16T02:49:33.2969880Z bash bin/taskspec doctor
make check (macos-latest)	make check (includes isolated install-to-accept demo)	2026-09-16T02:49:33.3062950Z PASS  bash >= 3.2 (3.2.57(1)-release)
make check (macos-latest)	make check (includes isolated install-to-accept demo)	2026-09-16T02:49:33.3173520Z PASS  git (2.55.0)
make check (macos-latest)	make check (includes isolated install-to-accept demo)	2026-09-16T02:49:33.3292510Z PASS  python3 (3.14.7)
make check (macos-latest)	make check (includes isolated install-to-accept demo)	2026-09-16T02:49:33.3293150Z PASS  SHA-256/HMAC provider
make check (macos-latest)	make check (includes isolated install-to-accept demo)	2026-09-16T02:49:33.3293830Z PASS  shellcheck
make check (macos-latest)	make check (includes isolated install-to-accept demo)	2026-09-16T02:49:33.3382790Z WARN  no signing key; run: taskspec setup signing
make check (macos-latest)	make check (includes isolated install-to-accept demo)	2026-09-16T02:49:33.3383360Z DOCTOR=READY
make check (macos-latest)	make check (includes isolated install-to-accept demo)	2026-09-16T02:49:33.3384790Z bash tests/lint-skill-docs.sh
make check (macos-latest)	make check (includes isolated install-to-accept demo)	2026-09-16T02:49:33.5175110Z lint-skill-docs.sh (10 checks)
make check (macos-latest)	make check (includes isolated install-to-accept demo)	2026-09-16T02:49:33.5177270Z ════════════════════════════════════════
make check (macos-latest)	make check (includes isolated install-to-accept demo)	2026-09-16T02:49:33.5177800Z OK: VERSION, CHANGELOG.md, and src/lib/_lib.sh agree at v3.10.0
make check (macos-latest)	make check (includes isolated install-to-accept demo)	2026-09-16T02:49:33.5178480Z bash tests/lint-docs.sh
make check (macos-latest)	make check (includes isolated install-to-accept demo)	2026-09-16T02:49:34.7950220Z CLI_REFERENCE=OK
make check (macos-latest)	make check (includes isolated install-to-accept demo)	2026-09-16T02:49:34.8014620Z lint-docs: OK
make check (macos-latest)	make check (includes isolated install-to-accept demo)	2026-09-16T02:49:34.8059980Z set -e; for t in tests/test-*.sh; do bash "$t"; done
make check (macos-latest)	make check (includes isolated install-to-accept demo)	2026-09-16T02:49:34.9959050Z PASS — dependency-aware leaf frontier and --all behavior
make check (macos-latest)	make check (includes isolated install-to-accept demo)	2026-09-16T02:49:35.0739780Z PASS — collisions, dangling edges, cycles, and concurrency are reported
make check (macos-latest)	make check (includes isolated install-to-accept demo)	2026-09-16T02:49:35.2665280Z PASS — archived dependencies, supersession blocking, advisory blocks, and deterministic graph views
make check (macos-latest)	make check (includes isolated install-to-accept demo)	2026-09-16T02:49:35.7569140Z PASS — recursive task resolution and active write conflicts share one graph universe
make check (macos-latest)	make check (includes isolated install-to-accept demo)	2026-09-16T02:49:35.9461420Z PASS — dependency closure includes leaf dependencies and composition ancestors only
make check (macos-latest)	make check (includes isolated install-to-accept demo)	2026-09-16T02:49:35.9564430Z === (a) bash -n syntax check for every src/*/*.sh ===
make check (macos-latest)	make check (includes isolated install-to-accept demo)	2026-09-16T02:49:35.9606320Z   ✓ syntax ok: accept/accept-task.sh
make check (macos-latest)	make check (includes isolated install-to-accept demo)	2026-09-16T02:49:35.9647190Z   ✓ syntax ok: author/batch-generate.sh
make check (macos-latest)	make check (includes isolated install-to-accept demo)	2026-09-16T02:49:35.9683440Z   ✓ syntax ok: author/generate-task-spec.sh
make check (macos-latest)	make check (includes isolated install-to-accept demo)	2026-09-16T02:49:35.9714780Z   ✓ syntax ok: author/migrate-legacy-task.sh
make check (macos-latest)	make check (includes isolated install-to-accept demo)	2026-09-16T02:49:35.9744610Z   ✓ syntax ok: backlog/archive.sh
make check (macos-latest)	make check (includes isolated install-to-accept demo)	2026-09-16T02:49:35.9776890Z   ✓ syntax ok: backlog/backup-backlog.sh
make check (macos-latest)	make check (includes isolated install-to-accept demo)	2026-09-16T02:49:35.9811800Z   ✓ syntax ok: backlog/install-hooks.sh
make check (macos-latest)	make check (includes isolated install-to-accept demo)	2026-09-16T02:49:35.9842490Z   ✓ syntax ok: backlog/lint-backlog.sh
make check (macos-latest)	make check (includes isolated install-to-accept demo)	2026-09-16T02:49:35.9867830Z   ✓ syntax ok: backlog/list-ready.sh
make check (macos-latest)	make check (includes isolated install-to-accept demo)	2026-09-16T02:49:35.9895250Z   ✓ syntax ok: backlog/query-metrics.sh
make check (macos-latest)	make check (includes isolated install-to-accept demo)	2026-09-16T02:49:35.9920980Z   ✓ syntax ok: backlog/rebuild-state.sh
make check (macos-latest)	make check (includes isolated install-to-accept demo)	2026-09-16T02:49:35.9947640Z   ✓ syntax ok: backlog/transition-status.sh
make check (macos-latest)	make check (includes isolated install-to-accept demo)	2026-09-16T02:49:35.9977740Z   ✓ syntax ok: decompose/launch.sh
make check (macos-latest)	make check (includes isolated install-to-accept demo)	2026-09-16T02:49:36.0016080Z   ✓ syntax ok: dispatch/conformance-check.sh
make check (macos-latest)	make check (includes isolated install-to-accept demo)	2026-09-16T02:49:36.0051150Z   ✓ syntax ok: dispatch/ref-executor.sh
make check (macos-latest)	make check (includes isolated install-to-accept demo)	2026-09-16T02:49:36.0088660Z   ✓ syntax ok: gate/definition-of-done.sh
make check (macos-latest)	make check (includes isolated install-to-accept demo)	2026-09-16T02:49:36.0121330Z   ✓ syntax ok: gate/run-task-spec.sh
make check (macos-latest)	make check (includes isolated install-to-accept demo)	2026-09-16T02:49:36.0156430Z   ✓ syntax ok: gate/safe-to-delegate.sh
make check (macos-latest)	make check (includes isolated install-to-accept demo)	2026-09-16T02:49:36.0213430Z   ✓ syntax ok: gate/validate-task-spec.sh
make check (macos-latest)	make check (includes isolated install-to-accept demo)	2026-09-16T02:49:36.0257570Z   ✓ syntax ok: lib/_lib.sh
make check (macos-latest)	make check (includes isolated install-to-accept demo)	2026-09-16T02:49:36.0282210Z   ✓ syntax ok: lib/install.sh
make check (macos-latest)	make check (includes isolated install-to-accept demo)	2026-09-16T02:49:36.0310100Z   ✓ syntax ok: setup/demo.sh
make check (macos-latest)	make check (includes isolated install-to-accept demo)	2026-09-16T02:49:36.0335490Z   ✓ syntax ok: setup/init.sh
make check (macos-latest)	make check (includes isolated install-to-accept demo)	2026-09-16T02:49:36.0362340Z   ✓ syntax ok: setup/readiness.sh
make check (macos-latest)	make check (includes isolated install-to-accept demo)	2026-09-16T02:49:36.0362850Z === (b) core-path scripts contain no bash-4-only constructs ===
make check (macos-latest)	make check (includes isolated install-to-accept demo)	2026-09-16T02:49:36.0429040Z   ✓ gate/validate-task-spec.sh has no 'declare -A'
make check (macos-latest)	make check (includes isolated install-to-accept demo)	2026-09-16T02:49:36.0460660Z   ✓ gate/validate-task-spec.sh has no mapfile/readarray
make check (macos-latest)	make check (includes isolated install-to-accept demo)	2026-09-16T02:49:36.0515590Z   ✓ gate/safe-to-delegate.sh has no 'declare -A'
make check (macos-latest)	make check (includes isolated install-to-accept demo)	2026-09-16T02:49:36.0545570Z   ✓ gate/safe-to-delegate.sh has no mapfile/readarray
make check (macos-latest)	make check (includes isolated install-to-accept demo)	2026-09-16T02:49:36.0596390Z   ✓ gate/run-task-spec.sh has no 'declare -A'
make check (macos-latest)	make check (includes isolated install-to-accept demo)	2026-09-16T02:49:36.0621580Z   ✓ gate/run-task-spec.sh has no mapfile/readarray
make check (macos-latest)	make check (includes isolated install-to-accept demo)	2026-09-16T02:49:36.0681810Z   ✓ lib/_lib.sh has no 'declare -A'
make check (macos-latest)	make check (includes isolated install-to-accept demo)	2026-09-16T02:49:36.0709220Z   ✓ lib/_lib.sh has no mapfile/readarray
make check (macos-latest)	make check (includes isolated install-to-accept demo)	2026-09-16T02:49:36.0709610Z === (c) aux scripts call ts_require_bash4 ===
make check (macos-latest)	make check (includes isolated install-to-accept demo)	2026-09-16T02:49:36.0732250Z   ✓ backlog/query-metrics.sh calls ts_require_bash4
make check (macos-latest)	make check (includes isolated install-to-accept demo)	2026-09-16T02:49:36.0733560Z === (d) conformance runner + adapters are bash-3.2-clean ===
make check (macos-latest)	make check (includes isolated install-to-accept demo)	2026-09-16T02:49:36.0770310Z   ✓ syntax ok: conformance/run_conformance.sh
make check (macos-latest)	make check (includes isolated install-to-accept demo)	2026-09-16T02:49:36.0869920Z   ✓ conformance/run_conformance.sh has no bash-4-only constructs
make check (macos-latest)	make check (includes isolated install-to-accept demo)	2026-09-16T02:49:36.0895980Z   ✓ syntax ok: conformance/adapters/self.sh
make check (macos-latest)	make check (includes isolated install-to-accept demo)	2026-09-16T02:49:36.0970290Z   ✓ conformance/adapters/self.sh has no bash-4-only constructs
make check (macos-latest)	make check (includes isolated install-to-accept demo)	2026-09-16T02:49:36.0970660Z 
make check (macos-latest)	make check (includes isolated install-to-accept demo)	2026-09-16T02:49:36.0970760Z ========================================
make check (macos-latest)	make check (includes isolated install-to-accept demo)	2026-09-16T02:49:36.0971000Z Results: 37 passed, 0 failed
make check (macos-latest)	make check (includes isolated install-to-accept demo)	2026-09-16T02:49:36.0971320Z ========================================
make check (macos-latest)	make check (includes isolated install-to-accept demo)	2026-09-16T02:49:36.1936790Z ok    new requires slug and effort
make check (macos-latest)	make check (includes isolated install-to-accept demo)	2026-09-16T02:49:36.2946490Z ok    new rejects an unknown option
make check (macos-latest)	make check (includes isolated install-to-accept demo)	2026-09-16T02:49:36.4402860Z ok    new requires --format value
make check (macos-latest)	make check (includes isolated install-to-accept demo)	2026-09-16T02:49:36.6343060Z ok    metrics rejects an unknown option
make check (macos-latest)	make check (includes isolated install-to-accept demo)	2026-09-16T02:49:36.7462690Z ok    metrics requires --since value
make check (macos-latest)	make check (includes isolated install-to-accept demo)	2026-09-16T02:49:36.7563820Z CLI_USAGE=PASS checks=5
make check (macos-latest)	make check (includes isolated install-to-accept demo)	2026-09-16T02:49:52.1678480Z PASS — isolated demo reaches independent acceptance
make check (macos-latest)	make check (includes isolated install-to-accept demo)	2026-09-16T02:49:52.1898800Z == effort sizing and composition ==
make check (macos-latest)	make check (includes isolated install-to-accept demo)	2026-09-16T02:49:52.8476050Z ok    XS leaf                     
make check (macos-latest)	make check (includes isolated install-to-accept demo)	2026-09-16T02:49:53.5726640Z ok    S leaf union budget         
make check (macos-latest)	make check (includes isolated install-to-accept demo)	2026-09-16T02:49:54.3216030Z ok    M leaf                      
make check (macos-latest)	make check (includes isolated install-to-accept demo)	2026-09-16T02:49:54.8705750Z ok    L long horizon              
make check (macos-latest)	make check (includes isolated install-to-accept demo)	2026-09-16T02:49:55.4777440Z ok    L wrong backend             
make check (macos-latest)	make check (includes isolated install-to-accept demo)	2026-09-16T02:49:56.0645800Z ok    S over budget warns         
make check (macos-latest)	make check (includes isolated install-to-accept demo)	2026-09-16T02:49:56.7501170Z ok    leaf cannot have children   
make check (macos-latest)	make check (includes isolated install-to-accept demo)	2026-09-16T02:49:57.4085940Z ok    XL needs children           
make check (macos-latest)	make check (includes isolated install-to-accept demo)	2026-09-16T02:49:57.9868420Z ok    XXL needs three children    
make check (macos-latest)	make check (includes isolated install-to-accept demo)	2026-09-16T02:49:58.5961160Z ok    XL composition node         
make check (macos-latest)	make check (includes isolated install-to-accept demo)	2026-09-16T02:49:59.3109670Z ok    XXL composition node        
make check (macos-latest)	make check (includes isolated install-to-accept demo)	2026-09-16T02:49:59.9829660Z ok    node owns no writes         
make check (macos-latest)	make check (includes isolated install-to-accept demo)	2026-09-16T02:50:00.8119600Z ok    invalid child id            
make check (macos-latest)	make check (includes isolated install-to-accept demo)	2026-09-16T02:50:01.4501790Z ok    unknown size                
make check (macos-latest)	make check (includes isolated install-to-accept demo)	2026-09-16T02:50:01.4502160Z 
make check (macos-latest)	make check (includes isolated install-to-accept demo)	2026-09-16T02:50:01.4502880Z PASS — all 14 sizing rows green.
make check (macos-latest)	make check (includes isolated install-to-accept demo)	2026-09-16T02:50:17.9632190Z ENGINE_MATRIX_V2=READY
make check (macos-latest)	make check (includes isolated install-to-accept demo)	2026-09-16T02:50:18.8281050Z ENVIRONMENT_ATTESTATION=READY
make check (macos-latest)	make check (includes isolated install-to-accept demo)	2026-09-16T02:50:18.9161440Z ═══ test-extractor-fuzz.sh (adversarial extract-and-run, v3.10.0) ═══
make check (macos-latest)	make check (includes isolated install-to-accept demo)	2026-09-16T02:50:18.9432990Z ── (A) extraction correctness ──
make check (macos-latest)	make check (includes isolated install-to-accept demo)	2026-09-16T02:50:19.3521240Z   ✓ A:arith-shift extracted
make check (macos-latest)	make check (includes isolated install-to-accept demo)	2026-09-16T02:50:19.6317530Z   ✓ A:heredoc-EOF-bash extracted
make check (macos-latest)	make check (includes isolated install-to-accept demo)	2026-09-16T02:50:19.9715380Z   ✓ A:heredoc-fake-fence extracted
make check (macos-latest)	make check (includes isolated install-to-accept demo)	2026-09-16T02:50:20.4052950Z   ✓ A:heredoc-fake-header extracted
make check (macos-latest)	make check (includes isolated install-to-accept demo)	2026-09-16T02:50:20.7252490Z   ✓ A:nested-heredoc extracted
make check (macos-latest)	make check (includes isolated install-to-accept demo)	2026-09-16T02:50:20.9760010Z   ✓ A:heredoc-dquote extracted
make check (macos-latest)	make check (includes isolated install-to-accept demo)	2026-09-16T02:50:20.9762030Z ── (B) robustness invariant (no hang, no raw-error leak) ──
make check (macos-latest)	make check (includes isolated install-to-accept demo)	2026-09-16T02:50:21.2403680Z   ✓ B:emoji-body clean (EXTRACTED)
make check (macos-latest)	make check (includes isolated install-to-accept demo)	2026-09-16T02:50:21.5871920Z   ✓ B:two-evals clean (EXTRACTED)
make check (macos-latest)	make check (includes isolated install-to-accept demo)	2026-09-16T02:50:21.8363640Z   ✓ B:unbalanced-brace clean (EXTRACTED)
make check (macos-latest)	make check (includes isolated install-to-accept demo)	2026-09-16T02:50:22.1230300Z   ✓ B:fence-in-string clean (EXTRACTED)
make check (macos-latest)	make check (includes isolated install-to-accept demo)	2026-09-16T02:50:22.3834840Z   ✓ B:header-looking-cmd clean (EXTRACTED)
make check (macos-latest)	make check (includes isolated install-to-accept demo)	2026-09-16T02:50:22.6633600Z   ✓ B:backtick-cmd clean (EXTRACTED)
make check (macos-latest)	make check (includes isolated install-to-accept demo)	2026-09-16T02:50:22.9726280Z   ✓ B:comment-only clean (EXTRACTED)
make check (macos-latest)	make check (includes isolated install-to-accept demo)	2026-09-16T02:50:23.2343980Z   ✓ B:exit-in-eval clean (EXTRACTED)
make check (macos-latest)	make check (includes isolated install-to-accept demo)	2026-09-16T02:50:23.5193830Z   ✓ B:reads-stdin clean (EXTRACTED)
make check (macos-latest)	make check (includes isolated install-to-accept demo)	2026-09-16T02:50:23.7529970Z   ✓ B:many-heredocs clean (EXTRACTED)
make check (macos-latest)	make check (includes isolated install-to-accept demo)	2026-09-16T02:50:23.7530740Z ── (C) exit-check robustness (defense-in-depth, no hang on malformed Exit Check) ──
make check (macos-latest)	make check (includes isolated install-to-accept demo)	2026-09-16T02:50:24.0231280Z   ✓ C:ec-unbalanced-quote clean (EXTRACTED)
make check (macos-latest)	make check (includes isolated install-to-accept demo)	2026-09-16T02:50:24.2740900Z   ✓ C:ec-unbalanced-btick clean (EXTRACTED)
make check (macos-latest)	make check (includes isolated install-to-accept demo)	2026-09-16T02:50:24.5098330Z   ✓ C:ec-heredoc-no-close clean (EXTRACTED)
make check (macos-latest)	make check (includes isolated install-to-accept demo)	2026-09-16T02:50:24.5145560Z 
make check (macos-latest)	make check (includes isolated install-to-accept demo)	2026-09-16T02:50:24.5146060Z ========================================
make check (macos-latest)	make check (includes isolated install-to-accept demo)	2026-09-16T02:50:24.5146490Z Results: 19 passed, 0 failed
make check (macos-latest)	make check (includes isolated install-to-accept demo)	2026-09-16T02:50:24.5146760Z ========================================
make check (macos-latest)	make check (includes isolated install-to-accept demo)	2026-09-16T02:50:24.5258400Z ═══ test-hmac-envelope.sh (TaskAuthorization/v3 suite) ═══
make check (macos-latest)	make check (includes isolated install-to-accept demo)	2026-09-16T02:50:24.5258990Z ── Scenario 1: Tier 1 stamp-then-verify ──
make check (macos-latest)	make check (includes isolated install-to-accept demo)	2026-09-16T02:50:26.8868890Z   ✓ S1 sealed
make check (macos-latest)	make check (includes isolated install-to-accept demo)	2026-09-16T02:50:26.8869810Z   ✓ S1 sig-format
make check (macos-latest)	make check (includes isolated install-to-accept demo)	2026-09-16T02:50:26.8870400Z   ✓ S1 verify-tier1
make check (macos-latest)	make check (includes isolated install-to-accept demo)	2026-09-16T02:50:26.8912380Z ── Scenario 2: Tier 3 tampered body ──
make check (macos-latest)	make check (includes isolated install-to-accept demo)	2026-09-16T02:50:30.0179400Z   ✓ S2 pre-tamper-tier1
make check (macos-latest)	make check (includes isolated install-to-accept demo)	2026-09-16T02:50:30.0180220Z   ✓ S2 tamper-caught-tier3
make check (macos-latest)	make check (includes isolated install-to-accept demo)	2026-09-16T02:50:30.0253630Z ── Scenario 3: Tier 3 envelope tamper / wrong key / malformed ──
make check (macos-latest)	make check (includes isolated install-to-accept demo)	2026-09-16T02:50:38.0945240Z   ✓ S3 envelope-value-tamper
make check (macos-latest)	make check (includes isolated install-to-accept demo)	2026-09-16T02:50:38.0946040Z   ✓ S3 wrong-key-tier3
make check (macos-latest)	make check (includes isolated install-to-accept demo)	2026-09-16T02:50:38.0946680Z   ✓ S3 malformed-sig-tier3
make check (macos-latest)	make check (includes isolated install-to-accept demo)	2026-09-16T02:50:38.0996150Z ── Scenario 4: Tier 2 no-key degrade ──
make check (macos-latest)	make check (includes isolated install-to-accept demo)	2026-09-16T02:50:41.9862210Z   ✓ S4 no-key-tier2
make check (macos-latest)	make check (includes isolated install-to-accept demo)	2026-09-16T02:50:41.9863630Z   ✓ S4 legacy-nosig-tier2
make check (macos-latest)	make check (includes isolated install-to-accept demo)	2026-09-16T02:50:41.9926390Z ── Scenario 5: portability floor (crypto masked) ──
make check (macos-latest)	make check (includes isolated install-to-accept demo)	2026-09-16T02:50:45.7840500Z   ✓ S5 provider-none
make check (macos-latest)	make check (includes isolated install-to-accept demo)	2026-09-16T02:50:45.7842860Z   ✓ S5 masked-stamp-stdlib-hmac
make check (macos-latest)	make check (includes isolated install-to-accept demo)	2026-09-16T02:50:45.7843800Z   ✓ S5 masked-verify-tier2
make check (macos-latest)	make check (includes isolated install-to-accept demo)	2026-09-16T02:50:45.7902960Z ── Scenario 6: .git/info key fallback ──
make check (macos-latest)	make check (includes isolated install-to-accept demo)	2026-09-16T02:50:48.9539840Z   ✓ S6 keyfile-written
make check (macos-latest)	make check (includes isolated install-to-accept demo)	2026-09-16T02:50:48.9540300Z   ✓ S6 gitinfo-stamp-sealed
make check (macos-latest)	make check (includes isolated install-to-accept demo)	2026-09-16T02:50:48.9540560Z   ✓ S6 gitinfo-verify-tier1
make check (macos-latest)	make check (includes isolated install-to-accept demo)	2026-09-16T02:50:48.9582380Z ── Scenario 7: injection-safe --stamp-by ──
make check (macos-latest)	make check (includes isolated install-to-accept demo)	2026-09-16T02:51:01.4374420Z   ✓ S7 literal-verbatim-tier1 [build|42]
make check (macos-latest)	make check (includes isolated install-to-accept demo)	2026-09-16T02:51:01.4376540Z   ✓ S7 literal-verbatim-tier1 [a&b]
make check (macos-latest)	make check (includes isolated install-to-accept demo)	2026-09-16T02:51:01.4377990Z   ✓ S7 literal-verbatim-tier1 [team/build]
make check (macos-latest)	make check (includes isolated install-to-accept demo)	2026-09-16T02:51:01.4379240Z   ✓ S7 literal-verbatim-tier1 [X|p;s|.*|INJECTED]
make check (macos-latest)	make check (includes isolated install-to-accept demo)	2026-09-16T02:51:01.4379700Z   ✓ S7 literal-verbatim-tier1 [name with space]
make check (macos-latest)	make check (includes isolated install-to-accept demo)	2026-09-16T02:51:01.4425020Z ── Scenario 8: --require-tier1 enforcement + TIER= line ──
make check (macos-latest)	make check (includes isolated install-to-accept demo)	2026-09-16T02:51:05.9388510Z   ✓ S8 tier1-require-passes
make check (macos-latest)	make check (includes isolated install-to-accept demo)	2026-09-16T02:51:05.9390780Z   ✓ S8 tier2-require-blocks
make check (macos-latest)	make check (includes isolated install-to-accept demo)	2026-09-16T02:51:05.9391540Z   ✓ S8 tier2-noflag-delegates
make check (macos-latest)	make check (includes isolated install-to-accept demo)	2026-09-16T02:51:05.9461200Z ── Scenario 9: ts_set_frontmatter_field newline + malformed + backslash-escape ──
make check (macos-latest)	make check (includes isolated install-to-accept demo)	2026-09-16T02:51:06.1507860Z   ✓ S9 newline-rejected-file-untouched
make check (macos-latest)	make check (includes isolated install-to-accept demo)	2026-09-16T02:51:06.1508420Z   ✓ S9 malformed-frontmatter-hard-fails
make check (macos-latest)	make check (includes isolated install-to-accept demo)	2026-09-16T02:51:06.1508820Z   ✓ S9 backslash-n-written-verbatim-no-injection
make check (macos-latest)	make check (includes isolated install-to-accept demo)	2026-09-16T02:51:06.1509280Z   ✓ S9 symlink-temp-path-defused
make check (macos-latest)	make check (includes isolated install-to-accept demo)	2026-09-16T02:51:06.1531960Z ── Scenario 10: envelope v3 authorization boundary ──
make check (macos-latest)	make check (includes isolated install-to-accept demo)	2026-09-16T02:51:08.7044710Z   ✓ S10 scope-widening-caught
make check (macos-latest)	make check (includes isolated install-to-accept demo)	2026-09-16T02:51:11.3719130Z   ✓ S10 dependency-change-caught
make check (macos-latest)	make check (includes isolated install-to-accept demo)	2026-09-16T02:51:13.6743740Z   ✓ S10 budget-raise-caught
make check (macos-latest)	make check (includes isolated install-to-accept demo)	2026-09-16T02:51:15.4472230Z   ✓ S10 agent-change-caught
make check (macos-latest)	make check (includes isolated install-to-accept demo)	2026-09-16T02:51:17.3028990Z   ✓ S10 backend-reroute-caught
make check (macos-latest)	make check (includes isolated install-to-accept demo)	2026-09-16T02:51:19.2715020Z   ✓ S10 status-change-allowed
make check (macos-latest)	make check (includes isolated install-to-accept demo)	2026-09-16T02:51:22.0323800Z   ✓ S10 tracker-writeback-allowed
make check (macos-latest)	make check (includes isolated install-to-accept demo)	2026-09-16T02:51:22.0376590Z ── Scenario 11: legacy v1 verification and re-stamp ──
make check (macos-latest)	make check (includes isolated install-to-accept demo)	2026-09-16T02:51:29.2192360Z   ✓ S11 legacy-v1-tier2
make check (macos-latest)	make check (includes isolated install-to-accept demo)	2026-09-16T02:51:29.2293640Z   ✓ S11 legacy-restamped-v3
make check (macos-latest)	make check (includes isolated install-to-accept demo)	2026-09-16T02:51:29.2394950Z   ✓ S11 legacy-v2-tier2
make check (macos-latest)	make check (includes isolated install-to-accept demo)	2026-09-16T02:51:29.2419100Z   ✓ S11 legacy-v2-restamped-v3
make check (macos-latest)	make check (includes isolated install-to-accept demo)	2026-09-16T02:51:29.2425480Z ── Scenario 12: re-stamp an amended spec ──
make check (macos-latest)	make check (includes isolated install-to-accept demo)	2026-09-16T02:51:32.9602430Z   ✓ S12 edit-breaks-seal
make check (macos-latest)	make check (includes isolated install-to-accept demo)	2026-09-16T02:51:32.9702600Z   ✓ S12 amendment-resealed
make check (macos-latest)	make check (includes isolated install-to-accept demo)	2026-09-16T02:51:32.9803340Z 
make check (macos-latest)	make check (includes isolated install-to-accept demo)	2026-09-16T02:51:32.9837730Z ========================================
make check (macos-latest)	make check (includes isolated install-to-accept demo)	2026-09-16T02:51:32.9838270Z Results: 41 passed, 0 failed
make check (macos-latest)	make check (includes isolated install-to-accept demo)	2026-09-16T02:51:32.9838670Z ========================================
make check (macos-latest)	make check (includes isolated install-to-accept demo)	2026-09-16T02:51:47.2415030Z MESH_ADAPTERS=READY
make check (macos-latest)	make check (includes isolated install-to-accept demo)	2026-09-16T02:51:55.3519900Z MESH_COCKPIT=READY
make check (macos-latest)	make check (includes isolated install-to-accept demo)	2026-09-16T02:51:56.4107900Z ok  	github.com/luanmorenomaciel/task-spec/mesh/cmd/taskspec-meshd	0.074s
make check (macos-latest)	make check (includes isolated install-to-accept demo)	2026-09-16T02:52:01.2432660Z ok  	github.com/luanmorenomaciel/task-spec/mesh/internal/mesh	4.664s
make check (macos-latest)	make check (includes isolated install-to-accept demo)	2026-09-16T02:52:02.6139220Z MESH_CONTRACTS=READY
make check (macos-latest)	make check (includes isolated install-to-accept demo)	2026-09-16T02:52:04.6185480Z MESH_DAEMON=READY
make check (macos-latest)	make check (includes isolated install-to-accept demo)	2026-09-16T02:52:15.8534470Z MESH_LEASES=READY
make check (macos-latest)	make check (includes isolated install-to-accept demo)	2026-09-16T02:52:28.0356580Z MESH_ROUTING_INTEGRATION=READY
make check (macos-latest)	make check (includes isolated install-to-accept demo)	2026-09-16T02:52:38.4194400Z MESH_ADAPTERS=READY
make check (macos-latest)	make check (includes isolated install-to-accept demo)	2026-09-16T02:52:47.4448020Z MESH_COCKPIT=READY
make check (macos-latest)	make check (includes isolated install-to-accept demo)	2026-09-16T02:52:47.4685750Z MESH_RECOVERY=READY
make check (macos-latest)	make check (includes isolated install-to-accept demo)	2026-09-16T02:52:47.4686480Z MESH_CONFORMANCE=READY
make check (macos-latest)	make check (includes isolated install-to-accept demo)	2026-09-16T02:52:48.8681700Z MESH_CONTRACTS=READY
make check (macos-latest)	make check (includes isolated install-to-accept demo)	2026-09-16T02:52:51.4403180Z MESH_DAEMON=READY
make check (macos-latest)	make check (includes isolated install-to-accept demo)	2026-09-16T02:53:01.8858070Z MESH_COCKPIT=READY
make check (macos-latest)	make check (includes isolated install-to-accept demo)	2026-09-16T02:53:01.9056220Z MESH_DEMO=READY
make check (macos-latest)	make check (includes isolated install-to-accept demo)	2026-09-16T02:53:10.9231440Z INSTALL=OK
make check (macos-latest)	make check (includes isolated install-to-accept demo)	2026-09-16T02:53:10.9246370Z MESH_INSTALL=READY
make check (macos-latest)	make check (includes isolated install-to-accept demo)	2026-09-16T02:53:11.2119380Z MESH_ISOLATION=UNAVAILABLE reason=docker
make check (macos-latest)	make check (includes isolated install-to-accept demo)	2026-09-16T02:53:27.6238040Z MESH_LEASES=READY
make check (macos-latest)	make check (includes isolated install-to-accept demo)	2026-09-16T02:53:42.5790040Z MESH_ROUTING_INTEGRATION=READY
make check (macos-latest)	make check (includes isolated install-to-accept demo)	2026-09-16T02:53:42.6566920Z ═══ Step 1: Install the agent surface into a fresh tempdir ═══
make check (macos-latest)	make check (includes isolated install-to-accept demo)	2026-09-16T02:53:43.2625890Z   ✓ install.sh succeeded
make check (macos-latest)	make check (includes isolated install-to-accept demo)	2026-09-16T02:53:43.2626630Z   ✓ installed: agents/task-architect.md
make check (macos-latest)	make check (includes isolated install-to-accept demo)	2026-09-16T02:53:43.2627280Z   ✓ installed: skills/task-spec/SKILL.md
make check (macos-latest)	make check (includes isolated install-to-accept demo)	2026-09-16T02:53:43.2666520Z 
make check (macos-latest)	make check (includes isolated install-to-accept demo)	2026-09-16T02:53:43.2668190Z ═══ Step 2: --version reports task-spec v3.10.0 ═══
make check (macos-latest)	make check (includes isolated install-to-accept demo)	2026-09-16T02:53:43.2863640Z   ✓ install --version → task-spec v3.10.0
make check (macos-latest)	make check (includes isolated install-to-accept demo)	2026-09-16T02:53:43.3063380Z   ✓ validate-task-spec --version → task-spec v3.10.0
make check (macos-latest)	make check (includes isolated install-to-accept demo)	2026-09-16T02:53:43.3228880Z   ✓ safe-to-delegate --version → task-spec v3.10.0
make check (macos-latest)	make check (includes isolated install-to-accept demo)	2026-09-16T02:53:43.3436610Z   ✓ generate-task-spec --version → task-spec v3.10.0
make check (macos-latest)	make check (includes isolated install-to-accept demo)	2026-09-16T02:53:43.3609070Z   ✓ list-ready --version → task-spec v3.10.0
make check (macos-latest)	make check (includes isolated install-to-accept demo)	2026-09-16T02:53:43.3609920Z 
make check (macos-latest)	make check (includes isolated install-to-accept demo)	2026-09-16T02:53:43.3610690Z ═══ Step 3: GENERATE a spec ═══
make check (macos-latest)	make check (includes isolated install-to-accept demo)	2026-09-16T02:53:43.6110930Z   ✓ generator wrote a spec
make check (macos-latest)	make check (includes isolated install-to-accept demo)	2026-09-16T02:53:43.6143570Z   ✓ generator stamped version 3.10.0
make check (macos-latest)	make check (includes isolated install-to-accept demo)	2026-09-16T02:53:43.6177410Z   ✓ generator printed --stamp breadcrumb
make check (macos-latest)	make check (includes isolated install-to-accept demo)	2026-09-16T02:53:43.6218740Z   ✓ spec file present at tasks/T-20260916-e2e-health-endpoint.md
make check (macos-latest)	make check (includes isolated install-to-accept demo)	2026-09-16T02:53:43.6219580Z 
make check (macos-latest)	make check (includes isolated install-to-accept demo)	2026-09-16T02:53:43.6220250Z ═══ Step 4: Fill stubs (synthesize a minimal valid spec) ═══
make check (macos-latest)	make check (includes isolated install-to-accept demo)	2026-09-16T02:53:43.6278800Z captured spec id: T-20260916-e2e-health-endpoint
make check (macos-latest)	make check (includes isolated install-to-accept demo)	2026-09-16T02:53:44.7453330Z   ✓ validate-task-spec.sh exits 0 on synthesized spec
make check (macos-latest)	make check (includes isolated install-to-accept demo)	2026-09-16T02:53:44.7454270Z 
make check (macos-latest)	make check (includes isolated install-to-accept demo)	2026-09-16T02:53:44.7455430Z ═══ Step 5: GATE (taskspec gate --stamp) ═══
make check (macos-latest)	make check (includes isolated install-to-accept demo)	2026-09-16T02:53:46.0516570Z   ✓ gate reported DELEGATE
make check (macos-latest)	make check (includes isolated install-to-accept demo)	2026-09-16T02:53:46.0563220Z   ✓ gate stamped signed_off:true
make check (macos-latest)	make check (includes isolated install-to-accept demo)	2026-09-16T02:53:46.0717280Z   ✓ spec frontmatter signed_off: true
make check (macos-latest)	make check (includes isolated install-to-accept demo)	2026-09-16T02:53:46.0718070Z   ✓ spec frontmatter signed_off_by: e2e-test
make check (macos-latest)	make check (includes isolated install-to-accept demo)	2026-09-16T02:53:46.0718540Z   ✓ spec frontmatter signed_off_at is ISO-8601
make check (macos-latest)	make check (includes isolated install-to-accept demo)	2026-09-16T02:53:46.9205370Z   ✓ validate accepts the stamped spec (sign-off envelope OK)
make check (macos-latest)	make check (includes isolated install-to-accept demo)	2026-09-16T02:53:46.9205760Z 
make check (macos-latest)	make check (includes isolated install-to-accept demo)	2026-09-16T02:53:46.9206020Z ═══ Step 6: Schema fidelity (Python consumer) ═══
make check (macos-latest)	make check (includes isolated install-to-accept demo)	2026-09-16T02:53:46.9240170Z   ✓ copied golden fixture into tempdir
make check (macos-latest)	make check (includes isolated install-to-accept demo)	2026-09-16T02:53:46.9240830Z   ✓ python consumer present at docs/examples/consume-task-spec.py
make check (macos-latest)	make check (includes isolated install-to-accept demo)	2026-09-16T02:53:46.9241470Z   ✓ python consumer canonical schemas are packaged under spec/schemas
make check (macos-latest)	make check (includes isolated install-to-accept demo)	2026-09-16T02:53:47.0891870Z   ✓ python consumer parsed golden fixture (exit 0)
make check (macos-latest)	make check (includes isolated install-to-accept demo)	2026-09-16T02:53:47.0892260Z 
make check (macos-latest)	make check (includes isolated install-to-accept demo)	2026-09-16T02:53:47.0892580Z ═══ Step 7: Cross-engine equivalence (Python vs TypeScript) ═══
make check (macos-latest)	make check (includes isolated install-to-accept demo)	2026-09-16T02:53:47.2542830Z   ✓ node present (v24.20.0) — attempting cross-engine proof
make check (macos-latest)	make check (includes isolated install-to-accept demo)	2026-09-16T02:53:47.2547330Z   installing TS consumer deps (npm install, 120s budget)…
make check (macos-latest)	make check (includes isolated install-to-accept demo)	2026-09-16T02:53:52.3678230Z   ✓ typescript consumer parsed golden fixture (exit 0)
make check (macos-latest)	make check (includes isolated install-to-accept demo)	2026-09-16T02:53:52.4613020Z   ✓ cross-engine equivalence: id/status/execution_backend/signed_off + ordered eval_ids + canonicalized validation_card ALL EQUAL
make check (macos-latest)	make check (includes isolated install-to-accept demo)	2026-09-16T02:53:52.4616200Z       both engines: {"eval_ids": ["eval_1"], "execution_backend": "any", "id": "T-20260602-golden", "signed_off": false, "status": "ready", "validation_card": {"agent_contract": {"read": ["intent", "contract", "guardrails", "operations"]}, "retry_policy": {"circuit_breaker_no_progress": 3, "max_iterations": 15, "on_terminal_failure": "park_with_context"}, "success_criteria_keys": [{"check_type": "deterministic", "description": "synthetic", "expected_duration_sec": 1, "id": "eval_1", "runnable": "bash", "terminal": true}]}}
make check (macos-latest)	make check (includes isolated install-to-accept demo)	2026-09-16T02:53:52.4652730Z 
make check (macos-latest)	make check (includes isolated install-to-accept demo)	2026-09-16T02:53:52.4652860Z ========================================
make check (macos-latest)	make check (includes isolated install-to-accept demo)	2026-09-16T02:53:52.4653200Z Results: 26 passed, 0 failed
make check (macos-latest)	make check (includes isolated install-to-accept demo)	2026-09-16T02:53:52.4653540Z ========================================
make check (macos-latest)	make check (includes isolated install-to-accept demo)	2026-09-16T02:53:53.6054320Z OFFICIAL_PROTOCOL_SDK=UNAVAILABLE retained evidence verified
make check (macos-latest)	make check (includes isolated install-to-accept demo)	2026-09-16T02:53:53.6055600Z PROTOCOL_CONFORMANCE=READY
make check (macos-latest)	make check (includes isolated install-to-accept demo)	2026-09-16T02:53:53.6477600Z README_COMMANDS=READY commands=24 images=4 mermaid=2
make check (macos-latest)	make check (includes isolated install-to-accept demo)	2026-09-16T02:53:53.7038540Z RELEASE_STATUS=OK
make check (macos-latest)	make check (includes isolated install-to-accept demo)	2026-09-16T02:53:53.8236740Z CLI_REFERENCE=OK
make check (macos-latest)	make check (includes isolated install-to-accept demo)	2026-09-16T02:53:55.2805670Z RELEASE_AUDIT_TESTS=READY
make check (macos-latest)	make check (includes isolated install-to-accept demo)	2026-09-16T02:53:55.5865580Z RELEASE_EVIDENCE_CONTRACTS=READY
make check (macos-latest)	make check (includes isolated install-to-accept demo)	2026-09-16T02:54:15.3597470Z RELEASE_PACKAGING=READY
make check (macos-latest)	make check (includes isolated install-to-accept demo)	2026-09-16T02:54:16.1607880Z tests/test-release-provenance.sh: line 77: rg: command not found
make check (macos-latest)	make check (includes isolated install-to-accept demo)	2026-09-16T02:54:16.2226030Z PRIVATE_PROVENANCE=READY
make check (macos-latest)	make check (includes isolated install-to-accept demo)	2026-09-16T02:54:16.2351360Z test-repo-layout.sh
make check (macos-latest)	make check (includes isolated install-to-accept demo)	2026-09-16T02:54:16.2356310Z ════════════════════════════════════════
make check (macos-latest)	make check (includes isolated install-to-accept demo)	2026-09-16T02:54:16.2716280Z   ok   top-level directories match the manifest (16 declared)
make check (macos-latest)	make check (includes isolated install-to-accept demo)	2026-09-16T02:54:16.2956860Z   ok   root files match the manifest (16 declared)
make check (macos-latest)	make check (includes isolated install-to-accept demo)	2026-09-16T02:54:16.3709410Z   ok   every top-level directory appears in the AGENTS.md layout table
make check (macos-latest)	make check (includes isolated install-to-accept demo)	2026-09-16T02:54:16.5692710Z   ok   no undeclared single-file top-level directory
make check (macos-latest)	make check (includes isolated install-to-accept demo)	2026-09-16T02:54:16.5795670Z   ok   no retired top-level or nested path reappeared
make check (macos-latest)	make check (includes isolated install-to-accept demo)	2026-09-16T02:54:18.7319120Z   ok   no live file references a pre-consolidation path
make check (macos-latest)	make check (includes isolated install-to-accept demo)	2026-09-16T02:54:18.8331190Z   ok   every byte-for-byte SKILL.md copy matches root SKILL.md
make check (macos-latest)	make check (includes isolated install-to-accept demo)	2026-09-16T02:54:18.8492020Z   ok   fixtures live under exactly one root (tests/fixtures/)
make check (macos-latest)	make check (includes isolated install-to-accept demo)	2026-09-16T02:54:18.8887210Z   ok   every digest-pinned evidence path still resolves
make check (macos-latest)	make check (includes isolated install-to-accept demo)	2026-09-16T02:54:18.9016670Z   ok   docs/runbooks/ stays closed (12 of 12; new how-tos go in docs/guides/)
make check (macos-latest)	make check (includes isolated install-to-accept demo)	2026-09-16T02:54:18.9018560Z   ok   every grouped directory has a README or index
make check (macos-latest)	make check (includes isolated install-to-accept demo)	2026-09-16T02:54:18.9020270Z ════════════════════════════════════════
make check (macos-latest)	make check (includes isolated install-to-accept demo)	2026-09-16T02:54:18.9021430Z REPO_LAYOUT=OK (11 checks)
make check (macos-latest)	make check (includes isolated install-to-accept demo)	2026-09-16T02:54:18.9109910Z test-repo-organization-e2e.sh
make check (macos-latest)	make check (includes isolated install-to-accept demo)	2026-09-16T02:54:18.9111130Z ════════════════════════════════════════
make check (macos-latest)	make check (includes isolated install-to-accept demo)	2026-09-16T02:54:18.9275100Z   ok   live backlog has 2 open T-*.md file(s)
make check (macos-latest)	make check (includes isolated install-to-accept demo)	2026-09-16T02:54:18.9645630Z   ok   every parked spec is a non-executable composition node (2)
make check (macos-latest)	make check (includes isolated install-to-accept demo)	2026-09-16T02:54:19.4283150Z   ok   every accepted done leaf has an AcceptanceRecord (34)
make check (macos-latest)	make check (includes isolated install-to-accept demo)	2026-09-16T02:54:19.4284680Z   ok   tasks/.plans/ still has the 3.8.1 and 3.9.0 TaskPlan manifests
make check (macos-latest)	make check (includes isolated install-to-accept demo)	2026-09-16T02:54:19.4454890Z   ok   spec README, docs/index, and root README agree on orientation
make check (macos-latest)	make check (includes isolated install-to-accept demo)	2026-09-16T02:54:19.4892590Z   ok   taskspec doctor → DOCTOR=READY
make check (macos-latest)	make check (includes isolated install-to-accept demo)	2026-09-16T02:54:26.3302590Z   ok   taskspec demo walks plan → seal → handoff → accept
make check (macos-latest)	make check (includes isolated install-to-accept demo)	2026-09-16T02:54:26.5770310Z   ok   graph --check is clean and ready rows agree with the live backlog
make check (macos-latest)	make check (includes isolated install-to-accept demo)	2026-09-16T02:54:31.4112580Z   ok   every parked composition node still validates
make check (macos-latest)	make check (includes isolated install-to-accept demo)	2026-09-16T02:54:31.4116100Z ════════════════════════════════════════
make check (macos-latest)	make check (includes isolated install-to-accept demo)	2026-09-16T02:54:31.4117270Z REPO_ORGANIZATION=OK (9 checks)
make check (macos-latest)	make check (includes isolated install-to-accept demo)	2026-09-16T02:54:31.6176530Z SCHEMAS=READY count=58 fixtures=18
make check (macos-latest)	make check (includes isolated install-to-accept demo)	2026-09-16T02:54:31.6700900Z === 1. generate-task-spec.sh ===
make check (macos-latest)	make check (includes isolated install-to-accept demo)	2026-09-16T02:54:31.9762140Z   ✓ generator created tasks/T-20260916-test-self-test-suite.md
make check (macos-latest)	make check (includes isolated install-to-accept demo)	2026-09-16T02:54:31.9818230Z   ✓ id in frontmatter matches filename
make check (macos-latest)	make check (includes isolated install-to-accept demo)	2026-09-16T02:54:31.9819260Z === 2. Fill generated file with valid v2 content ===
make check (macos-latest)	make check (includes isolated install-to-accept demo)	2026-09-16T02:54:31.9857680Z   ✓ wrote valid v2 task spec
make check (macos-latest)	make check (includes isolated install-to-accept demo)	2026-09-16T02:54:31.9862650Z === 3. validate-task-spec.sh (expect PASS) ===
make check (macos-latest)	make check (includes isolated install-to-accept demo)	2026-09-16T02:54:32.8285480Z   ✓ validator passes on valid task
make check (macos-latest)	make check (includes isolated install-to-accept demo)	2026-09-16T02:54:32.8287470Z === 4. validate-task-spec.sh with controlled error (expect FAIL) ===
make check (macos-latest)	make check (includes isolated install-to-accept demo)	2026-09-16T02:54:33.4673290Z   ✓ validator catches placeholder regression
make check (macos-latest)	make check (includes isolated install-to-accept demo)	2026-09-16T02:54:34.9442910Z   ✓ pre-gate authorizes the unbuilt task
make check (macos-latest)	make check (includes isolated install-to-accept demo)	2026-09-16T02:54:34.9444520Z === 5. transition-status.sh: ready → in-progress ===
make check (macos-latest)	make check (includes isolated install-to-accept demo)	2026-09-16T02:54:35.4045890Z   ✓ transition to in-progress succeeds
make check (macos-latest)	make check (includes isolated install-to-accept demo)	2026-09-16T02:54:35.4101180Z   ✓ status updated to in-progress
make check (macos-latest)	make check (includes isolated install-to-accept demo)	2026-09-16T02:54:35.4106530Z   ✓ file remains in tasks/ for active status
make check (macos-latest)	make check (includes isolated install-to-accept demo)	2026-09-16T02:54:35.5198750Z   ✓ transition to done is blocked before acceptance
make check (macos-latest)	make check (includes isolated install-to-accept demo)	2026-09-16T02:54:36.3713440Z   ✓ post-gate accepts and stamps the completed task
make check (macos-latest)	make check (includes isolated install-to-accept demo)	2026-09-16T02:54:36.3714330Z === 6. transition-status.sh: in-progress → done ===
make check (macos-latest)	make check (includes isolated install-to-accept demo)	2026-09-16T02:54:37.0319300Z   ✓ transition to done succeeds
make check (macos-latest)	make check (includes isolated install-to-accept demo)	2026-09-16T02:54:37.0320330Z   ✓ file moved to tasks/done/
make check (macos-latest)	make check (includes isolated install-to-accept demo)	2026-09-16T02:54:37.0321100Z   ✓ file no longer in tasks/
make check (macos-latest)	make check (includes isolated install-to-accept demo)	2026-09-16T02:54:37.0321920Z === 7. rebuild-state.sh ===
make check (macos-latest)	make check (includes isolated install-to-accept demo)	2026-09-16T02:54:37.2604410Z   ✓ rebuild-state succeeds
make check (macos-latest)	make check (includes isolated install-to-accept demo)	2026-09-16T02:54:37.2605280Z   ✓ _state.yaml created
make check (macos-latest)	make check (includes isolated install-to-accept demo)	2026-09-16T02:54:37.2636920Z   ✓ _state.yaml contains test task
make check (macos-latest)	make check (includes isolated install-to-accept demo)	2026-09-16T02:54:37.2679150Z   ✓ _state.yaml reflects done status
make check (macos-latest)	make check (includes isolated install-to-accept demo)	2026-09-16T02:54:37.4779510Z   ✓ rebuild-state is byte-deterministic
make check (macos-latest)	make check (includes isolated install-to-accept demo)	2026-09-16T02:54:37.4780690Z === 8. list-ready.sh ===
make check (macos-latest)	make check (includes isolated install-to-accept demo)	2026-09-16T02:54:37.5564780Z   ✓ list-ready excludes done task
make check (macos-latest)	make check (includes isolated install-to-accept demo)	2026-09-16T02:54:37.5566410Z === 9. archive.sh ===
make check (macos-latest)	make check (includes isolated install-to-accept demo)	2026-09-16T02:54:37.7815610Z   ✓ archive is no-op for already-archived task
make check (macos-latest)	make check (includes isolated install-to-accept demo)	2026-09-16T02:54:37.7820610Z === 10. backup-backlog.sh ===
make check (macos-latest)	make check (includes isolated install-to-accept demo)	2026-09-16T02:54:37.8315330Z   ✓ backup-backlog succeeds
make check (macos-latest)	make check (includes isolated install-to-accept demo)	2026-09-16T02:54:37.8361460Z   ✓ backup archive created
make check (macos-latest)	make check (includes isolated install-to-accept demo)	2026-09-16T02:54:37.8362410Z === 11. safe-to-delegate.sh (pre-delegation gate) ===
make check (macos-latest)	make check (includes isolated install-to-accept demo)	2026-09-16T02:54:39.6688300Z   ✓ safe-to-delegate clears a valid spec
make check (macos-latest)	make check (includes isolated install-to-accept demo)	2026-09-16T02:54:41.1820970Z   ✓ safe-to-delegate blocks a broken-eval spec
make check (macos-latest)	make check (includes isolated install-to-accept demo)	2026-09-16T02:54:41.1862910Z 
make check (macos-latest)	make check (includes isolated install-to-accept demo)	2026-09-16T02:54:41.1967010Z ========================================
make check (macos-latest)	make check (includes isolated install-to-accept demo)	2026-09-16T02:54:41.2068460Z Results: 25 passed, 0 failed
make check (macos-latest)	make check (includes isolated install-to-accept demo)	2026-09-16T02:54:41.2169420Z ========================================
make check (macos-latest)	make check (includes isolated install-to-accept demo)	2026-09-16T02:54:41.2270690Z MESH_ISOLATION=UNAVAILABLE reason=docker
make check (macos-latest)	make check (includes isolated install-to-accept demo)	2026-09-16T02:54:41.6468620Z TOOLKIT_AUTHORING=PASS
make check (macos-latest)	make check (includes isolated install-to-accept demo)	2026-09-16T02:54:41.7086650Z TOOLKIT_CONFORMANCE=PASS optional recipe, self-contained schemas, and complete lineage shape
make check (macos-latest)	make check (includes isolated install-to-accept demo)	2026-09-16T02:54:41.7503510Z TOOLKIT_CI=CONFIGURED hosted execution not inferred
make check (macos-latest)	make check (includes isolated install-to-accept demo)	2026-09-16T02:54:53.0177030Z TOOLKIT_CLI=PASS
make check (macos-latest)	make check (includes isolated install-to-accept demo)	2026-09-16T02:55:08.2208800Z TOOLKIT_DECOMPOSE=PASS
make check (macos-latest)	make check (includes isolated install-to-accept demo)	2026-09-16T02:55:08.3647150Z TOOLKIT_EXPERIENCE=PASS static resources and trace-oracle negatives; live chat quality not inferred
make check (macos-latest)	make check (includes isolated install-to-accept demo)	2026-09-16T02:55:09.9038550Z TOOLKIT_GUIDES=PASS
make check (macos-latest)	make check (includes isolated install-to-accept demo)	2026-09-16T02:55:32.5885260Z TOOLKIT_DECOMPOSE=PASS
make check (macos-latest)	make check (includes isolated install-to-accept demo)	2026-09-16T02:55:37.9299320Z TOOLKIT_INSTALL=PASS clean private runtime, path spaces, version identity, and corrupted-resource refusal
make check (macos-latest)	make check (includes isolated install-to-accept demo)	2026-09-16T02:55:38.9610570Z ok  	github.com/luanmorenomaciel/task-spec/mesh/internal/mesh	(cached)
make check (macos-latest)	make check (includes isolated install-to-accept demo)	2026-09-16T02:55:54.3971210Z TOOLKIT_MESH=PASS
make check (macos-latest)	make check (includes isolated install-to-accept demo)	2026-09-16T02:55:54.5685680Z TOOLKIT_PERMISSION_GUARD=PASS recorded denial stops continuation; ordinary eval and validation failures remain distinct
make check (macos-latest)	make check (includes isolated install-to-accept demo)	2026-09-16T02:55:54.7669030Z {"state": "paused", "before_block": 1, "reason": "Review the observed permission denial.", "next": "Inspect retained runs and remove the explicit PAUSE file only when authorized to continue."}
make check (macos-latest)	make check (includes isolated install-to-accept demo)	2026-09-16T02:55:54.7690390Z {"id": "1-codex", "exit_code": 0, "run_id": "denied-cell", "accepted": false, "error": "permission denied", "elapsed_seconds": 1, "cost_usd": 0, "permission_denied": true}
make check (macos-latest)	make check (includes isolated install-to-accept demo)	2026-09-16T02:55:54.7691940Z {"id": "1-claude", "exit_code": 0, "run_id": "denied-cell", "accepted": false, "error": "permission denied", "elapsed_seconds": 1, "cost_usd": 0, "permission_denied": true}
make check (macos-latest)	make check (includes isolated install-to-accept demo)	2026-09-16T02:55:54.9057550Z TOOLKIT_PILOT_RECORDING=PASS prospective intervals, censored failures, retained outputs, tamper detection, cohort pause
make check (macos-latest)	make check (includes isolated install-to-accept demo)	2026-09-16T02:55:56.3614050Z TOOLKIT_PUBLIC_EVALUATOR=PASS exact local resources; script and fixture substitution refused
make check (macos-latest)	make check (includes isolated install-to-accept demo)	2026-09-16T02:55:56.4743190Z TOOLKIT_RUNTIME=PASS
make check (macos-latest)	make check (includes isolated install-to-accept demo)	2026-09-16T02:55:57.1884120Z TOOLKIT_SDLC=PASS
make check (macos-latest)	make check (includes isolated install-to-accept demo)	2026-09-16T02:55:57.2916110Z === Phase 1: AUTHOR a solvable v3 standard spec ===
make check (macos-latest)	make check (includes isolated install-to-accept demo)	2026-09-16T02:55:57.2952890Z   ✓ spec file authored
make check (macos-latest)	make check (includes isolated install-to-accept demo)	2026-09-16T02:55:57.2953900Z === Phase 2: VALIDATE (structural + profile + traceability) ===
make check (macos-latest)	make check (includes isolated install-to-accept demo)	2026-09-16T02:55:57.8794940Z   ✓ validate passes (rc=0)
make check (macos-latest)	make check (includes isolated install-to-accept demo)	2026-09-16T02:55:57.8821060Z   ✓ validate reports v3 + standard profile
make check (macos-latest)	make check (includes isolated install-to-accept demo)	2026-09-16T02:55:57.8846170Z   ✓ validate maps status→A2A submitted
make check (macos-latest)	make check (includes isolated install-to-accept demo)	2026-09-16T02:55:57.8847050Z === Phase 3: PRE-GATE (safe-to-delegate --stamp) ===
make check (macos-latest)	make check (includes isolated install-to-accept demo)	2026-09-16T02:55:58.7804080Z   ✓ pre-gate verdict DELEGATE (rc=0)
make check (macos-latest)	make check (includes isolated install-to-accept demo)	2026-09-16T02:55:58.7828910Z   ✓ pre-gate stamped signed_off: true
make check (macos-latest)	make check (includes isolated install-to-accept demo)	2026-09-16T02:55:58.7851690Z   ✓ pre-gate sealed HMAC (Tier 1)
make check (macos-latest)	make check (includes isolated install-to-accept demo)	2026-09-16T02:55:59.4473340Z === Phase 4: DISPATCH (reference executor drives the work) ===
make check (macos-latest)	make check (includes isolated install-to-accept demo)	2026-09-16T02:55:59.8114740Z   ✓ executor created src/feature.txt == 'done'
make check (macos-latest)	make check (includes isolated install-to-accept demo)	2026-09-16T02:55:59.8133700Z   ✓ executor leaves passing work in-progress pending acceptance
make check (macos-latest)	make check (includes isolated install-to-accept demo)	2026-09-16T02:55:59.8134200Z === Phase 5: ACCEPT (post-execution gate) ===
make check (macos-latest)	make check (includes isolated install-to-accept demo)	2026-09-16T02:56:00.3739120Z     accept-task: /var/folders/36/tjdph2t965j8snz9_vkdnw0r0000gn/T/tmp.o1Ah905RMU/tasks/T-20260618-e2e-closed-loop.md
make check (macos-latest)	make check (includes isolated install-to-accept demo)	2026-09-16T02:56:00.3740290Z     ────────────────────────────────────────────────────────
make check (macos-latest)	make check (includes isolated install-to-accept demo)	2026-09-16T02:56:00.3749760Z     A. Independent evaluation ...
make check (macos-latest)	make check (includes isolated install-to-accept demo)	2026-09-16T02:56:00.3750280Z        PASS — Exit Check returned 0
make check (macos-latest)	make check (includes isolated install-to-accept demo)	2026-09-16T02:56:00.3750730Z     B. Handoff, graph, base commit, and blast radius ...
make check (macos-latest)	make check (includes isolated install-to-accept demo)	2026-09-16T02:56:00.3751310Z        PASS — revision, closure, Git base, and write scope agree
make check (macos-latest)	make check (includes isolated install-to-accept demo)	2026-09-16T02:56:00.3751680Z     C. Authorization integrity ...
make check (macos-latest)	make check (includes isolated install-to-accept demo)	2026-09-16T02:56:00.3752140Z        PASS — TaskAuthorization/v3 verifies
make check (macos-latest)	make check (includes isolated install-to-accept demo)	2026-09-16T02:56:00.3752560Z     E. Sealed evidence policy ...
make check (macos-latest)	make check (includes isolated install-to-accept demo)	2026-09-16T02:56:00.3753040Z        PASS — required evidence matches this attempt
make check (macos-latest)	make check (includes isolated install-to-accept demo)	2026-09-16T02:56:00.3753650Z     ────────────────────────────────────────────────────────
make check (macos-latest)	make check (includes isolated install-to-accept demo)	2026-09-16T02:56:00.3756460Z        stamped — {"acceptance_record": "/private/var/folders/36/tjdph2t965j8snz9_vkdnw0r0000gn/T/tmp.o1Ah905RMU/.taskspec/acceptance/T-20260618-e2e-closed-loop/21c7f10f-0688-47bd-88b9-47c6bc209578.json", "acceptance_record_digest": "sha256:19ca1c925edc24cf6b7236933e110bbab5d179f0eba59d263e7d37a4ca6695c0", "accepted": true, "attempt_id": "21c7f10f-0688-47bd-88b9-47c6bc209578", "contract": "AcceptanceFinalized/v1", "task_id": "T-20260618-e2e-closed-loop", "tier": 1}
make check (macos-latest)	make check (includes isolated install-to-accept demo)	2026-09-16T02:56:00.3758880Z     VERDICT: ACCEPT — Tier 1 evidence is bound to the authorized task attempt
make check (macos-latest)	make check (includes isolated install-to-accept demo)	2026-09-16T02:56:00.3759360Z     ACCEPTED=1
make check (macos-latest)	make check (includes isolated install-to-accept demo)	2026-09-16T02:56:00.3759800Z   ✓ accept verdict ACCEPT (rc=0)
make check (macos-latest)	make check (includes isolated install-to-accept demo)	2026-09-16T02:56:00.3773300Z   ✓ accept stamped accepted: true
make check (macos-latest)	make check (includes isolated install-to-accept demo)	2026-09-16T02:56:00.3804860Z   ✓ accept emitted ACCEPTED=1
make check (macos-latest)	make check (includes isolated install-to-accept demo)	2026-09-16T02:56:00.3834800Z   ✓ accept GATE A (evals pass) reported
make check (macos-latest)	make check (includes isolated install-to-accept demo)	2026-09-16T02:56:00.3835970Z === Phase 6: NEGATIVE — blast-radius breach is REJECTED ===
make check (macos-latest)	make check (includes isolated install-to-accept demo)	2026-09-16T02:56:00.9162970Z   ✓ breach REJECTED (rc=1)
make check (macos-latest)	make check (includes isolated install-to-accept demo)	2026-09-16T02:56:00.9193500Z   ✓ breach names the out-of-scope file
make check (macos-latest)	make check (includes isolated install-to-accept demo)	2026-09-16T02:56:01.3740690Z   ✓ accepted work transitions status → done
make check (macos-latest)	make check (includes isolated install-to-accept demo)	2026-09-16T02:56:01.3744690Z === Phase 7: LOOP CLOSED — final spec validates with full envelope ===
make check (macos-latest)	make check (includes isolated install-to-accept demo)	2026-09-16T02:56:02.0672790Z   ✓ final validate passes
make check (macos-latest)	make check (includes isolated install-to-accept demo)	2026-09-16T02:56:02.0696110Z   ✓ final validate confirms Tier-1 HMAC
make check (macos-latest)	make check (includes isolated install-to-accept demo)	2026-09-16T02:56:02.0696520Z 
make check (macos-latest)	make check (includes isolated install-to-accept demo)	2026-09-16T02:56:02.0696890Z ========================================
make check (macos-latest)	make check (includes isolated install-to-accept demo)	2026-09-16T02:56:02.0697330Z Results: 18 passed, 0 failed
make check (macos-latest)	make check (includes isolated install-to-accept demo)	2026-09-16T02:56:02.0698330Z ========================================
make check (macos-latest)	make check (includes isolated install-to-accept demo)	2026-09-16T02:56:02.0880220Z == install ==
make check (macos-latest)	make check (includes isolated install-to-accept demo)	2026-09-16T02:56:02.8392970Z   ✓ copy install
make check (macos-latest)	make check (includes isolated install-to-accept demo)	2026-09-16T02:56:03.2278770Z   ✓ idempotent install
make check (macos-latest)	make check (includes isolated install-to-accept demo)	2026-09-16T02:56:03.3519270Z   ✓ equivalent harness skills
make check (macos-latest)	make check (includes isolated install-to-accept demo)	2026-09-16T02:56:04.0233520Z   ✓ global user install
make check (macos-latest)	make check (includes isolated install-to-accept demo)	2026-09-16T02:56:04.1860020Z   ✓ checkout symlink install
make check (macos-latest)	make check (includes isolated install-to-accept demo)	2026-09-16T02:56:04.8810970Z   ✓ skills-only install
make check (macos-latest)	make check (includes isolated install-to-accept demo)	2026-09-16T02:56:05.4596910Z   ✓ unmanaged destination is preserved
make check (macos-latest)	make check (includes isolated install-to-accept demo)	2026-09-16T02:56:06.4468840Z   ✓ forced replacement leaves a backup
make check (macos-latest)	make check (includes isolated install-to-accept demo)	2026-09-16T02:56:06.9512410Z   ✓ managed launcher upgrades safely
make check (macos-latest)	make check (includes isolated install-to-accept demo)	2026-09-16T02:56:06.9688630Z   ✓ installed version
make check (macos-latest)	make check (includes isolated install-to-accept demo)	2026-09-16T02:56:10.7503610Z   ✓ installed isolated demo
make check (macos-latest)	make check (includes isolated install-to-accept demo)	2026-09-16T02:56:10.7934620Z   ✓ agent context JSON
make check (macos-latest)	make check (includes isolated install-to-accept demo)	2026-09-16T02:56:10.8343490Z   ✓ agent context covers the complete public command and schema surfaces
make check (macos-latest)	make check (includes isolated install-to-accept demo)	2026-09-16T02:56:10.8483540Z   ✓ agent guidance surfaces share the 3.9 lifecycle
make check (macos-latest)	make check (includes isolated install-to-accept demo)	2026-09-16T02:56:10.9211400Z   ✓ global JSON envelope
make check (macos-latest)	make check (includes isolated install-to-accept demo)	2026-09-16T02:56:10.9559840Z   ✓ per-command help init
make check (macos-latest)	make check (includes isolated install-to-accept demo)	2026-09-16T02:56:10.9906720Z   ✓ per-command help setup
make check (macos-latest)	make check (includes isolated install-to-accept demo)	2026-09-16T02:56:11.0254410Z   ✓ per-command help demo
make check (macos-latest)	make check (includes isolated install-to-accept demo)	2026-09-16T02:56:11.0607630Z   ✓ per-command help new
make check (macos-latest)	make check (includes isolated install-to-accept demo)	2026-09-16T02:56:11.0956420Z   ✓ per-command help plan
make check (macos-latest)	make check (includes isolated install-to-accept demo)	2026-09-16T02:56:11.1305840Z   ✓ per-command help batch
make check (macos-latest)	make check (includes isolated install-to-accept demo)	2026-09-16T02:56:11.1658410Z   ✓ per-command help migrate
make check (macos-latest)	make check (includes isolated install-to-accept demo)	2026-09-16T02:56:11.2006920Z   ✓ per-command help validate
make check (macos-latest)	make check (includes isolated install-to-accept demo)	2026-09-16T02:56:11.2355760Z   ✓ per-command help dod
make check (macos-latest)	make check (includes isolated install-to-accept demo)	2026-09-16T02:56:11.2709020Z   ✓ per-command help gate
make check (macos-latest)	make check (includes isolated install-to-accept demo)	2026-09-16T02:56:11.3062530Z   ✓ per-command help handoff
make check (macos-latest)	make check (includes isolated install-to-accept demo)	2026-09-16T02:56:11.3420430Z   ✓ per-command help run
make check (macos-latest)	make check (includes isolated install-to-accept demo)	2026-09-16T02:56:11.3773060Z   ✓ per-command help accept
make check (macos-latest)	make check (includes isolated install-to-accept demo)	2026-09-16T02:56:11.4141200Z   ✓ per-command help author-doctor
make check (macos-latest)	make check (includes isolated install-to-accept demo)	2026-09-16T02:56:11.4539880Z   ✓ per-command help holdout
make check (macos-latest)	make check (includes isolated install-to-accept demo)	2026-09-16T02:56:11.4903050Z   ✓ per-command help receipt
make check (macos-latest)	make check (includes isolated install-to-accept demo)	2026-09-16T02:56:11.5286370Z   ✓ per-command help dsse
make check (macos-latest)	make check (includes isolated install-to-accept demo)	2026-09-16T02:56:11.5653730Z   ✓ per-command help eval-audit
make check (macos-latest)	make check (includes isolated install-to-accept demo)	2026-09-16T02:56:11.6005680Z   ✓ per-command help identity
make check (macos-latest)	make check (includes isolated install-to-accept demo)	2026-09-16T02:56:11.6356150Z   ✓ per-command help evidence
make check (macos-latest)	make check (includes isolated install-to-accept demo)	2026-09-16T02:56:11.6708370Z   ✓ per-command help bridge
make check (macos-latest)	make check (includes isolated install-to-accept demo)	2026-09-16T02:56:11.7260670Z   ✓ per-command help mcp
make check (macos-latest)	make check (includes isolated install-to-accept demo)	2026-09-16T02:56:11.7733300Z   ✓ per-command help mesh
make check (macos-latest)	make check (includes isolated install-to-accept demo)	2026-09-16T02:56:11.8091400Z   ✓ per-command help ready
make check (macos-latest)	make check (includes isolated install-to-accept demo)	2026-09-16T02:56:11.8447540Z   ✓ per-command help graph
make check (macos-latest)	make check (includes isolated install-to-accept demo)	2026-09-16T02:56:11.8808690Z   ✓ per-command help status
make check (macos-latest)	make check (includes isolated install-to-accept demo)	2026-09-16T02:56:11.9167960Z   ✓ per-command help lint
make check (macos-latest)	make check (includes isolated install-to-accept demo)	2026-09-16T02:56:11.9524900Z   ✓ per-command help transition
make check (macos-latest)	make check (includes isolated install-to-accept demo)	2026-09-16T02:56:11.9882500Z   ✓ per-command help rebuild-state
make check (macos-latest)	make check (includes isolated install-to-accept demo)	2026-09-16T02:56:12.0236720Z   ✓ per-command help archive
make check (macos-latest)	make check (includes isolated install-to-accept demo)	2026-09-16T02:56:12.0593040Z   ✓ per-command help backup
make check (macos-latest)	make check (includes isolated install-to-accept demo)	2026-09-16T02:56:12.0954520Z   ✓ per-command help metrics
make check (macos-latest)	make check (includes isolated install-to-accept demo)	2026-09-16T02:56:12.1319770Z   ✓ per-command help conformance
make check (macos-latest)	make check (includes isolated install-to-accept demo)	2026-09-16T02:56:12.1741040Z   ✓ per-command help executor
make check (macos-latest)	make check (includes isolated install-to-accept demo)	2026-09-16T02:56:12.2166180Z   ✓ per-command help agent-context
make check (macos-latest)	make check (includes isolated install-to-accept demo)	2026-09-16T02:56:12.2609690Z   ✓ per-command help completion
make check (macos-latest)	make check (includes isolated install-to-accept demo)	2026-09-16T02:56:12.3021910Z   ✓ per-command help doctor
make check (macos-latest)	make check (includes isolated install-to-accept demo)	2026-09-16T02:56:12.3444890Z   ✓ per-command help version
make check (macos-latest)	make check (includes isolated install-to-accept demo)	2026-09-16T02:56:12.3856030Z   ✓ per-command help help
make check (macos-latest)	make check (includes isolated install-to-accept demo)	2026-09-16T02:56:12.4646900Z   ✓ usage exit 2: status
make check (macos-latest)	make check (includes isolated install-to-accept demo)	2026-09-16T02:56:12.4956340Z   ✓ usage exit 2: transition
make check (macos-latest)	make check (includes isolated install-to-accept demo)	2026-09-16T02:56:12.5259270Z   ✓ usage exit 2: migrate
make check (macos-latest)	make check (includes isolated install-to-accept demo)	2026-09-16T02:56:12.5610250Z   ✓ usage exit 2: executor
make check (macos-latest)	make check (includes isolated install-to-accept demo)	2026-09-16T02:56:12.5882080Z   ✓ usage exit 2: run
make check (macos-latest)	make check (includes isolated install-to-accept demo)	2026-09-16T02:56:12.6323290Z   ✓ completion bash
make check (macos-latest)	make check (includes isolated install-to-accept demo)	2026-09-16T02:56:12.6798320Z   ✓ completion zsh
make check (macos-latest)	make check (includes isolated install-to-accept demo)	2026-09-16T02:56:12.7262050Z   ✓ completion fish
make check (macos-latest)	make check (includes isolated install-to-accept demo)	2026-09-16T02:56:12.7262430Z == clean-room journey ==
make check (macos-latest)	make check (includes isolated install-to-accept demo)	2026-09-16T02:56:19.6346520Z   ✓ install-to-accept clean room with structured materialization receipt
make check (macos-latest)	make check (includes isolated install-to-accept demo)	2026-09-16T02:56:20.2268440Z   ✓ README v3 and opt-in v4 scaffold commands
make check (macos-latest)	make check (includes isolated install-to-accept demo)	2026-09-16T02:56:20.3353300Z   ✓ malformed and dangling TaskPlan fails closed
make check (macos-latest)	make check (includes isolated install-to-accept demo)	2026-09-16T02:56:20.3353760Z == dry-run and color ==
make check (macos-latest)	make check (includes isolated install-to-accept demo)	2026-09-16T02:56:20.3808700Z   ✓ dry-run prevents init
make check (macos-latest)	make check (includes isolated install-to-accept demo)	2026-09-16T02:56:20.4367510Z   ✓ NO_COLOR precedence
make check (macos-latest)	make check (includes isolated install-to-accept demo)	2026-09-16T02:56:20.4368390Z == research evidence ==
make check (macos-latest)	make check (includes isolated install-to-accept demo)	2026-09-16T02:56:20.5306770Z   ✓ firecrawl evidence
make check (macos-latest)	make check (includes isolated install-to-accept demo)	2026-09-16T02:56:20.6217640Z   ✓ tavily evidence
make check (macos-latest)	make check (includes isolated install-to-accept demo)	2026-09-16T02:56:20.7137640Z   ✓ exa evidence
make check (macos-latest)	make check (includes isolated install-to-accept demo)	2026-09-16T02:56:20.8119190Z   ✓ named provider failure
make check (macos-latest)	make check (includes isolated install-to-accept demo)	2026-09-16T02:56:20.8756670Z   ✓ evidence rejects credential-bearing keys
make check (macos-latest)	make check (includes isolated install-to-accept demo)	2026-09-16T02:56:20.9651550Z   ✓ composition example preview
make check (macos-latest)	make check (includes isolated install-to-accept demo)	2026-09-16T02:56:20.9987950Z   ✓ checked-in evidence example
make check (macos-latest)	make check (includes isolated install-to-accept demo)	2026-09-16T02:56:21.0475040Z   ✓ checked-in handoff example
make check (macos-latest)	make check (includes isolated install-to-accept demo)	2026-09-16T02:56:21.1066900Z   ✓ README release status is generated from evidence
make check (macos-latest)	make check (includes isolated install-to-accept demo)	2026-09-16T02:56:21.1067470Z == checksum-backed release archive ==
make check (macos-latest)	make check (includes isolated install-to-accept demo)	2026-09-16T02:56:22.5265660Z   ✓ checksum-backed remote install
make check (macos-latest)	make check (includes isolated install-to-accept demo)	2026-09-16T02:56:22.6294870Z   ✓ tampered release archive fails closed
make check (macos-latest)	make check (includes isolated install-to-accept demo)	2026-09-16T02:56:22.6327730Z == package ==
make check (macos-latest)	make check (includes isolated install-to-accept demo)	2026-09-16T02:56:24.2424620Z   ✓ npm pack dry run
make check (macos-latest)	make check (includes isolated install-to-accept demo)	2026-09-16T02:56:25.6098030Z   ✓ local npm package install
make check (macos-latest)	make check (includes isolated install-to-accept demo)	2026-09-16T02:56:25.6098620Z 
make check (macos-latest)	make check (includes isolated install-to-accept demo)	2026-09-16T02:56:25.6098970Z Results: 80 passed, 0 failed
make check (macos-latest)	make check (includes isolated install-to-accept demo)	2026-09-16T02:56:25.6099800Z INSTALL=OK
make check (macos-latest)	make check (includes isolated install-to-accept demo)	2026-09-16T02:56:25.9539250Z ok 1 - v4 authoring is explicit and non-default
make check (macos-latest)	make check (includes isolated install-to-accept demo)	2026-09-16T02:56:26.8873430Z ok 2 - v3 compatibility fixture remains valid
make check (macos-latest)	make check (includes isolated install-to-accept demo)	2026-09-16T02:56:27.5629430Z ok 3 - v4 policy validates
make check (macos-latest)	make check (includes isolated install-to-accept demo)	2026-09-16T02:56:28.3255460Z ok 4 - sealed authoring evidence digest rejects artifact drift
make check (macos-latest)	make check (includes isolated install-to-accept demo)	2026-09-16T02:56:28.4107850Z ok 5 - author doctor finds no blockers
make check (macos-latest)	make check (includes isolated install-to-accept demo)	2026-09-16T02:56:30.2305680Z ok 6 - status reports authoring-evidence freshness without making age an acceptance gate
make check (macos-latest)	make check (includes isolated install-to-accept demo)	2026-09-16T02:56:31.3734930Z ok 7 - v4 handoff emitted
make check (macos-latest)	make check (includes isolated install-to-accept demo)	2026-09-16T02:56:31.8372650Z ok 8 - baseline discrimination audit
make check (macos-latest)	make check (includes isolated install-to-accept demo)	2026-09-16T02:56:32.5956260Z ok 9 - repeated evaluation reports stable discrimination
make check (macos-latest)	make check (includes isolated install-to-accept demo)	2026-09-16T02:56:32.6985000Z ok 10 - holdout descriptor sealed
make check (macos-latest)	make check (includes isolated install-to-accept demo)	2026-09-16T02:56:32.9205800Z ok 11 - holdout rotation metadata is retained
make check (macos-latest)	make check (includes isolated install-to-accept demo)	2026-09-16T02:56:33.1309460Z ok 12 - expired holdout requires rotation and reauthorization
make check (macos-latest)	make check (includes isolated install-to-accept demo)	2026-09-16T02:56:33.2346500Z ok 13 - tampered holdout bundle is rejected
make check (macos-latest)	make check (includes isolated install-to-accept demo)	2026-09-16T02:56:33.3944050Z ok 14 - holdout executed independently
make check (macos-latest)	make check (includes isolated install-to-accept demo)	2026-09-16T02:56:33.4899690Z ok 15 - environment receipt created
make check (macos-latest)	make check (includes isolated install-to-accept demo)	2026-09-16T02:56:33.5844340Z ok 16 - graded receipt created
make check (macos-latest)	make check (includes isolated install-to-accept demo)	2026-09-16T02:56:33.6810340Z ok 17 - human receipt created
make check (macos-latest)	make check (includes isolated install-to-accept demo)	2026-09-16T02:56:33.8256580Z ok 18 - identity receipt signed
make check (macos-latest)	make check (includes isolated install-to-accept demo)	2026-09-16T02:56:33.9312720Z ok 19 - identity receipt verified
make check (macos-latest)	make check (includes isolated install-to-accept demo)	2026-09-16T02:56:34.0457510Z ok 20 - signed holdout receipt
make check (macos-latest)	make check (includes isolated install-to-accept demo)	2026-09-16T02:56:34.1549330Z ok 21 - signed environment receipt
make check (macos-latest)	make check (includes isolated install-to-accept demo)	2026-09-16T02:56:34.2566710Z ok 22 - signed graded receipt
make check (macos-latest)	make check (includes isolated install-to-accept demo)	2026-09-16T02:56:34.3667540Z ok 23 - signed human receipt
make check (macos-latest)	make check (includes isolated install-to-accept demo)	2026-09-16T02:56:34.5500100Z ok 24 - wrong evaluator signer fails closed
make check (macos-latest)	make check (includes isolated install-to-accept demo)	2026-09-16T02:56:34.6391940Z ok 25 - all typed receipts validate
make check (macos-latest)	make check (includes isolated install-to-accept demo)	2026-09-16T02:56:34.8306180Z ok 26 - portable signed evidence satisfies Tier 1 policy
make check (macos-latest)	make check (includes isolated install-to-accept demo)	2026-09-16T02:56:35.0645630Z ok 27 - DSSE receipt export verifies independently
make check (macos-latest)	make check (includes isolated install-to-accept demo)	2026-09-16T02:56:35.2232720Z ok 28 - credential-bearing receipt is rejected
make check (macos-latest)	make check (includes isolated install-to-accept demo)	2026-09-16T02:56:35.6202830Z ok 29 - enabled engine runs in a detached worktree
make check (macos-latest)	make check (includes isolated install-to-accept demo)	2026-09-16T02:56:35.6672280Z ok 30 - isolated engine receipt records a real attempt
make check (macos-latest)	make check (includes isolated install-to-accept demo)	2026-09-16T02:56:35.6887430Z ok 31 - isolated engine change is captured outside the source workspace
make check (macos-latest)	make check (includes isolated install-to-accept demo)	2026-09-16T02:56:36.4163760Z ok 32 - acceptance blocks when evidence is omitted
make check (macos-latest)	make check (includes isolated install-to-accept demo)	2026-09-16T02:56:37.1597050Z ok 33 - acceptance passes with matching supervised evidence
make check (macos-latest)	make check (includes isolated install-to-accept demo)	2026-09-16T02:56:37.3824610Z ok 34 - revoked identity no longer verifies
make check (macos-latest)	make check (includes isolated install-to-accept demo)	2026-09-16T02:56:37.6122030Z ok 35 - A2A v1.0 bridge round trip
make check (macos-latest)	make check (includes isolated install-to-accept demo)	2026-09-16T02:56:37.8000550Z ok 36 - MCP bridge round trip
make check (macos-latest)	make check (includes isolated install-to-accept demo)	2026-09-16T02:56:37.9616560Z ok 37 - A2A bridge detects embedded handoff tampering
make check (macos-latest)	make check (includes isolated install-to-accept demo)	2026-09-16T02:56:38.0856670Z ok 38 - MCP bridge detects embedded handoff tampering
make check (macos-latest)	make check (includes isolated install-to-accept demo)	2026-09-16T02:56:38.1788920Z ok 39 - MCP server lists read-only tools
make check (macos-latest)	make check (includes isolated install-to-accept demo)	2026-09-16T02:56:38.2710920Z ok 40 - nine-family engine matrix validates
make check (macos-latest)	make check (includes isolated install-to-accept demo)	2026-09-16T02:56:38.3756000Z ok 41 - disabled engine matrix records unavailable, not fabricated passes
make check (macos-latest)	make check (includes isolated install-to-accept demo)	2026-09-16T02:56:38.4671260Z ok 42 - engine matrix emits typed run receipts
make check (macos-latest)	make check (includes isolated install-to-accept demo)	2026-09-16T02:56:38.4672400Z PASS: Task-Spec 3.7 evidence integrity (42 checks)
make check (macos-latest)	make check (includes isolated install-to-accept demo)	2026-09-16T02:56:41.1913320Z ok 1 - post-seal v4 to v3 downgrade fails closed
make check (macos-latest)	make check (includes isolated install-to-accept demo)	2026-09-16T02:56:42.0909230Z ok 2 - sealed proof policy deletion fails closed
make check (macos-latest)	make check (includes isolated install-to-accept demo)	2026-09-16T02:56:43.0073070Z ok 3 - sealed environment policy deletion fails closed
make check (macos-latest)	make check (includes isolated install-to-accept demo)	2026-09-16T02:56:44.3823150Z ok 4 - parent-child authority mutation fails closed
make check (macos-latest)	make check (includes isolated install-to-accept demo)	2026-09-16T02:56:45.4931960Z ok 5 - unknown future authority is sealed by default
make check (macos-latest)	make check (includes isolated install-to-accept demo)	2026-09-16T02:56:46.6618990Z ok 6 - lifecycle and tracker projection remain mutable
make check (macos-latest)	make check (includes isolated install-to-accept demo)	2026-09-16T02:56:46.7923680Z ok 7 - duplicate YAML keys are rejected
make check (macos-latest)	make check (includes isolated install-to-accept demo)	2026-09-16T02:56:46.9150760Z ok 8 - ambiguous JSON numeric constants are rejected
make check (macos-latest)	make check (includes isolated install-to-accept demo)	2026-09-16T02:56:47.1517700Z ok 9 - authority mapping key order is canonical
make check (macos-latest)	make check (includes isolated install-to-accept demo)	2026-09-16T02:56:48.1400890Z ok 10 - textual authoring-evidence acceptance use produces a lint warning
make check (macos-latest)	make check (includes isolated install-to-accept demo)	2026-09-16T02:56:51.3315550Z ok 11 - explicit workspace supports a nested custom backlog
make check (macos-latest)	make check (includes isolated install-to-accept demo)	2026-09-16T02:56:55.4649670Z ok 12 - receipt replay across attempts fails
make check (macos-latest)	make check (includes isolated install-to-accept demo)	2026-09-16T02:56:56.1337970Z ok 13 - global JSON returns typed receipt replay failure
make check (macos-latest)	make check (includes isolated install-to-accept demo)	2026-09-16T02:56:56.7352800Z ok 14 - pre-authorization receipt timestamp fails
make check (macos-latest)	make check (includes isolated install-to-accept demo)	2026-09-16T02:56:57.4001930Z ok 15 - receipt wrong task_id fails
make check (macos-latest)	make check (includes isolated install-to-accept demo)	2026-09-16T02:56:58.0451040Z ok 16 - receipt wrong task_revision_digest fails
make check (macos-latest)	make check (includes isolated install-to-accept demo)	2026-09-16T02:56:58.6622680Z ok 17 - receipt wrong base_commit fails
make check (macos-latest)	make check (includes isolated install-to-accept demo)	2026-09-16T02:56:59.1719920Z ok 18 - legacy structural receipt cannot silently produce Tier 1
make check (macos-latest)	make check (includes isolated install-to-accept demo)	2026-09-16T02:56:59.7279230Z ok 19 - required receipt rejects structural authorization fallback
make check (macos-latest)	make check (includes isolated install-to-accept demo)	2026-09-16T02:57:00.3561080Z ok 20 - matching v2 receipt accepts Tier 1
make check (macos-latest)	make check (includes isolated install-to-accept demo)	2026-09-16T02:57:02.4251640Z ok 21 - committed out-of-scope change is rejected
make check (macos-latest)	make check (includes isolated install-to-accept demo)	2026-09-16T02:57:04.8676440Z ok 22 - symlink-escaped creation scope is rejected
make check (macos-latest)	make check (includes isolated install-to-accept demo)	2026-09-16T02:57:07.2308650Z ok 23 - absolute handoff scope fails closed
make check (macos-latest)	make check (includes isolated install-to-accept demo)	2026-09-16T02:57:07.7173610Z ok 24 - traversal handoff scope fails closed
make check (macos-latest)	make check (includes isolated install-to-accept demo)	2026-09-16T02:57:08.2479020Z ok 25 - handoff budget expansion fails closed
make check (macos-latest)	make check (includes isolated install-to-accept demo)	2026-09-16T02:57:08.7701760Z ok 26 - non-UUID attempt cannot escape acceptance storage
make check (macos-latest)	make check (includes isolated install-to-accept demo)	2026-09-16T02:57:10.7385020Z ok 27 - handoff rejects conflict with an in-progress task
make check (macos-latest)	make check (includes isolated install-to-accept demo)	2026-09-16T02:57:12.1902850Z ok 28 - acceptance rechecks active write conflicts
make check (macos-latest)	make check (includes isolated install-to-accept demo)	2026-09-16T02:57:12.4536210Z ok 29 - interrupted status mutation leaves the old complete frontmatter
make check (macos-latest)	make check (includes isolated install-to-accept demo)	2026-09-16T02:57:12.4631770Z ok 30 - interrupted status mutation leaves no partial state or temporary
make check (macos-latest)	make check (includes isolated install-to-accept demo)	2026-09-16T02:57:14.8841210Z ok 31 - base commit divergence requires a new handoff
make check (macos-latest)	make check (includes isolated install-to-accept demo)	2026-09-16T02:57:17.4513020Z ok 32 - dependency-closure drift fails closed
make check (macos-latest)	make check (includes isolated install-to-accept demo)	2026-09-16T02:57:20.3014440Z ok 33 - injected finalize crash leaves old complete task state
make check (macos-latest)	make check (includes isolated install-to-accept demo)	2026-09-16T02:57:20.3118600Z ok 34 - crash did not partially stamp accepted state
make check (macos-latest)	make check (includes isolated install-to-accept demo)	2026-09-16T02:57:20.4191880Z ok 35 - doctor reports the orphan record left by interrupted acceptance
make check (macos-latest)	make check (includes isolated install-to-accept demo)	2026-09-16T02:57:20.9648260Z ok 36 - same attempt recovers despite metrics projection failure
make check (macos-latest)	make check (includes isolated install-to-accept demo)	2026-09-16T02:57:21.0761290Z ok 37 - doctor reports the missing accepted metrics projection
make check (macos-latest)	make check (includes isolated install-to-accept demo)	2026-09-16T02:57:21.6115760Z ok 38 - same attempt cannot change its acceptor
make check (macos-latest)	make check (includes isolated install-to-accept demo)	2026-09-16T02:57:21.6722480Z ok 39 - conflicting retry leaves record and task envelope consistent
make check (macos-latest)	make check (includes isolated install-to-accept demo)	2026-09-16T02:57:22.1842420Z ok 40 - same accepted attempt can be retried without duplicate metrics
make check (macos-latest)	make check (includes isolated install-to-accept demo)	2026-09-16T02:57:22.3410770Z ok 41 - TaskStatus names rebuild-state as the one safe projection recovery
make check (macos-latest)	make check (includes isolated install-to-accept demo)	2026-09-16T02:57:22.6295680Z ok 42 - rebuilding projection advances the one safe next command
make check (macos-latest)	make check (includes isolated install-to-accept demo)	2026-09-16T02:57:22.7605450Z ok 43 - global JSON preserves the same typed TaskStatus
make check (macos-latest)	make check (includes isolated install-to-accept demo)	2026-09-16T02:57:22.9889610Z ok 44 - transition to done verifies the record subject and envelope
make check (macos-latest)	make check (includes isolated install-to-accept demo)	2026-09-16T02:57:23.1188710Z ok 45 - status exposes semantic acceptance-record mismatch
make check (macos-latest)	make check (includes isolated install-to-accept demo)	2026-09-16T02:57:23.2105390Z ok 46 - backlog doctor fails on semantic acceptance-record mismatch
make check (macos-latest)	make check (includes isolated install-to-accept demo)	2026-09-16T02:57:23.2106990Z PASS: Task-Spec hardening adversarial suite (46 checks)
make check (macos-latest)	make check (includes isolated install-to-accept demo)	2026-09-16T02:57:25.5278610Z CLI_REFERENCE=OK
make check (macos-latest)	make check (includes isolated install-to-accept demo)	2026-09-16T02:57:25.5813080Z QUALITY_SCORE=97 SCORECARD=VALID
make check (macos-latest)	make check (includes isolated install-to-accept demo)	2026-09-16T02:57:25.6253110Z RELEASE_STATUS=OK
make check (macos-latest)	make check (includes isolated install-to-accept demo)	2026-09-16T02:57:25.7465700Z V381_EXPERIENCE=READY
make check (macos-latest)	make check (includes isolated install-to-accept demo)	2026-09-16T02:57:27.4362830Z ok 1 - nested handoff binds the Git workspace
make check (macos-latest)	make check (includes isolated install-to-accept demo)	2026-09-16T02:57:27.9191120Z ok 2 - nested acceptance uses the configured contained store
make check (macos-latest)	make check (includes isolated install-to-accept demo)	2026-09-16T02:57:27.9217020Z ok 3 - nested acceptance record is separate from Converge receipts
make check (macos-latest)	make check (includes isolated install-to-accept demo)	2026-09-16T02:57:29.4999290Z ok 4 - nested backlog infers repository root
make check (macos-latest)	make check (includes isolated install-to-accept demo)	2026-09-16T02:57:29.5706410Z ok 5 - conflicting explicit workspace is rejected
make check (macos-latest)	make check (includes isolated install-to-accept demo)	2026-09-16T02:57:31.5591100Z ok 6 - acceptance traversal is rejected
make check (macos-latest)	make check (includes isolated install-to-accept demo)	2026-09-16T02:57:32.6441130Z ok 7 - acceptance symlink escape is rejected
make check (macos-latest)	make check (includes isolated install-to-accept demo)	2026-09-16T02:57:33.0773210Z ok 8 - CLI acceptance directory overrides an unsafe environment value
make check (macos-latest)	make check (includes isolated install-to-accept demo)	2026-09-16T02:57:33.0821000Z ok 9 - unsafe environment store was never written
make check (macos-latest)	make check (includes isolated install-to-accept demo)	2026-09-16T02:57:34.0506340Z ok 10 - worktree gate resolves the common-directory key
make check (macos-latest)	make check (includes isolated install-to-accept demo)	2026-09-16T02:57:34.0506890Z PASS: Task-Spec 3.8.1 nested workspace suite (10 checks)
make check (macos-latest)	make check (includes isolated install-to-accept demo)	2026-09-16T02:57:34.0659620Z bash spec/conformance/run_conformance.sh
make check (macos-latest)	make check (includes isolated install-to-accept demo)	2026-09-16T02:57:34.0751090Z == self-test floor: validating 8 conformance fixtures ==
make check (macos-latest)	make check (includes isolated install-to-accept demo)	2026-09-16T02:57:39.8183520Z    self-test floor: all 8 fixtures valid
make check (macos-latest)	make check (includes isolated install-to-accept demo)	2026-09-16T02:57:39.8183890Z 
make check (macos-latest)	make check (includes isolated install-to-accept demo)	2026-09-16T02:57:39.8814510Z == running conformance (adapter: /Users/runner/work/task-spec/task-spec/spec/conformance/adapters/self.sh) ==
make check (macos-latest)	make check (includes isolated install-to-accept demo)	2026-09-16T02:57:39.8815320Z PASS   C1        T-conformance-001-status-lock
make check (macos-latest)	make check (includes isolated install-to-accept demo)	2026-09-16T02:57:39.9774260Z PASS   C12       T-conformance-002-emit-enum
make check (macos-latest)	make check (includes isolated install-to-accept demo)	2026-09-16T02:57:40.0419150Z PASS   C6        T-conformance-003-no-signed-off-mod
make check (macos-latest)	make check (includes isolated install-to-accept demo)	2026-09-16T02:57:40.1107350Z PASS   C8        T-conformance-004-execution-backend
make check (macos-latest)	make check (includes isolated install-to-accept demo)	2026-09-16T02:57:40.1617800Z PASS   C13,C16   T-conformance-005-budget-stop
make check (macos-latest)	make check (includes isolated install-to-accept demo)	2026-09-16T02:57:40.2087900Z PASS   C5        T-conformance-006-do-not-touch
make check (macos-latest)	make check (includes isolated install-to-accept demo)	2026-09-16T02:57:40.2477920Z PASS   C17       T-conformance-007-node-refusal
make check (macos-latest)	make check (includes isolated install-to-accept demo)	2026-09-16T02:57:40.2816130Z PASS   C18       T-conformance-008-v4-policy
make check (macos-latest)	make check (includes isolated install-to-accept demo)	2026-09-16T02:57:40.2876210Z 
make check (macos-latest)	make check (includes isolated install-to-accept demo)	2026-09-16T02:57:40.2876830Z == results written to /Users/runner/work/task-spec/task-spec/spec/conformance/results.json ==
make check (macos-latest)	make check (includes isolated install-to-accept demo)	2026-09-16T02:57:40.2877430Z == non-waived failures: 0 ==
make check (macos-latest)	make check (includes isolated install-to-accept demo)	2026-09-16T02:57:40.2879310Z bash bin/taskspec conformance --self-test
make check (macos-latest)	make check (includes isolated install-to-accept demo)	2026-09-16T02:57:40.3288630Z Conformance check — level L2 — executor: bash /Users/runner/work/task-spec/task-spec/src/dispatch/ref-executor.sh
make check (macos-latest)	make check (includes isolated install-to-accept demo)	2026-09-16T02:57:40.3289510Z ────────────────────────────────────────────────────────
make check (macos-latest)	make check (includes isolated install-to-accept demo)	2026-09-16T02:57:41.1041360Z L0. Executor drives a solvable spec to a passing Exit Check ...
make check (macos-latest)	make check (includes isolated install-to-accept demo)	2026-09-16T02:57:43.2765220Z    PASS — Exit Check passes after execution (L0: reads format, runs evals)
make check (macos-latest)	make check (includes isolated install-to-accept demo)	2026-09-16T02:57:43.2766140Z L1. Executor honors the status lifecycle (→ done on success) ...
make check (macos-latest)	make check (includes isolated install-to-accept demo)	2026-09-16T02:57:43.2848280Z    PASS — status transitioned to 'done' (A2A: completed)
make check (macos-latest)	make check (includes isolated install-to-accept demo)	2026-09-16T02:57:44.3104120Z L2. Executor parks an unsolvable spec within budget (no infinite loop) ...
make check (macos-latest)	make check (includes isolated install-to-accept demo)	2026-09-16T02:57:46.1845160Z    PASS — unsolvable spec parked by the no-progress circuit breaker within the signed retry budget
make check (macos-latest)	make check (includes isolated install-to-accept demo)	2026-09-16T02:57:46.1848230Z ────────────────────────────────────────────────────────
make check (macos-latest)	make check (includes isolated install-to-accept demo)	2026-09-16T02:57:46.1849720Z CONFORMANT at L2 — this executor honors the Task-Spec contract.
make check (macos-latest)	make check (includes isolated install-to-accept demo)	2026-09-16T02:57:46.1850280Z CONFORMANCE=L2
make check (macos-latest)	make check (includes isolated install-to-accept demo)	2026-09-16T02:57:46.2080600Z CHECK=READY
make check (macos-latest)	Post Install pinned Go toolchain for optional TaskMesh	﻿2026-09-16T02:57:46.2496440Z Post job cleanup.
make check (macos-latest)	Post Install pinned Go toolchain for optional TaskMesh	2026-09-16T02:57:46.6678530Z [command]/Users/runner/hostedtoolcache/go/1.25.0/arm64/bin/go env GOCACHE
make check (macos-latest)	Post Install pinned Go toolchain for optional TaskMesh	2026-09-16T02:57:46.6712680Z [command]/Users/runner/hostedtoolcache/go/1.25.0/arm64/bin/go env GOMODCACHE
make check (macos-latest)	Post Install pinned Go toolchain for optional TaskMesh	2026-09-16T02:57:46.6827700Z /Users/runner/go/pkg/mod
make check (macos-latest)	Post Install pinned Go toolchain for optional TaskMesh	2026-09-16T02:57:46.6832010Z /Users/runner/Library/Caches/go-build
make check (macos-latest)	Post Install pinned Go toolchain for optional TaskMesh	2026-09-16T02:57:46.6841570Z Cache hit occurred on the primary key setup-go-macOS-arm64-go-1.25.0-177c9a629613f64b62ff3bce8b5249e61de06089c1d63967a2ef301279610df5, not saving cache.
make check (macos-latest)	Post Checkout	﻿2026-09-16T02:57:46.6966150Z Post job cleanup.
make check (macos-latest)	Post Checkout	2026-09-16T02:57:46.8588840Z [command]/opt/homebrew/bin/git version
make check (macos-latest)	Post Checkout	2026-09-16T02:57:46.8678540Z git version 2.55.0
make check (macos-latest)	Post Checkout	2026-09-16T02:57:46.8725550Z Copying '/Users/runner/.gitconfig' to '/Users/runner/work/_temp/5175f501-5af5-4b22-abd1-a86e9e026f89/.gitconfig'
make check (macos-latest)	Post Checkout	2026-09-16T02:57:46.8727450Z Temporarily overriding HOME='/Users/runner/work/_temp/5175f501-5af5-4b22-abd1-a86e9e026f89' before making global git config changes
make check (macos-latest)	Post Checkout	2026-09-16T02:57:46.8729110Z Adding repository directory to the temporary git global config as a safe directory
make check (macos-latest)	Post Checkout	2026-09-16T02:57:46.8730850Z [command]/opt/homebrew/bin/git config --global --add safe.directory /Users/runner/work/task-spec/task-spec
make check (macos-latest)	Post Checkout	2026-09-16T02:57:46.8801390Z Removing SSH command configuration
make check (macos-latest)	Post Checkout	2026-09-16T02:57:46.8809590Z [command]/opt/homebrew/bin/git config --local --name-only --get-regexp core\.sshCommand
make check (macos-latest)	Post Checkout	2026-09-16T02:57:46.8887670Z [command]/opt/homebrew/bin/git submodule foreach --recursive sh -c "git config --local --name-only --get-regexp 'core\.sshCommand' && git config --local --unset-all 'core.sshCommand' || :"
make check (macos-latest)	Post Checkout	2026-09-16T02:57:47.0192880Z Removing HTTP extra header
make check (macos-latest)	Post Checkout	2026-09-16T02:57:47.0197190Z [command]/opt/homebrew/bin/git config --local --name-only --get-regexp http\.https\:\/\/github\.com\/\.extraheader
make check (macos-latest)	Post Checkout	2026-09-16T02:57:47.0288420Z [command]/opt/homebrew/bin/git submodule foreach --recursive sh -c "git config --local --name-only --get-regexp 'http\.https\:\/\/github\.com\/\.extraheader' && git config --local --unset-all 'http.https://github.com/.extraheader' || :"
make check (macos-latest)	Post Checkout	2026-09-16T02:57:47.1431010Z Removing includeIf entries pointing to credentials config files
make check (macos-latest)	Post Checkout	2026-09-16T02:57:47.1439190Z [command]/opt/homebrew/bin/git config --local --name-only --get-regexp ^includeIf\.gitdir:
make check (macos-latest)	Post Checkout	2026-09-16T02:57:47.1518360Z [command]/opt/homebrew/bin/git submodule foreach --recursive git config --local --show-origin --name-only --get-regexp remote.origin.url
make check (macos-latest)	Complete job	﻿2026-09-16T02:57:47.2669740Z Cleaning up orphan processes
make check (macos-latest)	Complete job	2026-09-16T02:57:47.4401750Z Terminate orphan process: pid (28457) (sleep)
