TaskMesh autonomous isolation (ubuntu)	Set up job	﻿2026-09-16T02:12:34.1748617Z Current runner version: '2.337.0'
TaskMesh autonomous isolation (ubuntu)	Set up job	2026-09-16T02:12:34.1786933Z ##[group]Runner Image Provisioner
TaskMesh autonomous isolation (ubuntu)	Set up job	2026-09-16T02:12:34.1788569Z Hosted Compute Agent
TaskMesh autonomous isolation (ubuntu)	Set up job	2026-09-16T02:12:34.1789674Z Version: 20260828.587
TaskMesh autonomous isolation (ubuntu)	Set up job	2026-09-16T02:12:34.1791036Z Commit: abac92662cab4cc7352de4f9f9d2e2419aad9c29
TaskMesh autonomous isolation (ubuntu)	Set up job	2026-09-16T02:12:34.1792387Z Build Date: 2026-08-28T16:44:25Z
TaskMesh autonomous isolation (ubuntu)	Set up job	2026-09-16T02:12:34.1793750Z Worker ID: {890e261a-b91d-4fe4-a1ee-df1348f309ac}
TaskMesh autonomous isolation (ubuntu)	Set up job	2026-09-16T02:12:34.1795049Z Azure Region: westus
TaskMesh autonomous isolation (ubuntu)	Set up job	2026-09-16T02:12:34.1796375Z ##[endgroup]
TaskMesh autonomous isolation (ubuntu)	Set up job	2026-09-16T02:12:34.1799165Z ##[group]Operating System
TaskMesh autonomous isolation (ubuntu)	Set up job	2026-09-16T02:12:34.1800278Z Ubuntu
TaskMesh autonomous isolation (ubuntu)	Set up job	2026-09-16T02:12:34.1801216Z 24.04.5
TaskMesh autonomous isolation (ubuntu)	Set up job	2026-09-16T02:12:34.1802321Z LTS
TaskMesh autonomous isolation (ubuntu)	Set up job	2026-09-16T02:12:34.1803334Z ##[endgroup]
TaskMesh autonomous isolation (ubuntu)	Set up job	2026-09-16T02:12:34.1804487Z ##[group]Runner Image
TaskMesh autonomous isolation (ubuntu)	Set up job	2026-09-16T02:12:34.1805595Z Image: ubuntu-24.04
TaskMesh autonomous isolation (ubuntu)	Set up job	2026-09-16T02:12:34.1807024Z Version: 20260907.300.1
TaskMesh autonomous isolation (ubuntu)	Set up job	2026-09-16T02:12:34.1809147Z Included Software: https://github.com/actions/runner-images/blob/ubuntu24/20260907.300/images/ubuntu/Ubuntu2404-Readme.md
TaskMesh autonomous isolation (ubuntu)	Set up job	2026-09-16T02:12:34.1812407Z Image Release: https://github.com/actions/runner-images/releases/tag/ubuntu24%2F20260907.300
TaskMesh autonomous isolation (ubuntu)	Set up job	2026-09-16T02:12:34.1814370Z ##[endgroup]
TaskMesh autonomous isolation (ubuntu)	Set up job	2026-09-16T02:12:34.1816817Z ##[group]GITHUB_TOKEN Permissions
TaskMesh autonomous isolation (ubuntu)	Set up job	2026-09-16T02:12:34.1819839Z Contents: read
TaskMesh autonomous isolation (ubuntu)	Set up job	2026-09-16T02:12:34.1820832Z Metadata: read
TaskMesh autonomous isolation (ubuntu)	Set up job	2026-09-16T02:12:34.1822092Z ##[endgroup]
TaskMesh autonomous isolation (ubuntu)	Set up job	2026-09-16T02:12:34.1825624Z Secret source: Actions
TaskMesh autonomous isolation (ubuntu)	Set up job	2026-09-16T02:12:34.1827712Z Cache mode: write
TaskMesh autonomous isolation (ubuntu)	Set up job	2026-09-16T02:12:34.1829977Z Prepare workflow directory
TaskMesh autonomous isolation (ubuntu)	Set up job	2026-09-16T02:12:34.2336658Z Prepare all required actions
TaskMesh autonomous isolation (ubuntu)	Set up job	2026-09-16T02:12:34.2411555Z Getting action download info
TaskMesh autonomous isolation (ubuntu)	Set up job	2026-09-16T02:12:34.6273946Z Download action repository 'actions/checkout@3d3c42e5aac5ba805825da76410c181273ba90b1' (SHA:3d3c42e5aac5ba805825da76410c181273ba90b1)
TaskMesh autonomous isolation (ubuntu)	Set up job	2026-09-16T02:12:34.7528303Z Download action repository 'actions/setup-go@b7ad1dad31e06c5925ef5d2fc7ad053ef454303e' (SHA:b7ad1dad31e06c5925ef5d2fc7ad053ef454303e)
TaskMesh autonomous isolation (ubuntu)	Set up job	2026-09-16T02:12:35.3334400Z Complete job name: TaskMesh autonomous isolation (ubuntu)
TaskMesh autonomous isolation (ubuntu)	Checkout	﻿2026-09-16T02:12:35.4128526Z ##[group]Run actions/checkout@3d3c42e5aac5ba805825da76410c181273ba90b1
TaskMesh autonomous isolation (ubuntu)	Checkout	2026-09-16T02:12:35.4129729Z with:
TaskMesh autonomous isolation (ubuntu)	Checkout	2026-09-16T02:12:35.4130241Z   persist-credentials: false
TaskMesh autonomous isolation (ubuntu)	Checkout	2026-09-16T02:12:35.4130855Z   repository: luanmorenommaciel/task-spec
TaskMesh autonomous isolation (ubuntu)	Checkout	2026-09-16T02:12:35.4135062Z   token: ***
TaskMesh autonomous isolation (ubuntu)	Checkout	2026-09-16T02:12:35.4135542Z   ssh-strict: true
TaskMesh autonomous isolation (ubuntu)	Checkout	2026-09-16T02:12:35.4136216Z   ssh-user: git
TaskMesh autonomous isolation (ubuntu)	Checkout	2026-09-16T02:12:35.4136693Z   clean: true
TaskMesh autonomous isolation (ubuntu)	Checkout	2026-09-16T02:12:35.4137178Z   sparse-checkout-cone-mode: true
TaskMesh autonomous isolation (ubuntu)	Checkout	2026-09-16T02:12:35.4137750Z   fetch-depth: 1
TaskMesh autonomous isolation (ubuntu)	Checkout	2026-09-16T02:12:35.4138223Z   fetch-tags: false
TaskMesh autonomous isolation (ubuntu)	Checkout	2026-09-16T02:12:35.4138710Z   show-progress: true
TaskMesh autonomous isolation (ubuntu)	Checkout	2026-09-16T02:12:35.4139206Z   lfs: false
TaskMesh autonomous isolation (ubuntu)	Checkout	2026-09-16T02:12:35.4139655Z   submodules: false
TaskMesh autonomous isolation (ubuntu)	Checkout	2026-09-16T02:12:35.4140148Z   set-safe-directory: true
TaskMesh autonomous isolation (ubuntu)	Checkout	2026-09-16T02:12:35.4140699Z   allow-unsafe-pr-checkout: false
TaskMesh autonomous isolation (ubuntu)	Checkout	2026-09-16T02:12:35.4141541Z ##[endgroup]
TaskMesh autonomous isolation (ubuntu)	Checkout	2026-09-16T02:12:35.5402365Z Syncing repository: luanmorenommaciel/task-spec
TaskMesh autonomous isolation (ubuntu)	Checkout	2026-09-16T02:12:35.5405693Z ##[group]Getting Git version info
TaskMesh autonomous isolation (ubuntu)	Checkout	2026-09-16T02:12:35.5419678Z Working directory is '/home/runner/work/task-spec/task-spec'
TaskMesh autonomous isolation (ubuntu)	Checkout	2026-09-16T02:12:35.5423493Z [command]/usr/bin/git version
TaskMesh autonomous isolation (ubuntu)	Checkout	2026-09-16T02:12:35.5588311Z git version 2.55.0
TaskMesh autonomous isolation (ubuntu)	Checkout	2026-09-16T02:12:35.5593521Z ##[endgroup]
TaskMesh autonomous isolation (ubuntu)	Checkout	2026-09-16T02:12:35.5602631Z Temporarily overriding HOME='/home/runner/work/_temp/57f45469-df76-4b56-9df0-25f353ea0aa0' before making global git config changes
TaskMesh autonomous isolation (ubuntu)	Checkout	2026-09-16T02:12:35.5608390Z Adding repository directory to the temporary git global config as a safe directory
TaskMesh autonomous isolation (ubuntu)	Checkout	2026-09-16T02:12:35.5619217Z [command]/usr/bin/git config --global --add safe.directory /home/runner/work/task-spec/task-spec
TaskMesh autonomous isolation (ubuntu)	Checkout	2026-09-16T02:12:35.5727181Z Deleting the contents of '/home/runner/work/task-spec/task-spec'
TaskMesh autonomous isolation (ubuntu)	Checkout	2026-09-16T02:12:35.5745360Z ##[group]Determining repository object format
TaskMesh autonomous isolation (ubuntu)	Checkout	2026-09-16T02:12:35.5758314Z ##[endgroup]
TaskMesh autonomous isolation (ubuntu)	Checkout	2026-09-16T02:12:35.5760760Z ##[group]Initializing the repository
TaskMesh autonomous isolation (ubuntu)	Checkout	2026-09-16T02:12:35.5762622Z [command]/usr/bin/git init /home/runner/work/task-spec/task-spec
TaskMesh autonomous isolation (ubuntu)	Checkout	2026-09-16T02:12:35.5843874Z hint: Using 'master' as the name for the initial branch. This default branch name
TaskMesh autonomous isolation (ubuntu)	Checkout	2026-09-16T02:12:35.5861166Z hint: will change to "main" in Git 3.0. To configure the initial branch name
TaskMesh autonomous isolation (ubuntu)	Checkout	2026-09-16T02:12:35.5877322Z hint: to use in all of your new repositories, which will suppress this warning,
TaskMesh autonomous isolation (ubuntu)	Checkout	2026-09-16T02:12:35.5880704Z hint: call:
TaskMesh autonomous isolation (ubuntu)	Checkout	2026-09-16T02:12:35.5897228Z hint:
TaskMesh autonomous isolation (ubuntu)	Checkout	2026-09-16T02:12:35.5898540Z hint: 	git config --global init.defaultBranch <name>
TaskMesh autonomous isolation (ubuntu)	Checkout	2026-09-16T02:12:35.5901532Z hint:
TaskMesh autonomous isolation (ubuntu)	Checkout	2026-09-16T02:12:35.5902875Z hint: Names commonly chosen instead of 'master' are 'main', 'trunk' and
TaskMesh autonomous isolation (ubuntu)	Checkout	2026-09-16T02:12:35.5904796Z hint: 'development'. The just-created branch can be renamed via this command:
TaskMesh autonomous isolation (ubuntu)	Checkout	2026-09-16T02:12:35.5907249Z hint:
TaskMesh autonomous isolation (ubuntu)	Checkout	2026-09-16T02:12:35.5908307Z hint: 	git branch -m <name>
TaskMesh autonomous isolation (ubuntu)	Checkout	2026-09-16T02:12:35.5909599Z hint:
TaskMesh autonomous isolation (ubuntu)	Checkout	2026-09-16T02:12:35.5912984Z hint: Disable this message with "git config set advice.defaultBranchName false"
TaskMesh autonomous isolation (ubuntu)	Checkout	2026-09-16T02:12:35.5915461Z Initialized empty Git repository in /home/runner/work/task-spec/task-spec/.git/
TaskMesh autonomous isolation (ubuntu)	Checkout	2026-09-16T02:12:35.5937362Z [command]/usr/bin/git remote add origin https://github.com/luanmorenommaciel/task-spec
TaskMesh autonomous isolation (ubuntu)	Checkout	2026-09-16T02:12:35.5956699Z ##[endgroup]
TaskMesh autonomous isolation (ubuntu)	Checkout	2026-09-16T02:12:35.5958407Z ##[group]Disabling automatic garbage collection
TaskMesh autonomous isolation (ubuntu)	Checkout	2026-09-16T02:12:35.5959923Z [command]/usr/bin/git config --local gc.auto 0
TaskMesh autonomous isolation (ubuntu)	Checkout	2026-09-16T02:12:35.6020293Z ##[endgroup]
TaskMesh autonomous isolation (ubuntu)	Checkout	2026-09-16T02:12:35.6021822Z ##[group]Setting up auth
TaskMesh autonomous isolation (ubuntu)	Checkout	2026-09-16T02:12:35.6022975Z Removing SSH command configuration
TaskMesh autonomous isolation (ubuntu)	Checkout	2026-09-16T02:12:35.6024644Z [command]/usr/bin/git config --local --name-only --get-regexp core\.sshCommand
TaskMesh autonomous isolation (ubuntu)	Checkout	2026-09-16T02:12:35.6076499Z [command]/usr/bin/git submodule foreach --recursive sh -c "git config --local --name-only --get-regexp 'core\.sshCommand' && git config --local --unset-all 'core.sshCommand' || :"
TaskMesh autonomous isolation (ubuntu)	Checkout	2026-09-16T02:12:35.6653093Z Removing HTTP extra header
TaskMesh autonomous isolation (ubuntu)	Checkout	2026-09-16T02:12:35.6657365Z [command]/usr/bin/git config --local --name-only --get-regexp http\.https\:\/\/github\.com\/\.extraheader
TaskMesh autonomous isolation (ubuntu)	Checkout	2026-09-16T02:12:35.6710386Z [command]/usr/bin/git submodule foreach --recursive sh -c "git config --local --name-only --get-regexp 'http\.https\:\/\/github\.com\/\.extraheader' && git config --local --unset-all 'http.https://github.com/.extraheader' || :"
TaskMesh autonomous isolation (ubuntu)	Checkout	2026-09-16T02:12:35.6944042Z Removing includeIf entries pointing to credentials config files
TaskMesh autonomous isolation (ubuntu)	Checkout	2026-09-16T02:12:35.6946891Z [command]/usr/bin/git config --local --name-only --get-regexp ^includeIf\.gitdir:
TaskMesh autonomous isolation (ubuntu)	Checkout	2026-09-16T02:12:35.6983411Z [command]/usr/bin/git submodule foreach --recursive git config --local --show-origin --name-only --get-regexp remote.origin.url
TaskMesh autonomous isolation (ubuntu)	Checkout	2026-09-16T02:12:35.7238999Z [command]/usr/bin/git config --file /home/runner/work/_temp/git-credentials-d332d902-9870-4b21-b3b0-d6c943d9a186.config http.https://github.com/.extraheader AUTHORIZATION: basic ***
TaskMesh autonomous isolation (ubuntu)	Checkout	2026-09-16T02:12:35.7326270Z [command]/usr/bin/git config --local includeIf.gitdir:/home/runner/work/task-spec/task-spec/.git.path /home/runner/work/_temp/git-credentials-d332d902-9870-4b21-b3b0-d6c943d9a186.config
TaskMesh autonomous isolation (ubuntu)	Checkout	2026-09-16T02:12:35.7417967Z [command]/usr/bin/git config --local includeIf.gitdir:/home/runner/work/task-spec/task-spec/.git/worktrees/*.path /home/runner/work/_temp/git-credentials-d332d902-9870-4b21-b3b0-d6c943d9a186.config
TaskMesh autonomous isolation (ubuntu)	Checkout	2026-09-16T02:12:35.7468282Z [command]/usr/bin/git config --local includeIf.gitdir:/github/workspace/.git.path /github/runner_temp/git-credentials-d332d902-9870-4b21-b3b0-d6c943d9a186.config
TaskMesh autonomous isolation (ubuntu)	Checkout	2026-09-16T02:12:35.7525037Z [command]/usr/bin/git config --local includeIf.gitdir:/github/workspace/.git/worktrees/*.path /github/runner_temp/git-credentials-d332d902-9870-4b21-b3b0-d6c943d9a186.config
TaskMesh autonomous isolation (ubuntu)	Checkout	2026-09-16T02:12:35.7576849Z ##[endgroup]
TaskMesh autonomous isolation (ubuntu)	Checkout	2026-09-16T02:12:35.7597448Z ##[group]Fetching the repository
TaskMesh autonomous isolation (ubuntu)	Checkout	2026-09-16T02:12:35.7606463Z [command]/usr/bin/git -c protocol.version=2 fetch --no-tags --prune --no-recurse-submodules --depth=1 origin +640d0617b945081fe619ff4836348f7c98d52ec6:refs/remotes/origin/main
TaskMesh autonomous isolation (ubuntu)	Checkout	2026-09-16T02:12:38.3013476Z From https://github.com/luanmorenommaciel/task-spec
TaskMesh autonomous isolation (ubuntu)	Checkout	2026-09-16T02:12:38.3016570Z  * [new ref]         640d0617b945081fe619ff4836348f7c98d52ec6 -> origin/main
TaskMesh autonomous isolation (ubuntu)	Checkout	2026-09-16T02:12:38.3031006Z [command]/usr/bin/git branch --list --remote origin/main
TaskMesh autonomous isolation (ubuntu)	Checkout	2026-09-16T02:12:38.3060129Z   origin/main
TaskMesh autonomous isolation (ubuntu)	Checkout	2026-09-16T02:12:38.3069045Z [command]/usr/bin/git rev-parse refs/remotes/origin/main
TaskMesh autonomous isolation (ubuntu)	Checkout	2026-09-16T02:12:38.3099529Z 640d0617b945081fe619ff4836348f7c98d52ec6
TaskMesh autonomous isolation (ubuntu)	Checkout	2026-09-16T02:12:38.3104371Z ##[endgroup]
TaskMesh autonomous isolation (ubuntu)	Checkout	2026-09-16T02:12:38.3105694Z ##[group]Determining the checkout info
TaskMesh autonomous isolation (ubuntu)	Checkout	2026-09-16T02:12:38.3110143Z ##[endgroup]
TaskMesh autonomous isolation (ubuntu)	Checkout	2026-09-16T02:12:38.3111425Z [command]/usr/bin/git sparse-checkout disable
TaskMesh autonomous isolation (ubuntu)	Checkout	2026-09-16T02:12:38.3173801Z [command]/usr/bin/git config --local --unset-all extensions.worktreeConfig
TaskMesh autonomous isolation (ubuntu)	Checkout	2026-09-16T02:12:38.3208452Z ##[group]Checking out the ref
TaskMesh autonomous isolation (ubuntu)	Checkout	2026-09-16T02:12:38.3212460Z [command]/usr/bin/git checkout --progress --force -B main refs/remotes/origin/main
TaskMesh autonomous isolation (ubuntu)	Checkout	2026-09-16T02:12:38.7596876Z Switched to a new branch 'main'
TaskMesh autonomous isolation (ubuntu)	Checkout	2026-09-16T02:12:38.7598517Z branch 'main' set up to track 'origin/main'.
TaskMesh autonomous isolation (ubuntu)	Checkout	2026-09-16T02:12:38.7622560Z ##[endgroup]
TaskMesh autonomous isolation (ubuntu)	Checkout	2026-09-16T02:12:38.7679211Z [command]/usr/bin/git log -1 --format=%H
TaskMesh autonomous isolation (ubuntu)	Checkout	2026-09-16T02:12:38.7713017Z 640d0617b945081fe619ff4836348f7c98d52ec6
TaskMesh autonomous isolation (ubuntu)	Checkout	2026-09-16T02:12:38.7722801Z ##[group]Removing auth
TaskMesh autonomous isolation (ubuntu)	Checkout	2026-09-16T02:12:38.7723697Z Removing SSH command configuration
TaskMesh autonomous isolation (ubuntu)	Checkout	2026-09-16T02:12:38.7728434Z [command]/usr/bin/git config --local --name-only --get-regexp core\.sshCommand
TaskMesh autonomous isolation (ubuntu)	Checkout	2026-09-16T02:12:38.7780886Z [command]/usr/bin/git submodule foreach --recursive sh -c "git config --local --name-only --get-regexp 'core\.sshCommand' && git config --local --unset-all 'core.sshCommand' || :"
TaskMesh autonomous isolation (ubuntu)	Checkout	2026-09-16T02:12:38.8034558Z Removing HTTP extra header
TaskMesh autonomous isolation (ubuntu)	Checkout	2026-09-16T02:12:38.8035798Z [command]/usr/bin/git config --local --name-only --get-regexp http\.https\:\/\/github\.com\/\.extraheader
TaskMesh autonomous isolation (ubuntu)	Checkout	2026-09-16T02:12:38.8072353Z [command]/usr/bin/git submodule foreach --recursive sh -c "git config --local --name-only --get-regexp 'http\.https\:\/\/github\.com\/\.extraheader' && git config --local --unset-all 'http.https://github.com/.extraheader' || :"
TaskMesh autonomous isolation (ubuntu)	Checkout	2026-09-16T02:12:38.8319947Z Removing includeIf entries pointing to credentials config files
TaskMesh autonomous isolation (ubuntu)	Checkout	2026-09-16T02:12:38.8324884Z [command]/usr/bin/git config --local --name-only --get-regexp ^includeIf\.gitdir:
TaskMesh autonomous isolation (ubuntu)	Checkout	2026-09-16T02:12:38.8359863Z includeif.gitdir:/home/runner/work/task-spec/task-spec/.git.path
TaskMesh autonomous isolation (ubuntu)	Checkout	2026-09-16T02:12:38.8360975Z includeif.gitdir:/home/runner/work/task-spec/task-spec/.git/worktrees/*.path
TaskMesh autonomous isolation (ubuntu)	Checkout	2026-09-16T02:12:38.8361928Z includeif.gitdir:/github/workspace/.git.path
TaskMesh autonomous isolation (ubuntu)	Checkout	2026-09-16T02:12:38.8362844Z includeif.gitdir:/github/workspace/.git/worktrees/*.path
TaskMesh autonomous isolation (ubuntu)	Checkout	2026-09-16T02:12:38.8373212Z [command]/usr/bin/git config --local --get-all includeif.gitdir:/home/runner/work/task-spec/task-spec/.git.path
TaskMesh autonomous isolation (ubuntu)	Checkout	2026-09-16T02:12:38.8403518Z /home/runner/work/_temp/git-credentials-d332d902-9870-4b21-b3b0-d6c943d9a186.config
TaskMesh autonomous isolation (ubuntu)	Checkout	2026-09-16T02:12:38.8414355Z [command]/usr/bin/git config --local --unset includeif.gitdir:/home/runner/work/task-spec/task-spec/.git.path \/home\/runner\/work\/_temp\/git\-credentials\-d332d902\-9870\-4b21\-b3b0\-d6c943d9a186\.config
TaskMesh autonomous isolation (ubuntu)	Checkout	2026-09-16T02:12:38.8454271Z [command]/usr/bin/git config --local --get-all includeif.gitdir:/home/runner/work/task-spec/task-spec/.git/worktrees/*.path
TaskMesh autonomous isolation (ubuntu)	Checkout	2026-09-16T02:12:38.8488111Z /home/runner/work/_temp/git-credentials-d332d902-9870-4b21-b3b0-d6c943d9a186.config
TaskMesh autonomous isolation (ubuntu)	Checkout	2026-09-16T02:12:38.8501627Z [command]/usr/bin/git config --local --unset includeif.gitdir:/home/runner/work/task-spec/task-spec/.git/worktrees/*.path \/home\/runner\/work\/_temp\/git\-credentials\-d332d902\-9870\-4b21\-b3b0\-d6c943d9a186\.config
TaskMesh autonomous isolation (ubuntu)	Checkout	2026-09-16T02:12:38.8553581Z [command]/usr/bin/git config --local --get-all includeif.gitdir:/github/workspace/.git.path
TaskMesh autonomous isolation (ubuntu)	Checkout	2026-09-16T02:12:38.8592371Z /github/runner_temp/git-credentials-d332d902-9870-4b21-b3b0-d6c943d9a186.config
TaskMesh autonomous isolation (ubuntu)	Checkout	2026-09-16T02:12:38.8607599Z [command]/usr/bin/git config --local --unset includeif.gitdir:/github/workspace/.git.path \/github\/runner_temp\/git\-credentials\-d332d902\-9870\-4b21\-b3b0\-d6c943d9a186\.config
TaskMesh autonomous isolation (ubuntu)	Checkout	2026-09-16T02:12:38.8684634Z [command]/usr/bin/git config --local --get-all includeif.gitdir:/github/workspace/.git/worktrees/*.path
TaskMesh autonomous isolation (ubuntu)	Checkout	2026-09-16T02:12:38.8828072Z /github/runner_temp/git-credentials-d332d902-9870-4b21-b3b0-d6c943d9a186.config
TaskMesh autonomous isolation (ubuntu)	Checkout	2026-09-16T02:12:38.8830522Z [command]/usr/bin/git config --local --unset includeif.gitdir:/github/workspace/.git/worktrees/*.path \/github\/runner_temp\/git\-credentials\-d332d902\-9870\-4b21\-b3b0\-d6c943d9a186\.config
TaskMesh autonomous isolation (ubuntu)	Checkout	2026-09-16T02:12:38.8833056Z [command]/usr/bin/git submodule foreach --recursive git config --local --show-origin --name-only --get-regexp remote.origin.url
TaskMesh autonomous isolation (ubuntu)	Checkout	2026-09-16T02:12:38.9192231Z Removing credentials config '/home/runner/work/_temp/git-credentials-d332d902-9870-4b21-b3b0-d6c943d9a186.config'
TaskMesh autonomous isolation (ubuntu)	Checkout	2026-09-16T02:12:38.9238240Z ##[endgroup]
TaskMesh autonomous isolation (ubuntu)	Install pinned Go toolchain	﻿2026-09-16T02:12:38.9445932Z ##[group]Run actions/setup-go@b7ad1dad31e06c5925ef5d2fc7ad053ef454303e
TaskMesh autonomous isolation (ubuntu)	Install pinned Go toolchain	2026-09-16T02:12:38.9446794Z with:
TaskMesh autonomous isolation (ubuntu)	Install pinned Go toolchain	2026-09-16T02:12:38.9447020Z   go-version: 1.25.0
TaskMesh autonomous isolation (ubuntu)	Install pinned Go toolchain	2026-09-16T02:12:38.9447301Z   cache-dependency-path: go.sum
TaskMesh autonomous isolation (ubuntu)	Install pinned Go toolchain	2026-09-16T02:12:38.9447566Z   check-latest: false
TaskMesh autonomous isolation (ubuntu)	Install pinned Go toolchain	2026-09-16T02:12:38.9449949Z   token: ***
TaskMesh autonomous isolation (ubuntu)	Install pinned Go toolchain	2026-09-16T02:12:38.9450163Z   cache: true
TaskMesh autonomous isolation (ubuntu)	Install pinned Go toolchain	2026-09-16T02:12:38.9450363Z ##[endgroup]
TaskMesh autonomous isolation (ubuntu)	Install pinned Go toolchain	2026-09-16T02:12:39.0687630Z Setup go version spec 1.25.0
TaskMesh autonomous isolation (ubuntu)	Install pinned Go toolchain	2026-09-16T02:12:39.0691040Z Attempting to download 1.25.0...
TaskMesh autonomous isolation (ubuntu)	Install pinned Go toolchain	2026-09-16T02:12:39.6227103Z matching 1.25.0...
TaskMesh autonomous isolation (ubuntu)	Install pinned Go toolchain	2026-09-16T02:12:39.6320968Z Acquiring 1.25.0 from https://github.com/actions/go-versions/releases/download/1.25.0-16925932082/go-1.25.0-linux-x64.tar.gz
TaskMesh autonomous isolation (ubuntu)	Install pinned Go toolchain	2026-09-16T02:12:40.2944355Z Extracting Go...
TaskMesh autonomous isolation (ubuntu)	Install pinned Go toolchain	2026-09-16T02:12:40.3103843Z [command]/usr/bin/tar xz --warning=no-unknown-keyword --overwrite -C /home/runner/work/_temp/130dbf73-7253-41dc-a86c-7e622a46ea54 -f /home/runner/work/_temp/876ed286-3333-43db-8a52-28b13c077688
TaskMesh autonomous isolation (ubuntu)	Install pinned Go toolchain	2026-09-16T02:12:41.9797618Z Successfully extracted go to /home/runner/work/_temp/130dbf73-7253-41dc-a86c-7e622a46ea54
TaskMesh autonomous isolation (ubuntu)	Install pinned Go toolchain	2026-09-16T02:12:41.9798988Z Adding to the cache ...
TaskMesh autonomous isolation (ubuntu)	Install pinned Go toolchain	2026-09-16T02:12:48.3306958Z Successfully cached go to /opt/hostedtoolcache/go/1.25.0/x64
TaskMesh autonomous isolation (ubuntu)	Install pinned Go toolchain	2026-09-16T02:12:48.3326717Z Added go to the path
TaskMesh autonomous isolation (ubuntu)	Install pinned Go toolchain	2026-09-16T02:12:48.3343135Z Successfully set up Go version 1.25.0
TaskMesh autonomous isolation (ubuntu)	Install pinned Go toolchain	2026-09-16T02:12:48.3626829Z [command]/opt/hostedtoolcache/go/1.25.0/x64/bin/go env GOMODCACHE
TaskMesh autonomous isolation (ubuntu)	Install pinned Go toolchain	2026-09-16T02:12:48.3700073Z [command]/opt/hostedtoolcache/go/1.25.0/x64/bin/go env GOCACHE
TaskMesh autonomous isolation (ubuntu)	Install pinned Go toolchain	2026-09-16T02:12:48.3793685Z /home/runner/go/pkg/mod
TaskMesh autonomous isolation (ubuntu)	Install pinned Go toolchain	2026-09-16T02:12:48.3814805Z /home/runner/.cache/go-build
TaskMesh autonomous isolation (ubuntu)	Install pinned Go toolchain	2026-09-16T02:12:48.6457134Z Cache hit for: setup-go-Linux-x64-ubuntu24-go-1.25.0-177c9a629613f64b62ff3bce8b5249e61de06089c1d63967a2ef301279610df5
TaskMesh autonomous isolation (ubuntu)	Install pinned Go toolchain	2026-09-16T02:12:49.9596890Z Received 0 of 104912598 (0.0%), 0.0 MBs/sec
TaskMesh autonomous isolation (ubuntu)	Install pinned Go toolchain	2026-09-16T02:12:50.9571262Z Received 96523990 of 104912598 (92.0%), 45.8 MBs/sec
TaskMesh autonomous isolation (ubuntu)	Install pinned Go toolchain	2026-09-16T02:12:51.2506881Z Received 104912598 of 104912598 (100.0%), 43.5 MBs/sec
TaskMesh autonomous isolation (ubuntu)	Install pinned Go toolchain	2026-09-16T02:12:51.2514119Z Cache Size: ~100 MB (104912598 B)
TaskMesh autonomous isolation (ubuntu)	Install pinned Go toolchain	2026-09-16T02:12:51.2587484Z [command]/usr/bin/tar -xf /home/runner/work/_temp/97daabdb-5cef-4da0-a26a-d355e03e2a7e/cache.tzst -P -C /home/runner/work/task-spec/task-spec --use-compress-program unzstd
TaskMesh autonomous isolation (ubuntu)	Install pinned Go toolchain	2026-09-16T02:12:52.4803960Z Cache restored successfully
TaskMesh autonomous isolation (ubuntu)	Install pinned Go toolchain	2026-09-16T02:12:52.4857718Z Cache restored from key: setup-go-Linux-x64-ubuntu24-go-1.25.0-177c9a629613f64b62ff3bce8b5249e61de06089c1d63967a2ef301279610df5
TaskMesh autonomous isolation (ubuntu)	Install pinned Go toolchain	2026-09-16T02:12:52.4887050Z go version go1.25.0 linux/amd64
TaskMesh autonomous isolation (ubuntu)	Install pinned Go toolchain	2026-09-16T02:12:52.4887706Z 
TaskMesh autonomous isolation (ubuntu)	Install pinned Go toolchain	2026-09-16T02:12:52.4888494Z ##[group]go env
TaskMesh autonomous isolation (ubuntu)	Install pinned Go toolchain	2026-09-16T02:12:52.7517468Z AR='ar'
TaskMesh autonomous isolation (ubuntu)	Install pinned Go toolchain	2026-09-16T02:12:52.7526333Z CC='gcc'
TaskMesh autonomous isolation (ubuntu)	Install pinned Go toolchain	2026-09-16T02:12:52.7527011Z CGO_CFLAGS='-O2 -g'
TaskMesh autonomous isolation (ubuntu)	Install pinned Go toolchain	2026-09-16T02:12:52.7527684Z CGO_CPPFLAGS=''
TaskMesh autonomous isolation (ubuntu)	Install pinned Go toolchain	2026-09-16T02:12:52.7539780Z CGO_CXXFLAGS='-O2 -g'
TaskMesh autonomous isolation (ubuntu)	Install pinned Go toolchain	2026-09-16T02:12:52.7540476Z CGO_ENABLED='1'
TaskMesh autonomous isolation (ubuntu)	Install pinned Go toolchain	2026-09-16T02:12:52.7541090Z CGO_FFLAGS='-O2 -g'
TaskMesh autonomous isolation (ubuntu)	Install pinned Go toolchain	2026-09-16T02:12:52.7576866Z CGO_LDFLAGS='-O2 -g'
TaskMesh autonomous isolation (ubuntu)	Install pinned Go toolchain	2026-09-16T02:12:52.7605896Z CXX='g++'
TaskMesh autonomous isolation (ubuntu)	Install pinned Go toolchain	2026-09-16T02:12:52.7606962Z GCCGO='gccgo'
TaskMesh autonomous isolation (ubuntu)	Install pinned Go toolchain	2026-09-16T02:12:52.7607512Z GO111MODULE=''
TaskMesh autonomous isolation (ubuntu)	Install pinned Go toolchain	2026-09-16T02:12:52.7608185Z GOAMD64='v1'
TaskMesh autonomous isolation (ubuntu)	Install pinned Go toolchain	2026-09-16T02:12:52.7609327Z GOARCH='amd64'
TaskMesh autonomous isolation (ubuntu)	Install pinned Go toolchain	2026-09-16T02:12:52.7610262Z GOAUTH='netrc'
TaskMesh autonomous isolation (ubuntu)	Install pinned Go toolchain	2026-09-16T02:12:52.7610808Z GOBIN=''
TaskMesh autonomous isolation (ubuntu)	Install pinned Go toolchain	2026-09-16T02:12:52.7613725Z GOCACHE='/home/runner/.cache/go-build'
TaskMesh autonomous isolation (ubuntu)	Install pinned Go toolchain	2026-09-16T02:12:52.7614847Z GOCACHEPROG=''
TaskMesh autonomous isolation (ubuntu)	Install pinned Go toolchain	2026-09-16T02:12:52.7615476Z GODEBUG=''
TaskMesh autonomous isolation (ubuntu)	Install pinned Go toolchain	2026-09-16T02:12:52.7616360Z GOENV='/home/runner/.config/go/env'
TaskMesh autonomous isolation (ubuntu)	Install pinned Go toolchain	2026-09-16T02:12:52.7617067Z GOEXE=''
TaskMesh autonomous isolation (ubuntu)	Install pinned Go toolchain	2026-09-16T02:12:52.7617580Z GOEXPERIMENT=''
TaskMesh autonomous isolation (ubuntu)	Install pinned Go toolchain	2026-09-16T02:12:52.7618126Z GOFIPS140='off'
TaskMesh autonomous isolation (ubuntu)	Install pinned Go toolchain	2026-09-16T02:12:52.7618639Z GOFLAGS=''
TaskMesh autonomous isolation (ubuntu)	Install pinned Go toolchain	2026-09-16T02:12:52.7620041Z GOGCCFLAGS='-fPIC -m64 -pthread -Wl,--no-gc-sections -fmessage-length=0 -ffile-prefix-map=/tmp/go-build1190582023=/tmp/go-build -gno-record-gcc-switches'
TaskMesh autonomous isolation (ubuntu)	Install pinned Go toolchain	2026-09-16T02:12:52.7631946Z GOHOSTARCH='amd64'
TaskMesh autonomous isolation (ubuntu)	Install pinned Go toolchain	2026-09-16T02:12:52.7632691Z GOHOSTOS='linux'
TaskMesh autonomous isolation (ubuntu)	Install pinned Go toolchain	2026-09-16T02:12:52.7633284Z GOINSECURE=''
TaskMesh autonomous isolation (ubuntu)	Install pinned Go toolchain	2026-09-16T02:12:52.7634157Z GOMOD='/home/runner/work/task-spec/task-spec/go.mod'
TaskMesh autonomous isolation (ubuntu)	Install pinned Go toolchain	2026-09-16T02:12:52.7635468Z GOMODCACHE='/home/runner/go/pkg/mod'
TaskMesh autonomous isolation (ubuntu)	Install pinned Go toolchain	2026-09-16T02:12:52.7646607Z GONOPROXY=''
TaskMesh autonomous isolation (ubuntu)	Install pinned Go toolchain	2026-09-16T02:12:52.7658059Z GONOSUMDB=''
TaskMesh autonomous isolation (ubuntu)	Install pinned Go toolchain	2026-09-16T02:12:52.7658720Z GOOS='linux'
TaskMesh autonomous isolation (ubuntu)	Install pinned Go toolchain	2026-09-16T02:12:52.7659236Z GOPATH='/home/runner/go'
TaskMesh autonomous isolation (ubuntu)	Install pinned Go toolchain	2026-09-16T02:12:52.7659786Z GOPRIVATE=''
TaskMesh autonomous isolation (ubuntu)	Install pinned Go toolchain	2026-09-16T02:12:52.7660341Z GOPROXY='https://proxy.golang.org,direct'
TaskMesh autonomous isolation (ubuntu)	Install pinned Go toolchain	2026-09-16T02:12:52.7661036Z GOROOT='/opt/hostedtoolcache/go/1.25.0/x64'
TaskMesh autonomous isolation (ubuntu)	Install pinned Go toolchain	2026-09-16T02:12:52.7661683Z GOSUMDB='sum.golang.org'
TaskMesh autonomous isolation (ubuntu)	Install pinned Go toolchain	2026-09-16T02:12:52.7662217Z GOTELEMETRY='local'
TaskMesh autonomous isolation (ubuntu)	Install pinned Go toolchain	2026-09-16T02:12:52.7662809Z GOTELEMETRYDIR='/home/runner/.config/go/telemetry'
TaskMesh autonomous isolation (ubuntu)	Install pinned Go toolchain	2026-09-16T02:12:52.7663491Z GOTMPDIR=''
TaskMesh autonomous isolation (ubuntu)	Install pinned Go toolchain	2026-09-16T02:12:52.7663926Z GOTOOLCHAIN='local'
TaskMesh autonomous isolation (ubuntu)	Install pinned Go toolchain	2026-09-16T02:12:52.7664603Z GOTOOLDIR='/opt/hostedtoolcache/go/1.25.0/x64/pkg/tool/linux_amd64'
TaskMesh autonomous isolation (ubuntu)	Install pinned Go toolchain	2026-09-16T02:12:52.7665333Z GOVCS=''
TaskMesh autonomous isolation (ubuntu)	Install pinned Go toolchain	2026-09-16T02:12:52.7665798Z GOVERSION='go1.25.0'
TaskMesh autonomous isolation (ubuntu)	Install pinned Go toolchain	2026-09-16T02:12:52.7666635Z GOWORK=''
TaskMesh autonomous isolation (ubuntu)	Install pinned Go toolchain	2026-09-16T02:12:52.7667135Z PKG_CONFIG='pkg-config'
TaskMesh autonomous isolation (ubuntu)	Install pinned Go toolchain	2026-09-16T02:12:52.7667505Z 
TaskMesh autonomous isolation (ubuntu)	Install pinned Go toolchain	2026-09-16T02:12:52.7668298Z ##[endgroup]
TaskMesh autonomous isolation (ubuntu)	Require live Docker isolation proof	﻿2026-09-16T02:12:52.7838612Z ##[group]Run bash tests/test-mesh-isolation.sh
TaskMesh autonomous isolation (ubuntu)	Require live Docker isolation proof	2026-09-16T02:12:52.7839085Z [36;1mbash tests/test-mesh-isolation.sh[0m
TaskMesh autonomous isolation (ubuntu)	Require live Docker isolation proof	2026-09-16T02:12:52.7839454Z [36;1mbash tests/test-toolkit-attested.sh[0m
TaskMesh autonomous isolation (ubuntu)	Require live Docker isolation proof	2026-09-16T02:12:52.7886788Z shell: /usr/bin/bash -e {0}
TaskMesh autonomous isolation (ubuntu)	Require live Docker isolation proof	2026-09-16T02:12:52.7887080Z env:
TaskMesh autonomous isolation (ubuntu)	Require live Docker isolation proof	2026-09-16T02:12:52.7887288Z   GOTOOLCHAIN: local
TaskMesh autonomous isolation (ubuntu)	Require live Docker isolation proof	2026-09-16T02:12:52.7887537Z   TASKSPEC_REQUIRE_MESH_ISOLATION: 1
TaskMesh autonomous isolation (ubuntu)	Require live Docker isolation proof	2026-09-16T02:12:52.7887806Z ##[endgroup]
TaskMesh autonomous isolation (ubuntu)	Require live Docker isolation proof	2026-09-16T02:13:35.9927504Z MESH_ISOLATION=READY
TaskMesh autonomous isolation (ubuntu)	Require live Docker isolation proof	2026-09-16T02:13:52.2686405Z TOOLKIT_ATTESTED=PASS two rounds, distinct revoked credentials, signed evidence, canonical acceptance
TaskMesh autonomous isolation (ubuntu)	Require live Docker isolation proof	2026-09-16T02:13:59.7630257Z MESH_ISOLATION=READY
TaskMesh autonomous isolation (ubuntu)	Post Install pinned Go toolchain	﻿2026-09-16T02:13:59.7902986Z Post job cleanup.
TaskMesh autonomous isolation (ubuntu)	Post Install pinned Go toolchain	2026-09-16T02:13:59.9179879Z [command]/opt/hostedtoolcache/go/1.25.0/x64/bin/go env GOMODCACHE
TaskMesh autonomous isolation (ubuntu)	Post Install pinned Go toolchain	2026-09-16T02:13:59.9228282Z [command]/opt/hostedtoolcache/go/1.25.0/x64/bin/go env GOCACHE
TaskMesh autonomous isolation (ubuntu)	Post Install pinned Go toolchain	2026-09-16T02:13:59.9306371Z /home/runner/go/pkg/mod
TaskMesh autonomous isolation (ubuntu)	Post Install pinned Go toolchain	2026-09-16T02:13:59.9356634Z /home/runner/.cache/go-build
TaskMesh autonomous isolation (ubuntu)	Post Install pinned Go toolchain	2026-09-16T02:13:59.9367737Z Cache hit occurred on the primary key setup-go-Linux-x64-ubuntu24-go-1.25.0-177c9a629613f64b62ff3bce8b5249e61de06089c1d63967a2ef301279610df5, not saving cache.
TaskMesh autonomous isolation (ubuntu)	Post Checkout	﻿2026-09-16T02:13:59.9652370Z Post job cleanup.
TaskMesh autonomous isolation (ubuntu)	Post Checkout	2026-09-16T02:14:00.0596669Z [command]/usr/bin/git version
TaskMesh autonomous isolation (ubuntu)	Post Checkout	2026-09-16T02:14:00.0666645Z git version 2.55.0
TaskMesh autonomous isolation (ubuntu)	Post Checkout	2026-09-16T02:14:00.0735773Z Temporarily overriding HOME='/home/runner/work/_temp/226457bb-a0cb-4ee7-9913-c376b2cef17d' before making global git config changes
TaskMesh autonomous isolation (ubuntu)	Post Checkout	2026-09-16T02:14:00.0737426Z Adding repository directory to the temporary git global config as a safe directory
TaskMesh autonomous isolation (ubuntu)	Post Checkout	2026-09-16T02:14:00.0738551Z [command]/usr/bin/git config --global --add safe.directory /home/runner/work/task-spec/task-spec
TaskMesh autonomous isolation (ubuntu)	Post Checkout	2026-09-16T02:14:00.0781490Z Removing SSH command configuration
TaskMesh autonomous isolation (ubuntu)	Post Checkout	2026-09-16T02:14:00.0787739Z [command]/usr/bin/git config --local --name-only --get-regexp core\.sshCommand
TaskMesh autonomous isolation (ubuntu)	Post Checkout	2026-09-16T02:14:00.0853845Z [command]/usr/bin/git submodule foreach --recursive sh -c "git config --local --name-only --get-regexp 'core\.sshCommand' && git config --local --unset-all 'core.sshCommand' || :"
TaskMesh autonomous isolation (ubuntu)	Post Checkout	2026-09-16T02:14:00.1251420Z Removing HTTP extra header
TaskMesh autonomous isolation (ubuntu)	Post Checkout	2026-09-16T02:14:00.1275324Z [command]/usr/bin/git config --local --name-only --get-regexp http\.https\:\/\/github\.com\/\.extraheader
TaskMesh autonomous isolation (ubuntu)	Post Checkout	2026-09-16T02:14:00.1329404Z [command]/usr/bin/git submodule foreach --recursive sh -c "git config --local --name-only --get-regexp 'http\.https\:\/\/github\.com\/\.extraheader' && git config --local --unset-all 'http.https://github.com/.extraheader' || :"
TaskMesh autonomous isolation (ubuntu)	Post Checkout	2026-09-16T02:14:00.1685693Z Removing includeIf entries pointing to credentials config files
TaskMesh autonomous isolation (ubuntu)	Post Checkout	2026-09-16T02:14:00.1687054Z [command]/usr/bin/git config --local --name-only --get-regexp ^includeIf\.gitdir:
TaskMesh autonomous isolation (ubuntu)	Post Checkout	2026-09-16T02:14:00.1727684Z [command]/usr/bin/git submodule foreach --recursive git config --local --show-origin --name-only --get-regexp remote.origin.url
TaskMesh autonomous isolation (ubuntu)	Complete job	﻿2026-09-16T02:14:00.2473020Z Cleaning up orphan processes
make check (macos-latest)	Set up job	﻿2026-09-16T02:12:38.8385990Z Current runner version: '2.337.0'
make check (macos-latest)	Set up job	2026-09-16T02:12:38.8403220Z ##[group]Runner Image Provisioner
make check (macos-latest)	Set up job	2026-09-16T02:12:38.8403790Z Hosted Compute Agent
make check (macos-latest)	Set up job	2026-09-16T02:12:38.8404160Z Version: 20260828.587
make check (macos-latest)	Set up job	2026-09-16T02:12:38.8404570Z Commit: abac92662cab4cc7352de4f9f9d2e2419aad9c29
make check (macos-latest)	Set up job	2026-09-16T02:12:38.8405040Z Build Date: 2026-08-28T16:44:25Z
make check (macos-latest)	Set up job	2026-09-16T02:12:38.8405470Z Worker ID: {9d9d0862-2400-44f2-ab82-a8166a54cb8f}
make check (macos-latest)	Set up job	2026-09-16T02:12:38.8405920Z Azure Region: westus
make check (macos-latest)	Set up job	2026-09-16T02:12:38.8406290Z ##[endgroup]
make check (macos-latest)	Set up job	2026-09-16T02:12:38.8407180Z ##[group]Operating System
make check (macos-latest)	Set up job	2026-09-16T02:12:38.8407630Z macOS
make check (macos-latest)	Set up job	2026-09-16T02:12:38.8407990Z 26.6.2
make check (macos-latest)	Set up job	2026-09-16T02:12:38.8408330Z 25G83
make check (macos-latest)	Set up job	2026-09-16T02:12:38.8408670Z ##[endgroup]
make check (macos-latest)	Set up job	2026-09-16T02:12:38.8409020Z ##[group]Runner Image
make check (macos-latest)	Set up job	2026-09-16T02:12:38.8409410Z Image: macos-26-arm64
make check (macos-latest)	Set up job	2026-09-16T02:12:38.8409780Z Version: 20260907.0351.1
make check (macos-latest)	Set up job	2026-09-16T02:12:38.8410530Z Included Software: https://github.com/actions/runner-images/blob/macos-26-arm64/20260907.0351/images/macos/macos-26-arm64-Readme.md
make check (macos-latest)	Set up job	2026-09-16T02:12:38.8411690Z Image Release: https://github.com/actions/runner-images/releases/tag/macos-26-arm64%2F20260907.0351
make check (macos-latest)	Set up job	2026-09-16T02:12:38.8412360Z ##[endgroup]
make check (macos-latest)	Set up job	2026-09-16T02:12:38.8413110Z ##[group]GITHUB_TOKEN Permissions
make check (macos-latest)	Set up job	2026-09-16T02:12:38.8414290Z Contents: read
make check (macos-latest)	Set up job	2026-09-16T02:12:38.8414660Z Metadata: read
make check (macos-latest)	Set up job	2026-09-16T02:12:38.8415020Z ##[endgroup]
make check (macos-latest)	Set up job	2026-09-16T02:12:38.8416400Z Secret source: Actions
make check (macos-latest)	Set up job	2026-09-16T02:12:38.8416980Z Cache mode: write
make check (macos-latest)	Set up job	2026-09-16T02:12:38.8417440Z Prepare workflow directory
make check (macos-latest)	Set up job	2026-09-16T02:12:38.8657830Z Prepare all required actions
make check (macos-latest)	Set up job	2026-09-16T02:12:38.8691370Z Getting action download info
make check (macos-latest)	Set up job	2026-09-16T02:12:39.2878850Z Download action repository 'actions/checkout@3d3c42e5aac5ba805825da76410c181273ba90b1' (SHA:3d3c42e5aac5ba805825da76410c181273ba90b1)
make check (macos-latest)	Set up job	2026-09-16T02:12:39.4873350Z Download action repository 'actions/setup-go@b7ad1dad31e06c5925ef5d2fc7ad053ef454303e' (SHA:b7ad1dad31e06c5925ef5d2fc7ad053ef454303e)
make check (macos-latest)	Set up job	2026-09-16T02:12:40.0662920Z Complete job name: make check (macos-latest)
make check (macos-latest)	Checkout	﻿2026-09-16T02:12:40.1181730Z ##[group]Run actions/checkout@3d3c42e5aac5ba805825da76410c181273ba90b1
make check (macos-latest)	Checkout	2026-09-16T02:12:40.1182630Z with:
make check (macos-latest)	Checkout	2026-09-16T02:12:40.1182980Z   persist-credentials: false
make check (macos-latest)	Checkout	2026-09-16T02:12:40.1183380Z   repository: luanmorenommaciel/task-spec
make check (macos-latest)	Checkout	2026-09-16T02:12:40.1186660Z   token: ***
make check (macos-latest)	Checkout	2026-09-16T02:12:40.1187020Z   ssh-strict: true
make check (macos-latest)	Checkout	2026-09-16T02:12:40.1187420Z   ssh-user: git
make check (macos-latest)	Checkout	2026-09-16T02:12:40.1187730Z   clean: true
make check (macos-latest)	Checkout	2026-09-16T02:12:40.1188070Z   sparse-checkout-cone-mode: true
make check (macos-latest)	Checkout	2026-09-16T02:12:40.1188860Z   fetch-depth: 1
make check (macos-latest)	Checkout	2026-09-16T02:12:40.1189200Z   fetch-tags: false
make check (macos-latest)	Checkout	2026-09-16T02:12:40.1189650Z   show-progress: true
make check (macos-latest)	Checkout	2026-09-16T02:12:40.1190040Z   lfs: false
make check (macos-latest)	Checkout	2026-09-16T02:12:40.1190430Z   submodules: false
make check (macos-latest)	Checkout	2026-09-16T02:12:40.1190820Z   set-safe-directory: true
make check (macos-latest)	Checkout	2026-09-16T02:12:40.1191670Z   allow-unsafe-pr-checkout: false
make check (macos-latest)	Checkout	2026-09-16T02:12:40.1192320Z ##[endgroup]
make check (macos-latest)	Checkout	2026-09-16T02:12:40.6979710Z Syncing repository: luanmorenommaciel/task-spec
make check (macos-latest)	Checkout	2026-09-16T02:12:40.6981470Z ##[group]Getting Git version info
make check (macos-latest)	Checkout	2026-09-16T02:12:40.6982120Z Working directory is '/Users/runner/work/task-spec/task-spec'
make check (macos-latest)	Checkout	2026-09-16T02:12:40.6982980Z [command]/opt/homebrew/bin/git version
make check (macos-latest)	Checkout	2026-09-16T02:12:40.7290200Z git version 2.55.0
make check (macos-latest)	Checkout	2026-09-16T02:12:40.7422170Z ##[endgroup]
make check (macos-latest)	Checkout	2026-09-16T02:12:40.7533030Z Copying '/Users/runner/.gitconfig' to '/Users/runner/work/_temp/93442086-35b8-44e4-9115-f7c1c9e7b538/.gitconfig'
make check (macos-latest)	Checkout	2026-09-16T02:12:40.7537960Z Temporarily overriding HOME='/Users/runner/work/_temp/93442086-35b8-44e4-9115-f7c1c9e7b538' before making global git config changes
make check (macos-latest)	Checkout	2026-09-16T02:12:40.7626080Z Adding repository directory to the temporary git global config as a safe directory
make check (macos-latest)	Checkout	2026-09-16T02:12:40.7658120Z [command]/opt/homebrew/bin/git config --global --add safe.directory /Users/runner/work/task-spec/task-spec
make check (macos-latest)	Checkout	2026-09-16T02:12:40.7674940Z Deleting the contents of '/Users/runner/work/task-spec/task-spec'
make check (macos-latest)	Checkout	2026-09-16T02:12:40.7676240Z ##[group]Determining repository object format
make check (macos-latest)	Checkout	2026-09-16T02:12:40.7677830Z ##[endgroup]
make check (macos-latest)	Checkout	2026-09-16T02:12:40.7678640Z ##[group]Initializing the repository
make check (macos-latest)	Checkout	2026-09-16T02:12:40.7679420Z [command]/opt/homebrew/bin/git init /Users/runner/work/task-spec/task-spec
make check (macos-latest)	Checkout	2026-09-16T02:12:40.7807770Z hint: Using 'master' as the name for the initial branch. This default branch name
make check (macos-latest)	Checkout	2026-09-16T02:12:40.7810300Z hint: will change to "main" in Git 3.0. To configure the initial branch name
make check (macos-latest)	Checkout	2026-09-16T02:12:40.7812750Z hint: to use in all of your new repositories, which will suppress this warning,
make check (macos-latest)	Checkout	2026-09-16T02:12:40.7814110Z hint: call:
make check (macos-latest)	Checkout	2026-09-16T02:12:40.7815410Z hint:
make check (macos-latest)	Checkout	2026-09-16T02:12:40.7818510Z hint: 	git config --global init.defaultBranch <name>
make check (macos-latest)	Checkout	2026-09-16T02:12:40.7821890Z hint:
make check (macos-latest)	Checkout	2026-09-16T02:12:40.7824070Z hint: Names commonly chosen instead of 'master' are 'main', 'trunk' and
make check (macos-latest)	Checkout	2026-09-16T02:12:40.7830860Z hint: 'development'. The just-created branch can be renamed via this command:
make check (macos-latest)	Checkout	2026-09-16T02:12:40.7833370Z hint:
make check (macos-latest)	Checkout	2026-09-16T02:12:40.7847710Z hint: 	git branch -m <name>
make check (macos-latest)	Checkout	2026-09-16T02:12:40.7849350Z hint:
make check (macos-latest)	Checkout	2026-09-16T02:12:40.7851150Z hint: Disable this message with "git config set advice.defaultBranchName false"
make check (macos-latest)	Checkout	2026-09-16T02:12:40.7876020Z Initialized empty Git repository in /Users/runner/work/task-spec/task-spec/.git/
make check (macos-latest)	Checkout	2026-09-16T02:12:40.7888790Z [command]/opt/homebrew/bin/git remote add origin https://github.com/luanmorenommaciel/task-spec
make check (macos-latest)	Checkout	2026-09-16T02:12:40.7921470Z ##[endgroup]
make check (macos-latest)	Checkout	2026-09-16T02:12:40.7925680Z ##[group]Disabling automatic garbage collection
make check (macos-latest)	Checkout	2026-09-16T02:12:40.7928920Z [command]/opt/homebrew/bin/git config --local gc.auto 0
make check (macos-latest)	Checkout	2026-09-16T02:12:40.8043840Z ##[endgroup]
make check (macos-latest)	Checkout	2026-09-16T02:12:40.8045140Z ##[group]Setting up auth
make check (macos-latest)	Checkout	2026-09-16T02:12:40.8045740Z Removing SSH command configuration
make check (macos-latest)	Checkout	2026-09-16T02:12:40.8048130Z [command]/opt/homebrew/bin/git config --local --name-only --get-regexp core\.sshCommand
make check (macos-latest)	Checkout	2026-09-16T02:12:40.8146220Z [command]/opt/homebrew/bin/git submodule foreach --recursive sh -c "git config --local --name-only --get-regexp 'core\.sshCommand' && git config --local --unset-all 'core.sshCommand' || :"
make check (macos-latest)	Checkout	2026-09-16T02:12:41.0292300Z Removing HTTP extra header
make check (macos-latest)	Checkout	2026-09-16T02:12:41.0293850Z [command]/opt/homebrew/bin/git config --local --name-only --get-regexp http\.https\:\/\/github\.com\/\.extraheader
make check (macos-latest)	Checkout	2026-09-16T02:12:41.0296440Z [command]/opt/homebrew/bin/git submodule foreach --recursive sh -c "git config --local --name-only --get-regexp 'http\.https\:\/\/github\.com\/\.extraheader' && git config --local --unset-all 'http.https://github.com/.extraheader' || :"
make check (macos-latest)	Checkout	2026-09-16T02:12:41.1677230Z Removing includeIf entries pointing to credentials config files
make check (macos-latest)	Checkout	2026-09-16T02:12:41.1886280Z [command]/opt/homebrew/bin/git config --local --name-only --get-regexp ^includeIf\.gitdir:
make check (macos-latest)	Checkout	2026-09-16T02:12:41.2197820Z [command]/opt/homebrew/bin/git submodule foreach --recursive git config --local --show-origin --name-only --get-regexp remote.origin.url
make check (macos-latest)	Checkout	2026-09-16T02:12:41.3774830Z [command]/opt/homebrew/bin/git config --file /Users/runner/work/_temp/git-credentials-37bab5a1-7d46-4106-b11f-53aa91765523.config http.https://github.com/.extraheader AUTHORIZATION: basic ***
make check (macos-latest)	Checkout	2026-09-16T02:12:41.3828730Z [command]/opt/homebrew/bin/git config --local includeIf.gitdir:/Users/runner/work/task-spec/task-spec/.git.path /Users/runner/work/_temp/git-credentials-37bab5a1-7d46-4106-b11f-53aa91765523.config
make check (macos-latest)	Checkout	2026-09-16T02:12:41.3833810Z [command]/opt/homebrew/bin/git config --local includeIf.gitdir:/Users/runner/work/task-spec/task-spec/.git/worktrees/*.path /Users/runner/work/_temp/git-credentials-37bab5a1-7d46-4106-b11f-53aa91765523.config
make check (macos-latest)	Checkout	2026-09-16T02:12:41.3840480Z [command]/opt/homebrew/bin/git config --local includeIf.gitdir:/github/workspace/.git.path /github/runner_temp/git-credentials-37bab5a1-7d46-4106-b11f-53aa91765523.config
make check (macos-latest)	Checkout	2026-09-16T02:12:41.4006420Z [command]/opt/homebrew/bin/git config --local includeIf.gitdir:/github/workspace/.git/worktrees/*.path /github/runner_temp/git-credentials-37bab5a1-7d46-4106-b11f-53aa91765523.config
make check (macos-latest)	Checkout	2026-09-16T02:12:41.4149550Z ##[endgroup]
make check (macos-latest)	Checkout	2026-09-16T02:12:41.4152910Z ##[group]Fetching the repository
make check (macos-latest)	Checkout	2026-09-16T02:12:41.4159930Z [command]/opt/homebrew/bin/git -c protocol.version=2 fetch --no-tags --prune --no-recurse-submodules --depth=1 origin +640d0617b945081fe619ff4836348f7c98d52ec6:refs/remotes/origin/main
make check (macos-latest)	Checkout	2026-09-16T02:12:44.0247860Z From https://github.com/luanmorenommaciel/task-spec
make check (macos-latest)	Checkout	2026-09-16T02:12:44.0249300Z  * [new ref]         640d0617b945081fe619ff4836348f7c98d52ec6 -> origin/main
make check (macos-latest)	Checkout	2026-09-16T02:12:44.0256920Z [command]/opt/homebrew/bin/git branch --list --remote origin/main
make check (macos-latest)	Checkout	2026-09-16T02:12:44.0348770Z   origin/main
make check (macos-latest)	Checkout	2026-09-16T02:12:44.0356250Z [command]/opt/homebrew/bin/git rev-parse refs/remotes/origin/main
make check (macos-latest)	Checkout	2026-09-16T02:12:44.0422470Z 640d0617b945081fe619ff4836348f7c98d52ec6
make check (macos-latest)	Checkout	2026-09-16T02:12:44.0425320Z ##[endgroup]
make check (macos-latest)	Checkout	2026-09-16T02:12:44.0426330Z ##[group]Determining the checkout info
make check (macos-latest)	Checkout	2026-09-16T02:12:44.0427290Z ##[endgroup]
make check (macos-latest)	Checkout	2026-09-16T02:12:44.0430680Z [command]/opt/homebrew/bin/git sparse-checkout disable
make check (macos-latest)	Checkout	2026-09-16T02:12:44.0525480Z [command]/opt/homebrew/bin/git config --local --unset-all extensions.worktreeConfig
make check (macos-latest)	Checkout	2026-09-16T02:12:44.0591580Z ##[group]Checking out the ref
make check (macos-latest)	Checkout	2026-09-16T02:12:44.0594610Z [command]/opt/homebrew/bin/git checkout --progress --force -B main refs/remotes/origin/main
make check (macos-latest)	Checkout	2026-09-16T02:12:45.2366000Z Updating files:  89% (4632/5184)
make check (macos-latest)	Checkout	2026-09-16T02:12:45.2436590Z Updating files:  90% (4666/5184)
make check (macos-latest)	Checkout	2026-09-16T02:12:45.2554040Z Updating files:  91% (4718/5184)
make check (macos-latest)	Checkout	2026-09-16T02:12:45.2725090Z Updating files:  92% (4770/5184)
make check (macos-latest)	Checkout	2026-09-16T02:12:45.2781480Z Updating files:  93% (4822/5184)
make check (macos-latest)	Checkout	2026-09-16T02:12:45.2861620Z Updating files:  94% (4873/5184)
make check (macos-latest)	Checkout	2026-09-16T02:12:45.2942400Z Updating files:  95% (4925/5184)
make check (macos-latest)	Checkout	2026-09-16T02:12:45.3128450Z Updating files:  96% (4977/5184)
make check (macos-latest)	Checkout	2026-09-16T02:12:45.3231240Z Updating files:  97% (5029/5184)
make check (macos-latest)	Checkout	2026-09-16T02:12:45.3303360Z Updating files:  98% (5081/5184)
make check (macos-latest)	Checkout	2026-09-16T02:12:45.3386840Z Updating files:  99% (5133/5184)
make check (macos-latest)	Checkout	2026-09-16T02:12:45.3387590Z Updating files: 100% (5184/5184)
make check (macos-latest)	Checkout	2026-09-16T02:12:45.3388340Z Updating files: 100% (5184/5184), done.
make check (macos-latest)	Checkout	2026-09-16T02:12:45.3515220Z Switched to a new branch 'main'
make check (macos-latest)	Checkout	2026-09-16T02:12:45.3526310Z branch 'main' set up to track 'origin/main'.
make check (macos-latest)	Checkout	2026-09-16T02:12:45.3560930Z ##[endgroup]
make check (macos-latest)	Checkout	2026-09-16T02:12:45.3930980Z [command]/opt/homebrew/bin/git log -1 --format=%H
make check (macos-latest)	Checkout	2026-09-16T02:12:45.4048350Z 640d0617b945081fe619ff4836348f7c98d52ec6
make check (macos-latest)	Checkout	2026-09-16T02:12:45.4061980Z ##[group]Removing auth
make check (macos-latest)	Checkout	2026-09-16T02:12:45.4062930Z Removing SSH command configuration
make check (macos-latest)	Checkout	2026-09-16T02:12:45.4067530Z [command]/opt/homebrew/bin/git config --local --name-only --get-regexp core\.sshCommand
make check (macos-latest)	Checkout	2026-09-16T02:12:45.4169310Z [command]/opt/homebrew/bin/git submodule foreach --recursive sh -c "git config --local --name-only --get-regexp 'core\.sshCommand' && git config --local --unset-all 'core.sshCommand' || :"
make check (macos-latest)	Checkout	2026-09-16T02:12:45.5691630Z Removing HTTP extra header
make check (macos-latest)	Checkout	2026-09-16T02:12:45.5793900Z [command]/opt/homebrew/bin/git config --local --name-only --get-regexp http\.https\:\/\/github\.com\/\.extraheader
make check (macos-latest)	Checkout	2026-09-16T02:12:45.6050710Z [command]/opt/homebrew/bin/git submodule foreach --recursive sh -c "git config --local --name-only --get-regexp 'http\.https\:\/\/github\.com\/\.extraheader' && git config --local --unset-all 'http.https://github.com/.extraheader' || :"
make check (macos-latest)	Checkout	2026-09-16T02:12:45.6785680Z Removing includeIf entries pointing to credentials config files
make check (macos-latest)	Checkout	2026-09-16T02:12:45.6787830Z [command]/opt/homebrew/bin/git config --local --name-only --get-regexp ^includeIf\.gitdir:
make check (macos-latest)	Checkout	2026-09-16T02:12:45.6875410Z includeif.gitdir:/Users/runner/work/task-spec/task-spec/.git.path
make check (macos-latest)	Checkout	2026-09-16T02:12:45.6876230Z includeif.gitdir:/Users/runner/work/task-spec/task-spec/.git/worktrees/*.path
make check (macos-latest)	Checkout	2026-09-16T02:12:45.6876850Z includeif.gitdir:/github/workspace/.git.path
make check (macos-latest)	Checkout	2026-09-16T02:12:45.6877290Z includeif.gitdir:/github/workspace/.git/worktrees/*.path
make check (macos-latest)	Checkout	2026-09-16T02:12:45.6886160Z [command]/opt/homebrew/bin/git config --local --get-all includeif.gitdir:/Users/runner/work/task-spec/task-spec/.git.path
make check (macos-latest)	Checkout	2026-09-16T02:12:45.6958320Z /Users/runner/work/_temp/git-credentials-37bab5a1-7d46-4106-b11f-53aa91765523.config
make check (macos-latest)	Checkout	2026-09-16T02:12:45.6968710Z [command]/opt/homebrew/bin/git config --local --unset includeif.gitdir:/Users/runner/work/task-spec/task-spec/.git.path \/Users\/runner\/work\/_temp\/git\-credentials\-37bab5a1\-7d46\-4106\-b11f\-53aa91765523\.config
make check (macos-latest)	Checkout	2026-09-16T02:12:45.7182200Z [command]/opt/homebrew/bin/git config --local --get-all includeif.gitdir:/Users/runner/work/task-spec/task-spec/.git/worktrees/*.path
make check (macos-latest)	Checkout	2026-09-16T02:12:45.7283770Z /Users/runner/work/_temp/git-credentials-37bab5a1-7d46-4106-b11f-53aa91765523.config
make check (macos-latest)	Checkout	2026-09-16T02:12:45.7295140Z [command]/opt/homebrew/bin/git config --local --unset includeif.gitdir:/Users/runner/work/task-spec/task-spec/.git/worktrees/*.path \/Users\/runner\/work\/_temp\/git\-credentials\-37bab5a1\-7d46\-4106\-b11f\-53aa91765523\.config
make check (macos-latest)	Checkout	2026-09-16T02:12:45.7321790Z [command]/opt/homebrew/bin/git config --local --get-all includeif.gitdir:/github/workspace/.git.path
make check (macos-latest)	Checkout	2026-09-16T02:12:45.7440260Z /github/runner_temp/git-credentials-37bab5a1-7d46-4106-b11f-53aa91765523.config
make check (macos-latest)	Checkout	2026-09-16T02:12:45.7449080Z [command]/opt/homebrew/bin/git config --local --unset includeif.gitdir:/github/workspace/.git.path \/github\/runner_temp\/git\-credentials\-37bab5a1\-7d46\-4106\-b11f\-53aa91765523\.config
make check (macos-latest)	Checkout	2026-09-16T02:12:45.7541720Z [command]/opt/homebrew/bin/git config --local --get-all includeif.gitdir:/github/workspace/.git/worktrees/*.path
make check (macos-latest)	Checkout	2026-09-16T02:12:45.7626440Z /github/runner_temp/git-credentials-37bab5a1-7d46-4106-b11f-53aa91765523.config
make check (macos-latest)	Checkout	2026-09-16T02:12:45.7635850Z [command]/opt/homebrew/bin/git config --local --unset includeif.gitdir:/github/workspace/.git/worktrees/*.path \/github\/runner_temp\/git\-credentials\-37bab5a1\-7d46\-4106\-b11f\-53aa91765523\.config
make check (macos-latest)	Checkout	2026-09-16T02:12:45.7722410Z [command]/opt/homebrew/bin/git submodule foreach --recursive git config --local --show-origin --name-only --get-regexp remote.origin.url
make check (macos-latest)	Checkout	2026-09-16T02:12:45.9000190Z Removing credentials config '/Users/runner/work/_temp/git-credentials-37bab5a1-7d46-4106-b11f-53aa91765523.config'
make check (macos-latest)	Checkout	2026-09-16T02:12:45.9002000Z ##[endgroup]
make check (macos-latest)	Install pinned Go toolchain for optional TaskMesh	﻿2026-09-16T02:12:45.9150490Z ##[group]Run actions/setup-go@b7ad1dad31e06c5925ef5d2fc7ad053ef454303e
make check (macos-latest)	Install pinned Go toolchain for optional TaskMesh	2026-09-16T02:12:45.9150890Z with:
make check (macos-latest)	Install pinned Go toolchain for optional TaskMesh	2026-09-16T02:12:45.9151100Z   go-version: 1.25.0
make check (macos-latest)	Install pinned Go toolchain for optional TaskMesh	2026-09-16T02:12:45.9151400Z   cache-dependency-path: go.sum
make check (macos-latest)	Install pinned Go toolchain for optional TaskMesh	2026-09-16T02:12:45.9151630Z   check-latest: false
make check (macos-latest)	Install pinned Go toolchain for optional TaskMesh	2026-09-16T02:12:45.9153530Z   token: ***
make check (macos-latest)	Install pinned Go toolchain for optional TaskMesh	2026-09-16T02:12:45.9169310Z   cache: true
make check (macos-latest)	Install pinned Go toolchain for optional TaskMesh	2026-09-16T02:12:45.9169550Z ##[endgroup]
make check (macos-latest)	Install pinned Go toolchain for optional TaskMesh	2026-09-16T02:12:46.0507530Z Setup go version spec 1.25.0
make check (macos-latest)	Install pinned Go toolchain for optional TaskMesh	2026-09-16T02:12:46.0530810Z Attempting to download 1.25.0...
make check (macos-latest)	Install pinned Go toolchain for optional TaskMesh	2026-09-16T02:12:46.7198630Z matching 1.25.0...
make check (macos-latest)	Install pinned Go toolchain for optional TaskMesh	2026-09-16T02:12:46.7465060Z Acquiring 1.25.0 from https://github.com/actions/go-versions/releases/download/1.25.0-16925932082/go-1.25.0-darwin-arm64.tar.gz
make check (macos-latest)	Install pinned Go toolchain for optional TaskMesh	2026-09-16T02:12:47.4638680Z Extracting Go...
make check (macos-latest)	Install pinned Go toolchain for optional TaskMesh	2026-09-16T02:12:47.4850170Z [command]/usr/bin/tar xz -C /Users/runner/work/_temp/529742db-afe5-4927-89e5-c2eccd8b5955 -f /Users/runner/work/_temp/c451f1dc-1587-4541-a7ae-c63f3943ee10
make check (macos-latest)	Install pinned Go toolchain for optional TaskMesh	2026-09-16T02:12:50.2143880Z Successfully extracted go to /Users/runner/work/_temp/529742db-afe5-4927-89e5-c2eccd8b5955
make check (macos-latest)	Install pinned Go toolchain for optional TaskMesh	2026-09-16T02:12:50.2145370Z Adding to the cache ...
make check (macos-latest)	Install pinned Go toolchain for optional TaskMesh	2026-09-16T02:13:02.9770010Z Successfully cached go to /Users/runner/hostedtoolcache/go/1.25.0/arm64
make check (macos-latest)	Install pinned Go toolchain for optional TaskMesh	2026-09-16T02:13:02.9771000Z Added go to the path
make check (macos-latest)	Install pinned Go toolchain for optional TaskMesh	2026-09-16T02:13:02.9772510Z Successfully set up Go version 1.25.0
make check (macos-latest)	Install pinned Go toolchain for optional TaskMesh	2026-09-16T02:13:03.1489190Z [command]/Users/runner/hostedtoolcache/go/1.25.0/arm64/bin/go env GOMODCACHE
make check (macos-latest)	Install pinned Go toolchain for optional TaskMesh	2026-09-16T02:13:03.1500580Z [command]/Users/runner/hostedtoolcache/go/1.25.0/arm64/bin/go env GOCACHE
make check (macos-latest)	Install pinned Go toolchain for optional TaskMesh	2026-09-16T02:13:03.1600370Z /Users/runner/go/pkg/mod
make check (macos-latest)	Install pinned Go toolchain for optional TaskMesh	2026-09-16T02:13:03.1603490Z /Users/runner/Library/Caches/go-build
make check (macos-latest)	Install pinned Go toolchain for optional TaskMesh	2026-09-16T02:13:03.4177030Z Cache hit for: setup-go-macOS-arm64-go-1.25.0-177c9a629613f64b62ff3bce8b5249e61de06089c1d63967a2ef301279610df5
make check (macos-latest)	Install pinned Go toolchain for optional TaskMesh	2026-09-16T02:13:04.7372530Z Received 0 of 139017218 (0.0%), 0.0 MBs/sec
make check (macos-latest)	Install pinned Go toolchain for optional TaskMesh	2026-09-16T02:13:05.7413380Z Received 33554432 of 139017218 (24.1%), 16.0 MBs/sec
make check (macos-latest)	Install pinned Go toolchain for optional TaskMesh	2026-09-16T02:13:06.7462640Z Received 117440512 of 139017218 (84.5%), 37.2 MBs/sec
make check (macos-latest)	Install pinned Go toolchain for optional TaskMesh	2026-09-16T02:13:07.5065930Z Received 139017218 of 139017218 (100.0%), 35.2 MBs/sec
make check (macos-latest)	Install pinned Go toolchain for optional TaskMesh	2026-09-16T02:13:07.5150560Z Cache Size: ~133 MB (139017218 B)
make check (macos-latest)	Install pinned Go toolchain for optional TaskMesh	2026-09-16T02:13:07.5201000Z [command]/opt/homebrew/bin/gtar -xf /Users/runner/work/_temp/5114c8a0-5439-4e26-a680-92ffa6155888/cache.tzst -P -C /Users/runner/work/task-spec/task-spec --delay-directory-restore --use-compress-program unzstd
make check (macos-latest)	Install pinned Go toolchain for optional TaskMesh	2026-09-16T02:13:11.9155750Z Cache restored successfully
make check (macos-latest)	Install pinned Go toolchain for optional TaskMesh	2026-09-16T02:13:11.9194880Z Cache restored from key: setup-go-macOS-arm64-go-1.25.0-177c9a629613f64b62ff3bce8b5249e61de06089c1d63967a2ef301279610df5
make check (macos-latest)	Install pinned Go toolchain for optional TaskMesh	2026-09-16T02:13:11.9246630Z go version go1.25.0 darwin/arm64
make check (macos-latest)	Install pinned Go toolchain for optional TaskMesh	2026-09-16T02:13:11.9246970Z 
make check (macos-latest)	Install pinned Go toolchain for optional TaskMesh	2026-09-16T02:13:11.9247550Z ##[group]go env
make check (macos-latest)	Install pinned Go toolchain for optional TaskMesh	2026-09-16T02:13:13.7495590Z AR='ar'
make check (macos-latest)	Install pinned Go toolchain for optional TaskMesh	2026-09-16T02:13:13.7496300Z CC='clang'
make check (macos-latest)	Install pinned Go toolchain for optional TaskMesh	2026-09-16T02:13:13.7497020Z CGO_CFLAGS='-O2 -g'
make check (macos-latest)	Install pinned Go toolchain for optional TaskMesh	2026-09-16T02:13:13.7499670Z CGO_CPPFLAGS=''
make check (macos-latest)	Install pinned Go toolchain for optional TaskMesh	2026-09-16T02:13:13.7501600Z CGO_CXXFLAGS='-O2 -g'
make check (macos-latest)	Install pinned Go toolchain for optional TaskMesh	2026-09-16T02:13:13.7501970Z CGO_ENABLED='1'
make check (macos-latest)	Install pinned Go toolchain for optional TaskMesh	2026-09-16T02:13:13.7502560Z CGO_FFLAGS='-O2 -g'
make check (macos-latest)	Install pinned Go toolchain for optional TaskMesh	2026-09-16T02:13:13.7503030Z CGO_LDFLAGS='-O2 -g'
make check (macos-latest)	Install pinned Go toolchain for optional TaskMesh	2026-09-16T02:13:13.7503550Z CXX='clang++'
make check (macos-latest)	Install pinned Go toolchain for optional TaskMesh	2026-09-16T02:13:13.7503970Z GCCGO='gccgo'
make check (macos-latest)	Install pinned Go toolchain for optional TaskMesh	2026-09-16T02:13:13.7504410Z GO111MODULE=''
make check (macos-latest)	Install pinned Go toolchain for optional TaskMesh	2026-09-16T02:13:13.7504920Z GOARCH='arm64'
make check (macos-latest)	Install pinned Go toolchain for optional TaskMesh	2026-09-16T02:13:13.7505480Z GOARM64='v8.0'
make check (macos-latest)	Install pinned Go toolchain for optional TaskMesh	2026-09-16T02:13:13.7505890Z GOAUTH='netrc'
make check (macos-latest)	Install pinned Go toolchain for optional TaskMesh	2026-09-16T02:13:13.7506340Z GOBIN=''
make check (macos-latest)	Install pinned Go toolchain for optional TaskMesh	2026-09-16T02:13:13.7506970Z GOCACHE='/Users/runner/Library/Caches/go-build'
make check (macos-latest)	Install pinned Go toolchain for optional TaskMesh	2026-09-16T02:13:13.7507450Z GOCACHEPROG=''
make check (macos-latest)	Install pinned Go toolchain for optional TaskMesh	2026-09-16T02:13:13.7508700Z GODEBUG=''
make check (macos-latest)	Install pinned Go toolchain for optional TaskMesh	2026-09-16T02:13:13.7509690Z GOENV='/Users/runner/Library/Application Support/go/env'
make check (macos-latest)	Install pinned Go toolchain for optional TaskMesh	2026-09-16T02:13:13.7511000Z GOEXE=''
make check (macos-latest)	Install pinned Go toolchain for optional TaskMesh	2026-09-16T02:13:13.7511580Z GOEXPERIMENT=''
make check (macos-latest)	Install pinned Go toolchain for optional TaskMesh	2026-09-16T02:13:13.7512010Z GOFIPS140='off'
make check (macos-latest)	Install pinned Go toolchain for optional TaskMesh	2026-09-16T02:13:13.7512450Z GOFLAGS=''
make check (macos-latest)	Install pinned Go toolchain for optional TaskMesh	2026-09-16T02:13:13.7513760Z GOGCCFLAGS='-fPIC -arch arm64 -pthread -fno-caret-diagnostics -Qunused-arguments -fmessage-length=0 -ffile-prefix-map=/var/folders/36/tjdph2t965j8snz9_vkdnw0r0000gn/T/go-build3795408659=/tmp/go-build -gno-record-gcc-switches -fno-common'
make check (macos-latest)	Install pinned Go toolchain for optional TaskMesh	2026-09-16T02:13:13.7516700Z GOHOSTARCH='arm64'
make check (macos-latest)	Install pinned Go toolchain for optional TaskMesh	2026-09-16T02:13:13.7517760Z GOHOSTOS='darwin'
make check (macos-latest)	Install pinned Go toolchain for optional TaskMesh	2026-09-16T02:13:13.7518210Z GOINSECURE=''
make check (macos-latest)	Install pinned Go toolchain for optional TaskMesh	2026-09-16T02:13:13.7518540Z GOMOD='/Users/runner/work/task-spec/task-spec/go.mod'
make check (macos-latest)	Install pinned Go toolchain for optional TaskMesh	2026-09-16T02:13:13.7519030Z GOMODCACHE='/Users/runner/go/pkg/mod'
make check (macos-latest)	Install pinned Go toolchain for optional TaskMesh	2026-09-16T02:13:13.7519370Z GONOPROXY=''
make check (macos-latest)	Install pinned Go toolchain for optional TaskMesh	2026-09-16T02:13:13.7519780Z GONOSUMDB=''
make check (macos-latest)	Install pinned Go toolchain for optional TaskMesh	2026-09-16T02:13:13.7520170Z GOOS='darwin'
make check (macos-latest)	Install pinned Go toolchain for optional TaskMesh	2026-09-16T02:13:13.7520450Z GOPATH='/Users/runner/go'
make check (macos-latest)	Install pinned Go toolchain for optional TaskMesh	2026-09-16T02:13:13.7520900Z GOPRIVATE=''
make check (macos-latest)	Install pinned Go toolchain for optional TaskMesh	2026-09-16T02:13:13.7521250Z GOPROXY='https://proxy.golang.org,direct'
make check (macos-latest)	Install pinned Go toolchain for optional TaskMesh	2026-09-16T02:13:13.7522470Z GOROOT='/Users/runner/hostedtoolcache/go/1.25.0/arm64'
make check (macos-latest)	Install pinned Go toolchain for optional TaskMesh	2026-09-16T02:13:13.7522970Z GOSUMDB='sum.golang.org'
make check (macos-latest)	Install pinned Go toolchain for optional TaskMesh	2026-09-16T02:13:13.7523350Z GOTELEMETRY='local'
make check (macos-latest)	Install pinned Go toolchain for optional TaskMesh	2026-09-16T02:13:13.7523830Z GOTELEMETRYDIR='/Users/runner/Library/Application Support/go/telemetry'
make check (macos-latest)	Install pinned Go toolchain for optional TaskMesh	2026-09-16T02:13:13.7524360Z GOTMPDIR=''
make check (macos-latest)	Install pinned Go toolchain for optional TaskMesh	2026-09-16T02:13:13.7524660Z GOTOOLCHAIN='local'
make check (macos-latest)	Install pinned Go toolchain for optional TaskMesh	2026-09-16T02:13:13.7525270Z GOTOOLDIR='/Users/runner/hostedtoolcache/go/1.25.0/arm64/pkg/tool/darwin_arm64'
make check (macos-latest)	Install pinned Go toolchain for optional TaskMesh	2026-09-16T02:13:13.7525710Z GOVCS=''
make check (macos-latest)	Install pinned Go toolchain for optional TaskMesh	2026-09-16T02:13:13.7526050Z GOVERSION='go1.25.0'
make check (macos-latest)	Install pinned Go toolchain for optional TaskMesh	2026-09-16T02:13:13.7526450Z GOWORK=''
make check (macos-latest)	Install pinned Go toolchain for optional TaskMesh	2026-09-16T02:13:13.7526770Z PKG_CONFIG='pkg-config'
make check (macos-latest)	Install pinned Go toolchain for optional TaskMesh	2026-09-16T02:13:13.7527030Z 
make check (macos-latest)	Install pinned Go toolchain for optional TaskMesh	2026-09-16T02:13:13.7527700Z ##[endgroup]
make check (macos-latest)	Install macOS gate dependency	﻿2026-09-16T02:13:13.7791540Z ##[group]Run brew list shellcheck >/dev/null 2>&1 || brew install shellcheck
make check (macos-latest)	Install macOS gate dependency	2026-09-16T02:13:13.7792340Z [36;1mbrew list shellcheck >/dev/null 2>&1 || brew install shellcheck[0m
make check (macos-latest)	Install macOS gate dependency	2026-09-16T02:13:13.7996000Z shell: /bin/bash -e {0}
make check (macos-latest)	Install macOS gate dependency	2026-09-16T02:13:13.7996380Z env:
make check (macos-latest)	Install macOS gate dependency	2026-09-16T02:13:13.7996670Z   GOTOOLCHAIN: local
make check (macos-latest)	Install macOS gate dependency	2026-09-16T02:13:13.7997080Z ##[endgroup]
make check (macos-latest)	Install macOS gate dependency	2026-09-16T02:13:16.0154570Z [32m==>[0m [1mDownloading bottle manifests[0m
make check (macos-latest)	Install macOS gate dependency	2026-09-16T02:13:16.0362230Z ✔︎ Bottle Manifest shellcheck (0.11.0)
make check (macos-latest)	Install macOS gate dependency	2026-09-16T02:13:16.0362990Z [34m==>[0m [1mWould install 1 formula:[0m
make check (macos-latest)	Install macOS gate dependency	2026-09-16T02:13:16.0465260Z shellcheck
make check (macos-latest)	Install macOS gate dependency	2026-09-16T02:13:16.1207930Z [32m==>[0m [1mFetching downloads for: [32mshellcheck[39m[0m
make check (macos-latest)	Install macOS gate dependency	2026-09-16T02:13:16.6110630Z ✔︎ Bottle shellcheck (0.11.0)
make check (macos-latest)	Install macOS gate dependency	2026-09-16T02:13:16.6238630Z [34m==>[0m [1mPouring shellcheck--0.11.0.arm64_tahoe.bottle.1.tar.gz[0m
make check (macos-latest)	Install macOS gate dependency	2026-09-16T02:13:17.2923000Z 🍺  /opt/homebrew/Cellar/shellcheck/0.11.0: 8 files, 70.7MB
make check (macos-latest)	Provision private locked decomposition runtime	﻿2026-09-16T02:13:17.3242860Z ##[group]Run bash bin/taskspec setup decompose
make check (macos-latest)	Provision private locked decomposition runtime	2026-09-16T02:13:17.3244010Z [36;1mbash bin/taskspec setup decompose[0m
make check (macos-latest)	Provision private locked decomposition runtime	2026-09-16T02:13:17.3283990Z shell: /bin/bash -e {0}
make check (macos-latest)	Provision private locked decomposition runtime	2026-09-16T02:13:17.3284330Z env:
make check (macos-latest)	Provision private locked decomposition runtime	2026-09-16T02:13:17.3284560Z   GOTOOLCHAIN: local
make check (macos-latest)	Provision private locked decomposition runtime	2026-09-16T02:13:17.3284860Z ##[endgroup]
make check (macos-latest)	Provision private locked decomposition runtime	2026-09-16T02:13:21.4358280Z Collecting attrs==26.1.0 (from -r /Users/runner/work/task-spec/task-spec/src/decompose/requirements.lock (line 2))
make check (macos-latest)	Provision private locked decomposition runtime	2026-09-16T02:13:21.4797250Z   Downloading attrs-26.1.0-py3-none-any.whl (67 kB)
make check (macos-latest)	Provision private locked decomposition runtime	2026-09-16T02:13:21.5536890Z Collecting jsonschema==4.26.0 (from -r /Users/runner/work/task-spec/task-spec/src/decompose/requirements.lock (line 5))
make check (macos-latest)	Provision private locked decomposition runtime	2026-09-16T02:13:21.5586320Z   Downloading jsonschema-4.26.0-py3-none-any.whl (90 kB)
make check (macos-latest)	Provision private locked decomposition runtime	2026-09-16T02:13:21.6391970Z Collecting jsonschema-specifications==2025.9.1 (from -r /Users/runner/work/task-spec/task-spec/src/decompose/requirements.lock (line 8))
make check (macos-latest)	Provision private locked decomposition runtime	2026-09-16T02:13:21.6439570Z   Downloading jsonschema_specifications-2025.9.1-py3-none-any.whl (18 kB)
make check (macos-latest)	Provision private locked decomposition runtime	2026-09-16T02:13:21.7090940Z Collecting PyYAML==6.0.3 (from -r /Users/runner/work/task-spec/task-spec/src/decompose/requirements.lock (line 11))
make check (macos-latest)	Provision private locked decomposition runtime	2026-09-16T02:13:21.7143070Z   Downloading pyyaml-6.0.3-cp314-cp314-macosx_11_0_arm64.whl (173 kB)
make check (macos-latest)	Provision private locked decomposition runtime	2026-09-16T02:13:21.7576480Z Collecting referencing==0.37.0 (from -r /Users/runner/work/task-spec/task-spec/src/decompose/requirements.lock (line 85))
make check (macos-latest)	Provision private locked decomposition runtime	2026-09-16T02:13:21.7631120Z   Downloading referencing-0.37.0-py3-none-any.whl (26 kB)
make check (macos-latest)	Provision private locked decomposition runtime	2026-09-16T02:13:22.0974010Z Collecting rpds-py==2026.6.3 (from -r /Users/runner/work/task-spec/task-spec/src/decompose/requirements.lock (line 88))
make check (macos-latest)	Provision private locked decomposition runtime	2026-09-16T02:13:22.1042440Z   Downloading rpds_py-2026.6.3-cp314-cp314-macosx_11_0_arm64.whl (339 kB)
make check (macos-latest)	Provision private locked decomposition runtime	2026-09-16T02:13:22.1489620Z Collecting typing_extensions==4.15.0 (from -r /Users/runner/work/task-spec/task-spec/src/decompose/requirements.lock (line 205))
make check (macos-latest)	Provision private locked decomposition runtime	2026-09-16T02:13:22.1551370Z   Downloading typing_extensions-4.15.0-py3-none-any.whl (44 kB)
make check (macos-latest)	Provision private locked decomposition runtime	2026-09-16T02:13:22.1874270Z Installing collected packages: typing_extensions, rpds-py, PyYAML, attrs, referencing, jsonschema-specifications, jsonschema
make check (macos-latest)	Provision private locked decomposition runtime	2026-09-16T02:13:22.4359930Z 
make check (macos-latest)	Provision private locked decomposition runtime	2026-09-16T02:13:22.4378660Z Successfully installed PyYAML-6.0.3 attrs-26.1.0 jsonschema-4.26.0 jsonschema-specifications-2025.9.1 referencing-0.37.0 rpds-py-2026.6.3 typing_extensions-4.15.0
make check (macos-latest)	Provision private locked decomposition runtime	2026-09-16T02:13:22.6188000Z {"contract": "TaskRuntimeSetup/v1", "ready": true, "path": "/Users/runner/work/task-spec/task-spec/.taskspec/runtime/decompose", "lock_digest": "eb1adcfe1266108d7587d9a561bb57d482a2104efa871db46c6287095649ba33"}
make check (macos-latest)	Install schema-fidelity consumer dependencies	﻿2026-09-16T02:13:22.6410520Z ##[group]Run python3 -m pip install --disable-pip-version-check --quiet --break-system-packages pyyaml==6.0.2 jsonschema==4.26.0
make check (macos-latest)	Install schema-fidelity consumer dependencies	2026-09-16T02:13:22.6411760Z [36;1mpython3 -m pip install --disable-pip-version-check --quiet --break-system-packages pyyaml==6.0.2 jsonschema==4.26.0[0m
make check (macos-latest)	Install schema-fidelity consumer dependencies	2026-09-16T02:13:22.6490440Z shell: /bin/bash -e {0}
make check (macos-latest)	Install schema-fidelity consumer dependencies	2026-09-16T02:13:22.6490860Z env:
make check (macos-latest)	Install schema-fidelity consumer dependencies	2026-09-16T02:13:22.6491110Z   GOTOOLCHAIN: local
make check (macos-latest)	Install schema-fidelity consumer dependencies	2026-09-16T02:13:22.6491460Z ##[endgroup]
make check (macos-latest)	make check (includes isolated install-to-accept demo)	﻿2026-09-16T02:13:31.7232360Z ##[group]Run make check
make check (macos-latest)	make check (includes isolated install-to-accept demo)	2026-09-16T02:13:31.7232620Z [36;1mmake check[0m
make check (macos-latest)	make check (includes isolated install-to-accept demo)	2026-09-16T02:13:31.7332070Z shell: /bin/bash -e {0}
make check (macos-latest)	make check (includes isolated install-to-accept demo)	2026-09-16T02:13:31.7332800Z env:
make check (macos-latest)	make check (includes isolated install-to-accept demo)	2026-09-16T02:13:31.7333510Z   GOTOOLCHAIN: local
make check (macos-latest)	make check (includes isolated install-to-accept demo)	2026-09-16T02:13:31.7334020Z ##[endgroup]
make check (macos-latest)	make check (includes isolated install-to-accept demo)	2026-09-16T02:13:33.0923350Z bash bin/taskspec doctor
make check (macos-latest)	make check (includes isolated install-to-accept demo)	2026-09-16T02:13:33.1020300Z PASS  bash >= 3.2 (3.2.57(1)-release)
make check (macos-latest)	make check (includes isolated install-to-accept demo)	2026-09-16T02:13:33.1118880Z PASS  git (2.55.0)
make check (macos-latest)	make check (includes isolated install-to-accept demo)	2026-09-16T02:13:33.1281880Z PASS  python3 (3.14.7)
make check (macos-latest)	make check (includes isolated install-to-accept demo)	2026-09-16T02:13:33.1283720Z PASS  SHA-256/HMAC provider
make check (macos-latest)	make check (includes isolated install-to-accept demo)	2026-09-16T02:13:33.1284940Z PASS  shellcheck
make check (macos-latest)	make check (includes isolated install-to-accept demo)	2026-09-16T02:13:33.1361810Z WARN  no signing key; run: taskspec setup signing
make check (macos-latest)	make check (includes isolated install-to-accept demo)	2026-09-16T02:13:33.1362830Z DOCTOR=READY
make check (macos-latest)	make check (includes isolated install-to-accept demo)	2026-09-16T02:13:33.1363930Z bash tests/lint-skill-docs.sh
make check (macos-latest)	make check (includes isolated install-to-accept demo)	2026-09-16T02:13:33.3128900Z lint-skill-docs.sh (10 checks)
make check (macos-latest)	make check (includes isolated install-to-accept demo)	2026-09-16T02:13:33.3131830Z ════════════════════════════════════════
make check (macos-latest)	make check (includes isolated install-to-accept demo)	2026-09-16T02:13:33.3132560Z OK: VERSION, CHANGELOG.md, and src/lib/_lib.sh agree at v3.10.0
make check (macos-latest)	make check (includes isolated install-to-accept demo)	2026-09-16T02:13:33.3133270Z bash tests/lint-docs.sh
make check (macos-latest)	make check (includes isolated install-to-accept demo)	2026-09-16T02:13:34.6984200Z CLI_REFERENCE=OK
make check (macos-latest)	make check (includes isolated install-to-accept demo)	2026-09-16T02:13:34.7033080Z lint-docs: OK
make check (macos-latest)	make check (includes isolated install-to-accept demo)	2026-09-16T02:13:34.7070690Z set -e; for t in tests/test-*.sh; do bash "$t"; done
make check (macos-latest)	make check (includes isolated install-to-accept demo)	2026-09-16T02:13:34.8566070Z PASS — dependency-aware leaf frontier and --all behavior
make check (macos-latest)	make check (includes isolated install-to-accept demo)	2026-09-16T02:13:34.9526550Z PASS — collisions, dangling edges, cycles, and concurrency are reported
make check (macos-latest)	make check (includes isolated install-to-accept demo)	2026-09-16T02:13:35.1936100Z PASS — archived dependencies, supersession blocking, advisory blocks, and deterministic graph views
make check (macos-latest)	make check (includes isolated install-to-accept demo)	2026-09-16T02:13:35.7420450Z PASS — recursive task resolution and active write conflicts share one graph universe
make check (macos-latest)	make check (includes isolated install-to-accept demo)	2026-09-16T02:13:35.9429910Z PASS — dependency closure includes leaf dependencies and composition ancestors only
make check (macos-latest)	make check (includes isolated install-to-accept demo)	2026-09-16T02:13:35.9563140Z === (a) bash -n syntax check for every src/*/*.sh ===
make check (macos-latest)	make check (includes isolated install-to-accept demo)	2026-09-16T02:13:35.9628220Z   ✓ syntax ok: accept/accept-task.sh
make check (macos-latest)	make check (includes isolated install-to-accept demo)	2026-09-16T02:13:35.9668000Z   ✓ syntax ok: author/batch-generate.sh
make check (macos-latest)	make check (includes isolated install-to-accept demo)	2026-09-16T02:13:35.9713130Z   ✓ syntax ok: author/generate-task-spec.sh
make check (macos-latest)	make check (includes isolated install-to-accept demo)	2026-09-16T02:13:35.9752630Z   ✓ syntax ok: author/migrate-legacy-task.sh
make check (macos-latest)	make check (includes isolated install-to-accept demo)	2026-09-16T02:13:35.9796400Z   ✓ syntax ok: backlog/archive.sh
make check (macos-latest)	make check (includes isolated install-to-accept demo)	2026-09-16T02:13:35.9847140Z   ✓ syntax ok: backlog/backup-backlog.sh
make check (macos-latest)	make check (includes isolated install-to-accept demo)	2026-09-16T02:13:35.9880610Z   ✓ syntax ok: backlog/install-hooks.sh
make check (macos-latest)	make check (includes isolated install-to-accept demo)	2026-09-16T02:13:35.9914330Z   ✓ syntax ok: backlog/lint-backlog.sh
make check (macos-latest)	make check (includes isolated install-to-accept demo)	2026-09-16T02:13:35.9957290Z   ✓ syntax ok: backlog/list-ready.sh
make check (macos-latest)	make check (includes isolated install-to-accept demo)	2026-09-16T02:13:35.9993140Z   ✓ syntax ok: backlog/query-metrics.sh
make check (macos-latest)	make check (includes isolated install-to-accept demo)	2026-09-16T02:13:36.0019120Z   ✓ syntax ok: backlog/rebuild-state.sh
make check (macos-latest)	make check (includes isolated install-to-accept demo)	2026-09-16T02:13:36.0045270Z   ✓ syntax ok: backlog/transition-status.sh
make check (macos-latest)	make check (includes isolated install-to-accept demo)	2026-09-16T02:13:36.0072410Z   ✓ syntax ok: decompose/launch.sh
make check (macos-latest)	make check (includes isolated install-to-accept demo)	2026-09-16T02:13:36.0105280Z   ✓ syntax ok: dispatch/conformance-check.sh
make check (macos-latest)	make check (includes isolated install-to-accept demo)	2026-09-16T02:13:36.0131360Z   ✓ syntax ok: dispatch/ref-executor.sh
make check (macos-latest)	make check (includes isolated install-to-accept demo)	2026-09-16T02:13:36.0158580Z   ✓ syntax ok: gate/definition-of-done.sh
make check (macos-latest)	make check (includes isolated install-to-accept demo)	2026-09-16T02:13:36.0188680Z   ✓ syntax ok: gate/run-task-spec.sh
make check (macos-latest)	make check (includes isolated install-to-accept demo)	2026-09-16T02:13:36.0221370Z   ✓ syntax ok: gate/safe-to-delegate.sh
make check (macos-latest)	make check (includes isolated install-to-accept demo)	2026-09-16T02:13:36.0283430Z   ✓ syntax ok: gate/validate-task-spec.sh
make check (macos-latest)	make check (includes isolated install-to-accept demo)	2026-09-16T02:13:36.0334390Z   ✓ syntax ok: lib/_lib.sh
make check (macos-latest)	make check (includes isolated install-to-accept demo)	2026-09-16T02:13:36.0370390Z   ✓ syntax ok: lib/install.sh
make check (macos-latest)	make check (includes isolated install-to-accept demo)	2026-09-16T02:13:36.0405140Z   ✓ syntax ok: setup/demo.sh
make check (macos-latest)	make check (includes isolated install-to-accept demo)	2026-09-16T02:13:36.0443130Z   ✓ syntax ok: setup/init.sh
make check (macos-latest)	make check (includes isolated install-to-accept demo)	2026-09-16T02:13:36.0485520Z   ✓ syntax ok: setup/readiness.sh
make check (macos-latest)	make check (includes isolated install-to-accept demo)	2026-09-16T02:13:36.0486400Z === (b) core-path scripts contain no bash-4-only constructs ===
make check (macos-latest)	make check (includes isolated install-to-accept demo)	2026-09-16T02:13:36.0598780Z   ✓ gate/validate-task-spec.sh has no 'declare -A'
make check (macos-latest)	make check (includes isolated install-to-accept demo)	2026-09-16T02:13:36.0653150Z   ✓ gate/validate-task-spec.sh has no mapfile/readarray
make check (macos-latest)	make check (includes isolated install-to-accept demo)	2026-09-16T02:13:36.0716640Z   ✓ gate/safe-to-delegate.sh has no 'declare -A'
make check (macos-latest)	make check (includes isolated install-to-accept demo)	2026-09-16T02:13:36.0745120Z   ✓ gate/safe-to-delegate.sh has no mapfile/readarray
make check (macos-latest)	make check (includes isolated install-to-accept demo)	2026-09-16T02:13:36.0806810Z   ✓ gate/run-task-spec.sh has no 'declare -A'
make check (macos-latest)	make check (includes isolated install-to-accept demo)	2026-09-16T02:13:36.0850620Z   ✓ gate/run-task-spec.sh has no mapfile/readarray
make check (macos-latest)	make check (includes isolated install-to-accept demo)	2026-09-16T02:13:36.0924490Z   ✓ lib/_lib.sh has no 'declare -A'
make check (macos-latest)	make check (includes isolated install-to-accept demo)	2026-09-16T02:13:36.0965520Z   ✓ lib/_lib.sh has no mapfile/readarray
make check (macos-latest)	make check (includes isolated install-to-accept demo)	2026-09-16T02:13:36.0966710Z === (c) aux scripts call ts_require_bash4 ===
make check (macos-latest)	make check (includes isolated install-to-accept demo)	2026-09-16T02:13:36.1002200Z   ✓ backlog/query-metrics.sh calls ts_require_bash4
make check (macos-latest)	make check (includes isolated install-to-accept demo)	2026-09-16T02:13:36.1002970Z === (d) conformance runner + adapters are bash-3.2-clean ===
make check (macos-latest)	make check (includes isolated install-to-accept demo)	2026-09-16T02:13:36.1043280Z   ✓ syntax ok: conformance/run_conformance.sh
make check (macos-latest)	make check (includes isolated install-to-accept demo)	2026-09-16T02:13:36.1135690Z   ✓ conformance/run_conformance.sh has no bash-4-only constructs
make check (macos-latest)	make check (includes isolated install-to-accept demo)	2026-09-16T02:13:36.1165250Z   ✓ syntax ok: conformance/adapters/self.sh
make check (macos-latest)	make check (includes isolated install-to-accept demo)	2026-09-16T02:13:36.1247260Z   ✓ conformance/adapters/self.sh has no bash-4-only constructs
make check (macos-latest)	make check (includes isolated install-to-accept demo)	2026-09-16T02:13:36.1247580Z 
make check (macos-latest)	make check (includes isolated install-to-accept demo)	2026-09-16T02:13:36.1247810Z ========================================
make check (macos-latest)	make check (includes isolated install-to-accept demo)	2026-09-16T02:13:36.1248470Z Results: 37 passed, 0 failed
make check (macos-latest)	make check (includes isolated install-to-accept demo)	2026-09-16T02:13:36.1248830Z ========================================
make check (macos-latest)	make check (includes isolated install-to-accept demo)	2026-09-16T02:13:36.2217610Z ok    new requires slug and effort
make check (macos-latest)	make check (includes isolated install-to-accept demo)	2026-09-16T02:13:36.3488020Z ok    new rejects an unknown option
make check (macos-latest)	make check (includes isolated install-to-accept demo)	2026-09-16T02:13:36.4855090Z ok    new requires --format value
make check (macos-latest)	make check (includes isolated install-to-accept demo)	2026-09-16T02:13:36.5977240Z ok    metrics rejects an unknown option
make check (macos-latest)	make check (includes isolated install-to-accept demo)	2026-09-16T02:13:36.7780090Z ok    metrics requires --since value
make check (macos-latest)	make check (includes isolated install-to-accept demo)	2026-09-16T02:13:36.7787590Z CLI_USAGE=PASS checks=5
make check (macos-latest)	make check (includes isolated install-to-accept demo)	2026-09-16T02:13:51.0469170Z PASS — isolated demo reaches independent acceptance
make check (macos-latest)	make check (includes isolated install-to-accept demo)	2026-09-16T02:13:51.0785110Z == effort sizing and composition ==
make check (macos-latest)	make check (includes isolated install-to-accept demo)	2026-09-16T02:13:51.9920220Z ok    XS leaf                     
make check (macos-latest)	make check (includes isolated install-to-accept demo)	2026-09-16T02:13:52.9992550Z ok    S leaf union budget         
make check (macos-latest)	make check (includes isolated install-to-accept demo)	2026-09-16T02:13:53.7533870Z ok    M leaf                      
make check (macos-latest)	make check (includes isolated install-to-accept demo)	2026-09-16T02:13:54.5858790Z ok    L long horizon              
make check (macos-latest)	make check (includes isolated install-to-accept demo)	2026-09-16T02:13:55.1319080Z ok    L wrong backend             
make check (macos-latest)	make check (includes isolated install-to-accept demo)	2026-09-16T02:13:55.9032980Z ok    S over budget warns         
make check (macos-latest)	make check (includes isolated install-to-accept demo)	2026-09-16T02:13:56.5365740Z ok    leaf cannot have children   
make check (macos-latest)	make check (includes isolated install-to-accept demo)	2026-09-16T02:13:57.0126130Z ok    XL needs children           
make check (macos-latest)	make check (includes isolated install-to-accept demo)	2026-09-16T02:13:57.8700400Z ok    XXL needs three children    
make check (macos-latest)	make check (includes isolated install-to-accept demo)	2026-09-16T02:13:58.5816420Z ok    XL composition node         
make check (macos-latest)	make check (includes isolated install-to-accept demo)	2026-09-16T02:13:59.2027870Z ok    XXL composition node        
make check (macos-latest)	make check (includes isolated install-to-accept demo)	2026-09-16T02:13:59.8352710Z ok    node owns no writes         
make check (macos-latest)	make check (includes isolated install-to-accept demo)	2026-09-16T02:14:00.4665110Z ok    invalid child id            
make check (macos-latest)	make check (includes isolated install-to-accept demo)	2026-09-16T02:14:01.0967550Z ok    unknown size                
make check (macos-latest)	make check (includes isolated install-to-accept demo)	2026-09-16T02:14:01.0971590Z 
make check (macos-latest)	make check (includes isolated install-to-accept demo)	2026-09-16T02:14:01.0978920Z PASS — all 14 sizing rows green.
make check (macos-latest)	make check (includes isolated install-to-accept demo)	2026-09-16T02:14:17.4265600Z ENGINE_MATRIX_V2=READY
make check (macos-latest)	make check (includes isolated install-to-accept demo)	2026-09-16T02:14:18.0041140Z ENVIRONMENT_ATTESTATION=READY
make check (macos-latest)	make check (includes isolated install-to-accept demo)	2026-09-16T02:14:18.0476060Z ═══ test-extractor-fuzz.sh (adversarial extract-and-run, v3.10.0) ═══
make check (macos-latest)	make check (includes isolated install-to-accept demo)	2026-09-16T02:14:18.0480800Z ── (A) extraction correctness ──
make check (macos-latest)	make check (includes isolated install-to-accept demo)	2026-09-16T02:14:18.3077880Z   ✓ A:arith-shift extracted
make check (macos-latest)	make check (includes isolated install-to-accept demo)	2026-09-16T02:14:18.5622640Z   ✓ A:heredoc-EOF-bash extracted
make check (macos-latest)	make check (includes isolated install-to-accept demo)	2026-09-16T02:14:18.8136790Z   ✓ A:heredoc-fake-fence extracted
make check (macos-latest)	make check (includes isolated install-to-accept demo)	2026-09-16T02:14:19.1235710Z   ✓ A:heredoc-fake-header extracted
make check (macos-latest)	make check (includes isolated install-to-accept demo)	2026-09-16T02:14:19.3941700Z   ✓ A:nested-heredoc extracted
make check (macos-latest)	make check (includes isolated install-to-accept demo)	2026-09-16T02:14:19.6511660Z   ✓ A:heredoc-dquote extracted
make check (macos-latest)	make check (includes isolated install-to-accept demo)	2026-09-16T02:14:19.6512430Z ── (B) robustness invariant (no hang, no raw-error leak) ──
make check (macos-latest)	make check (includes isolated install-to-accept demo)	2026-09-16T02:14:19.8874700Z   ✓ B:emoji-body clean (EXTRACTED)
make check (macos-latest)	make check (includes isolated install-to-accept demo)	2026-09-16T02:14:20.2338880Z   ✓ B:two-evals clean (EXTRACTED)
make check (macos-latest)	make check (includes isolated install-to-accept demo)	2026-09-16T02:14:20.6112620Z   ✓ B:unbalanced-brace clean (EXTRACTED)
make check (macos-latest)	make check (includes isolated install-to-accept demo)	2026-09-16T02:14:20.8849570Z   ✓ B:fence-in-string clean (EXTRACTED)
make check (macos-latest)	make check (includes isolated install-to-accept demo)	2026-09-16T02:14:21.1311030Z   ✓ B:header-looking-cmd clean (EXTRACTED)
make check (macos-latest)	make check (includes isolated install-to-accept demo)	2026-09-16T02:14:21.3776340Z   ✓ B:backtick-cmd clean (EXTRACTED)
make check (macos-latest)	make check (includes isolated install-to-accept demo)	2026-09-16T02:14:21.5969920Z   ✓ B:comment-only clean (EXTRACTED)
make check (macos-latest)	make check (includes isolated install-to-accept demo)	2026-09-16T02:14:21.8340750Z   ✓ B:exit-in-eval clean (EXTRACTED)
make check (macos-latest)	make check (includes isolated install-to-accept demo)	2026-09-16T02:14:22.1308710Z   ✓ B:reads-stdin clean (EXTRACTED)
make check (macos-latest)	make check (includes isolated install-to-accept demo)	2026-09-16T02:14:22.3865340Z   ✓ B:many-heredocs clean (EXTRACTED)
make check (macos-latest)	make check (includes isolated install-to-accept demo)	2026-09-16T02:14:22.3867050Z ── (C) exit-check robustness (defense-in-depth, no hang on malformed Exit Check) ──
make check (macos-latest)	make check (includes isolated install-to-accept demo)	2026-09-16T02:14:22.6213750Z   ✓ C:ec-unbalanced-quote clean (EXTRACTED)
make check (macos-latest)	make check (includes isolated install-to-accept demo)	2026-09-16T02:14:22.8457670Z   ✓ C:ec-unbalanced-btick clean (EXTRACTED)
make check (macos-latest)	make check (includes isolated install-to-accept demo)	2026-09-16T02:14:23.0788050Z   ✓ C:ec-heredoc-no-close clean (EXTRACTED)
make check (macos-latest)	make check (includes isolated install-to-accept demo)	2026-09-16T02:14:23.0825760Z 
make check (macos-latest)	make check (includes isolated install-to-accept demo)	2026-09-16T02:14:23.0826110Z ========================================
make check (macos-latest)	make check (includes isolated install-to-accept demo)	2026-09-16T02:14:23.0826780Z Results: 19 passed, 0 failed
make check (macos-latest)	make check (includes isolated install-to-accept demo)	2026-09-16T02:14:23.0875400Z ========================================
make check (macos-latest)	make check (includes isolated install-to-accept demo)	2026-09-16T02:14:23.0952100Z ═══ test-hmac-envelope.sh (TaskAuthorization/v3 suite) ═══
make check (macos-latest)	make check (includes isolated install-to-accept demo)	2026-09-16T02:14:23.0952620Z ── Scenario 1: Tier 1 stamp-then-verify ──
make check (macos-latest)	make check (includes isolated install-to-accept demo)	2026-09-16T02:14:25.3868530Z   ✓ S1 sealed
make check (macos-latest)	make check (includes isolated install-to-accept demo)	2026-09-16T02:14:25.3869100Z   ✓ S1 sig-format
make check (macos-latest)	make check (includes isolated install-to-accept demo)	2026-09-16T02:14:25.4132980Z   ✓ S1 verify-tier1
make check (macos-latest)	make check (includes isolated install-to-accept demo)	2026-09-16T02:14:25.4133360Z ── Scenario 2: Tier 3 tampered body ──
make check (macos-latest)	make check (includes isolated install-to-accept demo)	2026-09-16T02:14:28.4899390Z   ✓ S2 pre-tamper-tier1
make check (macos-latest)	make check (includes isolated install-to-accept demo)	2026-09-16T02:14:28.4900160Z   ✓ S2 tamper-caught-tier3
make check (macos-latest)	make check (includes isolated install-to-accept demo)	2026-09-16T02:14:28.5160470Z ── Scenario 3: Tier 3 envelope tamper / wrong key / malformed ──
make check (macos-latest)	make check (includes isolated install-to-accept demo)	2026-09-16T02:14:35.9178630Z   ✓ S3 envelope-value-tamper
make check (macos-latest)	make check (includes isolated install-to-accept demo)	2026-09-16T02:14:35.9179720Z   ✓ S3 wrong-key-tier3
make check (macos-latest)	make check (includes isolated install-to-accept demo)	2026-09-16T02:14:35.9180580Z   ✓ S3 malformed-sig-tier3
make check (macos-latest)	make check (includes isolated install-to-accept demo)	2026-09-16T02:14:35.9228240Z ── Scenario 4: Tier 2 no-key degrade ──
make check (macos-latest)	make check (includes isolated install-to-accept demo)	2026-09-16T02:14:38.8373460Z   ✓ S4 no-key-tier2
make check (macos-latest)	make check (includes isolated install-to-accept demo)	2026-09-16T02:14:38.8374120Z   ✓ S4 legacy-nosig-tier2
make check (macos-latest)	make check (includes isolated install-to-accept demo)	2026-09-16T02:14:38.8447520Z ── Scenario 5: portability floor (crypto masked) ──
make check (macos-latest)	make check (includes isolated install-to-accept demo)	2026-09-16T02:14:42.5809410Z   ✓ S5 provider-none
make check (macos-latest)	make check (includes isolated install-to-accept demo)	2026-09-16T02:14:42.5810620Z   ✓ S5 masked-stamp-stdlib-hmac
make check (macos-latest)	make check (includes isolated install-to-accept demo)	2026-09-16T02:14:42.5811080Z   ✓ S5 masked-verify-tier2
make check (macos-latest)	make check (includes isolated install-to-accept demo)	2026-09-16T02:14:42.5864930Z ── Scenario 6: .git/info key fallback ──
make check (macos-latest)	make check (includes isolated install-to-accept demo)	2026-09-16T02:14:45.2536890Z   ✓ S6 keyfile-written
make check (macos-latest)	make check (includes isolated install-to-accept demo)	2026-09-16T02:14:45.2537800Z   ✓ S6 gitinfo-stamp-sealed
make check (macos-latest)	make check (includes isolated install-to-accept demo)	2026-09-16T02:14:45.2538220Z   ✓ S6 gitinfo-verify-tier1
make check (macos-latest)	make check (includes isolated install-to-accept demo)	2026-09-16T02:14:45.2578020Z ── Scenario 7: injection-safe --stamp-by ──
make check (macos-latest)	make check (includes isolated install-to-accept demo)	2026-09-16T02:14:57.4451330Z   ✓ S7 literal-verbatim-tier1 [build|42]
make check (macos-latest)	make check (includes isolated install-to-accept demo)	2026-09-16T02:14:57.4512410Z   ✓ S7 literal-verbatim-tier1 [a&b]
make check (macos-latest)	make check (includes isolated install-to-accept demo)	2026-09-16T02:14:57.4530240Z   ✓ S7 literal-verbatim-tier1 [team/build]
make check (macos-latest)	make check (includes isolated install-to-accept demo)	2026-09-16T02:14:57.4545150Z   ✓ S7 literal-verbatim-tier1 [X|p;s|.*|INJECTED]
make check (macos-latest)	make check (includes isolated install-to-accept demo)	2026-09-16T02:14:57.4554600Z   ✓ S7 literal-verbatim-tier1 [name with space]
make check (macos-latest)	make check (includes isolated install-to-accept demo)	2026-09-16T02:14:57.4569380Z ── Scenario 8: --require-tier1 enforcement + TIER= line ──
make check (macos-latest)	make check (includes isolated install-to-accept demo)	2026-09-16T02:15:01.2093070Z   ✓ S8 tier1-require-passes
make check (macos-latest)	make check (includes isolated install-to-accept demo)	2026-09-16T02:15:01.2093880Z   ✓ S8 tier2-require-blocks
make check (macos-latest)	make check (includes isolated install-to-accept demo)	2026-09-16T02:15:01.2094430Z   ✓ S8 tier2-noflag-delegates
make check (macos-latest)	make check (includes isolated install-to-accept demo)	2026-09-16T02:15:01.2135970Z ── Scenario 9: ts_set_frontmatter_field newline + malformed + backslash-escape ──
make check (macos-latest)	make check (includes isolated install-to-accept demo)	2026-09-16T02:15:01.3719190Z   ✓ S9 newline-rejected-file-untouched
make check (macos-latest)	make check (includes isolated install-to-accept demo)	2026-09-16T02:15:01.3719800Z   ✓ S9 malformed-frontmatter-hard-fails
make check (macos-latest)	make check (includes isolated install-to-accept demo)	2026-09-16T02:15:01.3720430Z   ✓ S9 backslash-n-written-verbatim-no-injection
make check (macos-latest)	make check (includes isolated install-to-accept demo)	2026-09-16T02:15:01.3720860Z   ✓ S9 symlink-temp-path-defused
make check (macos-latest)	make check (includes isolated install-to-accept demo)	2026-09-16T02:15:01.3745610Z ── Scenario 10: envelope v3 authorization boundary ──
make check (macos-latest)	make check (includes isolated install-to-accept demo)	2026-09-16T02:15:03.6652770Z   ✓ S10 scope-widening-caught
make check (macos-latest)	make check (includes isolated install-to-accept demo)	2026-09-16T02:15:05.5589430Z   ✓ S10 dependency-change-caught
make check (macos-latest)	make check (includes isolated install-to-accept demo)	2026-09-16T02:15:07.7342370Z   ✓ S10 budget-raise-caught
make check (macos-latest)	make check (includes isolated install-to-accept demo)	2026-09-16T02:15:09.9219790Z   ✓ S10 agent-change-caught
make check (macos-latest)	make check (includes isolated install-to-accept demo)	2026-09-16T02:15:11.9283430Z   ✓ S10 backend-reroute-caught
make check (macos-latest)	make check (includes isolated install-to-accept demo)	2026-09-16T02:15:13.9330580Z   ✓ S10 status-change-allowed
make check (macos-latest)	make check (includes isolated install-to-accept demo)	2026-09-16T02:15:16.2098000Z   ✓ S10 tracker-writeback-allowed
make check (macos-latest)	make check (includes isolated install-to-accept demo)	2026-09-16T02:15:16.2143380Z ── Scenario 11: legacy v1 verification and re-stamp ──
make check (macos-latest)	make check (includes isolated install-to-accept demo)	2026-09-16T02:15:24.3983500Z   ✓ S11 legacy-v1-tier2
make check (macos-latest)	make check (includes isolated install-to-accept demo)	2026-09-16T02:15:24.3985000Z   ✓ S11 legacy-restamped-v3
make check (macos-latest)	make check (includes isolated install-to-accept demo)	2026-09-16T02:15:24.3990840Z   ✓ S11 legacy-v2-tier2
make check (macos-latest)	make check (includes isolated install-to-accept demo)	2026-09-16T02:15:24.3991350Z   ✓ S11 legacy-v2-restamped-v3
make check (macos-latest)	make check (includes isolated install-to-accept demo)	2026-09-16T02:15:24.4078740Z ── Scenario 12: re-stamp an amended spec ──
make check (macos-latest)	make check (includes isolated install-to-accept demo)	2026-09-16T02:15:29.6894070Z   ✓ S12 edit-breaks-seal
make check (macos-latest)	make check (includes isolated install-to-accept demo)	2026-09-16T02:15:29.6996540Z   ✓ S12 amendment-resealed
make check (macos-latest)	make check (includes isolated install-to-accept demo)	2026-09-16T02:15:29.7099650Z 
make check (macos-latest)	make check (includes isolated install-to-accept demo)	2026-09-16T02:15:29.7207030Z ========================================
make check (macos-latest)	make check (includes isolated install-to-accept demo)	2026-09-16T02:15:29.7280750Z Results: 41 passed, 0 failed
make check (macos-latest)	make check (includes isolated install-to-accept demo)	2026-09-16T02:15:29.7281910Z ========================================
make check (macos-latest)	make check (includes isolated install-to-accept demo)	2026-09-16T02:15:43.6480130Z MESH_ADAPTERS=READY
make check (macos-latest)	make check (includes isolated install-to-accept demo)	2026-09-16T02:15:52.2250640Z MESH_COCKPIT=READY
make check (macos-latest)	make check (includes isolated install-to-accept demo)	2026-09-16T02:15:53.3695160Z ok  	github.com/luanmorenomaciel/task-spec/mesh/cmd/taskspec-meshd	0.083s
make check (macos-latest)	make check (includes isolated install-to-accept demo)	2026-09-16T02:16:00.1461500Z ok  	github.com/luanmorenomaciel/task-spec/mesh/internal/mesh	6.529s
make check (macos-latest)	make check (includes isolated install-to-accept demo)	2026-09-16T02:16:01.4931250Z MESH_CONTRACTS=READY
make check (macos-latest)	make check (includes isolated install-to-accept demo)	2026-09-16T02:16:03.5479910Z MESH_DAEMON=READY
make check (macos-latest)	make check (includes isolated install-to-accept demo)	2026-09-16T02:16:18.6201160Z MESH_LEASES=READY
make check (macos-latest)	make check (includes isolated install-to-accept demo)	2026-09-16T02:16:37.7875770Z MESH_ROUTING_INTEGRATION=READY
make check (macos-latest)	make check (includes isolated install-to-accept demo)	2026-09-16T02:16:52.7575990Z MESH_ADAPTERS=READY
make check (macos-latest)	make check (includes isolated install-to-accept demo)	2026-09-16T02:17:04.2042350Z MESH_COCKPIT=READY
make check (macos-latest)	make check (includes isolated install-to-accept demo)	2026-09-16T02:17:04.2331790Z MESH_RECOVERY=READY
make check (macos-latest)	make check (includes isolated install-to-accept demo)	2026-09-16T02:17:04.2335010Z MESH_CONFORMANCE=READY
make check (macos-latest)	make check (includes isolated install-to-accept demo)	2026-09-16T02:17:05.7094220Z MESH_CONTRACTS=READY
make check (macos-latest)	make check (includes isolated install-to-accept demo)	2026-09-16T02:17:09.1194120Z MESH_DAEMON=READY
make check (macos-latest)	make check (includes isolated install-to-accept demo)	2026-09-16T02:17:21.1063510Z MESH_COCKPIT=READY
make check (macos-latest)	make check (includes isolated install-to-accept demo)	2026-09-16T02:17:21.1267470Z MESH_DEMO=READY
make check (macos-latest)	make check (includes isolated install-to-accept demo)	2026-09-16T02:17:27.7203150Z INSTALL=OK
make check (macos-latest)	make check (includes isolated install-to-accept demo)	2026-09-16T02:17:27.7204200Z MESH_INSTALL=READY
make check (macos-latest)	make check (includes isolated install-to-accept demo)	2026-09-16T02:17:27.9704510Z MESH_ISOLATION=UNAVAILABLE reason=docker
make check (macos-latest)	make check (includes isolated install-to-accept demo)	2026-09-16T02:17:43.7401850Z MESH_LEASES=READY
make check (macos-latest)	make check (includes isolated install-to-accept demo)	2026-09-16T02:18:01.4897810Z MESH_ROUTING_INTEGRATION=READY
make check (macos-latest)	make check (includes isolated install-to-accept demo)	2026-09-16T02:18:01.5633050Z ═══ Step 1: Install the agent surface into a fresh tempdir ═══
make check (macos-latest)	make check (includes isolated install-to-accept demo)	2026-09-16T02:18:02.2394810Z   ✓ install.sh succeeded
make check (macos-latest)	make check (includes isolated install-to-accept demo)	2026-09-16T02:18:02.2396010Z   ✓ installed: agents/task-architect.md
make check (macos-latest)	make check (includes isolated install-to-accept demo)	2026-09-16T02:18:02.2397070Z   ✓ installed: skills/task-spec/SKILL.md
make check (macos-latest)	make check (includes isolated install-to-accept demo)	2026-09-16T02:18:02.2461490Z 
make check (macos-latest)	make check (includes isolated install-to-accept demo)	2026-09-16T02:18:02.2462910Z ═══ Step 2: --version reports task-spec v3.10.0 ═══
make check (macos-latest)	make check (includes isolated install-to-accept demo)	2026-09-16T02:18:02.2608920Z   ✓ install --version → task-spec v3.10.0
make check (macos-latest)	make check (includes isolated install-to-accept demo)	2026-09-16T02:18:02.2770710Z   ✓ validate-task-spec --version → task-spec v3.10.0
make check (macos-latest)	make check (includes isolated install-to-accept demo)	2026-09-16T02:18:02.2948040Z   ✓ safe-to-delegate --version → task-spec v3.10.0
make check (macos-latest)	make check (includes isolated install-to-accept demo)	2026-09-16T02:18:02.3115600Z   ✓ generate-task-spec --version → task-spec v3.10.0
make check (macos-latest)	make check (includes isolated install-to-accept demo)	2026-09-16T02:18:02.3263090Z   ✓ list-ready --version → task-spec v3.10.0
make check (macos-latest)	make check (includes isolated install-to-accept demo)	2026-09-16T02:18:02.3263700Z 
make check (macos-latest)	make check (includes isolated install-to-accept demo)	2026-09-16T02:18:02.3264080Z ═══ Step 3: GENERATE a spec ═══
make check (macos-latest)	make check (includes isolated install-to-accept demo)	2026-09-16T02:18:02.5866980Z   ✓ generator wrote a spec
make check (macos-latest)	make check (includes isolated install-to-accept demo)	2026-09-16T02:18:02.5900160Z   ✓ generator stamped version 3.10.0
make check (macos-latest)	make check (includes isolated install-to-accept demo)	2026-09-16T02:18:02.5933140Z   ✓ generator printed --stamp breadcrumb
make check (macos-latest)	make check (includes isolated install-to-accept demo)	2026-09-16T02:18:02.5997330Z   ✓ spec file present at tasks/T-20260916-e2e-health-endpoint.md
make check (macos-latest)	make check (includes isolated install-to-accept demo)	2026-09-16T02:18:02.5998580Z 
make check (macos-latest)	make check (includes isolated install-to-accept demo)	2026-09-16T02:18:02.6000090Z ═══ Step 4: Fill stubs (synthesize a minimal valid spec) ═══
make check (macos-latest)	make check (includes isolated install-to-accept demo)	2026-09-16T02:18:02.6070350Z captured spec id: T-20260916-e2e-health-endpoint
make check (macos-latest)	make check (includes isolated install-to-accept demo)	2026-09-16T02:18:03.6392690Z   ✓ validate-task-spec.sh exits 0 on synthesized spec
make check (macos-latest)	make check (includes isolated install-to-accept demo)	2026-09-16T02:18:03.6393600Z 
make check (macos-latest)	make check (includes isolated install-to-accept demo)	2026-09-16T02:18:03.6394340Z ═══ Step 5: GATE (taskspec gate --stamp) ═══
make check (macos-latest)	make check (includes isolated install-to-accept demo)	2026-09-16T02:18:05.1435280Z   ✓ gate reported DELEGATE
make check (macos-latest)	make check (includes isolated install-to-accept demo)	2026-09-16T02:18:05.1474510Z   ✓ gate stamped signed_off:true
make check (macos-latest)	make check (includes isolated install-to-accept demo)	2026-09-16T02:18:05.1667400Z   ✓ spec frontmatter signed_off: true
make check (macos-latest)	make check (includes isolated install-to-accept demo)	2026-09-16T02:18:05.1769860Z   ✓ spec frontmatter signed_off_by: e2e-test
make check (macos-latest)	make check (includes isolated install-to-accept demo)	2026-09-16T02:18:05.1872040Z   ✓ spec frontmatter signed_off_at is ISO-8601
make check (macos-latest)	make check (includes isolated install-to-accept demo)	2026-09-16T02:18:06.3249860Z   ✓ validate accepts the stamped spec (sign-off envelope OK)
make check (macos-latest)	make check (includes isolated install-to-accept demo)	2026-09-16T02:18:06.3250190Z 
make check (macos-latest)	make check (includes isolated install-to-accept demo)	2026-09-16T02:18:06.3250570Z ═══ Step 6: Schema fidelity (Python consumer) ═══
make check (macos-latest)	make check (includes isolated install-to-accept demo)	2026-09-16T02:18:06.3293860Z   ✓ copied golden fixture into tempdir
make check (macos-latest)	make check (includes isolated install-to-accept demo)	2026-09-16T02:18:06.3295590Z   ✓ python consumer present at docs/examples/consume-task-spec.py
make check (macos-latest)	make check (includes isolated install-to-accept demo)	2026-09-16T02:18:06.3297180Z   ✓ python consumer canonical schemas are packaged under spec/schemas
make check (macos-latest)	make check (includes isolated install-to-accept demo)	2026-09-16T02:18:06.5381360Z   ✓ python consumer parsed golden fixture (exit 0)
make check (macos-latest)	make check (includes isolated install-to-accept demo)	2026-09-16T02:18:06.5381990Z 
make check (macos-latest)	make check (includes isolated install-to-accept demo)	2026-09-16T02:18:06.5382650Z ═══ Step 7: Cross-engine equivalence (Python vs TypeScript) ═══
make check (macos-latest)	make check (includes isolated install-to-accept demo)	2026-09-16T02:18:06.7680020Z   ✓ node present (v24.20.0) — attempting cross-engine proof
make check (macos-latest)	make check (includes isolated install-to-accept demo)	2026-09-16T02:18:06.7684730Z   installing TS consumer deps (npm install, 120s budget)…
make check (macos-latest)	make check (includes isolated install-to-accept demo)	2026-09-16T02:18:12.3505190Z   ✓ typescript consumer parsed golden fixture (exit 0)
make check (macos-latest)	make check (includes isolated install-to-accept demo)	2026-09-16T02:18:12.4318870Z   ✓ cross-engine equivalence: id/status/execution_backend/signed_off + ordered eval_ids + canonicalized validation_card ALL EQUAL
make check (macos-latest)	make check (includes isolated install-to-accept demo)	2026-09-16T02:18:12.4322240Z       both engines: {"eval_ids": ["eval_1"], "execution_backend": "any", "id": "T-20260602-golden", "signed_off": false, "status": "ready", "validation_card": {"agent_contract": {"read": ["intent", "contract", "guardrails", "operations"]}, "retry_policy": {"circuit_breaker_no_progress": 3, "max_iterations": 15, "on_terminal_failure": "park_with_context"}, "success_criteria_keys": [{"check_type": "deterministic", "description": "synthetic", "expected_duration_sec": 1, "id": "eval_1", "runnable": "bash", "terminal": true}]}}
make check (macos-latest)	make check (includes isolated install-to-accept demo)	2026-09-16T02:18:12.4336590Z 
make check (macos-latest)	make check (includes isolated install-to-accept demo)	2026-09-16T02:18:12.4336780Z ========================================
make check (macos-latest)	make check (includes isolated install-to-accept demo)	2026-09-16T02:18:12.4343790Z Results: 26 passed, 0 failed
make check (macos-latest)	make check (includes isolated install-to-accept demo)	2026-09-16T02:18:12.4344070Z ========================================
make check (macos-latest)	make check (includes isolated install-to-accept demo)	2026-09-16T02:18:13.5811970Z OFFICIAL_PROTOCOL_SDK=UNAVAILABLE retained evidence verified
make check (macos-latest)	make check (includes isolated install-to-accept demo)	2026-09-16T02:18:13.5813120Z PROTOCOL_CONFORMANCE=READY
make check (macos-latest)	make check (includes isolated install-to-accept demo)	2026-09-16T02:18:13.6293720Z README_COMMANDS=READY commands=24 images=4 mermaid=2
make check (macos-latest)	make check (includes isolated install-to-accept demo)	2026-09-16T02:18:13.6884010Z RELEASE_STATUS=OK
make check (macos-latest)	make check (includes isolated install-to-accept demo)	2026-09-16T02:18:13.8611710Z CLI_REFERENCE=OK
make check (macos-latest)	make check (includes isolated install-to-accept demo)	2026-09-16T02:18:15.1186160Z RELEASE_AUDIT_TESTS=READY
make check (macos-latest)	make check (includes isolated install-to-accept demo)	2026-09-16T02:18:15.3600590Z RELEASE_EVIDENCE_CONTRACTS=READY
make check (macos-latest)	make check (includes isolated install-to-accept demo)	2026-09-16T02:18:32.8316130Z RELEASE_PACKAGING=READY
make check (macos-latest)	make check (includes isolated install-to-accept demo)	2026-09-16T02:18:33.4820160Z tests/test-release-provenance.sh: line 77: rg: command not found
make check (macos-latest)	make check (includes isolated install-to-accept demo)	2026-09-16T02:18:33.5522970Z PRIVATE_PROVENANCE=READY
make check (macos-latest)	make check (includes isolated install-to-accept demo)	2026-09-16T02:18:33.5651980Z test-repo-layout.sh
make check (macos-latest)	make check (includes isolated install-to-accept demo)	2026-09-16T02:18:33.5654100Z ════════════════════════════════════════
make check (macos-latest)	make check (includes isolated install-to-accept demo)	2026-09-16T02:18:33.5939160Z   ok   top-level directories match the manifest (16 declared)
make check (macos-latest)	make check (includes isolated install-to-accept demo)	2026-09-16T02:18:33.6157510Z   ok   root files match the manifest (16 declared)
make check (macos-latest)	make check (includes isolated install-to-accept demo)	2026-09-16T02:18:33.6824710Z   ok   every top-level directory appears in the AGENTS.md layout table
make check (macos-latest)	make check (includes isolated install-to-accept demo)	2026-09-16T02:18:33.8983600Z   ok   no undeclared single-file top-level directory
make check (macos-latest)	make check (includes isolated install-to-accept demo)	2026-09-16T02:18:33.9085730Z   ok   no retired top-level or nested path reappeared
make check (macos-latest)	make check (includes isolated install-to-accept demo)	2026-09-16T02:18:36.1157810Z   ok   no live file references a pre-consolidation path
make check (macos-latest)	make check (includes isolated install-to-accept demo)	2026-09-16T02:18:36.2044900Z   ok   every byte-for-byte SKILL.md copy matches root SKILL.md
make check (macos-latest)	make check (includes isolated install-to-accept demo)	2026-09-16T02:18:36.2218230Z   ok   fixtures live under exactly one root (tests/fixtures/)
make check (macos-latest)	make check (includes isolated install-to-accept demo)	2026-09-16T02:18:36.2657180Z   ok   every digest-pinned evidence path still resolves
make check (macos-latest)	make check (includes isolated install-to-accept demo)	2026-09-16T02:18:36.2758090Z   ok   docs/runbooks/ stays closed (12 of 12; new how-tos go in docs/guides/)
make check (macos-latest)	make check (includes isolated install-to-accept demo)	2026-09-16T02:18:36.2758990Z   ok   every grouped directory has a README or index
make check (macos-latest)	make check (includes isolated install-to-accept demo)	2026-09-16T02:18:36.2759510Z ════════════════════════════════════════
make check (macos-latest)	make check (includes isolated install-to-accept demo)	2026-09-16T02:18:36.2759870Z REPO_LAYOUT=OK (11 checks)
make check (macos-latest)	make check (includes isolated install-to-accept demo)	2026-09-16T02:18:36.2838830Z test-repo-organization-e2e.sh
make check (macos-latest)	make check (includes isolated install-to-accept demo)	2026-09-16T02:18:36.2839640Z ════════════════════════════════════════
make check (macos-latest)	make check (includes isolated install-to-accept demo)	2026-09-16T02:18:36.2994480Z   ok   live backlog has 15 open T-*.md file(s)
make check (macos-latest)	make check (includes isolated install-to-accept demo)	2026-09-16T02:18:36.3367280Z   ok   every parked spec is a non-executable composition node (2)
make check (macos-latest)	make check (includes isolated install-to-accept demo)	2026-09-16T02:18:36.6494480Z   ok   every accepted done leaf has an AcceptanceRecord (20)
make check (macos-latest)	make check (includes isolated install-to-accept demo)	2026-09-16T02:18:36.6495220Z   ok   tasks/.plans/ still has the 3.8.1 and 3.9.0 TaskPlan manifests
make check (macos-latest)	make check (includes isolated install-to-accept demo)	2026-09-16T02:18:36.6632740Z   ok   spec README, docs/index, and root README agree on orientation
make check (macos-latest)	make check (includes isolated install-to-accept demo)	2026-09-16T02:18:36.7082530Z   ok   taskspec doctor → DOCTOR=READY
make check (macos-latest)	make check (includes isolated install-to-accept demo)	2026-09-16T02:18:44.1684590Z   ok   taskspec demo walks plan → seal → handoff → accept
make check (macos-latest)	make check (includes isolated install-to-accept demo)	2026-09-16T02:18:44.5190000Z   ok   graph --check is clean and ready rows agree with the live backlog
make check (macos-latest)	make check (includes isolated install-to-accept demo)	2026-09-16T02:18:50.7361580Z   ok   every parked composition node still validates
make check (macos-latest)	make check (includes isolated install-to-accept demo)	2026-09-16T02:18:50.7362610Z ════════════════════════════════════════
make check (macos-latest)	make check (includes isolated install-to-accept demo)	2026-09-16T02:18:50.7362970Z REPO_ORGANIZATION=OK (9 checks)
make check (macos-latest)	make check (includes isolated install-to-accept demo)	2026-09-16T02:18:51.0074520Z SCHEMAS=READY count=58 fixtures=18
make check (macos-latest)	make check (includes isolated install-to-accept demo)	2026-09-16T02:18:51.0870880Z === 1. generate-task-spec.sh ===
make check (macos-latest)	make check (includes isolated install-to-accept demo)	2026-09-16T02:18:51.4144450Z   ✓ generator created tasks/T-20260916-test-self-test-suite.md
make check (macos-latest)	make check (includes isolated install-to-accept demo)	2026-09-16T02:18:51.4198020Z   ✓ id in frontmatter matches filename
make check (macos-latest)	make check (includes isolated install-to-accept demo)	2026-09-16T02:18:51.4199340Z === 2. Fill generated file with valid v2 content ===
make check (macos-latest)	make check (includes isolated install-to-accept demo)	2026-09-16T02:18:51.4240340Z   ✓ wrote valid v2 task spec
make check (macos-latest)	make check (includes isolated install-to-accept demo)	2026-09-16T02:18:51.4241840Z === 3. validate-task-spec.sh (expect PASS) ===
make check (macos-latest)	make check (includes isolated install-to-accept demo)	2026-09-16T02:18:52.3646530Z   ✓ validator passes on valid task
make check (macos-latest)	make check (includes isolated install-to-accept demo)	2026-09-16T02:18:52.3648590Z === 4. validate-task-spec.sh with controlled error (expect FAIL) ===
make check (macos-latest)	make check (includes isolated install-to-accept demo)	2026-09-16T02:18:53.0145990Z   ✓ validator catches placeholder regression
make check (macos-latest)	make check (includes isolated install-to-accept demo)	2026-09-16T02:18:54.6436770Z   ✓ pre-gate authorizes the unbuilt task
make check (macos-latest)	make check (includes isolated install-to-accept demo)	2026-09-16T02:18:54.6441940Z === 5. transition-status.sh: ready → in-progress ===
make check (macos-latest)	make check (includes isolated install-to-accept demo)	2026-09-16T02:18:55.1045500Z   ✓ transition to in-progress succeeds
make check (macos-latest)	make check (includes isolated install-to-accept demo)	2026-09-16T02:18:55.1074390Z   ✓ status updated to in-progress
make check (macos-latest)	make check (includes isolated install-to-accept demo)	2026-09-16T02:18:55.1088650Z   ✓ file remains in tasks/ for active status
make check (macos-latest)	make check (includes isolated install-to-accept demo)	2026-09-16T02:18:55.2057030Z   ✓ transition to done is blocked before acceptance
make check (macos-latest)	make check (includes isolated install-to-accept demo)	2026-09-16T02:18:55.7305820Z   ✓ post-gate accepts and stamps the completed task
make check (macos-latest)	make check (includes isolated install-to-accept demo)	2026-09-16T02:18:55.7307020Z === 6. transition-status.sh: in-progress → done ===
make check (macos-latest)	make check (includes isolated install-to-accept demo)	2026-09-16T02:18:56.1599880Z   ✓ transition to done succeeds
make check (macos-latest)	make check (includes isolated install-to-accept demo)	2026-09-16T02:18:56.1600480Z   ✓ file moved to tasks/done/
make check (macos-latest)	make check (includes isolated install-to-accept demo)	2026-09-16T02:18:56.1600790Z   ✓ file no longer in tasks/
make check (macos-latest)	make check (includes isolated install-to-accept demo)	2026-09-16T02:18:56.1601110Z === 7. rebuild-state.sh ===
make check (macos-latest)	make check (includes isolated install-to-accept demo)	2026-09-16T02:18:56.3597770Z   ✓ rebuild-state succeeds
make check (macos-latest)	make check (includes isolated install-to-accept demo)	2026-09-16T02:18:56.3598620Z   ✓ _state.yaml created
make check (macos-latest)	make check (includes isolated install-to-accept demo)	2026-09-16T02:18:56.3637890Z   ✓ _state.yaml contains test task
make check (macos-latest)	make check (includes isolated install-to-accept demo)	2026-09-16T02:18:56.3686070Z   ✓ _state.yaml reflects done status
make check (macos-latest)	make check (includes isolated install-to-accept demo)	2026-09-16T02:18:56.5678800Z   ✓ rebuild-state is byte-deterministic
make check (macos-latest)	make check (includes isolated install-to-accept demo)	2026-09-16T02:18:56.5679810Z === 8. list-ready.sh ===
make check (macos-latest)	make check (includes isolated install-to-accept demo)	2026-09-16T02:18:56.6456250Z   ✓ list-ready excludes done task
make check (macos-latest)	make check (includes isolated install-to-accept demo)	2026-09-16T02:18:56.6460030Z === 9. archive.sh ===
make check (macos-latest)	make check (includes isolated install-to-accept demo)	2026-09-16T02:18:56.8517390Z   ✓ archive is no-op for already-archived task
make check (macos-latest)	make check (includes isolated install-to-accept demo)	2026-09-16T02:18:56.8518250Z === 10. backup-backlog.sh ===
make check (macos-latest)	make check (includes isolated install-to-accept demo)	2026-09-16T02:18:56.9193810Z   ✓ backup-backlog succeeds
make check (macos-latest)	make check (includes isolated install-to-accept demo)	2026-09-16T02:18:56.9239510Z   ✓ backup archive created
make check (macos-latest)	make check (includes isolated install-to-accept demo)	2026-09-16T02:18:56.9240430Z === 11. safe-to-delegate.sh (pre-delegation gate) ===
make check (macos-latest)	make check (includes isolated install-to-accept demo)	2026-09-16T02:18:58.4656160Z   ✓ safe-to-delegate clears a valid spec
make check (macos-latest)	make check (includes isolated install-to-accept demo)	2026-09-16T02:18:59.8126350Z   ✓ safe-to-delegate blocks a broken-eval spec
make check (macos-latest)	make check (includes isolated install-to-accept demo)	2026-09-16T02:18:59.8194720Z 
make check (macos-latest)	make check (includes isolated install-to-accept demo)	2026-09-16T02:18:59.8195260Z ========================================
make check (macos-latest)	make check (includes isolated install-to-accept demo)	2026-09-16T02:18:59.8195970Z Results: 25 passed, 0 failed
make check (macos-latest)	make check (includes isolated install-to-accept demo)	2026-09-16T02:18:59.8196390Z ========================================
make check (macos-latest)	make check (includes isolated install-to-accept demo)	2026-09-16T02:18:59.8573980Z MESH_ISOLATION=UNAVAILABLE reason=docker
make check (macos-latest)	make check (includes isolated install-to-accept demo)	2026-09-16T02:19:00.2837180Z TOOLKIT_AUTHORING=PASS
make check (macos-latest)	make check (includes isolated install-to-accept demo)	2026-09-16T02:19:00.3541680Z TOOLKIT_CONFORMANCE=PASS optional recipe, self-contained schemas, and complete lineage shape
make check (macos-latest)	make check (includes isolated install-to-accept demo)	2026-09-16T02:19:00.4008160Z TOOLKIT_CI=CONFIGURED hosted execution not inferred
make check (macos-latest)	make check (includes isolated install-to-accept demo)	2026-09-16T02:19:11.9910220Z TOOLKIT_CLI=PASS
make check (macos-latest)	make check (includes isolated install-to-accept demo)	2026-09-16T02:19:29.2710100Z TOOLKIT_DECOMPOSE=PASS
make check (macos-latest)	make check (includes isolated install-to-accept demo)	2026-09-16T02:19:29.4003400Z TOOLKIT_EXPERIENCE=PASS static resources and trace-oracle negatives; live chat quality not inferred
make check (macos-latest)	make check (includes isolated install-to-accept demo)	2026-09-16T02:19:30.9549350Z TOOLKIT_GUIDES=PASS
make check (macos-latest)	make check (includes isolated install-to-accept demo)	2026-09-16T02:19:54.9430250Z TOOLKIT_DECOMPOSE=PASS
make check (macos-latest)	make check (includes isolated install-to-accept demo)	2026-09-16T02:20:00.2987010Z TOOLKIT_INSTALL=PASS clean private runtime, path spaces, version identity, and corrupted-resource refusal
make check (macos-latest)	make check (includes isolated install-to-accept demo)	2026-09-16T02:20:01.4322230Z ok  	github.com/luanmorenomaciel/task-spec/mesh/internal/mesh	(cached)
make check (macos-latest)	make check (includes isolated install-to-accept demo)	2026-09-16T02:20:24.6530310Z TOOLKIT_MESH=PASS
make check (macos-latest)	make check (includes isolated install-to-accept demo)	2026-09-16T02:20:24.9184610Z TOOLKIT_PERMISSION_GUARD=PASS recorded denial stops continuation; ordinary eval and validation failures remain distinct
make check (macos-latest)	make check (includes isolated install-to-accept demo)	2026-09-16T02:20:25.2317240Z {"state": "paused", "before_block": 1, "reason": "Review the observed permission denial.", "next": "Inspect retained runs and remove the explicit PAUSE file only when authorized to continue."}
make check (macos-latest)	make check (includes isolated install-to-accept demo)	2026-09-16T02:20:25.2360240Z {"id": "1-codex", "exit_code": 0, "run_id": "denied-cell", "accepted": false, "error": "permission denied", "elapsed_seconds": 1, "cost_usd": 0, "permission_denied": true}
make check (macos-latest)	make check (includes isolated install-to-accept demo)	2026-09-16T02:20:25.2365300Z {"id": "1-claude", "exit_code": 0, "run_id": "denied-cell", "accepted": false, "error": "permission denied", "elapsed_seconds": 1, "cost_usd": 0, "permission_denied": true}
make check (macos-latest)	make check (includes isolated install-to-accept demo)	2026-09-16T02:20:25.5445860Z TOOLKIT_PILOT_RECORDING=PASS prospective intervals, censored failures, retained outputs, tamper detection, cohort pause
make check (macos-latest)	make check (includes isolated install-to-accept demo)	2026-09-16T02:20:27.9376290Z TOOLKIT_PUBLIC_EVALUATOR=PASS exact local resources; script and fixture substitution refused
make check (macos-latest)	make check (includes isolated install-to-accept demo)	2026-09-16T02:20:28.1489170Z TOOLKIT_RUNTIME=PASS
make check (macos-latest)	make check (includes isolated install-to-accept demo)	2026-09-16T02:20:29.1012040Z TOOLKIT_SDLC=PASS
make check (macos-latest)	make check (includes isolated install-to-accept demo)	2026-09-16T02:20:29.2138790Z === Phase 1: AUTHOR a solvable v3 standard spec ===
make check (macos-latest)	make check (includes isolated install-to-accept demo)	2026-09-16T02:20:29.2182290Z   ✓ spec file authored
make check (macos-latest)	make check (includes isolated install-to-accept demo)	2026-09-16T02:20:29.2183200Z === Phase 2: VALIDATE (structural + profile + traceability) ===
make check (macos-latest)	make check (includes isolated install-to-accept demo)	2026-09-16T02:20:30.1017200Z   ✓ validate passes (rc=0)
make check (macos-latest)	make check (includes isolated install-to-accept demo)	2026-09-16T02:20:30.1054970Z   ✓ validate reports v3 + standard profile
make check (macos-latest)	make check (includes isolated install-to-accept demo)	2026-09-16T02:20:30.1095880Z   ✓ validate maps status→A2A submitted
make check (macos-latest)	make check (includes isolated install-to-accept demo)	2026-09-16T02:20:30.1096940Z === Phase 3: PRE-GATE (safe-to-delegate --stamp) ===
make check (macos-latest)	make check (includes isolated install-to-accept demo)	2026-09-16T02:20:31.4732700Z   ✓ pre-gate verdict DELEGATE (rc=0)
make check (macos-latest)	make check (includes isolated install-to-accept demo)	2026-09-16T02:20:31.4764400Z   ✓ pre-gate stamped signed_off: true
make check (macos-latest)	make check (includes isolated install-to-accept demo)	2026-09-16T02:20:31.4799450Z   ✓ pre-gate sealed HMAC (Tier 1)
make check (macos-latest)	make check (includes isolated install-to-accept demo)	2026-09-16T02:20:32.9000200Z === Phase 4: DISPATCH (reference executor drives the work) ===
make check (macos-latest)	make check (includes isolated install-to-accept demo)	2026-09-16T02:20:33.6861970Z   ✓ executor created src/feature.txt == 'done'
make check (macos-latest)	make check (includes isolated install-to-accept demo)	2026-09-16T02:20:33.6885330Z   ✓ executor leaves passing work in-progress pending acceptance
make check (macos-latest)	make check (includes isolated install-to-accept demo)	2026-09-16T02:20:33.6885910Z === Phase 5: ACCEPT (post-execution gate) ===
make check (macos-latest)	make check (includes isolated install-to-accept demo)	2026-09-16T02:20:34.5262500Z     accept-task: /var/folders/36/tjdph2t965j8snz9_vkdnw0r0000gn/T/tmp.w57w4OY3Z4/tasks/T-20260618-e2e-closed-loop.md
make check (macos-latest)	make check (includes isolated install-to-accept demo)	2026-09-16T02:20:34.5365100Z     ────────────────────────────────────────────────────────
make check (macos-latest)	make check (includes isolated install-to-accept demo)	2026-09-16T02:20:34.5454250Z     A. Independent evaluation ...
make check (macos-latest)	make check (includes isolated install-to-accept demo)	2026-09-16T02:20:34.5465230Z        PASS — Exit Check returned 0
make check (macos-latest)	make check (includes isolated install-to-accept demo)	2026-09-16T02:20:34.5469340Z     B. Handoff, graph, base commit, and blast radius ...
make check (macos-latest)	make check (includes isolated install-to-accept demo)	2026-09-16T02:20:34.5471130Z        PASS — revision, closure, Git base, and write scope agree
make check (macos-latest)	make check (includes isolated install-to-accept demo)	2026-09-16T02:20:34.5472180Z     C. Authorization integrity ...
make check (macos-latest)	make check (includes isolated install-to-accept demo)	2026-09-16T02:20:34.5473120Z        PASS — TaskAuthorization/v3 verifies
make check (macos-latest)	make check (includes isolated install-to-accept demo)	2026-09-16T02:20:34.5474040Z     E. Sealed evidence policy ...
make check (macos-latest)	make check (includes isolated install-to-accept demo)	2026-09-16T02:20:34.5475080Z        PASS — required evidence matches this attempt
make check (macos-latest)	make check (includes isolated install-to-accept demo)	2026-09-16T02:20:34.5476310Z     ────────────────────────────────────────────────────────
make check (macos-latest)	make check (includes isolated install-to-accept demo)	2026-09-16T02:20:34.5481650Z        stamped — {"acceptance_record": "/private/var/folders/36/tjdph2t965j8snz9_vkdnw0r0000gn/T/tmp.w57w4OY3Z4/.taskspec/acceptance/T-20260618-e2e-closed-loop/c35d7dd0-d22c-43cb-b2a0-127b1c4cf352.json", "acceptance_record_digest": "sha256:2eac2b9408ff58d20dc355ed68e0b229ec3070d71db37afcc092b3c7701f4948", "accepted": true, "attempt_id": "c35d7dd0-d22c-43cb-b2a0-127b1c4cf352", "contract": "AcceptanceFinalized/v1", "task_id": "T-20260618-e2e-closed-loop", "tier": 1}
make check (macos-latest)	make check (includes isolated install-to-accept demo)	2026-09-16T02:20:34.5484060Z     VERDICT: ACCEPT — Tier 1 evidence is bound to the authorized task attempt
make check (macos-latest)	make check (includes isolated install-to-accept demo)	2026-09-16T02:20:34.5484540Z     ACCEPTED=1
make check (macos-latest)	make check (includes isolated install-to-accept demo)	2026-09-16T02:20:34.5484960Z   ✓ accept verdict ACCEPT (rc=0)
make check (macos-latest)	make check (includes isolated install-to-accept demo)	2026-09-16T02:20:34.5486810Z   ✓ accept stamped accepted: true
make check (macos-latest)	make check (includes isolated install-to-accept demo)	2026-09-16T02:20:34.5488460Z   ✓ accept emitted ACCEPTED=1
make check (macos-latest)	make check (includes isolated install-to-accept demo)	2026-09-16T02:20:34.5492210Z   ✓ accept GATE A (evals pass) reported
make check (macos-latest)	make check (includes isolated install-to-accept demo)	2026-09-16T02:20:34.5501610Z === Phase 6: NEGATIVE — blast-radius breach is REJECTED ===
make check (macos-latest)	make check (includes isolated install-to-accept demo)	2026-09-16T02:20:35.2683210Z   ✓ breach REJECTED (rc=1)
make check (macos-latest)	make check (includes isolated install-to-accept demo)	2026-09-16T02:20:35.2729410Z   ✓ breach names the out-of-scope file
make check (macos-latest)	make check (includes isolated install-to-accept demo)	2026-09-16T02:20:35.9007270Z   ✓ accepted work transitions status → done
make check (macos-latest)	make check (includes isolated install-to-accept demo)	2026-09-16T02:20:35.9007900Z === Phase 7: LOOP CLOSED — final spec validates with full envelope ===
make check (macos-latest)	make check (includes isolated install-to-accept demo)	2026-09-16T02:20:37.3787910Z   ✓ final validate passes
make check (macos-latest)	make check (includes isolated install-to-accept demo)	2026-09-16T02:20:37.3831910Z   ✓ final validate confirms Tier-1 HMAC
make check (macos-latest)	make check (includes isolated install-to-accept demo)	2026-09-16T02:20:37.3842170Z 
make check (macos-latest)	make check (includes isolated install-to-accept demo)	2026-09-16T02:20:37.3848730Z ========================================
make check (macos-latest)	make check (includes isolated install-to-accept demo)	2026-09-16T02:20:37.3849290Z Results: 18 passed, 0 failed
make check (macos-latest)	make check (includes isolated install-to-accept demo)	2026-09-16T02:20:37.3851860Z ========================================
make check (macos-latest)	make check (includes isolated install-to-accept demo)	2026-09-16T02:20:37.4147160Z == install ==
make check (macos-latest)	make check (includes isolated install-to-accept demo)	2026-09-16T02:20:39.0355970Z   ✓ copy install
make check (macos-latest)	make check (includes isolated install-to-accept demo)	2026-09-16T02:20:39.8840260Z   ✓ idempotent install
make check (macos-latest)	make check (includes isolated install-to-accept demo)	2026-09-16T02:20:40.0905320Z   ✓ equivalent harness skills
make check (macos-latest)	make check (includes isolated install-to-accept demo)	2026-09-16T02:20:41.6617540Z   ✓ global user install
make check (macos-latest)	make check (includes isolated install-to-accept demo)	2026-09-16T02:20:41.9745340Z   ✓ checkout symlink install
make check (macos-latest)	make check (includes isolated install-to-accept demo)	2026-09-16T02:20:43.3017470Z   ✓ skills-only install
make check (macos-latest)	make check (includes isolated install-to-accept demo)	2026-09-16T02:20:44.1342540Z   ✓ unmanaged destination is preserved
make check (macos-latest)	make check (includes isolated install-to-accept demo)	2026-09-16T02:20:45.4623100Z   ✓ forced replacement leaves a backup
make check (macos-latest)	make check (includes isolated install-to-accept demo)	2026-09-16T02:20:46.3876900Z   ✓ managed launcher upgrades safely
make check (macos-latest)	make check (includes isolated install-to-accept demo)	2026-09-16T02:20:46.4193570Z   ✓ installed version
make check (macos-latest)	make check (includes isolated install-to-accept demo)	2026-09-16T02:20:54.6341150Z   ✓ installed isolated demo
make check (macos-latest)	make check (includes isolated install-to-accept demo)	2026-09-16T02:20:54.7268500Z   ✓ agent context JSON
make check (macos-latest)	make check (includes isolated install-to-accept demo)	2026-09-16T02:20:54.8013660Z   ✓ agent context covers the complete public command and schema surfaces
make check (macos-latest)	make check (includes isolated install-to-accept demo)	2026-09-16T02:20:54.8728630Z   ✓ agent guidance surfaces share the 3.9 lifecycle
make check (macos-latest)	make check (includes isolated install-to-accept demo)	2026-09-16T02:20:55.0774770Z   ✓ global JSON envelope
make check (macos-latest)	make check (includes isolated install-to-accept demo)	2026-09-16T02:20:55.1456560Z   ✓ per-command help init
make check (macos-latest)	make check (includes isolated install-to-accept demo)	2026-09-16T02:20:55.2223080Z   ✓ per-command help setup
make check (macos-latest)	make check (includes isolated install-to-accept demo)	2026-09-16T02:20:55.2797560Z   ✓ per-command help demo
make check (macos-latest)	make check (includes isolated install-to-accept demo)	2026-09-16T02:20:55.3240460Z   ✓ per-command help new
make check (macos-latest)	make check (includes isolated install-to-accept demo)	2026-09-16T02:20:55.3731530Z   ✓ per-command help plan
make check (macos-latest)	make check (includes isolated install-to-accept demo)	2026-09-16T02:20:55.4262420Z   ✓ per-command help batch
make check (macos-latest)	make check (includes isolated install-to-accept demo)	2026-09-16T02:20:55.4732060Z   ✓ per-command help migrate
make check (macos-latest)	make check (includes isolated install-to-accept demo)	2026-09-16T02:20:55.5191310Z   ✓ per-command help validate
make check (macos-latest)	make check (includes isolated install-to-accept demo)	2026-09-16T02:20:55.5947240Z   ✓ per-command help dod
make check (macos-latest)	make check (includes isolated install-to-accept demo)	2026-09-16T02:20:55.7052650Z   ✓ per-command help gate
make check (macos-latest)	make check (includes isolated install-to-accept demo)	2026-09-16T02:20:55.8187000Z   ✓ per-command help handoff
make check (macos-latest)	make check (includes isolated install-to-accept demo)	2026-09-16T02:20:55.9595490Z   ✓ per-command help run
make check (macos-latest)	make check (includes isolated install-to-accept demo)	2026-09-16T02:20:56.0849100Z   ✓ per-command help accept
make check (macos-latest)	make check (includes isolated install-to-accept demo)	2026-09-16T02:20:56.1593430Z   ✓ per-command help author-doctor
make check (macos-latest)	make check (includes isolated install-to-accept demo)	2026-09-16T02:20:56.2554980Z   ✓ per-command help holdout
make check (macos-latest)	make check (includes isolated install-to-accept demo)	2026-09-16T02:20:56.3366700Z   ✓ per-command help receipt
make check (macos-latest)	make check (includes isolated install-to-accept demo)	2026-09-16T02:20:56.3940150Z   ✓ per-command help dsse
make check (macos-latest)	make check (includes isolated install-to-accept demo)	2026-09-16T02:20:56.4771560Z   ✓ per-command help eval-audit
make check (macos-latest)	make check (includes isolated install-to-accept demo)	2026-09-16T02:20:56.5251840Z   ✓ per-command help identity
make check (macos-latest)	make check (includes isolated install-to-accept demo)	2026-09-16T02:20:56.6153630Z   ✓ per-command help evidence
make check (macos-latest)	make check (includes isolated install-to-accept demo)	2026-09-16T02:20:56.6642900Z   ✓ per-command help bridge
make check (macos-latest)	make check (includes isolated install-to-accept demo)	2026-09-16T02:20:56.7211850Z   ✓ per-command help mcp
make check (macos-latest)	make check (includes isolated install-to-accept demo)	2026-09-16T02:20:56.7955670Z   ✓ per-command help mesh
make check (macos-latest)	make check (includes isolated install-to-accept demo)	2026-09-16T02:20:56.8452410Z   ✓ per-command help ready
make check (macos-latest)	make check (includes isolated install-to-accept demo)	2026-09-16T02:20:56.9125730Z   ✓ per-command help graph
make check (macos-latest)	make check (includes isolated install-to-accept demo)	2026-09-16T02:20:56.9761430Z   ✓ per-command help status
make check (macos-latest)	make check (includes isolated install-to-accept demo)	2026-09-16T02:20:57.0250260Z   ✓ per-command help lint
make check (macos-latest)	make check (includes isolated install-to-accept demo)	2026-09-16T02:20:57.0989050Z   ✓ per-command help transition
make check (macos-latest)	make check (includes isolated install-to-accept demo)	2026-09-16T02:20:57.1743970Z   ✓ per-command help rebuild-state
make check (macos-latest)	make check (includes isolated install-to-accept demo)	2026-09-16T02:20:57.2458850Z   ✓ per-command help archive
make check (macos-latest)	make check (includes isolated install-to-accept demo)	2026-09-16T02:20:57.3075740Z   ✓ per-command help backup
make check (macos-latest)	make check (includes isolated install-to-accept demo)	2026-09-16T02:20:57.3702120Z   ✓ per-command help metrics
make check (macos-latest)	make check (includes isolated install-to-accept demo)	2026-09-16T02:20:57.4215710Z   ✓ per-command help conformance
make check (macos-latest)	make check (includes isolated install-to-accept demo)	2026-09-16T02:20:57.4838970Z   ✓ per-command help executor
make check (macos-latest)	make check (includes isolated install-to-accept demo)	2026-09-16T02:20:57.5657770Z   ✓ per-command help agent-context
make check (macos-latest)	make check (includes isolated install-to-accept demo)	2026-09-16T02:20:57.6281160Z   ✓ per-command help completion
make check (macos-latest)	make check (includes isolated install-to-accept demo)	2026-09-16T02:20:57.7029900Z   ✓ per-command help doctor
make check (macos-latest)	make check (includes isolated install-to-accept demo)	2026-09-16T02:20:57.8310310Z   ✓ per-command help version
make check (macos-latest)	make check (includes isolated install-to-accept demo)	2026-09-16T02:20:57.8999360Z   ✓ per-command help help
make check (macos-latest)	make check (includes isolated install-to-accept demo)	2026-09-16T02:20:58.0287940Z   ✓ usage exit 2: status
make check (macos-latest)	make check (includes isolated install-to-accept demo)	2026-09-16T02:20:58.0808490Z   ✓ usage exit 2: transition
make check (macos-latest)	make check (includes isolated install-to-accept demo)	2026-09-16T02:20:58.1228860Z   ✓ usage exit 2: migrate
make check (macos-latest)	make check (includes isolated install-to-accept demo)	2026-09-16T02:20:58.1640380Z   ✓ usage exit 2: executor
make check (macos-latest)	make check (includes isolated install-to-accept demo)	2026-09-16T02:20:58.2010270Z   ✓ usage exit 2: run
make check (macos-latest)	make check (includes isolated install-to-accept demo)	2026-09-16T02:20:58.2650580Z   ✓ completion bash
make check (macos-latest)	make check (includes isolated install-to-accept demo)	2026-09-16T02:20:58.3339710Z   ✓ completion zsh
make check (macos-latest)	make check (includes isolated install-to-accept demo)	2026-09-16T02:20:58.4007980Z   ✓ completion fish
make check (macos-latest)	make check (includes isolated install-to-accept demo)	2026-09-16T02:20:58.4008320Z == clean-room journey ==
make check (macos-latest)	make check (includes isolated install-to-accept demo)	2026-09-16T02:21:09.5832910Z   ✓ install-to-accept clean room with structured materialization receipt
make check (macos-latest)	make check (includes isolated install-to-accept demo)	2026-09-16T02:21:10.4761560Z   ✓ README v3 and opt-in v4 scaffold commands
make check (macos-latest)	make check (includes isolated install-to-accept demo)	2026-09-16T02:21:10.6174210Z   ✓ malformed and dangling TaskPlan fails closed
make check (macos-latest)	make check (includes isolated install-to-accept demo)	2026-09-16T02:21:10.6274880Z == dry-run and color ==
make check (macos-latest)	make check (includes isolated install-to-accept demo)	2026-09-16T02:21:10.7151340Z   ✓ dry-run prevents init
make check (macos-latest)	make check (includes isolated install-to-accept demo)	2026-09-16T02:21:10.7918760Z   ✓ NO_COLOR precedence
make check (macos-latest)	make check (includes isolated install-to-accept demo)	2026-09-16T02:21:10.7919880Z == research evidence ==
make check (macos-latest)	make check (includes isolated install-to-accept demo)	2026-09-16T02:21:10.9275830Z   ✓ firecrawl evidence
make check (macos-latest)	make check (includes isolated install-to-accept demo)	2026-09-16T02:21:11.0995240Z   ✓ tavily evidence
make check (macos-latest)	make check (includes isolated install-to-accept demo)	2026-09-16T02:21:11.2722000Z   ✓ exa evidence
make check (macos-latest)	make check (includes isolated install-to-accept demo)	2026-09-16T02:21:11.4245140Z   ✓ named provider failure
make check (macos-latest)	make check (includes isolated install-to-accept demo)	2026-09-16T02:21:11.5031540Z   ✓ evidence rejects credential-bearing keys
make check (macos-latest)	make check (includes isolated install-to-accept demo)	2026-09-16T02:21:11.6332140Z   ✓ composition example preview
make check (macos-latest)	make check (includes isolated install-to-accept demo)	2026-09-16T02:21:11.6938720Z   ✓ checked-in evidence example
make check (macos-latest)	make check (includes isolated install-to-accept demo)	2026-09-16T02:21:11.7538530Z   ✓ checked-in handoff example
make check (macos-latest)	make check (includes isolated install-to-accept demo)	2026-09-16T02:21:11.8185730Z   ✓ README release status is generated from evidence
make check (macos-latest)	make check (includes isolated install-to-accept demo)	2026-09-16T02:21:11.8186330Z == checksum-backed release archive ==
make check (macos-latest)	make check (includes isolated install-to-accept demo)	2026-09-16T02:21:13.8647130Z   ✓ checksum-backed remote install
make check (macos-latest)	make check (includes isolated install-to-accept demo)	2026-09-16T02:21:13.9831260Z   ✓ tampered release archive fails closed
make check (macos-latest)	make check (includes isolated install-to-accept demo)	2026-09-16T02:21:13.9861180Z == package ==
make check (macos-latest)	make check (includes isolated install-to-accept demo)	2026-09-16T02:21:15.8088100Z   ✓ npm pack dry run
make check (macos-latest)	make check (includes isolated install-to-accept demo)	2026-09-16T02:21:17.6651330Z   ✓ local npm package install
make check (macos-latest)	make check (includes isolated install-to-accept demo)	2026-09-16T02:21:17.6652400Z 
make check (macos-latest)	make check (includes isolated install-to-accept demo)	2026-09-16T02:21:17.6652840Z Results: 80 passed, 0 failed
make check (macos-latest)	make check (includes isolated install-to-accept demo)	2026-09-16T02:21:17.6653600Z INSTALL=OK
make check (macos-latest)	make check (includes isolated install-to-accept demo)	2026-09-16T02:21:18.0935100Z ok 1 - v4 authoring is explicit and non-default
make check (macos-latest)	make check (includes isolated install-to-accept demo)	2026-09-16T02:21:19.6944800Z ok 2 - v3 compatibility fixture remains valid
make check (macos-latest)	make check (includes isolated install-to-accept demo)	2026-09-16T02:21:21.0146220Z ok 3 - v4 policy validates
make check (macos-latest)	make check (includes isolated install-to-accept demo)	2026-09-16T02:21:22.0777210Z ok 4 - sealed authoring evidence digest rejects artifact drift
make check (macos-latest)	make check (includes isolated install-to-accept demo)	2026-09-16T02:21:22.1637820Z ok 5 - author doctor finds no blockers
make check (macos-latest)	make check (includes isolated install-to-accept demo)	2026-09-16T02:21:24.0955030Z ok 6 - status reports authoring-evidence freshness without making age an acceptance gate
make check (macos-latest)	make check (includes isolated install-to-accept demo)	2026-09-16T02:21:25.1520720Z ok 7 - v4 handoff emitted
make check (macos-latest)	make check (includes isolated install-to-accept demo)	2026-09-16T02:21:25.5963770Z ok 8 - baseline discrimination audit
make check (macos-latest)	make check (includes isolated install-to-accept demo)	2026-09-16T02:21:26.2582110Z ok 9 - repeated evaluation reports stable discrimination
make check (macos-latest)	make check (includes isolated install-to-accept demo)	2026-09-16T02:21:26.3446340Z ok 10 - holdout descriptor sealed
make check (macos-latest)	make check (includes isolated install-to-accept demo)	2026-09-16T02:21:26.5660800Z ok 11 - holdout rotation metadata is retained
make check (macos-latest)	make check (includes isolated install-to-accept demo)	2026-09-16T02:21:26.7663880Z ok 12 - expired holdout requires rotation and reauthorization
make check (macos-latest)	make check (includes isolated install-to-accept demo)	2026-09-16T02:21:26.8841850Z ok 13 - tampered holdout bundle is rejected
make check (macos-latest)	make check (includes isolated install-to-accept demo)	2026-09-16T02:21:27.0483940Z ok 14 - holdout executed independently
make check (macos-latest)	make check (includes isolated install-to-accept demo)	2026-09-16T02:21:27.1474520Z ok 15 - environment receipt created
make check (macos-latest)	make check (includes isolated install-to-accept demo)	2026-09-16T02:21:27.2438900Z ok 16 - graded receipt created
make check (macos-latest)	make check (includes isolated install-to-accept demo)	2026-09-16T02:21:27.3253790Z ok 17 - human receipt created
make check (macos-latest)	make check (includes isolated install-to-accept demo)	2026-09-16T02:21:27.4485510Z ok 18 - identity receipt signed
make check (macos-latest)	make check (includes isolated install-to-accept demo)	2026-09-16T02:21:27.5440080Z ok 19 - identity receipt verified
make check (macos-latest)	make check (includes isolated install-to-accept demo)	2026-09-16T02:21:27.6551190Z ok 20 - signed holdout receipt
make check (macos-latest)	make check (includes isolated install-to-accept demo)	2026-09-16T02:21:27.7792870Z ok 21 - signed environment receipt
make check (macos-latest)	make check (includes isolated install-to-accept demo)	2026-09-16T02:21:27.8955320Z ok 22 - signed graded receipt
make check (macos-latest)	make check (includes isolated install-to-accept demo)	2026-09-16T02:21:28.0175390Z ok 23 - signed human receipt
make check (macos-latest)	make check (includes isolated install-to-accept demo)	2026-09-16T02:21:28.1910470Z ok 24 - wrong evaluator signer fails closed
make check (macos-latest)	make check (includes isolated install-to-accept demo)	2026-09-16T02:21:28.2945010Z ok 25 - all typed receipts validate
make check (macos-latest)	make check (includes isolated install-to-accept demo)	2026-09-16T02:21:28.5173000Z ok 26 - portable signed evidence satisfies Tier 1 policy
make check (macos-latest)	make check (includes isolated install-to-accept demo)	2026-09-16T02:21:28.7376140Z ok 27 - DSSE receipt export verifies independently
make check (macos-latest)	make check (includes isolated install-to-accept demo)	2026-09-16T02:21:28.8490350Z ok 28 - credential-bearing receipt is rejected
make check (macos-latest)	make check (includes isolated install-to-accept demo)	2026-09-16T02:21:29.1174140Z ok 29 - enabled engine runs in a detached worktree
make check (macos-latest)	make check (includes isolated install-to-accept demo)	2026-09-16T02:21:29.1553190Z ok 30 - isolated engine receipt records a real attempt
make check (macos-latest)	make check (includes isolated install-to-accept demo)	2026-09-16T02:21:29.1677490Z ok 31 - isolated engine change is captured outside the source workspace
make check (macos-latest)	make check (includes isolated install-to-accept demo)	2026-09-16T02:21:29.8602270Z ok 32 - acceptance blocks when evidence is omitted
make check (macos-latest)	make check (includes isolated install-to-accept demo)	2026-09-16T02:21:30.6318070Z ok 33 - acceptance passes with matching supervised evidence
make check (macos-latest)	make check (includes isolated install-to-accept demo)	2026-09-16T02:21:30.9132680Z ok 34 - revoked identity no longer verifies
make check (macos-latest)	make check (includes isolated install-to-accept demo)	2026-09-16T02:21:31.0988360Z ok 35 - A2A v1.0 bridge round trip
make check (macos-latest)	make check (includes isolated install-to-accept demo)	2026-09-16T02:21:31.2890590Z ok 36 - MCP bridge round trip
make check (macos-latest)	make check (includes isolated install-to-accept demo)	2026-09-16T02:21:31.4045150Z ok 37 - A2A bridge detects embedded handoff tampering
make check (macos-latest)	make check (includes isolated install-to-accept demo)	2026-09-16T02:21:31.5289540Z ok 38 - MCP bridge detects embedded handoff tampering
make check (macos-latest)	make check (includes isolated install-to-accept demo)	2026-09-16T02:21:31.5821730Z ok 39 - MCP server lists read-only tools
make check (macos-latest)	make check (includes isolated install-to-accept demo)	2026-09-16T02:21:31.6728350Z ok 40 - nine-family engine matrix validates
make check (macos-latest)	make check (includes isolated install-to-accept demo)	2026-09-16T02:21:31.7838350Z ok 41 - disabled engine matrix records unavailable, not fabricated passes
make check (macos-latest)	make check (includes isolated install-to-accept demo)	2026-09-16T02:21:31.9089360Z ok 42 - engine matrix emits typed run receipts
make check (macos-latest)	make check (includes isolated install-to-accept demo)	2026-09-16T02:21:31.9090230Z PASS: Task-Spec 3.7 evidence integrity (42 checks)
make check (macos-latest)	make check (includes isolated install-to-accept demo)	2026-09-16T02:21:34.4704770Z ok 1 - post-seal v4 to v3 downgrade fails closed
make check (macos-latest)	make check (includes isolated install-to-accept demo)	2026-09-16T02:21:35.2928950Z ok 2 - sealed proof policy deletion fails closed
make check (macos-latest)	make check (includes isolated install-to-accept demo)	2026-09-16T02:21:36.0891900Z ok 3 - sealed environment policy deletion fails closed
make check (macos-latest)	make check (includes isolated install-to-accept demo)	2026-09-16T02:21:37.0738750Z ok 4 - parent-child authority mutation fails closed
make check (macos-latest)	make check (includes isolated install-to-accept demo)	2026-09-16T02:21:38.0069150Z ok 5 - unknown future authority is sealed by default
make check (macos-latest)	make check (includes isolated install-to-accept demo)	2026-09-16T02:21:38.8726580Z ok 6 - lifecycle and tracker projection remain mutable
make check (macos-latest)	make check (includes isolated install-to-accept demo)	2026-09-16T02:21:38.9711610Z ok 7 - duplicate YAML keys are rejected
make check (macos-latest)	make check (includes isolated install-to-accept demo)	2026-09-16T02:21:39.0774680Z ok 8 - ambiguous JSON numeric constants are rejected
make check (macos-latest)	make check (includes isolated install-to-accept demo)	2026-09-16T02:21:39.2670190Z ok 9 - authority mapping key order is canonical
make check (macos-latest)	make check (includes isolated install-to-accept demo)	2026-09-16T02:21:40.0149830Z ok 10 - textual authoring-evidence acceptance use produces a lint warning
make check (macos-latest)	make check (includes isolated install-to-accept demo)	2026-09-16T02:21:42.7296670Z ok 11 - explicit workspace supports a nested custom backlog
make check (macos-latest)	make check (includes isolated install-to-accept demo)	2026-09-16T02:21:47.0154620Z ok 12 - receipt replay across attempts fails
make check (macos-latest)	make check (includes isolated install-to-accept demo)	2026-09-16T02:21:47.7068770Z ok 13 - global JSON returns typed receipt replay failure
make check (macos-latest)	make check (includes isolated install-to-accept demo)	2026-09-16T02:21:48.3077260Z ok 14 - pre-authorization receipt timestamp fails
make check (macos-latest)	make check (includes isolated install-to-accept demo)	2026-09-16T02:21:48.9564470Z ok 15 - receipt wrong task_id fails
make check (macos-latest)	make check (includes isolated install-to-accept demo)	2026-09-16T02:21:49.6064730Z ok 16 - receipt wrong task_revision_digest fails
make check (macos-latest)	make check (includes isolated install-to-accept demo)	2026-09-16T02:21:50.2512080Z ok 17 - receipt wrong base_commit fails
make check (macos-latest)	make check (includes isolated install-to-accept demo)	2026-09-16T02:21:50.8363260Z ok 18 - legacy structural receipt cannot silently produce Tier 1
make check (macos-latest)	make check (includes isolated install-to-accept demo)	2026-09-16T02:21:51.4276840Z ok 19 - required receipt rejects structural authorization fallback
make check (macos-latest)	make check (includes isolated install-to-accept demo)	2026-09-16T02:21:52.0731580Z ok 20 - matching v2 receipt accepts Tier 1
make check (macos-latest)	make check (includes isolated install-to-accept demo)	2026-09-16T02:21:54.8737560Z ok 21 - committed out-of-scope change is rejected
make check (macos-latest)	make check (includes isolated install-to-accept demo)	2026-09-16T02:21:57.8668320Z ok 22 - symlink-escaped creation scope is rejected
make check (macos-latest)	make check (includes isolated install-to-accept demo)	2026-09-16T02:22:00.6872110Z ok 23 - absolute handoff scope fails closed
make check (macos-latest)	make check (includes isolated install-to-accept demo)	2026-09-16T02:22:01.3623520Z ok 24 - traversal handoff scope fails closed
make check (macos-latest)	make check (includes isolated install-to-accept demo)	2026-09-16T02:22:02.0169010Z ok 25 - handoff budget expansion fails closed
make check (macos-latest)	make check (includes isolated install-to-accept demo)	2026-09-16T02:22:02.6355810Z ok 26 - non-UUID attempt cannot escape acceptance storage
make check (macos-latest)	make check (includes isolated install-to-accept demo)	2026-09-16T02:22:04.8443950Z ok 27 - handoff rejects conflict with an in-progress task
make check (macos-latest)	make check (includes isolated install-to-accept demo)	2026-09-16T02:22:06.3754210Z ok 28 - acceptance rechecks active write conflicts
make check (macos-latest)	make check (includes isolated install-to-accept demo)	2026-09-16T02:22:06.6696190Z ok 29 - interrupted status mutation leaves the old complete frontmatter
make check (macos-latest)	make check (includes isolated install-to-accept demo)	2026-09-16T02:22:06.6828620Z ok 30 - interrupted status mutation leaves no partial state or temporary
make check (macos-latest)	make check (includes isolated install-to-accept demo)	2026-09-16T02:22:09.4029940Z ok 31 - base commit divergence requires a new handoff
make check (macos-latest)	make check (includes isolated install-to-accept demo)	2026-09-16T02:22:12.3158040Z ok 32 - dependency-closure drift fails closed
make check (macos-latest)	make check (includes isolated install-to-accept demo)	2026-09-16T02:22:15.1471420Z ok 33 - injected finalize crash leaves old complete task state
make check (macos-latest)	make check (includes isolated install-to-accept demo)	2026-09-16T02:22:15.1569980Z ok 34 - crash did not partially stamp accepted state
make check (macos-latest)	make check (includes isolated install-to-accept demo)	2026-09-16T02:22:15.2671370Z ok 35 - doctor reports the orphan record left by interrupted acceptance
make check (macos-latest)	make check (includes isolated install-to-accept demo)	2026-09-16T02:22:15.8787830Z ok 36 - same attempt recovers despite metrics projection failure
make check (macos-latest)	make check (includes isolated install-to-accept demo)	2026-09-16T02:22:15.9779160Z ok 37 - doctor reports the missing accepted metrics projection
make check (macos-latest)	make check (includes isolated install-to-accept demo)	2026-09-16T02:22:16.6499230Z ok 38 - same attempt cannot change its acceptor
make check (macos-latest)	make check (includes isolated install-to-accept demo)	2026-09-16T02:22:16.7328470Z ok 39 - conflicting retry leaves record and task envelope consistent
make check (macos-latest)	make check (includes isolated install-to-accept demo)	2026-09-16T02:22:17.3549600Z ok 40 - same accepted attempt can be retried without duplicate metrics
make check (macos-latest)	make check (includes isolated install-to-accept demo)	2026-09-16T02:22:17.4956810Z ok 41 - TaskStatus names rebuild-state as the one safe projection recovery
make check (macos-latest)	make check (includes isolated install-to-accept demo)	2026-09-16T02:22:17.8467110Z ok 42 - rebuilding projection advances the one safe next command
make check (macos-latest)	make check (includes isolated install-to-accept demo)	2026-09-16T02:22:17.9975600Z ok 43 - global JSON preserves the same typed TaskStatus
make check (macos-latest)	make check (includes isolated install-to-accept demo)	2026-09-16T02:22:18.3209220Z ok 44 - transition to done verifies the record subject and envelope
make check (macos-latest)	make check (includes isolated install-to-accept demo)	2026-09-16T02:22:18.5176920Z ok 45 - status exposes semantic acceptance-record mismatch
make check (macos-latest)	make check (includes isolated install-to-accept demo)	2026-09-16T02:22:18.6543550Z ok 46 - backlog doctor fails on semantic acceptance-record mismatch
make check (macos-latest)	make check (includes isolated install-to-accept demo)	2026-09-16T02:22:18.6544580Z PASS: Task-Spec hardening adversarial suite (46 checks)
make check (macos-latest)	make check (includes isolated install-to-accept demo)	2026-09-16T02:22:21.5224240Z CLI_REFERENCE=OK
make check (macos-latest)	make check (includes isolated install-to-accept demo)	2026-09-16T02:22:21.5938000Z QUALITY_SCORE=97 SCORECARD=VALID
make check (macos-latest)	make check (includes isolated install-to-accept demo)	2026-09-16T02:22:21.6507060Z RELEASE_STATUS=OK
make check (macos-latest)	make check (includes isolated install-to-accept demo)	2026-09-16T02:22:21.7850710Z V381_EXPERIENCE=READY
make check (macos-latest)	make check (includes isolated install-to-accept demo)	2026-09-16T02:22:23.9996520Z ok 1 - nested handoff binds the Git workspace
make check (macos-latest)	make check (includes isolated install-to-accept demo)	2026-09-16T02:22:24.6720510Z ok 2 - nested acceptance uses the configured contained store
make check (macos-latest)	make check (includes isolated install-to-accept demo)	2026-09-16T02:22:24.6754410Z ok 3 - nested acceptance record is separate from Converge receipts
make check (macos-latest)	make check (includes isolated install-to-accept demo)	2026-09-16T02:22:26.6923300Z ok 4 - nested backlog infers repository root
make check (macos-latest)	make check (includes isolated install-to-accept demo)	2026-09-16T02:22:26.7769640Z ok 5 - conflicting explicit workspace is rejected
make check (macos-latest)	make check (includes isolated install-to-accept demo)	2026-09-16T02:22:29.4728190Z ok 6 - acceptance traversal is rejected
make check (macos-latest)	make check (includes isolated install-to-accept demo)	2026-09-16T02:22:30.9641060Z ok 7 - acceptance symlink escape is rejected
make check (macos-latest)	make check (includes isolated install-to-accept demo)	2026-09-16T02:22:31.5958590Z ok 8 - CLI acceptance directory overrides an unsafe environment value
make check (macos-latest)	make check (includes isolated install-to-accept demo)	2026-09-16T02:22:31.6038320Z ok 9 - unsafe environment store was never written
make check (macos-latest)	make check (includes isolated install-to-accept demo)	2026-09-16T02:22:32.9717600Z ok 10 - worktree gate resolves the common-directory key
make check (macos-latest)	make check (includes isolated install-to-accept demo)	2026-09-16T02:22:32.9718280Z PASS: Task-Spec 3.8.1 nested workspace suite (10 checks)
make check (macos-latest)	make check (includes isolated install-to-accept demo)	2026-09-16T02:22:32.9962750Z bash spec/conformance/run_conformance.sh
make check (macos-latest)	make check (includes isolated install-to-accept demo)	2026-09-16T02:22:33.0116410Z == self-test floor: validating 8 conformance fixtures ==
make check (macos-latest)	make check (includes isolated install-to-accept demo)	2026-09-16T02:22:41.0947520Z    self-test floor: all 8 fixtures valid
make check (macos-latest)	make check (includes isolated install-to-accept demo)	2026-09-16T02:22:41.0949000Z 
make check (macos-latest)	make check (includes isolated install-to-accept demo)	2026-09-16T02:22:41.0949940Z == running conformance (adapter: /Users/runner/work/task-spec/task-spec/spec/conformance/adapters/self.sh) ==
make check (macos-latest)	make check (includes isolated install-to-accept demo)	2026-09-16T02:22:41.1591560Z PASS   C1        T-conformance-001-status-lock
make check (macos-latest)	make check (includes isolated install-to-accept demo)	2026-09-16T02:22:41.2662740Z PASS   C12       T-conformance-002-emit-enum
make check (macos-latest)	make check (includes isolated install-to-accept demo)	2026-09-16T02:22:41.3263440Z PASS   C6        T-conformance-003-no-signed-off-mod
make check (macos-latest)	make check (includes isolated install-to-accept demo)	2026-09-16T02:22:41.3934550Z PASS   C8        T-conformance-004-execution-backend
make check (macos-latest)	make check (includes isolated install-to-accept demo)	2026-09-16T02:22:41.4868420Z PASS   C13,C16   T-conformance-005-budget-stop
make check (macos-latest)	make check (includes isolated install-to-accept demo)	2026-09-16T02:22:41.5557000Z PASS   C5        T-conformance-006-do-not-touch
make check (macos-latest)	make check (includes isolated install-to-accept demo)	2026-09-16T02:22:41.6071930Z PASS   C17       T-conformance-007-node-refusal
make check (macos-latest)	make check (includes isolated install-to-accept demo)	2026-09-16T02:22:41.6643130Z PASS   C18       T-conformance-008-v4-policy
make check (macos-latest)	make check (includes isolated install-to-accept demo)	2026-09-16T02:22:41.6783410Z 
make check (macos-latest)	make check (includes isolated install-to-accept demo)	2026-09-16T02:22:41.6784200Z == results written to /Users/runner/work/task-spec/task-spec/spec/conformance/results.json ==
make check (macos-latest)	make check (includes isolated install-to-accept demo)	2026-09-16T02:22:41.6785340Z == non-waived failures: 0 ==
make check (macos-latest)	make check (includes isolated install-to-accept demo)	2026-09-16T02:22:41.6785700Z bash bin/taskspec conformance --self-test
make check (macos-latest)	make check (includes isolated install-to-accept demo)	2026-09-16T02:22:41.7283820Z Conformance check — level L2 — executor: bash /Users/runner/work/task-spec/task-spec/src/dispatch/ref-executor.sh
make check (macos-latest)	make check (includes isolated install-to-accept demo)	2026-09-16T02:22:41.7284750Z ────────────────────────────────────────────────────────
make check (macos-latest)	make check (includes isolated install-to-accept demo)	2026-09-16T02:22:42.8405020Z L0. Executor drives a solvable spec to a passing Exit Check ...
make check (macos-latest)	make check (includes isolated install-to-accept demo)	2026-09-16T02:22:45.3040160Z    PASS — Exit Check passes after execution (L0: reads format, runs evals)
make check (macos-latest)	make check (includes isolated install-to-accept demo)	2026-09-16T02:22:45.3041870Z L1. Executor honors the status lifecycle (→ done on success) ...
make check (macos-latest)	make check (includes isolated install-to-accept demo)	2026-09-16T02:22:45.3182060Z    PASS — status transitioned to 'done' (A2A: completed)
make check (macos-latest)	make check (includes isolated install-to-accept demo)	2026-09-16T02:22:46.4551380Z L2. Executor parks an unsolvable spec within budget (no infinite loop) ...
make check (macos-latest)	make check (includes isolated install-to-accept demo)	2026-09-16T02:22:48.2415200Z    PASS — unsolvable spec parked by the no-progress circuit breaker within the signed retry budget
make check (macos-latest)	make check (includes isolated install-to-accept demo)	2026-09-16T02:22:48.2415900Z ────────────────────────────────────────────────────────
make check (macos-latest)	make check (includes isolated install-to-accept demo)	2026-09-16T02:22:48.2417540Z CONFORMANT at L2 — this executor honors the Task-Spec contract.
make check (macos-latest)	make check (includes isolated install-to-accept demo)	2026-09-16T02:22:48.2418000Z CONFORMANCE=L2
make check (macos-latest)	make check (includes isolated install-to-accept demo)	2026-09-16T02:22:48.2545230Z CHECK=READY
make check (macos-latest)	Post Install pinned Go toolchain for optional TaskMesh	﻿2026-09-16T02:22:48.2737540Z Post job cleanup.
make check (macos-latest)	Post Install pinned Go toolchain for optional TaskMesh	2026-09-16T02:22:48.7005150Z [command]/Users/runner/hostedtoolcache/go/1.25.0/arm64/bin/go env GOMODCACHE
make check (macos-latest)	Post Install pinned Go toolchain for optional TaskMesh	2026-09-16T02:22:48.7039940Z [command]/Users/runner/hostedtoolcache/go/1.25.0/arm64/bin/go env GOCACHE
make check (macos-latest)	Post Install pinned Go toolchain for optional TaskMesh	2026-09-16T02:22:48.7643730Z /Users/runner/Library/Caches/go-build
make check (macos-latest)	Post Install pinned Go toolchain for optional TaskMesh	2026-09-16T02:22:48.7645970Z /Users/runner/go/pkg/mod
make check (macos-latest)	Post Install pinned Go toolchain for optional TaskMesh	2026-09-16T02:22:48.7660150Z Cache hit occurred on the primary key setup-go-macOS-arm64-go-1.25.0-177c9a629613f64b62ff3bce8b5249e61de06089c1d63967a2ef301279610df5, not saving cache.
make check (macos-latest)	Post Checkout	﻿2026-09-16T02:22:48.7856140Z Post job cleanup.
make check (macos-latest)	Post Checkout	2026-09-16T02:22:48.9533450Z [command]/opt/homebrew/bin/git version
make check (macos-latest)	Post Checkout	2026-09-16T02:22:48.9634780Z git version 2.55.0
make check (macos-latest)	Post Checkout	2026-09-16T02:22:48.9645330Z Copying '/Users/runner/.gitconfig' to '/Users/runner/work/_temp/482e8a12-1ce3-42af-a0d9-9603b8fbe667/.gitconfig'
make check (macos-latest)	Post Checkout	2026-09-16T02:22:48.9691310Z Temporarily overriding HOME='/Users/runner/work/_temp/482e8a12-1ce3-42af-a0d9-9603b8fbe667' before making global git config changes
make check (macos-latest)	Post Checkout	2026-09-16T02:22:48.9693630Z Adding repository directory to the temporary git global config as a safe directory
make check (macos-latest)	Post Checkout	2026-09-16T02:22:48.9702980Z [command]/opt/homebrew/bin/git config --global --add safe.directory /Users/runner/work/task-spec/task-spec
make check (macos-latest)	Post Checkout	2026-09-16T02:22:48.9813630Z Removing SSH command configuration
make check (macos-latest)	Post Checkout	2026-09-16T02:22:48.9824330Z [command]/opt/homebrew/bin/git config --local --name-only --get-regexp core\.sshCommand
make check (macos-latest)	Post Checkout	2026-09-16T02:22:48.9912010Z [command]/opt/homebrew/bin/git submodule foreach --recursive sh -c "git config --local --name-only --get-regexp 'core\.sshCommand' && git config --local --unset-all 'core.sshCommand' || :"
make check (macos-latest)	Post Checkout	2026-09-16T02:22:49.1039860Z Removing HTTP extra header
make check (macos-latest)	Post Checkout	2026-09-16T02:22:49.1043710Z [command]/opt/homebrew/bin/git config --local --name-only --get-regexp http\.https\:\/\/github\.com\/\.extraheader
make check (macos-latest)	Post Checkout	2026-09-16T02:22:49.1103620Z [command]/opt/homebrew/bin/git submodule foreach --recursive sh -c "git config --local --name-only --get-regexp 'http\.https\:\/\/github\.com\/\.extraheader' && git config --local --unset-all 'http.https://github.com/.extraheader' || :"
make check (macos-latest)	Post Checkout	2026-09-16T02:22:49.2069110Z Removing includeIf entries pointing to credentials config files
make check (macos-latest)	Post Checkout	2026-09-16T02:22:49.2076230Z [command]/opt/homebrew/bin/git config --local --name-only --get-regexp ^includeIf\.gitdir:
make check (macos-latest)	Post Checkout	2026-09-16T02:22:49.2154280Z [command]/opt/homebrew/bin/git submodule foreach --recursive git config --local --show-origin --name-only --get-regexp remote.origin.url
make check (macos-latest)	Complete job	﻿2026-09-16T02:22:49.3409230Z Cleaning up orphan processes
make check (macos-latest)	Complete job	2026-09-16T02:22:49.5369340Z Terminate orphan process: pid (24564) (sleep)
make check (ubuntu-latest)	Set up job	﻿2026-09-16T02:17:34.1088199Z Current runner version: '2.337.0'
make check (ubuntu-latest)	Set up job	2026-09-16T02:17:34.1110218Z ##[group]Runner Image Provisioner
make check (ubuntu-latest)	Set up job	2026-09-16T02:17:34.1110925Z Hosted Compute Agent
make check (ubuntu-latest)	Set up job	2026-09-16T02:17:34.1111457Z Version: 20260828.587
make check (ubuntu-latest)	Set up job	2026-09-16T02:17:34.1112027Z Commit: abac92662cab4cc7352de4f9f9d2e2419aad9c29
make check (ubuntu-latest)	Set up job	2026-09-16T02:17:34.1112868Z Build Date: 2026-08-28T16:44:25Z
make check (ubuntu-latest)	Set up job	2026-09-16T02:17:34.1113465Z Worker ID: {15e0dc24-893a-4fa0-8e42-5755b8f6a43f}
make check (ubuntu-latest)	Set up job	2026-09-16T02:17:34.1114042Z Azure Region: westus
make check (ubuntu-latest)	Set up job	2026-09-16T02:17:34.1114549Z ##[endgroup]
make check (ubuntu-latest)	Set up job	2026-09-16T02:17:34.1115820Z ##[group]Operating System
make check (ubuntu-latest)	Set up job	2026-09-16T02:17:34.1116377Z Ubuntu
make check (ubuntu-latest)	Set up job	2026-09-16T02:17:34.1116868Z 24.04.5
make check (ubuntu-latest)	Set up job	2026-09-16T02:17:34.1117294Z LTS
make check (ubuntu-latest)	Set up job	2026-09-16T02:17:34.1117705Z ##[endgroup]
make check (ubuntu-latest)	Set up job	2026-09-16T02:17:34.1118243Z ##[group]Runner Image
make check (ubuntu-latest)	Set up job	2026-09-16T02:17:34.1118728Z Image: ubuntu-24.04
make check (ubuntu-latest)	Set up job	2026-09-16T02:17:34.1119208Z Version: 20260907.300.1
make check (ubuntu-latest)	Set up job	2026-09-16T02:17:34.1120065Z Included Software: https://github.com/actions/runner-images/blob/ubuntu24/20260907.300/images/ubuntu/Ubuntu2404-Readme.md
make check (ubuntu-latest)	Set up job	2026-09-16T02:17:34.1121553Z Image Release: https://github.com/actions/runner-images/releases/tag/ubuntu24%2F20260907.300
make check (ubuntu-latest)	Set up job	2026-09-16T02:17:34.1122476Z ##[endgroup]
make check (ubuntu-latest)	Set up job	2026-09-16T02:17:34.1123422Z ##[group]GITHUB_TOKEN Permissions
make check (ubuntu-latest)	Set up job	2026-09-16T02:17:34.1125104Z Contents: read
make check (ubuntu-latest)	Set up job	2026-09-16T02:17:34.1125682Z Metadata: read
make check (ubuntu-latest)	Set up job	2026-09-16T02:17:34.1126155Z ##[endgroup]
make check (ubuntu-latest)	Set up job	2026-09-16T02:17:34.1128157Z Secret source: Actions
make check (ubuntu-latest)	Set up job	2026-09-16T02:17:34.1128934Z Cache mode: write
make check (ubuntu-latest)	Set up job	2026-09-16T02:17:34.1129735Z Prepare workflow directory
make check (ubuntu-latest)	Set up job	2026-09-16T02:17:34.1386542Z Prepare all required actions
make check (ubuntu-latest)	Set up job	2026-09-16T02:17:34.1424058Z Getting action download info
make check (ubuntu-latest)	Set up job	2026-09-16T02:17:34.5469257Z Download action repository 'actions/checkout@3d3c42e5aac5ba805825da76410c181273ba90b1' (SHA:3d3c42e5aac5ba805825da76410c181273ba90b1)
make check (ubuntu-latest)	Set up job	2026-09-16T02:17:34.6675453Z Download action repository 'actions/setup-go@b7ad1dad31e06c5925ef5d2fc7ad053ef454303e' (SHA:b7ad1dad31e06c5925ef5d2fc7ad053ef454303e)
make check (ubuntu-latest)	Set up job	2026-09-16T02:17:35.2963223Z Complete job name: make check (ubuntu-latest)
make check (ubuntu-latest)	Checkout	﻿2026-09-16T02:17:35.3589660Z ##[group]Run actions/checkout@3d3c42e5aac5ba805825da76410c181273ba90b1
make check (ubuntu-latest)	Checkout	2026-09-16T02:17:35.3590621Z with:
make check (ubuntu-latest)	Checkout	2026-09-16T02:17:35.3591020Z   persist-credentials: false
make check (ubuntu-latest)	Checkout	2026-09-16T02:17:35.3591527Z   repository: luanmorenommaciel/task-spec
make check (ubuntu-latest)	Checkout	2026-09-16T02:17:35.3595673Z   token: ***
make check (ubuntu-latest)	Checkout	2026-09-16T02:17:35.3596091Z   ssh-strict: true
make check (ubuntu-latest)	Checkout	2026-09-16T02:17:35.3596490Z   ssh-user: git
make check (ubuntu-latest)	Checkout	2026-09-16T02:17:35.3596876Z   clean: true
make check (ubuntu-latest)	Checkout	2026-09-16T02:17:35.3597276Z   sparse-checkout-cone-mode: true
make check (ubuntu-latest)	Checkout	2026-09-16T02:17:35.3597764Z   fetch-depth: 1
make check (ubuntu-latest)	Checkout	2026-09-16T02:17:35.3598162Z   fetch-tags: false
make check (ubuntu-latest)	Checkout	2026-09-16T02:17:35.3598558Z   show-progress: true
make check (ubuntu-latest)	Checkout	2026-09-16T02:17:35.3598966Z   lfs: false
make check (ubuntu-latest)	Checkout	2026-09-16T02:17:35.3599335Z   submodules: false
make check (ubuntu-latest)	Checkout	2026-09-16T02:17:35.3599751Z   set-safe-directory: true
make check (ubuntu-latest)	Checkout	2026-09-16T02:17:35.3600215Z   allow-unsafe-pr-checkout: false
make check (ubuntu-latest)	Checkout	2026-09-16T02:17:35.3600916Z ##[endgroup]
make check (ubuntu-latest)	Checkout	2026-09-16T02:17:35.4578615Z Syncing repository: luanmorenommaciel/task-spec
make check (ubuntu-latest)	Checkout	2026-09-16T02:17:35.4584626Z ##[group]Getting Git version info
make check (ubuntu-latest)	Checkout	2026-09-16T02:17:35.4586054Z Working directory is '/home/runner/work/task-spec/task-spec'
make check (ubuntu-latest)	Checkout	2026-09-16T02:17:35.4587872Z [command]/usr/bin/git version
make check (ubuntu-latest)	Checkout	2026-09-16T02:17:35.4633146Z git version 2.55.0
make check (ubuntu-latest)	Checkout	2026-09-16T02:17:35.4664599Z ##[endgroup]
make check (ubuntu-latest)	Checkout	2026-09-16T02:17:35.4676651Z Temporarily overriding HOME='/home/runner/work/_temp/addc96cc-b52d-46c8-8ee0-52f8a98d074b' before making global git config changes
make check (ubuntu-latest)	Checkout	2026-09-16T02:17:35.4678973Z Adding repository directory to the temporary git global config as a safe directory
make check (ubuntu-latest)	Checkout	2026-09-16T02:17:35.4680929Z [command]/usr/bin/git config --global --add safe.directory /home/runner/work/task-spec/task-spec
make check (ubuntu-latest)	Checkout	2026-09-16T02:17:35.4754186Z Deleting the contents of '/home/runner/work/task-spec/task-spec'
make check (ubuntu-latest)	Checkout	2026-09-16T02:17:35.4763571Z ##[group]Determining repository object format
make check (ubuntu-latest)	Checkout	2026-09-16T02:17:35.4765091Z ##[endgroup]
make check (ubuntu-latest)	Checkout	2026-09-16T02:17:35.4767548Z ##[group]Initializing the repository
make check (ubuntu-latest)	Checkout	2026-09-16T02:17:35.4768920Z [command]/usr/bin/git init /home/runner/work/task-spec/task-spec
make check (ubuntu-latest)	Checkout	2026-09-16T02:17:35.5309962Z hint: Using 'master' as the name for the initial branch. This default branch name
make check (ubuntu-latest)	Checkout	2026-09-16T02:17:35.5316491Z hint: will change to "main" in Git 3.0. To configure the initial branch name
make check (ubuntu-latest)	Checkout	2026-09-16T02:17:35.5318219Z hint: to use in all of your new repositories, which will suppress this warning,
make check (ubuntu-latest)	Checkout	2026-09-16T02:17:35.5319438Z hint: call:
make check (ubuntu-latest)	Checkout	2026-09-16T02:17:35.5320129Z hint:
make check (ubuntu-latest)	Checkout	2026-09-16T02:17:35.5322022Z hint: 	git config --global init.defaultBranch <name>
make check (ubuntu-latest)	Checkout	2026-09-16T02:17:35.5324712Z hint:
make check (ubuntu-latest)	Checkout	2026-09-16T02:17:35.5325718Z hint: Names commonly chosen instead of 'master' are 'main', 'trunk' and
make check (ubuntu-latest)	Checkout	2026-09-16T02:17:35.5327258Z hint: 'development'. The just-created branch can be renamed via this command:
make check (ubuntu-latest)	Checkout	2026-09-16T02:17:35.5328464Z hint:
make check (ubuntu-latest)	Checkout	2026-09-16T02:17:35.5329124Z hint: 	git branch -m <name>
make check (ubuntu-latest)	Checkout	2026-09-16T02:17:35.5333142Z hint:
make check (ubuntu-latest)	Checkout	2026-09-16T02:17:35.5334334Z hint: Disable this message with "git config set advice.defaultBranchName false"
make check (ubuntu-latest)	Checkout	2026-09-16T02:17:35.5336041Z Initialized empty Git repository in /home/runner/work/task-spec/task-spec/.git/
make check (ubuntu-latest)	Checkout	2026-09-16T02:17:35.5339226Z [command]/usr/bin/git remote add origin https://github.com/luanmorenommaciel/task-spec
make check (ubuntu-latest)	Checkout	2026-09-16T02:17:35.5376993Z ##[endgroup]
make check (ubuntu-latest)	Checkout	2026-09-16T02:17:35.5378224Z ##[group]Disabling automatic garbage collection
make check (ubuntu-latest)	Checkout	2026-09-16T02:17:35.5380989Z [command]/usr/bin/git config --local gc.auto 0
make check (ubuntu-latest)	Checkout	2026-09-16T02:17:35.5411167Z ##[endgroup]
make check (ubuntu-latest)	Checkout	2026-09-16T02:17:35.5412720Z ##[group]Setting up auth
make check (ubuntu-latest)	Checkout	2026-09-16T02:17:35.5413710Z Removing SSH command configuration
make check (ubuntu-latest)	Checkout	2026-09-16T02:17:35.5418283Z [command]/usr/bin/git config --local --name-only --get-regexp core\.sshCommand
make check (ubuntu-latest)	Checkout	2026-09-16T02:17:35.5451258Z [command]/usr/bin/git submodule foreach --recursive sh -c "git config --local --name-only --get-regexp 'core\.sshCommand' && git config --local --unset-all 'core.sshCommand' || :"
make check (ubuntu-latest)	Checkout	2026-09-16T02:17:35.5788879Z Removing HTTP extra header
make check (ubuntu-latest)	Checkout	2026-09-16T02:17:35.5801366Z [command]/usr/bin/git config --local --name-only --get-regexp http\.https\:\/\/github\.com\/\.extraheader
make check (ubuntu-latest)	Checkout	2026-09-16T02:17:35.5828808Z [command]/usr/bin/git submodule foreach --recursive sh -c "git config --local --name-only --get-regexp 'http\.https\:\/\/github\.com\/\.extraheader' && git config --local --unset-all 'http.https://github.com/.extraheader' || :"
make check (ubuntu-latest)	Checkout	2026-09-16T02:17:35.6026499Z Removing includeIf entries pointing to credentials config files
make check (ubuntu-latest)	Checkout	2026-09-16T02:17:35.6028556Z [command]/usr/bin/git config --local --name-only --get-regexp ^includeIf\.gitdir:
make check (ubuntu-latest)	Checkout	2026-09-16T02:17:35.6067602Z [command]/usr/bin/git submodule foreach --recursive git config --local --show-origin --name-only --get-regexp remote.origin.url
make check (ubuntu-latest)	Checkout	2026-09-16T02:17:35.6269432Z [command]/usr/bin/git config --file /home/runner/work/_temp/git-credentials-914dfd48-9eeb-403e-bbc3-a2ab11aaaf34.config http.https://github.com/.extraheader AUTHORIZATION: basic ***
make check (ubuntu-latest)	Checkout	2026-09-16T02:17:35.6304888Z [command]/usr/bin/git config --local includeIf.gitdir:/home/runner/work/task-spec/task-spec/.git.path /home/runner/work/_temp/git-credentials-914dfd48-9eeb-403e-bbc3-a2ab11aaaf34.config
make check (ubuntu-latest)	Checkout	2026-09-16T02:17:35.6338293Z [command]/usr/bin/git config --local includeIf.gitdir:/home/runner/work/task-spec/task-spec/.git/worktrees/*.path /home/runner/work/_temp/git-credentials-914dfd48-9eeb-403e-bbc3-a2ab11aaaf34.config
make check (ubuntu-latest)	Checkout	2026-09-16T02:17:35.6370792Z [command]/usr/bin/git config --local includeIf.gitdir:/github/workspace/.git.path /github/runner_temp/git-credentials-914dfd48-9eeb-403e-bbc3-a2ab11aaaf34.config
make check (ubuntu-latest)	Checkout	2026-09-16T02:17:35.6403386Z [command]/usr/bin/git config --local includeIf.gitdir:/github/workspace/.git/worktrees/*.path /github/runner_temp/git-credentials-914dfd48-9eeb-403e-bbc3-a2ab11aaaf34.config
make check (ubuntu-latest)	Checkout	2026-09-16T02:17:35.6431334Z ##[endgroup]
make check (ubuntu-latest)	Checkout	2026-09-16T02:17:35.6433349Z ##[group]Fetching the repository
make check (ubuntu-latest)	Checkout	2026-09-16T02:17:35.6437495Z [command]/usr/bin/git -c protocol.version=2 fetch --no-tags --prune --no-recurse-submodules --depth=1 origin +640d0617b945081fe619ff4836348f7c98d52ec6:refs/remotes/origin/main
make check (ubuntu-latest)	Checkout	2026-09-16T02:17:38.4118214Z From https://github.com/luanmorenommaciel/task-spec
make check (ubuntu-latest)	Checkout	2026-09-16T02:17:38.4119224Z  * [new ref]         640d0617b945081fe619ff4836348f7c98d52ec6 -> origin/main
make check (ubuntu-latest)	Checkout	2026-09-16T02:17:38.4121679Z [command]/usr/bin/git branch --list --remote origin/main
make check (ubuntu-latest)	Checkout	2026-09-16T02:17:38.4149666Z   origin/main
make check (ubuntu-latest)	Checkout	2026-09-16T02:17:38.4158624Z [command]/usr/bin/git rev-parse refs/remotes/origin/main
make check (ubuntu-latest)	Checkout	2026-09-16T02:17:38.4181864Z 640d0617b945081fe619ff4836348f7c98d52ec6
make check (ubuntu-latest)	Checkout	2026-09-16T02:17:38.4191864Z ##[endgroup]
make check (ubuntu-latest)	Checkout	2026-09-16T02:17:38.4199477Z ##[group]Determining the checkout info
make check (ubuntu-latest)	Checkout	2026-09-16T02:17:38.4200304Z ##[endgroup]
make check (ubuntu-latest)	Checkout	2026-09-16T02:17:38.4200927Z [command]/usr/bin/git sparse-checkout disable
make check (ubuntu-latest)	Checkout	2026-09-16T02:17:38.4239801Z [command]/usr/bin/git config --local --unset-all extensions.worktreeConfig
make check (ubuntu-latest)	Checkout	2026-09-16T02:17:38.4270364Z ##[group]Checking out the ref
make check (ubuntu-latest)	Checkout	2026-09-16T02:17:38.4274036Z [command]/usr/bin/git checkout --progress --force -B main refs/remotes/origin/main
make check (ubuntu-latest)	Checkout	2026-09-16T02:17:38.8064006Z Switched to a new branch 'main'
make check (ubuntu-latest)	Checkout	2026-09-16T02:17:38.8084460Z branch 'main' set up to track 'origin/main'.
make check (ubuntu-latest)	Checkout	2026-09-16T02:17:38.8118326Z ##[endgroup]
make check (ubuntu-latest)	Checkout	2026-09-16T02:17:38.8190577Z [command]/usr/bin/git log -1 --format=%H
make check (ubuntu-latest)	Checkout	2026-09-16T02:17:38.8210817Z 640d0617b945081fe619ff4836348f7c98d52ec6
make check (ubuntu-latest)	Checkout	2026-09-16T02:17:38.8242924Z ##[group]Removing auth
make check (ubuntu-latest)	Checkout	2026-09-16T02:17:38.8261599Z Removing SSH command configuration
make check (ubuntu-latest)	Checkout	2026-09-16T02:17:38.8262843Z [command]/usr/bin/git config --local --name-only --get-regexp core\.sshCommand
make check (ubuntu-latest)	Checkout	2026-09-16T02:17:38.8265146Z [command]/usr/bin/git submodule foreach --recursive sh -c "git config --local --name-only --get-regexp 'core\.sshCommand' && git config --local --unset-all 'core.sshCommand' || :"
make check (ubuntu-latest)	Checkout	2026-09-16T02:17:38.8473193Z Removing HTTP extra header
make check (ubuntu-latest)	Checkout	2026-09-16T02:17:38.8474783Z [command]/usr/bin/git config --local --name-only --get-regexp http\.https\:\/\/github\.com\/\.extraheader
make check (ubuntu-latest)	Checkout	2026-09-16T02:17:38.8505212Z [command]/usr/bin/git submodule foreach --recursive sh -c "git config --local --name-only --get-regexp 'http\.https\:\/\/github\.com\/\.extraheader' && git config --local --unset-all 'http.https://github.com/.extraheader' || :"
make check (ubuntu-latest)	Checkout	2026-09-16T02:17:38.8707012Z Removing includeIf entries pointing to credentials config files
make check (ubuntu-latest)	Checkout	2026-09-16T02:17:38.8709007Z [command]/usr/bin/git config --local --name-only --get-regexp ^includeIf\.gitdir:
make check (ubuntu-latest)	Checkout	2026-09-16T02:17:38.8736281Z includeif.gitdir:/home/runner/work/task-spec/task-spec/.git.path
make check (ubuntu-latest)	Checkout	2026-09-16T02:17:38.8738295Z includeif.gitdir:/home/runner/work/task-spec/task-spec/.git/worktrees/*.path
make check (ubuntu-latest)	Checkout	2026-09-16T02:17:38.8739233Z includeif.gitdir:/github/workspace/.git.path
make check (ubuntu-latest)	Checkout	2026-09-16T02:17:38.8739934Z includeif.gitdir:/github/workspace/.git/worktrees/*.path
make check (ubuntu-latest)	Checkout	2026-09-16T02:17:38.8745191Z [command]/usr/bin/git config --local --get-all includeif.gitdir:/home/runner/work/task-spec/task-spec/.git.path
make check (ubuntu-latest)	Checkout	2026-09-16T02:17:38.8769012Z /home/runner/work/_temp/git-credentials-914dfd48-9eeb-403e-bbc3-a2ab11aaaf34.config
make check (ubuntu-latest)	Checkout	2026-09-16T02:17:38.8778637Z [command]/usr/bin/git config --local --unset includeif.gitdir:/home/runner/work/task-spec/task-spec/.git.path \/home\/runner\/work\/_temp\/git\-credentials\-914dfd48\-9eeb\-403e\-bbc3\-a2ab11aaaf34\.config
make check (ubuntu-latest)	Checkout	2026-09-16T02:17:38.8818801Z [command]/usr/bin/git config --local --get-all includeif.gitdir:/home/runner/work/task-spec/task-spec/.git/worktrees/*.path
make check (ubuntu-latest)	Checkout	2026-09-16T02:17:38.8845702Z /home/runner/work/_temp/git-credentials-914dfd48-9eeb-403e-bbc3-a2ab11aaaf34.config
make check (ubuntu-latest)	Checkout	2026-09-16T02:17:38.8854883Z [command]/usr/bin/git config --local --unset includeif.gitdir:/home/runner/work/task-spec/task-spec/.git/worktrees/*.path \/home\/runner\/work\/_temp\/git\-credentials\-914dfd48\-9eeb\-403e\-bbc3\-a2ab11aaaf34\.config
make check (ubuntu-latest)	Checkout	2026-09-16T02:17:38.8893414Z [command]/usr/bin/git config --local --get-all includeif.gitdir:/github/workspace/.git.path
make check (ubuntu-latest)	Checkout	2026-09-16T02:17:38.8922162Z /github/runner_temp/git-credentials-914dfd48-9eeb-403e-bbc3-a2ab11aaaf34.config
make check (ubuntu-latest)	Checkout	2026-09-16T02:17:38.8933612Z [command]/usr/bin/git config --local --unset includeif.gitdir:/github/workspace/.git.path \/github\/runner_temp\/git\-credentials\-914dfd48\-9eeb\-403e\-bbc3\-a2ab11aaaf34\.config
make check (ubuntu-latest)	Checkout	2026-09-16T02:17:38.8964501Z [command]/usr/bin/git config --local --get-all includeif.gitdir:/github/workspace/.git/worktrees/*.path
make check (ubuntu-latest)	Checkout	2026-09-16T02:17:38.8989244Z /github/runner_temp/git-credentials-914dfd48-9eeb-403e-bbc3-a2ab11aaaf34.config
make check (ubuntu-latest)	Checkout	2026-09-16T02:17:38.8994936Z [command]/usr/bin/git config --local --unset includeif.gitdir:/github/workspace/.git/worktrees/*.path \/github\/runner_temp\/git\-credentials\-914dfd48\-9eeb\-403e\-bbc3\-a2ab11aaaf34\.config
make check (ubuntu-latest)	Checkout	2026-09-16T02:17:38.9027650Z [command]/usr/bin/git submodule foreach --recursive git config --local --show-origin --name-only --get-regexp remote.origin.url
make check (ubuntu-latest)	Checkout	2026-09-16T02:17:38.9235272Z Removing credentials config '/home/runner/work/_temp/git-credentials-914dfd48-9eeb-403e-bbc3-a2ab11aaaf34.config'
make check (ubuntu-latest)	Checkout	2026-09-16T02:17:38.9243734Z ##[endgroup]
make check (ubuntu-latest)	Install pinned Go toolchain for optional TaskMesh	﻿2026-09-16T02:17:38.9451041Z ##[group]Run actions/setup-go@b7ad1dad31e06c5925ef5d2fc7ad053ef454303e
make check (ubuntu-latest)	Install pinned Go toolchain for optional TaskMesh	2026-09-16T02:17:38.9451374Z with:
make check (ubuntu-latest)	Install pinned Go toolchain for optional TaskMesh	2026-09-16T02:17:38.9451554Z   go-version: 1.25.0
make check (ubuntu-latest)	Install pinned Go toolchain for optional TaskMesh	2026-09-16T02:17:38.9451768Z   cache-dependency-path: go.sum
make check (ubuntu-latest)	Install pinned Go toolchain for optional TaskMesh	2026-09-16T02:17:38.9451981Z   check-latest: false
make check (ubuntu-latest)	Install pinned Go toolchain for optional TaskMesh	2026-09-16T02:17:38.9454259Z   token: ***
make check (ubuntu-latest)	Install pinned Go toolchain for optional TaskMesh	2026-09-16T02:17:38.9454427Z   cache: true
make check (ubuntu-latest)	Install pinned Go toolchain for optional TaskMesh	2026-09-16T02:17:38.9454595Z ##[endgroup]
make check (ubuntu-latest)	Install pinned Go toolchain for optional TaskMesh	2026-09-16T02:17:39.0444405Z Setup go version spec 1.25.0
make check (ubuntu-latest)	Install pinned Go toolchain for optional TaskMesh	2026-09-16T02:17:39.0454219Z Attempting to download 1.25.0...
make check (ubuntu-latest)	Install pinned Go toolchain for optional TaskMesh	2026-09-16T02:17:39.7218517Z matching 1.25.0...
make check (ubuntu-latest)	Install pinned Go toolchain for optional TaskMesh	2026-09-16T02:17:39.7332578Z Acquiring 1.25.0 from https://github.com/actions/go-versions/releases/download/1.25.0-16925932082/go-1.25.0-linux-x64.tar.gz
make check (ubuntu-latest)	Install pinned Go toolchain for optional TaskMesh	2026-09-16T02:17:40.4034204Z Extracting Go...
make check (ubuntu-latest)	Install pinned Go toolchain for optional TaskMesh	2026-09-16T02:17:40.4150422Z [command]/usr/bin/tar xz --warning=no-unknown-keyword --overwrite -C /home/runner/work/_temp/becb018f-3ab3-436f-8c64-04aa52d8a062 -f /home/runner/work/_temp/c0b58c44-5980-4edb-b872-c0f9233c3baf
make check (ubuntu-latest)	Install pinned Go toolchain for optional TaskMesh	2026-09-16T02:17:41.7545383Z Successfully extracted go to /home/runner/work/_temp/becb018f-3ab3-436f-8c64-04aa52d8a062
make check (ubuntu-latest)	Install pinned Go toolchain for optional TaskMesh	2026-09-16T02:17:41.7546322Z Adding to the cache ...
make check (ubuntu-latest)	Install pinned Go toolchain for optional TaskMesh	2026-09-16T02:17:48.0658070Z Successfully cached go to /opt/hostedtoolcache/go/1.25.0/x64
make check (ubuntu-latest)	Install pinned Go toolchain for optional TaskMesh	2026-09-16T02:17:48.0659405Z Added go to the path
make check (ubuntu-latest)	Install pinned Go toolchain for optional TaskMesh	2026-09-16T02:17:48.0662748Z Successfully set up Go version 1.25.0
make check (ubuntu-latest)	Install pinned Go toolchain for optional TaskMesh	2026-09-16T02:17:48.0845537Z [command]/opt/hostedtoolcache/go/1.25.0/x64/bin/go env GOCACHE
make check (ubuntu-latest)	Install pinned Go toolchain for optional TaskMesh	2026-09-16T02:17:48.0891298Z [command]/opt/hostedtoolcache/go/1.25.0/x64/bin/go env GOMODCACHE
make check (ubuntu-latest)	Install pinned Go toolchain for optional TaskMesh	2026-09-16T02:17:48.0915891Z /home/runner/.cache/go-build
make check (ubuntu-latest)	Install pinned Go toolchain for optional TaskMesh	2026-09-16T02:17:48.0928188Z /home/runner/go/pkg/mod
make check (ubuntu-latest)	Install pinned Go toolchain for optional TaskMesh	2026-09-16T02:17:48.3493254Z Cache hit for: setup-go-Linux-x64-ubuntu24-go-1.25.0-177c9a629613f64b62ff3bce8b5249e61de06089c1d63967a2ef301279610df5
make check (ubuntu-latest)	Install pinned Go toolchain for optional TaskMesh	2026-09-16T02:17:49.6673337Z Received 0 of 104912598 (0.0%), 0.0 MBs/sec
make check (ubuntu-latest)	Install pinned Go toolchain for optional TaskMesh	2026-09-16T02:17:50.6137374Z Received 104912598 of 104912598 (100.0%), 51.4 MBs/sec
make check (ubuntu-latest)	Install pinned Go toolchain for optional TaskMesh	2026-09-16T02:17:50.6138211Z Cache Size: ~100 MB (104912598 B)
make check (ubuntu-latest)	Install pinned Go toolchain for optional TaskMesh	2026-09-16T02:17:50.6188247Z [command]/usr/bin/tar -xf /home/runner/work/_temp/fcdeb88d-c071-42ce-837d-9ce1ee1f7ca2/cache.tzst -P -C /home/runner/work/task-spec/task-spec --use-compress-program unzstd
make check (ubuntu-latest)	Install pinned Go toolchain for optional TaskMesh	2026-09-16T02:17:51.6092805Z Cache restored successfully
make check (ubuntu-latest)	Install pinned Go toolchain for optional TaskMesh	2026-09-16T02:17:51.6153385Z Cache restored from key: setup-go-Linux-x64-ubuntu24-go-1.25.0-177c9a629613f64b62ff3bce8b5249e61de06089c1d63967a2ef301279610df5
make check (ubuntu-latest)	Install pinned Go toolchain for optional TaskMesh	2026-09-16T02:17:51.6175263Z go version go1.25.0 linux/amd64
make check (ubuntu-latest)	Install pinned Go toolchain for optional TaskMesh	2026-09-16T02:17:51.6175508Z 
make check (ubuntu-latest)	Install pinned Go toolchain for optional TaskMesh	2026-09-16T02:17:51.6175880Z ##[group]go env
make check (ubuntu-latest)	Install pinned Go toolchain for optional TaskMesh	2026-09-16T02:17:51.6266779Z AR='ar'
make check (ubuntu-latest)	Install pinned Go toolchain for optional TaskMesh	2026-09-16T02:17:51.6267429Z CC='gcc'
make check (ubuntu-latest)	Install pinned Go toolchain for optional TaskMesh	2026-09-16T02:17:51.6267877Z CGO_CFLAGS='-O2 -g'
make check (ubuntu-latest)	Install pinned Go toolchain for optional TaskMesh	2026-09-16T02:17:51.6268241Z CGO_CPPFLAGS=''
make check (ubuntu-latest)	Install pinned Go toolchain for optional TaskMesh	2026-09-16T02:17:51.6268636Z CGO_CXXFLAGS='-O2 -g'
make check (ubuntu-latest)	Install pinned Go toolchain for optional TaskMesh	2026-09-16T02:17:51.6268973Z CGO_ENABLED='1'
make check (ubuntu-latest)	Install pinned Go toolchain for optional TaskMesh	2026-09-16T02:17:51.6269360Z CGO_FFLAGS='-O2 -g'
make check (ubuntu-latest)	Install pinned Go toolchain for optional TaskMesh	2026-09-16T02:17:51.6269695Z CGO_LDFLAGS='-O2 -g'
make check (ubuntu-latest)	Install pinned Go toolchain for optional TaskMesh	2026-09-16T02:17:51.6270047Z CXX='g++'
make check (ubuntu-latest)	Install pinned Go toolchain for optional TaskMesh	2026-09-16T02:17:51.6270366Z GCCGO='gccgo'
make check (ubuntu-latest)	Install pinned Go toolchain for optional TaskMesh	2026-09-16T02:17:51.6270722Z GO111MODULE=''
make check (ubuntu-latest)	Install pinned Go toolchain for optional TaskMesh	2026-09-16T02:17:51.6271087Z GOAMD64='v1'
make check (ubuntu-latest)	Install pinned Go toolchain for optional TaskMesh	2026-09-16T02:17:51.6271431Z GOARCH='amd64'
make check (ubuntu-latest)	Install pinned Go toolchain for optional TaskMesh	2026-09-16T02:17:51.6271756Z GOAUTH='netrc'
make check (ubuntu-latest)	Install pinned Go toolchain for optional TaskMesh	2026-09-16T02:17:51.6272098Z GOBIN=''
make check (ubuntu-latest)	Install pinned Go toolchain for optional TaskMesh	2026-09-16T02:17:51.6272840Z GOCACHE='/home/runner/.cache/go-build'
make check (ubuntu-latest)	Install pinned Go toolchain for optional TaskMesh	2026-09-16T02:17:51.6273279Z GOCACHEPROG=''
make check (ubuntu-latest)	Install pinned Go toolchain for optional TaskMesh	2026-09-16T02:17:51.6273620Z GODEBUG=''
make check (ubuntu-latest)	Install pinned Go toolchain for optional TaskMesh	2026-09-16T02:17:51.6273991Z GOENV='/home/runner/.config/go/env'
make check (ubuntu-latest)	Install pinned Go toolchain for optional TaskMesh	2026-09-16T02:17:51.6274369Z GOEXE=''
make check (ubuntu-latest)	Install pinned Go toolchain for optional TaskMesh	2026-09-16T02:17:51.6274707Z GOEXPERIMENT=''
make check (ubuntu-latest)	Install pinned Go toolchain for optional TaskMesh	2026-09-16T02:17:51.6275051Z GOFIPS140='off'
make check (ubuntu-latest)	Install pinned Go toolchain for optional TaskMesh	2026-09-16T02:17:51.6275410Z GOFLAGS=''
make check (ubuntu-latest)	Install pinned Go toolchain for optional TaskMesh	2026-09-16T02:17:51.6276259Z GOGCCFLAGS='-fPIC -m64 -pthread -Wl,--no-gc-sections -fmessage-length=0 -ffile-prefix-map=/tmp/go-build1575440780=/tmp/go-build -gno-record-gcc-switches'
make check (ubuntu-latest)	Install pinned Go toolchain for optional TaskMesh	2026-09-16T02:17:51.6277152Z GOHOSTARCH='amd64'
make check (ubuntu-latest)	Install pinned Go toolchain for optional TaskMesh	2026-09-16T02:17:51.6277494Z GOHOSTOS='linux'
make check (ubuntu-latest)	Install pinned Go toolchain for optional TaskMesh	2026-09-16T02:17:51.6277874Z GOINSECURE=''
make check (ubuntu-latest)	Install pinned Go toolchain for optional TaskMesh	2026-09-16T02:17:51.6278299Z GOMOD='/home/runner/work/task-spec/task-spec/go.mod'
make check (ubuntu-latest)	Install pinned Go toolchain for optional TaskMesh	2026-09-16T02:17:51.6278829Z GOMODCACHE='/home/runner/go/pkg/mod'
make check (ubuntu-latest)	Install pinned Go toolchain for optional TaskMesh	2026-09-16T02:17:51.6279429Z GONOPROXY=''
make check (ubuntu-latest)	Install pinned Go toolchain for optional TaskMesh	2026-09-16T02:17:51.6279786Z GONOSUMDB=''
make check (ubuntu-latest)	Install pinned Go toolchain for optional TaskMesh	2026-09-16T02:17:51.6280087Z GOOS='linux'
make check (ubuntu-latest)	Install pinned Go toolchain for optional TaskMesh	2026-09-16T02:17:51.6280464Z GOPATH='/home/runner/go'
make check (ubuntu-latest)	Install pinned Go toolchain for optional TaskMesh	2026-09-16T02:17:51.6280817Z GOPRIVATE=''
make check (ubuntu-latest)	Install pinned Go toolchain for optional TaskMesh	2026-09-16T02:17:51.6281258Z GOPROXY='https://proxy.golang.org,direct'
make check (ubuntu-latest)	Install pinned Go toolchain for optional TaskMesh	2026-09-16T02:17:51.6281739Z GOROOT='/opt/hostedtoolcache/go/1.25.0/x64'
make check (ubuntu-latest)	Install pinned Go toolchain for optional TaskMesh	2026-09-16T02:17:51.6282220Z GOSUMDB='sum.golang.org'
make check (ubuntu-latest)	Install pinned Go toolchain for optional TaskMesh	2026-09-16T02:17:51.6282707Z GOTELEMETRY='local'
make check (ubuntu-latest)	Install pinned Go toolchain for optional TaskMesh	2026-09-16T02:17:51.6283153Z GOTELEMETRYDIR='/home/runner/.config/go/telemetry'
make check (ubuntu-latest)	Install pinned Go toolchain for optional TaskMesh	2026-09-16T02:17:51.6283626Z GOTMPDIR=''
make check (ubuntu-latest)	Install pinned Go toolchain for optional TaskMesh	2026-09-16T02:17:51.6283983Z GOTOOLCHAIN='local'
make check (ubuntu-latest)	Install pinned Go toolchain for optional TaskMesh	2026-09-16T02:17:51.6284447Z GOTOOLDIR='/opt/hostedtoolcache/go/1.25.0/x64/pkg/tool/linux_amd64'
make check (ubuntu-latest)	Install pinned Go toolchain for optional TaskMesh	2026-09-16T02:17:51.6285019Z GOVCS=''
make check (ubuntu-latest)	Install pinned Go toolchain for optional TaskMesh	2026-09-16T02:17:51.6285404Z GOVERSION='go1.25.0'
make check (ubuntu-latest)	Install pinned Go toolchain for optional TaskMesh	2026-09-16T02:17:51.6285797Z GOWORK=''
make check (ubuntu-latest)	Install pinned Go toolchain for optional TaskMesh	2026-09-16T02:17:51.6286153Z PKG_CONFIG='pkg-config'
make check (ubuntu-latest)	Install pinned Go toolchain for optional TaskMesh	2026-09-16T02:17:51.6286486Z 
make check (ubuntu-latest)	Install pinned Go toolchain for optional TaskMesh	2026-09-16T02:17:51.6286946Z ##[endgroup]
make check (ubuntu-latest)	Provision private locked decomposition runtime	﻿2026-09-16T02:17:51.7922951Z ##[group]Run bash bin/taskspec setup decompose
make check (ubuntu-latest)	Provision private locked decomposition runtime	2026-09-16T02:17:51.7923335Z [36;1mbash bin/taskspec setup decompose[0m
make check (ubuntu-latest)	Provision private locked decomposition runtime	2026-09-16T02:17:51.7961899Z shell: /usr/bin/bash -e {0}
make check (ubuntu-latest)	Provision private locked decomposition runtime	2026-09-16T02:17:51.7962147Z env:
make check (ubuntu-latest)	Provision private locked decomposition runtime	2026-09-16T02:17:51.7962529Z   GOTOOLCHAIN: local
make check (ubuntu-latest)	Provision private locked decomposition runtime	2026-09-16T02:17:51.7962771Z ##[endgroup]
make check (ubuntu-latest)	Provision private locked decomposition runtime	2026-09-16T02:17:55.5978439Z Collecting attrs==26.1.0 (from -r /home/runner/work/task-spec/task-spec/src/decompose/requirements.lock (line 2))
make check (ubuntu-latest)	Provision private locked decomposition runtime	2026-09-16T02:17:55.6265272Z   Downloading attrs-26.1.0-py3-none-any.whl (67 kB)
make check (ubuntu-latest)	Provision private locked decomposition runtime	2026-09-16T02:17:55.6779202Z      ━━━━━━━━━━━━━━━━━━━━━━━━━━━━━━━━━━━━━━━━ 67.5/67.5 kB 1.2 MB/s eta 0:00:00
make check (ubuntu-latest)	Provision private locked decomposition runtime	2026-09-16T02:17:55.7657061Z Collecting jsonschema==4.26.0 (from -r /home/runner/work/task-spec/task-spec/src/decompose/requirements.lock (line 5))
make check (ubuntu-latest)	Provision private locked decomposition runtime	2026-09-16T02:17:55.7685232Z   Downloading jsonschema-4.26.0-py3-none-any.whl (90 kB)
make check (ubuntu-latest)	Provision private locked decomposition runtime	2026-09-16T02:17:55.8991156Z      ━━━━━━━━━━━━━━━━━━━━━━━━━━━━━━━━━━━━━━━ 90.6/90.6 kB 624.5 kB/s eta 0:00:00
make check (ubuntu-latest)	Provision private locked decomposition runtime	2026-09-16T02:17:55.9628764Z Collecting jsonschema-specifications==2025.9.1 (from -r /home/runner/work/task-spec/task-spec/src/decompose/requirements.lock (line 8))
make check (ubuntu-latest)	Provision private locked decomposition runtime	2026-09-16T02:17:55.9657213Z   Downloading jsonschema_specifications-2025.9.1-py3-none-any.whl (18 kB)
make check (ubuntu-latest)	Provision private locked decomposition runtime	2026-09-16T02:17:56.0473890Z Collecting PyYAML==6.0.3 (from -r /home/runner/work/task-spec/task-spec/src/decompose/requirements.lock (line 11))
make check (ubuntu-latest)	Provision private locked decomposition runtime	2026-09-16T02:17:56.0495367Z   Downloading pyyaml-6.0.3-cp312-cp312-manylinux2014_x86_64.manylinux_2_17_x86_64.manylinux_2_28_x86_64.whl (807 kB)
make check (ubuntu-latest)	Provision private locked decomposition runtime	2026-09-16T02:17:56.1550526Z      ━━━━━━━━━━━━━━━━━━━━━━━━━━━━━━━━━━━━━━━ 807.9/807.9 kB 7.7 MB/s eta 0:00:00
make check (ubuntu-latest)	Provision private locked decomposition runtime	2026-09-16T02:17:56.3084485Z Collecting referencing==0.37.0 (from -r /home/runner/work/task-spec/task-spec/src/decompose/requirements.lock (line 85))
make check (ubuntu-latest)	Provision private locked decomposition runtime	2026-09-16T02:17:56.3112715Z   Downloading referencing-0.37.0-py3-none-any.whl (26 kB)
make check (ubuntu-latest)	Provision private locked decomposition runtime	2026-09-16T02:17:56.6312990Z Collecting rpds-py==2026.6.3 (from -r /home/runner/work/task-spec/task-spec/src/decompose/requirements.lock (line 88))
make check (ubuntu-latest)	Provision private locked decomposition runtime	2026-09-16T02:17:56.6347644Z   Downloading rpds_py-2026.6.3-cp312-cp312-manylinux_2_17_x86_64.manylinux2014_x86_64.whl (366 kB)
make check (ubuntu-latest)	Provision private locked decomposition runtime	2026-09-16T02:17:57.0253144Z      ━━━━━━━━━━━━━━━━━━━━━━━━━━━━━━━━━━━━━ 366.2/366.2 kB 915.9 kB/s eta 0:00:00
make check (ubuntu-latest)	Provision private locked decomposition runtime	2026-09-16T02:17:57.1660764Z Collecting typing_extensions==4.15.0 (from -r /home/runner/work/task-spec/task-spec/src/decompose/requirements.lock (line 205))
make check (ubuntu-latest)	Provision private locked decomposition runtime	2026-09-16T02:17:57.1690527Z   Downloading typing_extensions-4.15.0-py3-none-any.whl (44 kB)
make check (ubuntu-latest)	Provision private locked decomposition runtime	2026-09-16T02:17:57.3404794Z      ━━━━━━━━━━━━━━━━━━━━━━━━━━━━━━━━━━━━━━━ 44.6/44.6 kB 204.4 kB/s eta 0:00:00
make check (ubuntu-latest)	Provision private locked decomposition runtime	2026-09-16T02:17:57.3883684Z Installing collected packages: typing_extensions, rpds-py, PyYAML, attrs, referencing, jsonschema-specifications, jsonschema
make check (ubuntu-latest)	Provision private locked decomposition runtime	2026-09-16T02:17:58.8744053Z Successfully installed PyYAML-6.0.3 attrs-26.1.0 jsonschema-4.26.0 jsonschema-specifications-2025.9.1 referencing-0.37.0 rpds-py-2026.6.3 typing_extensions-4.15.0
make check (ubuntu-latest)	Provision private locked decomposition runtime	2026-09-16T02:17:59.0335015Z {"contract": "TaskRuntimeSetup/v1", "ready": true, "path": "/home/runner/work/task-spec/task-spec/.taskspec/runtime/decompose", "lock_digest": "eb1adcfe1266108d7587d9a561bb57d482a2104efa871db46c6287095649ba33"}
make check (ubuntu-latest)	Install schema-fidelity consumer dependencies	﻿2026-09-16T02:17:59.0421083Z ##[group]Run python3 -m pip install --disable-pip-version-check --quiet --break-system-packages pyyaml==6.0.2 jsonschema==4.26.0
make check (ubuntu-latest)	Install schema-fidelity consumer dependencies	2026-09-16T02:17:59.0421850Z [36;1mpython3 -m pip install --disable-pip-version-check --quiet --break-system-packages pyyaml==6.0.2 jsonschema==4.26.0[0m
make check (ubuntu-latest)	Install schema-fidelity consumer dependencies	2026-09-16T02:17:59.0454988Z shell: /usr/bin/bash -e {0}
make check (ubuntu-latest)	Install schema-fidelity consumer dependencies	2026-09-16T02:17:59.0455200Z env:
make check (ubuntu-latest)	Install schema-fidelity consumer dependencies	2026-09-16T02:17:59.0455375Z   GOTOOLCHAIN: local
make check (ubuntu-latest)	Install schema-fidelity consumer dependencies	2026-09-16T02:17:59.0455570Z ##[endgroup]
make check (ubuntu-latest)	make check (includes isolated install-to-accept demo)	﻿2026-09-16T02:18:02.2968055Z ##[group]Run make check
make check (ubuntu-latest)	make check (includes isolated install-to-accept demo)	2026-09-16T02:18:02.2968299Z [36;1mmake check[0m
make check (ubuntu-latest)	make check (includes isolated install-to-accept demo)	2026-09-16T02:18:02.3000581Z shell: /usr/bin/bash -e {0}
make check (ubuntu-latest)	make check (includes isolated install-to-accept demo)	2026-09-16T02:18:02.3000804Z env:
make check (ubuntu-latest)	make check (includes isolated install-to-accept demo)	2026-09-16T02:18:02.3000980Z   GOTOOLCHAIN: local
make check (ubuntu-latest)	make check (includes isolated install-to-accept demo)	2026-09-16T02:18:02.3001171Z ##[endgroup]
make check (ubuntu-latest)	make check (includes isolated install-to-accept demo)	2026-09-16T02:18:02.3069773Z bash bin/taskspec doctor
make check (ubuntu-latest)	make check (includes isolated install-to-accept demo)	2026-09-16T02:18:02.3101379Z PASS  bash >= 3.2 (5.2.21(1)-release)
make check (ubuntu-latest)	make check (includes isolated install-to-accept demo)	2026-09-16T02:18:02.3128369Z PASS  git (2.55.0)
make check (ubuntu-latest)	make check (includes isolated install-to-accept demo)	2026-09-16T02:18:02.3152894Z PASS  python3 (3.12.3)
make check (ubuntu-latest)	make check (includes isolated install-to-accept demo)	2026-09-16T02:18:02.3153410Z PASS  SHA-256/HMAC provider
make check (ubuntu-latest)	make check (includes isolated install-to-accept demo)	2026-09-16T02:18:02.3154388Z PASS  shellcheck
make check (ubuntu-latest)	make check (includes isolated install-to-accept demo)	2026-09-16T02:18:02.3178952Z WARN  no signing key; run: taskspec setup signing
make check (ubuntu-latest)	make check (includes isolated install-to-accept demo)	2026-09-16T02:18:02.3179538Z DOCTOR=READY
make check (ubuntu-latest)	make check (includes isolated install-to-accept demo)	2026-09-16T02:18:02.3180025Z bash tests/lint-skill-docs.sh
make check (ubuntu-latest)	make check (includes isolated install-to-accept demo)	2026-09-16T02:18:02.4188774Z lint-skill-docs.sh (10 checks)
make check (ubuntu-latest)	make check (includes isolated install-to-accept demo)	2026-09-16T02:18:02.4189848Z ════════════════════════════════════════
make check (ubuntu-latest)	make check (includes isolated install-to-accept demo)	2026-09-16T02:18:02.4191516Z OK: VERSION, CHANGELOG.md, and src/lib/_lib.sh agree at v3.10.0
make check (ubuntu-latest)	make check (includes isolated install-to-accept demo)	2026-09-16T02:18:02.4192596Z bash tests/lint-docs.sh
make check (ubuntu-latest)	make check (includes isolated install-to-accept demo)	2026-09-16T02:18:03.0050519Z CLI_REFERENCE=OK
make check (ubuntu-latest)	make check (includes isolated install-to-accept demo)	2026-09-16T02:18:03.0104307Z lint-docs: OK
make check (ubuntu-latest)	make check (includes isolated install-to-accept demo)	2026-09-16T02:18:03.0145833Z set -e; for t in tests/test-*.sh; do bash "$t"; done
make check (ubuntu-latest)	make check (includes isolated install-to-accept demo)	2026-09-16T02:18:03.1123416Z PASS — dependency-aware leaf frontier and --all behavior
make check (ubuntu-latest)	make check (includes isolated install-to-accept demo)	2026-09-16T02:18:03.1562748Z PASS — collisions, dangling edges, cycles, and concurrency are reported
make check (ubuntu-latest)	make check (includes isolated install-to-accept demo)	2026-09-16T02:18:03.2605497Z PASS — archived dependencies, supersession blocking, advisory blocks, and deterministic graph views
make check (ubuntu-latest)	make check (includes isolated install-to-accept demo)	2026-09-16T02:18:03.5490303Z PASS — recursive task resolution and active write conflicts share one graph universe
make check (ubuntu-latest)	make check (includes isolated install-to-accept demo)	2026-09-16T02:18:03.6661809Z PASS — dependency closure includes leaf dependencies and composition ancestors only
make check (ubuntu-latest)	make check (includes isolated install-to-accept demo)	2026-09-16T02:18:03.6705733Z === (a) bash -n syntax check for every src/*/*.sh ===
make check (ubuntu-latest)	make check (includes isolated install-to-accept demo)	2026-09-16T02:18:03.6726600Z   ✓ syntax ok: accept/accept-task.sh
make check (ubuntu-latest)	make check (includes isolated install-to-accept demo)	2026-09-16T02:18:03.6743383Z   ✓ syntax ok: author/batch-generate.sh
make check (ubuntu-latest)	make check (includes isolated install-to-accept demo)	2026-09-16T02:18:03.6759536Z   ✓ syntax ok: author/generate-task-spec.sh
make check (ubuntu-latest)	make check (includes isolated install-to-accept demo)	2026-09-16T02:18:03.6775211Z   ✓ syntax ok: author/migrate-legacy-task.sh
make check (ubuntu-latest)	make check (includes isolated install-to-accept demo)	2026-09-16T02:18:03.6790684Z   ✓ syntax ok: backlog/archive.sh
make check (ubuntu-latest)	make check (includes isolated install-to-accept demo)	2026-09-16T02:18:03.6805772Z   ✓ syntax ok: backlog/backup-backlog.sh
make check (ubuntu-latest)	make check (includes isolated install-to-accept demo)	2026-09-16T02:18:03.6820383Z   ✓ syntax ok: backlog/install-hooks.sh
make check (ubuntu-latest)	make check (includes isolated install-to-accept demo)	2026-09-16T02:18:03.6835172Z   ✓ syntax ok: backlog/lint-backlog.sh
make check (ubuntu-latest)	make check (includes isolated install-to-accept demo)	2026-09-16T02:18:03.6849766Z   ✓ syntax ok: backlog/list-ready.sh
make check (ubuntu-latest)	make check (includes isolated install-to-accept demo)	2026-09-16T02:18:03.6866073Z   ✓ syntax ok: backlog/query-metrics.sh
make check (ubuntu-latest)	make check (includes isolated install-to-accept demo)	2026-09-16T02:18:03.6882589Z   ✓ syntax ok: backlog/rebuild-state.sh
make check (ubuntu-latest)	make check (includes isolated install-to-accept demo)	2026-09-16T02:18:03.6898353Z   ✓ syntax ok: backlog/transition-status.sh
make check (ubuntu-latest)	make check (includes isolated install-to-accept demo)	2026-09-16T02:18:03.6913459Z   ✓ syntax ok: decompose/launch.sh
make check (ubuntu-latest)	make check (includes isolated install-to-accept demo)	2026-09-16T02:18:03.6930163Z   ✓ syntax ok: dispatch/conformance-check.sh
make check (ubuntu-latest)	make check (includes isolated install-to-accept demo)	2026-09-16T02:18:03.6946343Z   ✓ syntax ok: dispatch/ref-executor.sh
make check (ubuntu-latest)	make check (includes isolated install-to-accept demo)	2026-09-16T02:18:03.6961614Z   ✓ syntax ok: gate/definition-of-done.sh
make check (ubuntu-latest)	make check (includes isolated install-to-accept demo)	2026-09-16T02:18:03.6979398Z   ✓ syntax ok: gate/run-task-spec.sh
make check (ubuntu-latest)	make check (includes isolated install-to-accept demo)	2026-09-16T02:18:03.6997749Z   ✓ syntax ok: gate/safe-to-delegate.sh
make check (ubuntu-latest)	make check (includes isolated install-to-accept demo)	2026-09-16T02:18:03.7026153Z   ✓ syntax ok: gate/validate-task-spec.sh
make check (ubuntu-latest)	make check (includes isolated install-to-accept demo)	2026-09-16T02:18:03.7051447Z   ✓ syntax ok: lib/_lib.sh
make check (ubuntu-latest)	make check (includes isolated install-to-accept demo)	2026-09-16T02:18:03.7066105Z   ✓ syntax ok: lib/install.sh
make check (ubuntu-latest)	make check (includes isolated install-to-accept demo)	2026-09-16T02:18:03.7081318Z   ✓ syntax ok: setup/demo.sh
make check (ubuntu-latest)	make check (includes isolated install-to-accept demo)	2026-09-16T02:18:03.7095837Z   ✓ syntax ok: setup/init.sh
make check (ubuntu-latest)	make check (includes isolated install-to-accept demo)	2026-09-16T02:18:03.7110963Z   ✓ syntax ok: setup/readiness.sh
make check (ubuntu-latest)	make check (includes isolated install-to-accept demo)	2026-09-16T02:18:03.7111610Z === (b) core-path scripts contain no bash-4-only constructs ===
make check (ubuntu-latest)	make check (includes isolated install-to-accept demo)	2026-09-16T02:18:03.7157891Z   ✓ gate/validate-task-spec.sh has no 'declare -A'
make check (ubuntu-latest)	make check (includes isolated install-to-accept demo)	2026-09-16T02:18:03.7180869Z   ✓ gate/validate-task-spec.sh has no mapfile/readarray
make check (ubuntu-latest)	make check (includes isolated install-to-accept demo)	2026-09-16T02:18:03.7211069Z   ✓ gate/safe-to-delegate.sh has no 'declare -A'
make check (ubuntu-latest)	make check (includes isolated install-to-accept demo)	2026-09-16T02:18:03.7230458Z   ✓ gate/safe-to-delegate.sh has no mapfile/readarray
make check (ubuntu-latest)	make check (includes isolated install-to-accept demo)	2026-09-16T02:18:03.7260999Z   ✓ gate/run-task-spec.sh has no 'declare -A'
make check (ubuntu-latest)	make check (includes isolated install-to-accept demo)	2026-09-16T02:18:03.7276778Z   ✓ gate/run-task-spec.sh has no mapfile/readarray
make check (ubuntu-latest)	make check (includes isolated install-to-accept demo)	2026-09-16T02:18:03.7310830Z   ✓ lib/_lib.sh has no 'declare -A'
make check (ubuntu-latest)	make check (includes isolated install-to-accept demo)	2026-09-16T02:18:03.7329280Z   ✓ lib/_lib.sh has no mapfile/readarray
make check (ubuntu-latest)	make check (includes isolated install-to-accept demo)	2026-09-16T02:18:03.7329895Z === (c) aux scripts call ts_require_bash4 ===
make check (ubuntu-latest)	make check (includes isolated install-to-accept demo)	2026-09-16T02:18:03.7342924Z   ✓ backlog/query-metrics.sh calls ts_require_bash4
make check (ubuntu-latest)	make check (includes isolated install-to-accept demo)	2026-09-16T02:18:03.7343655Z === (d) conformance runner + adapters are bash-3.2-clean ===
make check (ubuntu-latest)	make check (includes isolated install-to-accept demo)	2026-09-16T02:18:03.7362930Z   ✓ syntax ok: conformance/run_conformance.sh
make check (ubuntu-latest)	make check (includes isolated install-to-accept demo)	2026-09-16T02:18:03.7408061Z   ✓ conformance/run_conformance.sh has no bash-4-only constructs
make check (ubuntu-latest)	make check (includes isolated install-to-accept demo)	2026-09-16T02:18:03.7424305Z   ✓ syntax ok: conformance/adapters/self.sh
make check (ubuntu-latest)	make check (includes isolated install-to-accept demo)	2026-09-16T02:18:03.7473022Z   ✓ conformance/adapters/self.sh has no bash-4-only constructs
make check (ubuntu-latest)	make check (includes isolated install-to-accept demo)	2026-09-16T02:18:03.7474213Z 
make check (ubuntu-latest)	make check (includes isolated install-to-accept demo)	2026-09-16T02:18:03.7474560Z ========================================
make check (ubuntu-latest)	make check (includes isolated install-to-accept demo)	2026-09-16T02:18:03.7475129Z Results: 37 passed, 0 failed
make check (ubuntu-latest)	make check (includes isolated install-to-accept demo)	2026-09-16T02:18:03.7475669Z ========================================
make check (ubuntu-latest)	make check (includes isolated install-to-accept demo)	2026-09-16T02:18:03.8072197Z ok    new requires slug and effort
make check (ubuntu-latest)	make check (includes isolated install-to-accept demo)	2026-09-16T02:18:03.8639751Z ok    new rejects an unknown option
make check (ubuntu-latest)	make check (includes isolated install-to-accept demo)	2026-09-16T02:18:03.9205925Z ok    new requires --format value
make check (ubuntu-latest)	make check (includes isolated install-to-accept demo)	2026-09-16T02:18:03.9770534Z ok    metrics rejects an unknown option
make check (ubuntu-latest)	make check (includes isolated install-to-accept demo)	2026-09-16T02:18:04.0329504Z ok    metrics requires --since value
make check (ubuntu-latest)	make check (includes isolated install-to-accept demo)	2026-09-16T02:18:04.0330242Z CLI_USAGE=PASS checks=5
make check (ubuntu-latest)	make check (includes isolated install-to-accept demo)	2026-09-16T02:18:12.9175882Z PASS — isolated demo reaches independent acceptance
make check (ubuntu-latest)	make check (includes isolated install-to-accept demo)	2026-09-16T02:18:12.9686823Z == effort sizing and composition ==
make check (ubuntu-latest)	make check (includes isolated install-to-accept demo)	2026-09-16T02:18:13.2253181Z ok    XS leaf                     
make check (ubuntu-latest)	make check (includes isolated install-to-accept demo)	2026-09-16T02:18:13.4868259Z ok    S leaf union budget         
make check (ubuntu-latest)	make check (includes isolated install-to-accept demo)	2026-09-16T02:18:13.7453569Z ok    M leaf                      
make check (ubuntu-latest)	make check (includes isolated install-to-accept demo)	2026-09-16T02:18:14.0052050Z ok    L long horizon              
make check (ubuntu-latest)	make check (includes isolated install-to-accept demo)	2026-09-16T02:18:14.2672626Z ok    L wrong backend             
make check (ubuntu-latest)	make check (includes isolated install-to-accept demo)	2026-09-16T02:18:14.5310586Z ok    S over budget warns         
make check (ubuntu-latest)	make check (includes isolated install-to-accept demo)	2026-09-16T02:18:14.8026091Z ok    leaf cannot have children   
make check (ubuntu-latest)	make check (includes isolated install-to-accept demo)	2026-09-16T02:18:15.0647660Z ok    XL needs children           
make check (ubuntu-latest)	make check (includes isolated install-to-accept demo)	2026-09-16T02:18:15.3307725Z ok    XXL needs three children    
make check (ubuntu-latest)	make check (includes isolated install-to-accept demo)	2026-09-16T02:18:15.5986398Z ok    XL composition node         
make check (ubuntu-latest)	make check (includes isolated install-to-accept demo)	2026-09-16T02:18:15.8688885Z ok    XXL composition node        
make check (ubuntu-latest)	make check (includes isolated install-to-accept demo)	2026-09-16T02:18:16.1350598Z ok    node owns no writes         
make check (ubuntu-latest)	make check (includes isolated install-to-accept demo)	2026-09-16T02:18:16.4029323Z ok    invalid child id            
make check (ubuntu-latest)	make check (includes isolated install-to-accept demo)	2026-09-16T02:18:16.6630167Z ok    unknown size                
make check (ubuntu-latest)	make check (includes isolated install-to-accept demo)	2026-09-16T02:18:16.6630814Z 
make check (ubuntu-latest)	make check (includes isolated install-to-accept demo)	2026-09-16T02:18:16.6631629Z PASS — all 14 sizing rows green.
make check (ubuntu-latest)	make check (includes isolated install-to-accept demo)	2026-09-16T02:18:23.3844186Z ENGINE_MATRIX_V2=READY
make check (ubuntu-latest)	make check (includes isolated install-to-accept demo)	2026-09-16T02:18:23.7102565Z ENVIRONMENT_ATTESTATION=READY
make check (ubuntu-latest)	make check (includes isolated install-to-accept demo)	2026-09-16T02:18:23.7239463Z ═══ test-extractor-fuzz.sh (adversarial extract-and-run, v3.10.0) ═══
make check (ubuntu-latest)	make check (includes isolated install-to-accept demo)	2026-09-16T02:18:23.7240665Z ── (A) extraction correctness ──
make check (ubuntu-latest)	make check (includes isolated install-to-accept demo)	2026-09-16T02:18:23.8746652Z   ✓ A:arith-shift extracted
make check (ubuntu-latest)	make check (includes isolated install-to-accept demo)	2026-09-16T02:18:24.0227364Z   ✓ A:heredoc-EOF-bash extracted
make check (ubuntu-latest)	make check (includes isolated install-to-accept demo)	2026-09-16T02:18:24.2124550Z   ✓ A:heredoc-fake-fence extracted
make check (ubuntu-latest)	make check (includes isolated install-to-accept demo)	2026-09-16T02:18:24.4278344Z   ✓ A:heredoc-fake-header extracted
make check (ubuntu-latest)	make check (includes isolated install-to-accept demo)	2026-09-16T02:18:24.6892022Z   ✓ A:nested-heredoc extracted
make check (ubuntu-latest)	make check (includes isolated install-to-accept demo)	2026-09-16T02:18:24.8897728Z   ✓ A:heredoc-dquote extracted
make check (ubuntu-latest)	make check (includes isolated install-to-accept demo)	2026-09-16T02:18:24.8898639Z ── (B) robustness invariant (no hang, no raw-error leak) ──
make check (ubuntu-latest)	make check (includes isolated install-to-accept demo)	2026-09-16T02:18:25.0909216Z   ✓ B:emoji-body clean (EXTRACTED)
make check (ubuntu-latest)	make check (includes isolated install-to-accept demo)	2026-09-16T02:18:25.3185415Z   ✓ B:two-evals clean (EXTRACTED)
make check (ubuntu-latest)	make check (includes isolated install-to-accept demo)	2026-09-16T02:18:25.5162736Z   ✓ B:unbalanced-brace clean (EXTRACTED)
make check (ubuntu-latest)	make check (includes isolated install-to-accept demo)	2026-09-16T02:18:25.8805117Z   ✓ B:fence-in-string clean (EXTRACTED)
make check (ubuntu-latest)	make check (includes isolated install-to-accept demo)	2026-09-16T02:18:26.1391366Z   ✓ B:header-looking-cmd clean (EXTRACTED)
make check (ubuntu-latest)	make check (includes isolated install-to-accept demo)	2026-09-16T02:18:26.3214493Z   ✓ B:backtick-cmd clean (EXTRACTED)
make check (ubuntu-latest)	make check (includes isolated install-to-accept demo)	2026-09-16T02:18:26.6171379Z   ✓ B:comment-only clean (EXTRACTED)
make check (ubuntu-latest)	make check (includes isolated install-to-accept demo)	2026-09-16T02:18:26.7755861Z   ✓ B:exit-in-eval clean (EXTRACTED)
make check (ubuntu-latest)	make check (includes isolated install-to-accept demo)	2026-09-16T02:18:26.9476268Z   ✓ B:reads-stdin clean (EXTRACTED)
make check (ubuntu-latest)	make check (includes isolated install-to-accept demo)	2026-09-16T02:18:27.1341171Z   ✓ B:many-heredocs clean (EXTRACTED)
make check (ubuntu-latest)	make check (includes isolated install-to-accept demo)	2026-09-16T02:18:27.1341929Z ── (C) exit-check robustness (defense-in-depth, no hang on malformed Exit Check) ──
make check (ubuntu-latest)	make check (includes isolated install-to-accept demo)	2026-09-16T02:18:27.3696683Z   ✓ C:ec-unbalanced-quote clean (EXTRACTED)
make check (ubuntu-latest)	make check (includes isolated install-to-accept demo)	2026-09-16T02:18:27.5365487Z   ✓ C:ec-unbalanced-btick clean (EXTRACTED)
make check (ubuntu-latest)	make check (includes isolated install-to-accept demo)	2026-09-16T02:18:27.6956548Z   ✓ C:ec-heredoc-no-close clean (EXTRACTED)
make check (ubuntu-latest)	make check (includes isolated install-to-accept demo)	2026-09-16T02:18:27.6972134Z 
make check (ubuntu-latest)	make check (includes isolated install-to-accept demo)	2026-09-16T02:18:27.6972739Z ========================================
make check (ubuntu-latest)	make check (includes isolated install-to-accept demo)	2026-09-16T02:18:27.6973301Z Results: 19 passed, 0 failed
make check (ubuntu-latest)	make check (includes isolated install-to-accept demo)	2026-09-16T02:18:27.6973816Z ========================================
make check (ubuntu-latest)	make check (includes isolated install-to-accept demo)	2026-09-16T02:18:27.7033104Z ═══ test-hmac-envelope.sh (TaskAuthorization/v3 suite) ═══
make check (ubuntu-latest)	make check (includes isolated install-to-accept demo)	2026-09-16T02:18:27.7033700Z ── Scenario 1: Tier 1 stamp-then-verify ──
make check (ubuntu-latest)	make check (includes isolated install-to-accept demo)	2026-09-16T02:18:28.7405230Z   ✓ S1 sealed
make check (ubuntu-latest)	make check (includes isolated install-to-accept demo)	2026-09-16T02:18:28.7406028Z   ✓ S1 sig-format
make check (ubuntu-latest)	make check (includes isolated install-to-accept demo)	2026-09-16T02:18:28.7406973Z   ✓ S1 verify-tier1
make check (ubuntu-latest)	make check (includes isolated install-to-accept demo)	2026-09-16T02:18:28.7425832Z ── Scenario 2: Tier 3 tampered body ──
make check (ubuntu-latest)	make check (includes isolated install-to-accept demo)	2026-09-16T02:18:30.1332094Z   ✓ S2 pre-tamper-tier1
make check (ubuntu-latest)	make check (includes isolated install-to-accept demo)	2026-09-16T02:18:30.1333107Z   ✓ S2 tamper-caught-tier3
make check (ubuntu-latest)	make check (includes isolated install-to-accept demo)	2026-09-16T02:18:30.1351664Z ── Scenario 3: Tier 3 envelope tamper / wrong key / malformed ──
make check (ubuntu-latest)	make check (includes isolated install-to-accept demo)	2026-09-16T02:18:32.8694139Z   ✓ S3 envelope-value-tamper
make check (ubuntu-latest)	make check (includes isolated install-to-accept demo)	2026-09-16T02:18:32.8698805Z   ✓ S3 wrong-key-tier3
make check (ubuntu-latest)	make check (includes isolated install-to-accept demo)	2026-09-16T02:18:32.8699367Z   ✓ S3 malformed-sig-tier3
make check (ubuntu-latest)	make check (includes isolated install-to-accept demo)	2026-09-16T02:18:32.8713316Z ── Scenario 4: Tier 2 no-key degrade ──
make check (ubuntu-latest)	make check (includes isolated install-to-accept demo)	2026-09-16T02:18:34.2452001Z   ✓ S4 no-key-tier2
make check (ubuntu-latest)	make check (includes isolated install-to-accept demo)	2026-09-16T02:18:34.2453442Z   ✓ S4 legacy-nosig-tier2
make check (ubuntu-latest)	make check (includes isolated install-to-accept demo)	2026-09-16T02:18:34.2469549Z ── Scenario 5: portability floor (crypto masked) ──
make check (ubuntu-latest)	make check (includes isolated install-to-accept demo)	2026-09-16T02:18:35.8194099Z   ✓ S5 provider-none
make check (ubuntu-latest)	make check (includes isolated install-to-accept demo)	2026-09-16T02:18:35.8203603Z   ✓ S5 masked-stamp-stdlib-hmac
make check (ubuntu-latest)	make check (includes isolated install-to-accept demo)	2026-09-16T02:18:35.8204287Z   ✓ S5 masked-verify-tier2
make check (ubuntu-latest)	make check (includes isolated install-to-accept demo)	2026-09-16T02:18:35.8211798Z ── Scenario 6: .git/info key fallback ──
make check (ubuntu-latest)	make check (includes isolated install-to-accept demo)	2026-09-16T02:18:36.9057678Z   ✓ S6 keyfile-written
make check (ubuntu-latest)	make check (includes isolated install-to-accept demo)	2026-09-16T02:18:36.9058873Z   ✓ S6 gitinfo-stamp-sealed
make check (ubuntu-latest)	make check (includes isolated install-to-accept demo)	2026-09-16T02:18:36.9059710Z   ✓ S6 gitinfo-verify-tier1
make check (ubuntu-latest)	make check (includes isolated install-to-accept demo)	2026-09-16T02:18:36.9076692Z ── Scenario 7: injection-safe --stamp-by ──
make check (ubuntu-latest)	make check (includes isolated install-to-accept demo)	2026-09-16T02:18:41.9654170Z   ✓ S7 literal-verbatim-tier1 [build|42]
make check (ubuntu-latest)	make check (includes isolated install-to-accept demo)	2026-09-16T02:18:41.9655077Z   ✓ S7 literal-verbatim-tier1 [a&b]
make check (ubuntu-latest)	make check (includes isolated install-to-accept demo)	2026-09-16T02:18:41.9656069Z   ✓ S7 literal-verbatim-tier1 [team/build]
make check (ubuntu-latest)	make check (includes isolated install-to-accept demo)	2026-09-16T02:18:41.9656882Z   ✓ S7 literal-verbatim-tier1 [X|p;s|.*|INJECTED]
make check (ubuntu-latest)	make check (includes isolated install-to-accept demo)	2026-09-16T02:18:41.9657541Z   ✓ S7 literal-verbatim-tier1 [name with space]
make check (ubuntu-latest)	make check (includes isolated install-to-accept demo)	2026-09-16T02:18:41.9689687Z ── Scenario 8: --require-tier1 enforcement + TIER= line ──
make check (ubuntu-latest)	make check (includes isolated install-to-accept demo)	2026-09-16T02:18:43.5729804Z   ✓ S8 tier1-require-passes
make check (ubuntu-latest)	make check (includes isolated install-to-accept demo)	2026-09-16T02:18:43.5730969Z   ✓ S8 tier2-require-blocks
make check (ubuntu-latest)	make check (includes isolated install-to-accept demo)	2026-09-16T02:18:43.5731575Z   ✓ S8 tier2-noflag-delegates
make check (ubuntu-latest)	make check (includes isolated install-to-accept demo)	2026-09-16T02:18:43.5748012Z ── Scenario 9: ts_set_frontmatter_field newline + malformed + backslash-escape ──
make check (ubuntu-latest)	make check (includes isolated install-to-accept demo)	2026-09-16T02:18:43.6203398Z   ✓ S9 newline-rejected-file-untouched
make check (ubuntu-latest)	make check (includes isolated install-to-accept demo)	2026-09-16T02:18:43.6204080Z   ✓ S9 malformed-frontmatter-hard-fails
make check (ubuntu-latest)	make check (includes isolated install-to-accept demo)	2026-09-16T02:18:43.6205217Z   ✓ S9 backslash-n-written-verbatim-no-injection
make check (ubuntu-latest)	make check (includes isolated install-to-accept demo)	2026-09-16T02:18:43.6205923Z   ✓ S9 symlink-temp-path-defused
make check (ubuntu-latest)	make check (includes isolated install-to-accept demo)	2026-09-16T02:18:43.6218184Z ── Scenario 10: envelope v3 authorization boundary ──
make check (ubuntu-latest)	make check (includes isolated install-to-accept demo)	2026-09-16T02:18:44.5562083Z   ✓ S10 scope-widening-caught
make check (ubuntu-latest)	make check (includes isolated install-to-accept demo)	2026-09-16T02:18:45.5000386Z   ✓ S10 dependency-change-caught
make check (ubuntu-latest)	make check (includes isolated install-to-accept demo)	2026-09-16T02:18:46.4413680Z   ✓ S10 budget-raise-caught
make check (ubuntu-latest)	make check (includes isolated install-to-accept demo)	2026-09-16T02:18:47.3854380Z   ✓ S10 agent-change-caught
make check (ubuntu-latest)	make check (includes isolated install-to-accept demo)	2026-09-16T02:18:48.3476208Z   ✓ S10 backend-reroute-caught
make check (ubuntu-latest)	make check (includes isolated install-to-accept demo)	2026-09-16T02:18:49.3964616Z   ✓ S10 status-change-allowed
make check (ubuntu-latest)	make check (includes isolated install-to-accept demo)	2026-09-16T02:18:50.4412252Z   ✓ S10 tracker-writeback-allowed
make check (ubuntu-latest)	make check (includes isolated install-to-accept demo)	2026-09-16T02:18:50.4432472Z ── Scenario 11: legacy v1 verification and re-stamp ──
make check (ubuntu-latest)	make check (includes isolated install-to-accept demo)	2026-09-16T02:18:53.2491871Z   ✓ S11 legacy-v1-tier2
make check (ubuntu-latest)	make check (includes isolated install-to-accept demo)	2026-09-16T02:18:53.2492815Z   ✓ S11 legacy-restamped-v3
make check (ubuntu-latest)	make check (includes isolated install-to-accept demo)	2026-09-16T02:18:53.2493513Z   ✓ S11 legacy-v2-tier2
make check (ubuntu-latest)	make check (includes isolated install-to-accept demo)	2026-09-16T02:18:53.2494109Z   ✓ S11 legacy-v2-restamped-v3
make check (ubuntu-latest)	make check (includes isolated install-to-accept demo)	2026-09-16T02:18:53.2509567Z ── Scenario 12: re-stamp an amended spec ──
make check (ubuntu-latest)	make check (includes isolated install-to-accept demo)	2026-09-16T02:18:54.8298171Z   ✓ S12 edit-breaks-seal
make check (ubuntu-latest)	make check (includes isolated install-to-accept demo)	2026-09-16T02:18:54.8299279Z   ✓ S12 amendment-resealed
make check (ubuntu-latest)	make check (includes isolated install-to-accept demo)	2026-09-16T02:18:54.8315347Z 
make check (ubuntu-latest)	make check (includes isolated install-to-accept demo)	2026-09-16T02:18:54.8327713Z ========================================
make check (ubuntu-latest)	make check (includes isolated install-to-accept demo)	2026-09-16T02:18:54.8328264Z Results: 41 passed, 0 failed
make check (ubuntu-latest)	make check (includes isolated install-to-accept demo)	2026-09-16T02:18:54.8350787Z ========================================
make check (ubuntu-latest)	make check (includes isolated install-to-accept demo)	2026-09-16T02:19:01.8168632Z MESH_ADAPTERS=READY
make check (ubuntu-latest)	make check (includes isolated install-to-accept demo)	2026-09-16T02:19:06.5644390Z MESH_COCKPIT=READY
make check (ubuntu-latest)	make check (includes isolated install-to-accept demo)	2026-09-16T02:19:14.5715176Z ok  	github.com/luanmorenomaciel/task-spec/mesh/cmd/taskspec-meshd	0.016s
make check (ubuntu-latest)	make check (includes isolated install-to-accept demo)	2026-09-16T02:19:16.5998511Z ok  	github.com/luanmorenomaciel/task-spec/mesh/internal/mesh	2.017s
make check (ubuntu-latest)	make check (includes isolated install-to-accept demo)	2026-09-16T02:19:23.1090491Z MESH_CONTRACTS=READY
make check (ubuntu-latest)	make check (includes isolated install-to-accept demo)	2026-09-16T02:19:24.4249991Z MESH_DAEMON=READY
make check (ubuntu-latest)	make check (includes isolated install-to-accept demo)	2026-09-16T02:19:31.6053545Z MESH_LEASES=READY
make check (ubuntu-latest)	make check (includes isolated install-to-accept demo)	2026-09-16T02:19:38.2216965Z MESH_ROUTING_INTEGRATION=READY
make check (ubuntu-latest)	make check (includes isolated install-to-accept demo)	2026-09-16T02:19:44.5159632Z MESH_ADAPTERS=READY
make check (ubuntu-latest)	make check (includes isolated install-to-accept demo)	2026-09-16T02:19:49.0366302Z MESH_COCKPIT=READY
make check (ubuntu-latest)	make check (includes isolated install-to-accept demo)	2026-09-16T02:19:49.0428155Z MESH_RECOVERY=READY
make check (ubuntu-latest)	make check (includes isolated install-to-accept demo)	2026-09-16T02:19:49.0428758Z MESH_CONFORMANCE=READY
make check (ubuntu-latest)	make check (includes isolated install-to-accept demo)	2026-09-16T02:19:49.7330455Z MESH_CONTRACTS=READY
make check (ubuntu-latest)	make check (includes isolated install-to-accept demo)	2026-09-16T02:19:51.1970907Z MESH_DAEMON=READY
make check (ubuntu-latest)	make check (includes isolated install-to-accept demo)	2026-09-16T02:19:56.4635957Z MESH_COCKPIT=READY
make check (ubuntu-latest)	make check (includes isolated install-to-accept demo)	2026-09-16T02:19:56.4718274Z MESH_DEMO=READY
make check (ubuntu-latest)	make check (includes isolated install-to-accept demo)	2026-09-16T02:20:25.4575351Z INSTALL=OK
make check (ubuntu-latest)	make check (includes isolated install-to-accept demo)	2026-09-16T02:20:25.4575938Z MESH_INSTALL=READY
make check (ubuntu-latest)	make check (includes isolated install-to-accept demo)	2026-09-16T02:21:04.4004117Z MESH_ISOLATION=READY
make check (ubuntu-latest)	make check (includes isolated install-to-accept demo)	2026-09-16T02:21:11.5280464Z MESH_LEASES=READY
make check (ubuntu-latest)	make check (includes isolated install-to-accept demo)	2026-09-16T02:21:18.0692003Z MESH_ROUTING_INTEGRATION=READY
make check (ubuntu-latest)	make check (includes isolated install-to-accept demo)	2026-09-16T02:21:18.1039255Z ═══ Step 1: Install the agent surface into a fresh tempdir ═══
make check (ubuntu-latest)	make check (includes isolated install-to-accept demo)	2026-09-16T02:21:18.3154519Z   ✓ install.sh succeeded
make check (ubuntu-latest)	make check (includes isolated install-to-accept demo)	2026-09-16T02:21:18.3157899Z   ✓ installed: agents/task-architect.md
make check (ubuntu-latest)	make check (includes isolated install-to-accept demo)	2026-09-16T02:21:18.3159734Z   ✓ installed: skills/task-spec/SKILL.md
make check (ubuntu-latest)	make check (includes isolated install-to-accept demo)	2026-09-16T02:21:18.3170353Z 
make check (ubuntu-latest)	make check (includes isolated install-to-accept demo)	2026-09-16T02:21:18.3171080Z ═══ Step 2: --version reports task-spec v3.10.0 ═══
make check (ubuntu-latest)	make check (includes isolated install-to-accept demo)	2026-09-16T02:21:18.3225206Z   ✓ install --version → task-spec v3.10.0
make check (ubuntu-latest)	make check (includes isolated install-to-accept demo)	2026-09-16T02:21:18.3297380Z   ✓ validate-task-spec --version → task-spec v3.10.0
make check (ubuntu-latest)	make check (includes isolated install-to-accept demo)	2026-09-16T02:21:18.3369361Z   ✓ safe-to-delegate --version → task-spec v3.10.0
make check (ubuntu-latest)	make check (includes isolated install-to-accept demo)	2026-09-16T02:21:18.3441419Z   ✓ generate-task-spec --version → task-spec v3.10.0
make check (ubuntu-latest)	make check (includes isolated install-to-accept demo)	2026-09-16T02:21:18.3512521Z   ✓ list-ready --version → task-spec v3.10.0
make check (ubuntu-latest)	make check (includes isolated install-to-accept demo)	2026-09-16T02:21:18.3513268Z 
make check (ubuntu-latest)	make check (includes isolated install-to-accept demo)	2026-09-16T02:21:18.3514056Z ═══ Step 3: GENERATE a spec ═══
make check (ubuntu-latest)	make check (includes isolated install-to-accept demo)	2026-09-16T02:21:18.4895186Z   ✓ generator wrote a spec
make check (ubuntu-latest)	make check (includes isolated install-to-accept demo)	2026-09-16T02:21:18.4910471Z   ✓ generator stamped version 3.10.0
make check (ubuntu-latest)	make check (includes isolated install-to-accept demo)	2026-09-16T02:21:18.4926206Z   ✓ generator printed --stamp breadcrumb
make check (ubuntu-latest)	make check (includes isolated install-to-accept demo)	2026-09-16T02:21:18.4951675Z   ✓ spec file present at tasks/T-20260916-e2e-health-endpoint.md
make check (ubuntu-latest)	make check (includes isolated install-to-accept demo)	2026-09-16T02:21:18.4966563Z 
make check (ubuntu-latest)	make check (includes isolated install-to-accept demo)	2026-09-16T02:21:18.4973312Z ═══ Step 4: Fill stubs (synthesize a minimal valid spec) ═══
make check (ubuntu-latest)	make check (includes isolated install-to-accept demo)	2026-09-16T02:21:18.4983476Z captured spec id: T-20260916-e2e-health-endpoint
make check (ubuntu-latest)	make check (includes isolated install-to-accept demo)	2026-09-16T02:21:18.8816828Z   ✓ validate-task-spec.sh exits 0 on synthesized spec
make check (ubuntu-latest)	make check (includes isolated install-to-accept demo)	2026-09-16T02:21:18.8831728Z 
make check (ubuntu-latest)	make check (includes isolated install-to-accept demo)	2026-09-16T02:21:18.8833529Z ═══ Step 5: GATE (taskspec gate --stamp) ═══
make check (ubuntu-latest)	make check (includes isolated install-to-accept demo)	2026-09-16T02:21:19.4276110Z   ✓ gate reported DELEGATE
make check (ubuntu-latest)	make check (includes isolated install-to-accept demo)	2026-09-16T02:21:19.4291723Z   ✓ gate stamped signed_off:true
make check (ubuntu-latest)	make check (includes isolated install-to-accept demo)	2026-09-16T02:21:19.4361470Z   ✓ spec frontmatter signed_off: true
make check (ubuntu-latest)	make check (includes isolated install-to-accept demo)	2026-09-16T02:21:19.4362233Z   ✓ spec frontmatter signed_off_by: e2e-test
make check (ubuntu-latest)	make check (includes isolated install-to-accept demo)	2026-09-16T02:21:19.4365650Z   ✓ spec frontmatter signed_off_at is ISO-8601
make check (ubuntu-latest)	make check (includes isolated install-to-accept demo)	2026-09-16T02:21:19.8181686Z   ✓ validate accepts the stamped spec (sign-off envelope OK)
make check (ubuntu-latest)	make check (includes isolated install-to-accept demo)	2026-09-16T02:21:19.8182760Z 
make check (ubuntu-latest)	make check (includes isolated install-to-accept demo)	2026-09-16T02:21:19.8183216Z ═══ Step 6: Schema fidelity (Python consumer) ═══
make check (ubuntu-latest)	make check (includes isolated install-to-accept demo)	2026-09-16T02:21:19.8196726Z   ✓ copied golden fixture into tempdir
make check (ubuntu-latest)	make check (includes isolated install-to-accept demo)	2026-09-16T02:21:19.8214198Z   ✓ python consumer present at docs/examples/consume-task-spec.py
make check (ubuntu-latest)	make check (includes isolated install-to-accept demo)	2026-09-16T02:21:19.8215039Z   ✓ python consumer canonical schemas are packaged under spec/schemas
make check (ubuntu-latest)	make check (includes isolated install-to-accept demo)	2026-09-16T02:21:19.9225753Z   ✓ python consumer parsed golden fixture (exit 0)
make check (ubuntu-latest)	make check (includes isolated install-to-accept demo)	2026-09-16T02:21:19.9226374Z 
make check (ubuntu-latest)	make check (includes isolated install-to-accept demo)	2026-09-16T02:21:19.9226875Z ═══ Step 7: Cross-engine equivalence (Python vs TypeScript) ═══
make check (ubuntu-latest)	make check (includes isolated install-to-accept demo)	2026-09-16T02:21:19.9916325Z   ✓ node present (v22.23.2) — attempting cross-engine proof
make check (ubuntu-latest)	make check (includes isolated install-to-accept demo)	2026-09-16T02:21:19.9917381Z   installing TS consumer deps (npm install, 120s budget)…
make check (ubuntu-latest)	make check (includes isolated install-to-accept demo)	2026-09-16T02:21:25.0012180Z   ✓ typescript consumer parsed golden fixture (exit 0)
make check (ubuntu-latest)	make check (includes isolated install-to-accept demo)	2026-09-16T02:21:25.0405509Z   ✓ cross-engine equivalence: id/status/execution_backend/signed_off + ordered eval_ids + canonicalized validation_card ALL EQUAL
make check (ubuntu-latest)	make check (includes isolated install-to-accept demo)	2026-09-16T02:21:25.0409517Z       both engines: {"eval_ids": ["eval_1"], "execution_backend": "any", "id": "T-20260602-golden", "signed_off": false, "status": "ready", "validation_card": {"agent_contract": {"read": ["intent", "contract", "guardrails", "operations"]}, "retry_policy": {"circuit_breaker_no_progress": 3, "max_iterations": 15, "on_terminal_failure": "park_with_context"}, "success_criteria_keys": [{"check_type": "deterministic", "description": "synthetic", "expected_duration_sec": 1, "id": "eval_1", "runnable": "bash", "terminal": true}]}}
make check (ubuntu-latest)	make check (includes isolated install-to-accept demo)	2026-09-16T02:21:25.0412614Z 
make check (ubuntu-latest)	make check (includes isolated install-to-accept demo)	2026-09-16T02:21:25.0412933Z ========================================
make check (ubuntu-latest)	make check (includes isolated install-to-accept demo)	2026-09-16T02:21:25.0413483Z Results: 26 passed, 0 failed
make check (ubuntu-latest)	make check (includes isolated install-to-accept demo)	2026-09-16T02:21:25.0413960Z ========================================
make check (ubuntu-latest)	make check (includes isolated install-to-accept demo)	2026-09-16T02:21:25.6543416Z OFFICIAL_PROTOCOL_SDK=UNAVAILABLE retained evidence verified
make check (ubuntu-latest)	make check (includes isolated install-to-accept demo)	2026-09-16T02:21:25.6544135Z PROTOCOL_CONFORMANCE=READY
make check (ubuntu-latest)	make check (includes isolated install-to-accept demo)	2026-09-16T02:21:25.6783330Z README_COMMANDS=READY commands=24 images=4 mermaid=2
make check (ubuntu-latest)	make check (includes isolated install-to-accept demo)	2026-09-16T02:21:25.7047393Z RELEASE_STATUS=OK
make check (ubuntu-latest)	make check (includes isolated install-to-accept demo)	2026-09-16T02:21:25.7603925Z CLI_REFERENCE=OK
make check (ubuntu-latest)	make check (includes isolated install-to-accept demo)	2026-09-16T02:21:26.7089744Z RELEASE_AUDIT_TESTS=READY
make check (ubuntu-latest)	make check (includes isolated install-to-accept demo)	2026-09-16T02:21:26.8638005Z RELEASE_EVIDENCE_CONTRACTS=READY
make check (ubuntu-latest)	make check (includes isolated install-to-accept demo)	2026-09-16T02:21:37.9121712Z RELEASE_PACKAGING=READY
make check (ubuntu-latest)	make check (includes isolated install-to-accept demo)	2026-09-16T02:21:38.2008879Z tests/test-release-provenance.sh: line 77: rg: command not found
make check (ubuntu-latest)	make check (includes isolated install-to-accept demo)	2026-09-16T02:21:38.2299702Z PRIVATE_PROVENANCE=READY
make check (ubuntu-latest)	make check (includes isolated install-to-accept demo)	2026-09-16T02:21:38.2341654Z test-repo-layout.sh
make check (ubuntu-latest)	make check (includes isolated install-to-accept demo)	2026-09-16T02:21:38.2342962Z ════════════════════════════════════════
make check (ubuntu-latest)	make check (includes isolated install-to-accept demo)	2026-09-16T02:21:38.2453563Z   ok   top-level directories match the manifest (16 declared)
make check (ubuntu-latest)	make check (includes isolated install-to-accept demo)	2026-09-16T02:21:38.2545661Z   ok   root files match the manifest (16 declared)
make check (ubuntu-latest)	make check (includes isolated install-to-accept demo)	2026-09-16T02:21:38.2749887Z   ok   every top-level directory appears in the AGENTS.md layout table
make check (ubuntu-latest)	make check (includes isolated install-to-accept demo)	2026-09-16T02:21:38.3278953Z   ok   no undeclared single-file top-level directory
make check (ubuntu-latest)	make check (includes isolated install-to-accept demo)	2026-09-16T02:21:38.3279818Z   ok   no retired top-level or nested path reappeared
make check (ubuntu-latest)	make check (includes isolated install-to-accept demo)	2026-09-16T02:21:38.3528165Z   ok   no live file references a pre-consolidation path
make check (ubuntu-latest)	make check (includes isolated install-to-accept demo)	2026-09-16T02:21:38.3862744Z   ok   every byte-for-byte SKILL.md copy matches root SKILL.md
make check (ubuntu-latest)	make check (includes isolated install-to-accept demo)	2026-09-16T02:21:38.3917373Z   ok   fixtures live under exactly one root (tests/fixtures/)
make check (ubuntu-latest)	make check (includes isolated install-to-accept demo)	2026-09-16T02:21:38.4144668Z   ok   every digest-pinned evidence path still resolves
make check (ubuntu-latest)	make check (includes isolated install-to-accept demo)	2026-09-16T02:21:38.4177725Z   ok   docs/runbooks/ stays closed (12 of 12; new how-tos go in docs/guides/)
make check (ubuntu-latest)	make check (includes isolated install-to-accept demo)	2026-09-16T02:21:38.4181404Z   ok   every grouped directory has a README or index
make check (ubuntu-latest)	make check (includes isolated install-to-accept demo)	2026-09-16T02:21:38.4193463Z ════════════════════════════════════════
make check (ubuntu-latest)	make check (includes isolated install-to-accept demo)	2026-09-16T02:21:38.4194271Z REPO_LAYOUT=OK (11 checks)
make check (ubuntu-latest)	make check (includes isolated install-to-accept demo)	2026-09-16T02:21:38.4207724Z test-repo-organization-e2e.sh
make check (ubuntu-latest)	make check (includes isolated install-to-accept demo)	2026-09-16T02:21:38.4208421Z ════════════════════════════════════════
make check (ubuntu-latest)	make check (includes isolated install-to-accept demo)	2026-09-16T02:21:38.4261575Z   ok   live backlog has 15 open T-*.md file(s)
make check (ubuntu-latest)	make check (includes isolated install-to-accept demo)	2026-09-16T02:21:38.4411554Z   ok   every parked spec is a non-executable composition node (2)
make check (ubuntu-latest)	make check (includes isolated install-to-accept demo)	2026-09-16T02:21:38.5272946Z   ok   every accepted done leaf has an AcceptanceRecord (20)
make check (ubuntu-latest)	make check (includes isolated install-to-accept demo)	2026-09-16T02:21:38.5274190Z   ok   tasks/.plans/ still has the 3.8.1 and 3.9.0 TaskPlan manifests
make check (ubuntu-latest)	make check (includes isolated install-to-accept demo)	2026-09-16T02:21:38.5317850Z   ok   spec README, docs/index, and root README agree on orientation
make check (ubuntu-latest)	make check (includes isolated install-to-accept demo)	2026-09-16T02:21:38.5437248Z   ok   taskspec doctor → DOCTOR=READY
make check (ubuntu-latest)	make check (includes isolated install-to-accept demo)	2026-09-16T02:21:41.0301380Z   ok   taskspec demo walks plan → seal → handoff → accept
make check (ubuntu-latest)	make check (includes isolated install-to-accept demo)	2026-09-16T02:21:41.2096609Z   ok   graph --check is clean and ready rows agree with the live backlog
make check (ubuntu-latest)	make check (includes isolated install-to-accept demo)	2026-09-16T02:21:43.3989126Z   ok   every parked composition node still validates
make check (ubuntu-latest)	make check (includes isolated install-to-accept demo)	2026-09-16T02:21:43.3990229Z ════════════════════════════════════════
make check (ubuntu-latest)	make check (includes isolated install-to-accept demo)	2026-09-16T02:21:43.3992069Z REPO_ORGANIZATION=OK (9 checks)
make check (ubuntu-latest)	make check (includes isolated install-to-accept demo)	2026-09-16T02:21:43.5151755Z SCHEMAS=READY count=58 fixtures=18
make check (ubuntu-latest)	make check (includes isolated install-to-accept demo)	2026-09-16T02:21:43.5318918Z === 1. generate-task-spec.sh ===
make check (ubuntu-latest)	make check (includes isolated install-to-accept demo)	2026-09-16T02:21:43.6742835Z   ✓ generator created tasks/T-20260916-test-self-test-suite.md
make check (ubuntu-latest)	make check (includes isolated install-to-accept demo)	2026-09-16T02:21:43.6779420Z   ✓ id in frontmatter matches filename
make check (ubuntu-latest)	make check (includes isolated install-to-accept demo)	2026-09-16T02:21:43.6780143Z === 2. Fill generated file with valid v2 content ===
make check (ubuntu-latest)	make check (includes isolated install-to-accept demo)	2026-09-16T02:21:43.6794915Z   ✓ wrote valid v2 task spec
make check (ubuntu-latest)	make check (includes isolated install-to-accept demo)	2026-09-16T02:21:43.6795347Z === 3. validate-task-spec.sh (expect PASS) ===
make check (ubuntu-latest)	make check (includes isolated install-to-accept demo)	2026-09-16T02:21:44.0253232Z   ✓ validator passes on valid task
make check (ubuntu-latest)	make check (includes isolated install-to-accept demo)	2026-09-16T02:21:44.0255548Z === 4. validate-task-spec.sh with controlled error (expect FAIL) ===
make check (ubuntu-latest)	make check (includes isolated install-to-accept demo)	2026-09-16T02:21:44.2906789Z   ✓ validator catches placeholder regression
make check (ubuntu-latest)	make check (includes isolated install-to-accept demo)	2026-09-16T02:21:44.8981411Z   ✓ pre-gate authorizes the unbuilt task
make check (ubuntu-latest)	make check (includes isolated install-to-accept demo)	2026-09-16T02:21:44.8983889Z === 5. transition-status.sh: ready → in-progress ===
make check (ubuntu-latest)	make check (includes isolated install-to-accept demo)	2026-09-16T02:21:45.1731389Z   ✓ transition to in-progress succeeds
make check (ubuntu-latest)	make check (includes isolated install-to-accept demo)	2026-09-16T02:21:45.1742217Z   ✓ status updated to in-progress
make check (ubuntu-latest)	make check (includes isolated install-to-accept demo)	2026-09-16T02:21:45.1742997Z   ✓ file remains in tasks/ for active status
make check (ubuntu-latest)	make check (includes isolated install-to-accept demo)	2026-09-16T02:21:45.2297107Z   ✓ transition to done is blocked before acceptance
make check (ubuntu-latest)	make check (includes isolated install-to-accept demo)	2026-09-16T02:21:45.4712604Z   ✓ post-gate accepts and stamps the completed task
make check (ubuntu-latest)	make check (includes isolated install-to-accept demo)	2026-09-16T02:21:45.4713652Z === 6. transition-status.sh: in-progress → done ===
make check (ubuntu-latest)	make check (includes isolated install-to-accept demo)	2026-09-16T02:21:45.6835863Z   ✓ transition to done succeeds
make check (ubuntu-latest)	make check (includes isolated install-to-accept demo)	2026-09-16T02:21:45.6848131Z   ✓ file moved to tasks/done/
make check (ubuntu-latest)	make check (includes isolated install-to-accept demo)	2026-09-16T02:21:45.6849714Z   ✓ file no longer in tasks/
make check (ubuntu-latest)	make check (includes isolated install-to-accept demo)	2026-09-16T02:21:45.6850149Z === 7. rebuild-state.sh ===
make check (ubuntu-latest)	make check (includes isolated install-to-accept demo)	2026-09-16T02:21:45.7671663Z   ✓ rebuild-state succeeds
make check (ubuntu-latest)	make check (includes isolated install-to-accept demo)	2026-09-16T02:21:45.7672900Z   ✓ _state.yaml created
make check (ubuntu-latest)	make check (includes isolated install-to-accept demo)	2026-09-16T02:21:45.7683367Z   ✓ _state.yaml contains test task
make check (ubuntu-latest)	make check (includes isolated install-to-accept demo)	2026-09-16T02:21:45.7699522Z   ✓ _state.yaml reflects done status
make check (ubuntu-latest)	make check (includes isolated install-to-accept demo)	2026-09-16T02:21:45.8565653Z   ✓ rebuild-state is byte-deterministic
make check (ubuntu-latest)	make check (includes isolated install-to-accept demo)	2026-09-16T02:21:45.8566342Z === 8. list-ready.sh ===
make check (ubuntu-latest)	make check (includes isolated install-to-accept demo)	2026-09-16T02:21:45.8953900Z   ✓ list-ready excludes done task
make check (ubuntu-latest)	make check (includes isolated install-to-accept demo)	2026-09-16T02:21:45.8954585Z === 9. archive.sh ===
make check (ubuntu-latest)	make check (includes isolated install-to-accept demo)	2026-09-16T02:21:45.9914730Z   ✓ archive is no-op for already-archived task
make check (ubuntu-latest)	make check (includes isolated install-to-accept demo)	2026-09-16T02:21:45.9916114Z === 10. backup-backlog.sh ===
make check (ubuntu-latest)	make check (includes isolated install-to-accept demo)	2026-09-16T02:21:46.0183241Z   ✓ backup-backlog succeeds
make check (ubuntu-latest)	make check (includes isolated install-to-accept demo)	2026-09-16T02:21:46.0200524Z   ✓ backup archive created
make check (ubuntu-latest)	make check (includes isolated install-to-accept demo)	2026-09-16T02:21:46.0201296Z === 11. safe-to-delegate.sh (pre-delegation gate) ===
make check (ubuntu-latest)	make check (includes isolated install-to-accept demo)	2026-09-16T02:21:46.7311448Z   ✓ safe-to-delegate clears a valid spec
make check (ubuntu-latest)	make check (includes isolated install-to-accept demo)	2026-09-16T02:21:47.2434416Z   ✓ safe-to-delegate blocks a broken-eval spec
make check (ubuntu-latest)	make check (includes isolated install-to-accept demo)	2026-09-16T02:21:47.2446890Z 
make check (ubuntu-latest)	make check (includes isolated install-to-accept demo)	2026-09-16T02:21:47.2453561Z ========================================
make check (ubuntu-latest)	make check (includes isolated install-to-accept demo)	2026-09-16T02:21:47.2463187Z Results: 25 passed, 0 failed
make check (ubuntu-latest)	make check (includes isolated install-to-accept demo)	2026-09-16T02:21:47.2463685Z ========================================
make check (ubuntu-latest)	make check (includes isolated install-to-accept demo)	2026-09-16T02:22:02.4920057Z TOOLKIT_ATTESTED=PASS two rounds, distinct revoked credentials, signed evidence, canonical acceptance
make check (ubuntu-latest)	make check (includes isolated install-to-accept demo)	2026-09-16T02:22:09.3429440Z MESH_ISOLATION=READY
make check (ubuntu-latest)	make check (includes isolated install-to-accept demo)	2026-09-16T02:22:09.5570720Z TOOLKIT_AUTHORING=PASS
make check (ubuntu-latest)	make check (includes isolated install-to-accept demo)	2026-09-16T02:22:09.5978265Z TOOLKIT_CONFORMANCE=PASS optional recipe, self-contained schemas, and complete lineage shape
make check (ubuntu-latest)	make check (includes isolated install-to-accept demo)	2026-09-16T02:22:09.6224850Z TOOLKIT_CI=CONFIGURED hosted execution not inferred
make check (ubuntu-latest)	make check (includes isolated install-to-accept demo)	2026-09-16T02:22:14.7403537Z TOOLKIT_CLI=PASS
make check (ubuntu-latest)	make check (includes isolated install-to-accept demo)	2026-09-16T02:22:25.3585250Z TOOLKIT_DECOMPOSE=PASS
make check (ubuntu-latest)	make check (includes isolated install-to-accept demo)	2026-09-16T02:22:25.4124475Z TOOLKIT_EXPERIENCE=PASS static resources and trace-oracle negatives; live chat quality not inferred
make check (ubuntu-latest)	make check (includes isolated install-to-accept demo)	2026-09-16T02:22:26.0198704Z TOOLKIT_GUIDES=PASS
make check (ubuntu-latest)	make check (includes isolated install-to-accept demo)	2026-09-16T02:22:40.4949477Z TOOLKIT_DECOMPOSE=PASS
make check (ubuntu-latest)	make check (includes isolated install-to-accept demo)	2026-09-16T02:22:44.6823696Z TOOLKIT_INSTALL=PASS clean private runtime, path spaces, version identity, and corrupted-resource refusal
make check (ubuntu-latest)	make check (includes isolated install-to-accept demo)	2026-09-16T02:22:45.4314298Z ok  	github.com/luanmorenomaciel/task-spec/mesh/internal/mesh	(cached)
make check (ubuntu-latest)	make check (includes isolated install-to-accept demo)	2026-09-16T02:22:53.4201257Z TOOLKIT_MESH=PASS
make check (ubuntu-latest)	make check (includes isolated install-to-accept demo)	2026-09-16T02:22:53.5207877Z TOOLKIT_PERMISSION_GUARD=PASS recorded denial stops continuation; ordinary eval and validation failures remain distinct
make check (ubuntu-latest)	make check (includes isolated install-to-accept demo)	2026-09-16T02:22:53.6139669Z {"state": "paused", "before_block": 1, "reason": "Review the observed permission denial.", "next": "Inspect retained runs and remove the explicit PAUSE file only when authorized to continue."}
make check (ubuntu-latest)	make check (includes isolated install-to-accept demo)	2026-09-16T02:22:53.6156215Z {"id": "1-codex", "exit_code": 0, "run_id": "denied-cell", "accepted": false, "error": "permission denied", "elapsed_seconds": 1, "cost_usd": 0, "permission_denied": true}
make check (ubuntu-latest)	make check (includes isolated install-to-accept demo)	2026-09-16T02:22:53.6160138Z {"id": "1-claude", "exit_code": 0, "run_id": "denied-cell", "accepted": false, "error": "permission denied", "elapsed_seconds": 1, "cost_usd": 0, "permission_denied": true}
make check (ubuntu-latest)	make check (includes isolated install-to-accept demo)	2026-09-16T02:22:53.6677354Z TOOLKIT_PILOT_RECORDING=PASS prospective intervals, censored failures, retained outputs, tamper detection, cohort pause
make check (ubuntu-latest)	make check (includes isolated install-to-accept demo)	2026-09-16T02:22:54.6056541Z TOOLKIT_PUBLIC_EVALUATOR=PASS exact local resources; script and fixture substitution refused
make check (ubuntu-latest)	make check (includes isolated install-to-accept demo)	2026-09-16T02:22:54.6858412Z TOOLKIT_RUNTIME=PASS
make check (ubuntu-latest)	make check (includes isolated install-to-accept demo)	2026-09-16T02:22:55.0993401Z TOOLKIT_SDLC=PASS
make check (ubuntu-latest)	make check (includes isolated install-to-accept demo)	2026-09-16T02:22:55.1220119Z === Phase 1: AUTHOR a solvable v3 standard spec ===
make check (ubuntu-latest)	make check (includes isolated install-to-accept demo)	2026-09-16T02:22:55.1231459Z   ✓ spec file authored
make check (ubuntu-latest)	make check (includes isolated install-to-accept demo)	2026-09-16T02:22:55.1243372Z === Phase 2: VALIDATE (structural + profile + traceability) ===
make check (ubuntu-latest)	make check (includes isolated install-to-accept demo)	2026-09-16T02:22:55.5131208Z   ✓ validate passes (rc=0)
make check (ubuntu-latest)	make check (includes isolated install-to-accept demo)	2026-09-16T02:22:55.5143022Z   ✓ validate reports v3 + standard profile
make check (ubuntu-latest)	make check (includes isolated install-to-accept demo)	2026-09-16T02:22:55.5155721Z   ✓ validate maps status→A2A submitted
make check (ubuntu-latest)	make check (includes isolated install-to-accept demo)	2026-09-16T02:22:55.5156472Z === Phase 3: PRE-GATE (safe-to-delegate --stamp) ===
make check (ubuntu-latest)	make check (includes isolated install-to-accept demo)	2026-09-16T02:22:56.1032987Z   ✓ pre-gate verdict DELEGATE (rc=0)
make check (ubuntu-latest)	make check (includes isolated install-to-accept demo)	2026-09-16T02:22:56.1044516Z   ✓ pre-gate stamped signed_off: true
make check (ubuntu-latest)	make check (includes isolated install-to-accept demo)	2026-09-16T02:22:56.1057734Z   ✓ pre-gate sealed HMAC (Tier 1)
make check (ubuntu-latest)	make check (includes isolated install-to-accept demo)	2026-09-16T02:22:56.5268232Z === Phase 4: DISPATCH (reference executor drives the work) ===
make check (ubuntu-latest)	make check (includes isolated install-to-accept demo)	2026-09-16T02:22:56.7799383Z   ✓ executor created src/feature.txt == 'done'
make check (ubuntu-latest)	make check (includes isolated install-to-accept demo)	2026-09-16T02:22:56.7810358Z   ✓ executor leaves passing work in-progress pending acceptance
make check (ubuntu-latest)	make check (includes isolated install-to-accept demo)	2026-09-16T02:22:56.7811140Z === Phase 5: ACCEPT (post-execution gate) ===
make check (ubuntu-latest)	make check (includes isolated install-to-accept demo)	2026-09-16T02:22:57.0700418Z     accept-task: /tmp/tmp.tM5Jf2uYLc/tasks/T-20260618-e2e-closed-loop.md
make check (ubuntu-latest)	make check (includes isolated install-to-accept demo)	2026-09-16T02:22:57.0701422Z     ────────────────────────────────────────────────────────
make check (ubuntu-latest)	make check (includes isolated install-to-accept demo)	2026-09-16T02:22:57.0701869Z     A. Independent evaluation ...
make check (ubuntu-latest)	make check (includes isolated install-to-accept demo)	2026-09-16T02:22:57.0702768Z        PASS — Exit Check returned 0
make check (ubuntu-latest)	make check (includes isolated install-to-accept demo)	2026-09-16T02:22:57.0703241Z     B. Handoff, graph, base commit, and blast radius ...
make check (ubuntu-latest)	make check (includes isolated install-to-accept demo)	2026-09-16T02:22:57.0703962Z        PASS — revision, closure, Git base, and write scope agree
make check (ubuntu-latest)	make check (includes isolated install-to-accept demo)	2026-09-16T02:22:57.0704433Z     C. Authorization integrity ...
make check (ubuntu-latest)	make check (includes isolated install-to-accept demo)	2026-09-16T02:22:57.0704920Z        PASS — TaskAuthorization/v3 verifies
make check (ubuntu-latest)	make check (includes isolated install-to-accept demo)	2026-09-16T02:22:57.0705320Z     E. Sealed evidence policy ...
make check (ubuntu-latest)	make check (includes isolated install-to-accept demo)	2026-09-16T02:22:57.0705879Z        PASS — required evidence matches this attempt
make check (ubuntu-latest)	make check (includes isolated install-to-accept demo)	2026-09-16T02:22:57.0706500Z     ────────────────────────────────────────────────────────
make check (ubuntu-latest)	make check (includes isolated install-to-accept demo)	2026-09-16T02:22:57.0709688Z        stamped — {"acceptance_record": "/tmp/tmp.tM5Jf2uYLc/.taskspec/acceptance/T-20260618-e2e-closed-loop/19130208-16ba-4923-85f6-448d320b41fc.json", "acceptance_record_digest": "sha256:d1d61369d7f4622240fb2c536fc16a2b645e753380fbda64ac070cf5717a8ec4", "accepted": true, "attempt_id": "19130208-16ba-4923-85f6-448d320b41fc", "contract": "AcceptanceFinalized/v1", "task_id": "T-20260618-e2e-closed-loop", "tier": 1}
make check (ubuntu-latest)	make check (includes isolated install-to-accept demo)	2026-09-16T02:22:57.0711996Z     VERDICT: ACCEPT — Tier 1 evidence is bound to the authorized task attempt
make check (ubuntu-latest)	make check (includes isolated install-to-accept demo)	2026-09-16T02:22:57.0712658Z     ACCEPTED=1
make check (ubuntu-latest)	make check (includes isolated install-to-accept demo)	2026-09-16T02:22:57.0713081Z   ✓ accept verdict ACCEPT (rc=0)
make check (ubuntu-latest)	make check (includes isolated install-to-accept demo)	2026-09-16T02:22:57.0718941Z   ✓ accept stamped accepted: true
make check (ubuntu-latest)	make check (includes isolated install-to-accept demo)	2026-09-16T02:22:57.0734330Z   ✓ accept emitted ACCEPTED=1
make check (ubuntu-latest)	make check (includes isolated install-to-accept demo)	2026-09-16T02:22:57.0749769Z   ✓ accept GATE A (evals pass) reported
make check (ubuntu-latest)	make check (includes isolated install-to-accept demo)	2026-09-16T02:22:57.0753198Z === Phase 6: NEGATIVE — blast-radius breach is REJECTED ===
make check (ubuntu-latest)	make check (includes isolated install-to-accept demo)	2026-09-16T02:22:57.3446481Z   ✓ breach REJECTED (rc=1)
make check (ubuntu-latest)	make check (includes isolated install-to-accept demo)	2026-09-16T02:22:57.3462960Z   ✓ breach names the out-of-scope file
make check (ubuntu-latest)	make check (includes isolated install-to-accept demo)	2026-09-16T02:22:57.6094315Z   ✓ accepted work transitions status → done
make check (ubuntu-latest)	make check (includes isolated install-to-accept demo)	2026-09-16T02:22:57.6097003Z === Phase 7: LOOP CLOSED — final spec validates with full envelope ===
make check (ubuntu-latest)	make check (includes isolated install-to-accept demo)	2026-09-16T02:22:58.0909038Z   ✓ final validate passes
make check (ubuntu-latest)	make check (includes isolated install-to-accept demo)	2026-09-16T02:22:58.0923152Z   ✓ final validate confirms Tier-1 HMAC
make check (ubuntu-latest)	make check (includes isolated install-to-accept demo)	2026-09-16T02:22:58.0924171Z 
make check (ubuntu-latest)	make check (includes isolated install-to-accept demo)	2026-09-16T02:22:58.0924545Z ========================================
make check (ubuntu-latest)	make check (includes isolated install-to-accept demo)	2026-09-16T02:22:58.0925208Z Results: 18 passed, 0 failed
make check (ubuntu-latest)	make check (includes isolated install-to-accept demo)	2026-09-16T02:22:58.0925816Z ========================================
make check (ubuntu-latest)	make check (includes isolated install-to-accept demo)	2026-09-16T02:22:58.1004484Z == install ==
make check (ubuntu-latest)	make check (includes isolated install-to-accept demo)	2026-09-16T02:22:58.3419060Z   ✓ copy install
make check (ubuntu-latest)	make check (includes isolated install-to-accept demo)	2026-09-16T02:22:58.6248590Z   ✓ idempotent install
make check (ubuntu-latest)	make check (includes isolated install-to-accept demo)	2026-09-16T02:22:58.7125572Z   ✓ equivalent harness skills
make check (ubuntu-latest)	make check (includes isolated install-to-accept demo)	2026-09-16T02:22:58.9713561Z   ✓ global user install
make check (ubuntu-latest)	make check (includes isolated install-to-accept demo)	2026-09-16T02:22:59.1071166Z   ✓ checkout symlink install
make check (ubuntu-latest)	make check (includes isolated install-to-accept demo)	2026-09-16T02:22:59.3484766Z   ✓ skills-only install
make check (ubuntu-latest)	make check (includes isolated install-to-accept demo)	2026-09-16T02:22:59.4427115Z   ✓ unmanaged destination is preserved
make check (ubuntu-latest)	make check (includes isolated install-to-accept demo)	2026-09-16T02:22:59.6981790Z   ✓ forced replacement leaves a backup
make check (ubuntu-latest)	make check (includes isolated install-to-accept demo)	2026-09-16T02:23:00.0044433Z   ✓ managed launcher upgrades safely
make check (ubuntu-latest)	make check (includes isolated install-to-accept demo)	2026-09-16T02:23:00.0121416Z   ✓ installed version
make check (ubuntu-latest)	make check (includes isolated install-to-accept demo)	2026-09-16T02:23:02.6099844Z   ✓ installed isolated demo
make check (ubuntu-latest)	make check (includes isolated install-to-accept demo)	2026-09-16T02:23:02.6525531Z   ✓ agent context JSON
make check (ubuntu-latest)	make check (includes isolated install-to-accept demo)	2026-09-16T02:23:02.6916719Z   ✓ agent context covers the complete public command and schema surfaces
make check (ubuntu-latest)	make check (includes isolated install-to-accept demo)	2026-09-16T02:23:02.6998518Z   ✓ agent guidance surfaces share the 3.9 lifecycle
make check (ubuntu-latest)	make check (includes isolated install-to-accept demo)	2026-09-16T02:23:02.7703982Z   ✓ global JSON envelope
make check (ubuntu-latest)	make check (includes isolated install-to-accept demo)	2026-09-16T02:23:02.7999879Z   ✓ per-command help init
make check (ubuntu-latest)	make check (includes isolated install-to-accept demo)	2026-09-16T02:23:02.8293793Z   ✓ per-command help setup
make check (ubuntu-latest)	make check (includes isolated install-to-accept demo)	2026-09-16T02:23:02.8582259Z   ✓ per-command help demo
make check (ubuntu-latest)	make check (includes isolated install-to-accept demo)	2026-09-16T02:23:02.8875416Z   ✓ per-command help new
make check (ubuntu-latest)	make check (includes isolated install-to-accept demo)	2026-09-16T02:23:02.9169138Z   ✓ per-command help plan
make check (ubuntu-latest)	make check (includes isolated install-to-accept demo)	2026-09-16T02:23:02.9463202Z   ✓ per-command help batch
make check (ubuntu-latest)	make check (includes isolated install-to-accept demo)	2026-09-16T02:23:02.9764998Z   ✓ per-command help migrate
make check (ubuntu-latest)	make check (includes isolated install-to-accept demo)	2026-09-16T02:23:03.0069240Z   ✓ per-command help validate
make check (ubuntu-latest)	make check (includes isolated install-to-accept demo)	2026-09-16T02:23:03.0375409Z   ✓ per-command help dod
make check (ubuntu-latest)	make check (includes isolated install-to-accept demo)	2026-09-16T02:23:03.0680459Z   ✓ per-command help gate
make check (ubuntu-latest)	make check (includes isolated install-to-accept demo)	2026-09-16T02:23:03.0983734Z   ✓ per-command help handoff
make check (ubuntu-latest)	make check (includes isolated install-to-accept demo)	2026-09-16T02:23:03.1284509Z   ✓ per-command help run
make check (ubuntu-latest)	make check (includes isolated install-to-accept demo)	2026-09-16T02:23:03.1583894Z   ✓ per-command help accept
make check (ubuntu-latest)	make check (includes isolated install-to-accept demo)	2026-09-16T02:23:03.1879988Z   ✓ per-command help author-doctor
make check (ubuntu-latest)	make check (includes isolated install-to-accept demo)	2026-09-16T02:23:03.2178577Z   ✓ per-command help holdout
make check (ubuntu-latest)	make check (includes isolated install-to-accept demo)	2026-09-16T02:23:03.2471631Z   ✓ per-command help receipt
make check (ubuntu-latest)	make check (includes isolated install-to-accept demo)	2026-09-16T02:23:03.2772786Z   ✓ per-command help dsse
make check (ubuntu-latest)	make check (includes isolated install-to-accept demo)	2026-09-16T02:23:03.3063775Z   ✓ per-command help eval-audit
make check (ubuntu-latest)	make check (includes isolated install-to-accept demo)	2026-09-16T02:23:03.3373486Z   ✓ per-command help identity
make check (ubuntu-latest)	make check (includes isolated install-to-accept demo)	2026-09-16T02:23:03.3688822Z   ✓ per-command help evidence
make check (ubuntu-latest)	make check (includes isolated install-to-accept demo)	2026-09-16T02:23:03.3991450Z   ✓ per-command help bridge
make check (ubuntu-latest)	make check (includes isolated install-to-accept demo)	2026-09-16T02:23:03.4279367Z   ✓ per-command help mcp
make check (ubuntu-latest)	make check (includes isolated install-to-accept demo)	2026-09-16T02:23:03.4569251Z   ✓ per-command help mesh
make check (ubuntu-latest)	make check (includes isolated install-to-accept demo)	2026-09-16T02:23:03.4859537Z   ✓ per-command help ready
make check (ubuntu-latest)	make check (includes isolated install-to-accept demo)	2026-09-16T02:23:03.5150619Z   ✓ per-command help graph
make check (ubuntu-latest)	make check (includes isolated install-to-accept demo)	2026-09-16T02:23:03.5460766Z   ✓ per-command help status
make check (ubuntu-latest)	make check (includes isolated install-to-accept demo)	2026-09-16T02:23:03.5769218Z   ✓ per-command help lint
make check (ubuntu-latest)	make check (includes isolated install-to-accept demo)	2026-09-16T02:23:03.6067503Z   ✓ per-command help transition
make check (ubuntu-latest)	make check (includes isolated install-to-accept demo)	2026-09-16T02:23:03.6364405Z   ✓ per-command help rebuild-state
make check (ubuntu-latest)	make check (includes isolated install-to-accept demo)	2026-09-16T02:23:03.6662000Z   ✓ per-command help archive
make check (ubuntu-latest)	make check (includes isolated install-to-accept demo)	2026-09-16T02:23:03.6951891Z   ✓ per-command help backup
make check (ubuntu-latest)	make check (includes isolated install-to-accept demo)	2026-09-16T02:23:03.7249418Z   ✓ per-command help metrics
make check (ubuntu-latest)	make check (includes isolated install-to-accept demo)	2026-09-16T02:23:03.7549299Z   ✓ per-command help conformance
make check (ubuntu-latest)	make check (includes isolated install-to-accept demo)	2026-09-16T02:23:03.7840572Z   ✓ per-command help executor
make check (ubuntu-latest)	make check (includes isolated install-to-accept demo)	2026-09-16T02:23:03.8130333Z   ✓ per-command help agent-context
make check (ubuntu-latest)	make check (includes isolated install-to-accept demo)	2026-09-16T02:23:03.8417964Z   ✓ per-command help completion
make check (ubuntu-latest)	make check (includes isolated install-to-accept demo)	2026-09-16T02:23:03.8708959Z   ✓ per-command help doctor
make check (ubuntu-latest)	make check (includes isolated install-to-accept demo)	2026-09-16T02:23:03.9014698Z   ✓ per-command help version
make check (ubuntu-latest)	make check (includes isolated install-to-accept demo)	2026-09-16T02:23:03.9316153Z   ✓ per-command help help
make check (ubuntu-latest)	make check (includes isolated install-to-accept demo)	2026-09-16T02:23:03.9818169Z   ✓ usage exit 2: status
make check (ubuntu-latest)	make check (includes isolated install-to-accept demo)	2026-09-16T02:23:03.9946329Z   ✓ usage exit 2: transition
make check (ubuntu-latest)	make check (includes isolated install-to-accept demo)	2026-09-16T02:23:04.0070484Z   ✓ usage exit 2: migrate
make check (ubuntu-latest)	make check (includes isolated install-to-accept demo)	2026-09-16T02:23:04.0193773Z   ✓ usage exit 2: executor
make check (ubuntu-latest)	make check (includes isolated install-to-accept demo)	2026-09-16T02:23:04.0316974Z   ✓ usage exit 2: run
make check (ubuntu-latest)	make check (includes isolated install-to-accept demo)	2026-09-16T02:23:04.0631643Z   ✓ completion bash
make check (ubuntu-latest)	make check (includes isolated install-to-accept demo)	2026-09-16T02:23:04.0948727Z   ✓ completion zsh
make check (ubuntu-latest)	make check (includes isolated install-to-accept demo)	2026-09-16T02:23:04.1269370Z   ✓ completion fish
make check (ubuntu-latest)	make check (includes isolated install-to-accept demo)	2026-09-16T02:23:04.1270253Z == clean-room journey ==
make check (ubuntu-latest)	make check (includes isolated install-to-accept demo)	2026-09-16T02:23:08.3188706Z   ✓ install-to-accept clean room with structured materialization receipt
make check (ubuntu-latest)	make check (includes isolated install-to-accept demo)	2026-09-16T02:23:08.6342681Z   ✓ README v3 and opt-in v4 scaffold commands
make check (ubuntu-latest)	make check (includes isolated install-to-accept demo)	2026-09-16T02:23:08.6894421Z   ✓ malformed and dangling TaskPlan fails closed
make check (ubuntu-latest)	make check (includes isolated install-to-accept demo)	2026-09-16T02:23:08.6895375Z == dry-run and color ==
make check (ubuntu-latest)	make check (includes isolated install-to-accept demo)	2026-09-16T02:23:08.7029731Z   ✓ dry-run prevents init
make check (ubuntu-latest)	make check (includes isolated install-to-accept demo)	2026-09-16T02:23:08.7325665Z   ✓ NO_COLOR precedence
make check (ubuntu-latest)	make check (includes isolated install-to-accept demo)	2026-09-16T02:23:08.7326665Z == research evidence ==
make check (ubuntu-latest)	make check (includes isolated install-to-accept demo)	2026-09-16T02:23:08.7853851Z   ✓ firecrawl evidence
make check (ubuntu-latest)	make check (includes isolated install-to-accept demo)	2026-09-16T02:23:08.8381930Z   ✓ tavily evidence
make check (ubuntu-latest)	make check (includes isolated install-to-accept demo)	2026-09-16T02:23:08.8912704Z   ✓ exa evidence
make check (ubuntu-latest)	make check (includes isolated install-to-accept demo)	2026-09-16T02:23:08.9435038Z   ✓ named provider failure
make check (ubuntu-latest)	make check (includes isolated install-to-accept demo)	2026-09-16T02:23:08.9855766Z   ✓ evidence rejects credential-bearing keys
make check (ubuntu-latest)	make check (includes isolated install-to-accept demo)	2026-09-16T02:23:09.0362606Z   ✓ composition example preview
make check (ubuntu-latest)	make check (includes isolated install-to-accept demo)	2026-09-16T02:23:09.0597437Z   ✓ checked-in evidence example
make check (ubuntu-latest)	make check (includes isolated install-to-accept demo)	2026-09-16T02:23:09.0869770Z   ✓ checked-in handoff example
make check (ubuntu-latest)	make check (includes isolated install-to-accept demo)	2026-09-16T02:23:09.1146332Z   ✓ README release status is generated from evidence
make check (ubuntu-latest)	make check (includes isolated install-to-accept demo)	2026-09-16T02:23:09.1147451Z == checksum-backed release archive ==
make check (ubuntu-latest)	make check (includes isolated install-to-accept demo)	2026-09-16T02:23:10.0829904Z   ✓ checksum-backed remote install
make check (ubuntu-latest)	make check (includes isolated install-to-accept demo)	2026-09-16T02:23:10.1364470Z   ✓ tampered release archive fails closed
make check (ubuntu-latest)	make check (includes isolated install-to-accept demo)	2026-09-16T02:23:10.1379800Z == package ==
make check (ubuntu-latest)	make check (includes isolated install-to-accept demo)	2026-09-16T02:23:10.9815490Z   ✓ npm pack dry run
make check (ubuntu-latest)	make check (includes isolated install-to-accept demo)	2026-09-16T02:23:11.4570196Z   ✓ local npm package install
make check (ubuntu-latest)	make check (includes isolated install-to-accept demo)	2026-09-16T02:23:11.4583997Z 
make check (ubuntu-latest)	make check (includes isolated install-to-accept demo)	2026-09-16T02:23:11.4593357Z Results: 80 passed, 0 failed
make check (ubuntu-latest)	make check (includes isolated install-to-accept demo)	2026-09-16T02:23:11.4593730Z INSTALL=OK
make check (ubuntu-latest)	make check (includes isolated install-to-accept demo)	2026-09-16T02:23:11.6191792Z ok 1 - v4 authoring is explicit and non-default
make check (ubuntu-latest)	make check (includes isolated install-to-accept demo)	2026-09-16T02:23:12.0920194Z ok 2 - v3 compatibility fixture remains valid
make check (ubuntu-latest)	make check (includes isolated install-to-accept demo)	2026-09-16T02:23:12.4375018Z ok 3 - v4 policy validates
make check (ubuntu-latest)	make check (includes isolated install-to-accept demo)	2026-09-16T02:23:12.7933843Z ok 4 - sealed authoring evidence digest rejects artifact drift
make check (ubuntu-latest)	make check (includes isolated install-to-accept demo)	2026-09-16T02:23:12.8337098Z ok 5 - author doctor finds no blockers
make check (ubuntu-latest)	make check (includes isolated install-to-accept demo)	2026-09-16T02:23:13.5991469Z ok 6 - status reports authoring-evidence freshness without making age an acceptance gate
make check (ubuntu-latest)	make check (includes isolated install-to-accept demo)	2026-09-16T02:23:14.0820022Z ok 7 - v4 handoff emitted
make check (ubuntu-latest)	make check (includes isolated install-to-accept demo)	2026-09-16T02:23:14.2429408Z ok 8 - baseline discrimination audit
make check (ubuntu-latest)	make check (includes isolated install-to-accept demo)	2026-09-16T02:23:14.4906186Z ok 9 - repeated evaluation reports stable discrimination
make check (ubuntu-latest)	make check (includes isolated install-to-accept demo)	2026-09-16T02:23:14.5370966Z ok 10 - holdout descriptor sealed
make check (ubuntu-latest)	make check (includes isolated install-to-accept demo)	2026-09-16T02:23:14.6499427Z ok 11 - holdout rotation metadata is retained
make check (ubuntu-latest)	make check (includes isolated install-to-accept demo)	2026-09-16T02:23:14.7446908Z ok 12 - expired holdout requires rotation and reauthorization
make check (ubuntu-latest)	make check (includes isolated install-to-accept demo)	2026-09-16T02:23:14.7947690Z ok 13 - tampered holdout bundle is rejected
make check (ubuntu-latest)	make check (includes isolated install-to-accept demo)	2026-09-16T02:23:14.9387165Z ok 14 - holdout executed independently
make check (ubuntu-latest)	make check (includes isolated install-to-accept demo)	2026-09-16T02:23:14.9868289Z ok 15 - environment receipt created
make check (ubuntu-latest)	make check (includes isolated install-to-accept demo)	2026-09-16T02:23:15.0337569Z ok 16 - graded receipt created
make check (ubuntu-latest)	make check (includes isolated install-to-accept demo)	2026-09-16T02:23:15.0814452Z ok 17 - human receipt created
make check (ubuntu-latest)	make check (includes isolated install-to-accept demo)	2026-09-16T02:23:15.1416561Z ok 18 - identity receipt signed
make check (ubuntu-latest)	make check (includes isolated install-to-accept demo)	2026-09-16T02:23:15.1934253Z ok 19 - identity receipt verified
make check (ubuntu-latest)	make check (includes isolated install-to-accept demo)	2026-09-16T02:23:15.2495078Z ok 20 - signed holdout receipt
make check (ubuntu-latest)	make check (includes isolated install-to-accept demo)	2026-09-16T02:23:15.3035016Z ok 21 - signed environment receipt
make check (ubuntu-latest)	make check (includes isolated install-to-accept demo)	2026-09-16T02:23:15.3580291Z ok 22 - signed graded receipt
make check (ubuntu-latest)	make check (includes isolated install-to-accept demo)	2026-09-16T02:23:15.4126716Z ok 23 - signed human receipt
make check (ubuntu-latest)	make check (includes isolated install-to-accept demo)	2026-09-16T02:23:15.5020309Z ok 24 - wrong evaluator signer fails closed
make check (ubuntu-latest)	make check (includes isolated install-to-accept demo)	2026-09-16T02:23:15.5485615Z ok 25 - all typed receipts validate
make check (ubuntu-latest)	make check (includes isolated install-to-accept demo)	2026-09-16T02:23:15.6330110Z ok 26 - portable signed evidence satisfies Tier 1 policy
make check (ubuntu-latest)	make check (includes isolated install-to-accept demo)	2026-09-16T02:23:15.7348793Z ok 27 - DSSE receipt export verifies independently
make check (ubuntu-latest)	make check (includes isolated install-to-accept demo)	2026-09-16T02:23:15.7837809Z ok 28 - credential-bearing receipt is rejected
make check (ubuntu-latest)	make check (includes isolated install-to-accept demo)	2026-09-16T02:23:15.9817109Z ok 29 - enabled engine runs in a detached worktree
make check (ubuntu-latest)	make check (includes isolated install-to-accept demo)	2026-09-16T02:23:16.0013333Z ok 30 - isolated engine receipt records a real attempt
make check (ubuntu-latest)	make check (includes isolated install-to-accept demo)	2026-09-16T02:23:16.0064723Z ok 31 - isolated engine change is captured outside the source workspace
make check (ubuntu-latest)	make check (includes isolated install-to-accept demo)	2026-09-16T02:23:16.2985224Z ok 32 - acceptance blocks when evidence is omitted
make check (ubuntu-latest)	make check (includes isolated install-to-accept demo)	2026-09-16T02:23:16.6263012Z ok 33 - acceptance passes with matching supervised evidence
make check (ubuntu-latest)	make check (includes isolated install-to-accept demo)	2026-09-16T02:23:16.7240827Z ok 34 - revoked identity no longer verifies
make check (ubuntu-latest)	make check (includes isolated install-to-accept demo)	2026-09-16T02:23:16.8074902Z ok 35 - A2A v1.0 bridge round trip
make check (ubuntu-latest)	make check (includes isolated install-to-accept demo)	2026-09-16T02:23:16.8868035Z ok 36 - MCP bridge round trip
make check (ubuntu-latest)	make check (includes isolated install-to-accept demo)	2026-09-16T02:23:16.9482968Z ok 37 - A2A bridge detects embedded handoff tampering
make check (ubuntu-latest)	make check (includes isolated install-to-accept demo)	2026-09-16T02:23:17.0080504Z ok 38 - MCP bridge detects embedded handoff tampering
make check (ubuntu-latest)	make check (includes isolated install-to-accept demo)	2026-09-16T02:23:17.0437759Z ok 39 - MCP server lists read-only tools
make check (ubuntu-latest)	make check (includes isolated install-to-accept demo)	2026-09-16T02:23:17.0951186Z ok 40 - nine-family engine matrix validates
make check (ubuntu-latest)	make check (includes isolated install-to-accept demo)	2026-09-16T02:23:17.1497792Z ok 41 - disabled engine matrix records unavailable, not fabricated passes
make check (ubuntu-latest)	make check (includes isolated install-to-accept demo)	2026-09-16T02:23:17.1983526Z ok 42 - engine matrix emits typed run receipts
make check (ubuntu-latest)	make check (includes isolated install-to-accept demo)	2026-09-16T02:23:17.1984460Z PASS: Task-Spec 3.7 evidence integrity (42 checks)
make check (ubuntu-latest)	make check (includes isolated install-to-accept demo)	2026-09-16T02:23:18.2352457Z ok 1 - post-seal v4 to v3 downgrade fails closed
make check (ubuntu-latest)	make check (includes isolated install-to-accept demo)	2026-09-16T02:23:18.6500663Z ok 2 - sealed proof policy deletion fails closed
make check (ubuntu-latest)	make check (includes isolated install-to-accept demo)	2026-09-16T02:23:19.0706198Z ok 3 - sealed environment policy deletion fails closed
make check (ubuntu-latest)	make check (includes isolated install-to-accept demo)	2026-09-16T02:23:19.5063344Z ok 4 - parent-child authority mutation fails closed
make check (ubuntu-latest)	make check (includes isolated install-to-accept demo)	2026-09-16T02:23:19.9285545Z ok 5 - unknown future authority is sealed by default
make check (ubuntu-latest)	make check (includes isolated install-to-accept demo)	2026-09-16T02:23:20.3509133Z ok 6 - lifecycle and tracker projection remain mutable
make check (ubuntu-latest)	make check (includes isolated install-to-accept demo)	2026-09-16T02:23:20.4071572Z ok 7 - duplicate YAML keys are rejected
make check (ubuntu-latest)	make check (includes isolated install-to-accept demo)	2026-09-16T02:23:20.4643203Z ok 8 - ambiguous JSON numeric constants are rejected
make check (ubuntu-latest)	make check (includes isolated install-to-accept demo)	2026-09-16T02:23:20.5562653Z ok 9 - authority mapping key order is canonical
make check (ubuntu-latest)	make check (includes isolated install-to-accept demo)	2026-09-16T02:23:20.9256961Z ok 10 - textual authoring-evidence acceptance use produces a lint warning
make check (ubuntu-latest)	make check (includes isolated install-to-accept demo)	2026-09-16T02:23:22.2345396Z ok 11 - explicit workspace supports a nested custom backlog
make check (ubuntu-latest)	make check (includes isolated install-to-accept demo)	2026-09-16T02:23:24.1384283Z ok 12 - receipt replay across attempts fails
make check (ubuntu-latest)	make check (includes isolated install-to-accept demo)	2026-09-16T02:23:24.4851713Z ok 13 - global JSON returns typed receipt replay failure
make check (ubuntu-latest)	make check (includes isolated install-to-accept demo)	2026-09-16T02:23:24.8014733Z ok 14 - pre-authorization receipt timestamp fails
make check (ubuntu-latest)	make check (includes isolated install-to-accept demo)	2026-09-16T02:23:25.1136742Z ok 15 - receipt wrong task_id fails
make check (ubuntu-latest)	make check (includes isolated install-to-accept demo)	2026-09-16T02:23:25.4309598Z ok 16 - receipt wrong task_revision_digest fails
make check (ubuntu-latest)	make check (includes isolated install-to-accept demo)	2026-09-16T02:23:25.7529920Z ok 17 - receipt wrong base_commit fails
make check (ubuntu-latest)	make check (includes isolated install-to-accept demo)	2026-09-16T02:23:26.0187153Z ok 18 - legacy structural receipt cannot silently produce Tier 1
make check (ubuntu-latest)	make check (includes isolated install-to-accept demo)	2026-09-16T02:23:26.3180749Z ok 19 - required receipt rejects structural authorization fallback
make check (ubuntu-latest)	make check (includes isolated install-to-accept demo)	2026-09-16T02:23:26.6212925Z ok 20 - matching v2 receipt accepts Tier 1
make check (ubuntu-latest)	make check (includes isolated install-to-accept demo)	2026-09-16T02:23:27.9294359Z ok 21 - committed out-of-scope change is rejected
make check (ubuntu-latest)	make check (includes isolated install-to-accept demo)	2026-09-16T02:23:29.2913015Z ok 22 - symlink-escaped creation scope is rejected
make check (ubuntu-latest)	make check (includes isolated install-to-accept demo)	2026-09-16T02:23:30.6275141Z ok 23 - absolute handoff scope fails closed
make check (ubuntu-latest)	make check (includes isolated install-to-accept demo)	2026-09-16T02:23:30.9228301Z ok 24 - traversal handoff scope fails closed
make check (ubuntu-latest)	make check (includes isolated install-to-accept demo)	2026-09-16T02:23:31.2188024Z ok 25 - handoff budget expansion fails closed
make check (ubuntu-latest)	make check (includes isolated install-to-accept demo)	2026-09-16T02:23:31.5269381Z ok 26 - non-UUID attempt cannot escape acceptance storage
make check (ubuntu-latest)	make check (includes isolated install-to-accept demo)	2026-09-16T02:23:32.9178723Z ok 27 - handoff rejects conflict with an in-progress task
make check (ubuntu-latest)	make check (includes isolated install-to-accept demo)	2026-09-16T02:23:33.6771321Z ok 28 - acceptance rechecks active write conflicts
make check (ubuntu-latest)	make check (includes isolated install-to-accept demo)	2026-09-16T02:23:33.8164693Z ok 29 - interrupted status mutation leaves the old complete frontmatter
make check (ubuntu-latest)	make check (includes isolated install-to-accept demo)	2026-09-16T02:23:33.8206175Z ok 30 - interrupted status mutation leaves no partial state or temporary
make check (ubuntu-latest)	make check (includes isolated install-to-accept demo)	2026-09-16T02:23:35.1316171Z ok 31 - base commit divergence requires a new handoff
make check (ubuntu-latest)	make check (includes isolated install-to-accept demo)	2026-09-16T02:23:36.5148636Z ok 32 - dependency-closure drift fails closed
make check (ubuntu-latest)	make check (includes isolated install-to-accept demo)	2026-09-16T02:23:37.8166521Z ok 33 - injected finalize crash leaves old complete task state
make check (ubuntu-latest)	make check (includes isolated install-to-accept demo)	2026-09-16T02:23:37.8204389Z ok 34 - crash did not partially stamp accepted state
make check (ubuntu-latest)	make check (includes isolated install-to-accept demo)	2026-09-16T02:23:37.8671559Z ok 35 - doctor reports the orphan record left by interrupted acceptance
make check (ubuntu-latest)	make check (includes isolated install-to-accept demo)	2026-09-16T02:23:38.1637718Z ok 36 - same attempt recovers despite metrics projection failure
make check (ubuntu-latest)	make check (includes isolated install-to-accept demo)	2026-09-16T02:23:38.2142787Z ok 37 - doctor reports the missing accepted metrics projection
make check (ubuntu-latest)	make check (includes isolated install-to-accept demo)	2026-09-16T02:23:38.5126707Z ok 38 - same attempt cannot change its acceptor
make check (ubuntu-latest)	make check (includes isolated install-to-accept demo)	2026-09-16T02:23:38.5535877Z ok 39 - conflicting retry leaves record and task envelope consistent
make check (ubuntu-latest)	make check (includes isolated install-to-accept demo)	2026-09-16T02:23:38.8597883Z ok 40 - same accepted attempt can be retried without duplicate metrics
make check (ubuntu-latest)	make check (includes isolated install-to-accept demo)	2026-09-16T02:23:38.9482816Z ok 41 - TaskStatus names rebuild-state as the one safe projection recovery
make check (ubuntu-latest)	make check (includes isolated install-to-accept demo)	2026-09-16T02:23:39.1256793Z ok 42 - rebuilding projection advances the one safe next command
make check (ubuntu-latest)	make check (includes isolated install-to-accept demo)	2026-09-16T02:23:39.2126261Z ok 43 - global JSON preserves the same typed TaskStatus
make check (ubuntu-latest)	make check (includes isolated install-to-accept demo)	2026-09-16T02:23:39.3455011Z ok 44 - transition to done verifies the record subject and envelope
make check (ubuntu-latest)	make check (includes isolated install-to-accept demo)	2026-09-16T02:23:39.4318978Z ok 45 - status exposes semantic acceptance-record mismatch
make check (ubuntu-latest)	make check (includes isolated install-to-accept demo)	2026-09-16T02:23:39.4817400Z ok 46 - backlog doctor fails on semantic acceptance-record mismatch
make check (ubuntu-latest)	make check (includes isolated install-to-accept demo)	2026-09-16T02:23:39.4818591Z PASS: Task-Spec hardening adversarial suite (46 checks)
make check (ubuntu-latest)	make check (includes isolated install-to-accept demo)	2026-09-16T02:23:40.3809472Z CLI_REFERENCE=OK
make check (ubuntu-latest)	make check (includes isolated install-to-accept demo)	2026-09-16T02:23:40.4207261Z QUALITY_SCORE=97 SCORECARD=VALID
make check (ubuntu-latest)	make check (includes isolated install-to-accept demo)	2026-09-16T02:23:40.4509062Z RELEASE_STATUS=OK
make check (ubuntu-latest)	make check (includes isolated install-to-accept demo)	2026-09-16T02:23:40.5251755Z V381_EXPERIENCE=READY
make check (ubuntu-latest)	make check (includes isolated install-to-accept demo)	2026-09-16T02:23:41.6266719Z ok 1 - nested handoff binds the Git workspace
make check (ubuntu-latest)	make check (includes isolated install-to-accept demo)	2026-09-16T02:23:41.9251664Z ok 2 - nested acceptance uses the configured contained store
make check (ubuntu-latest)	make check (includes isolated install-to-accept demo)	2026-09-16T02:23:41.9270504Z ok 3 - nested acceptance record is separate from Converge receipts
make check (ubuntu-latest)	make check (includes isolated install-to-accept demo)	2026-09-16T02:23:42.9800875Z ok 4 - nested backlog infers repository root
make check (ubuntu-latest)	make check (includes isolated install-to-accept demo)	2026-09-16T02:23:43.0809110Z ok 5 - conflicting explicit workspace is rejected
make check (ubuntu-latest)	make check (includes isolated install-to-accept demo)	2026-09-16T02:23:44.5967017Z ok 6 - acceptance traversal is rejected
make check (ubuntu-latest)	make check (includes isolated install-to-accept demo)	2026-09-16T02:23:45.3141561Z ok 7 - acceptance symlink escape is rejected
make check (ubuntu-latest)	make check (includes isolated install-to-accept demo)	2026-09-16T02:23:45.6150940Z ok 8 - CLI acceptance directory overrides an unsafe environment value
make check (ubuntu-latest)	make check (includes isolated install-to-accept demo)	2026-09-16T02:23:45.6176900Z ok 9 - unsafe environment store was never written
make check (ubuntu-latest)	make check (includes isolated install-to-accept demo)	2026-09-16T02:23:46.2820885Z ok 10 - worktree gate resolves the common-directory key
make check (ubuntu-latest)	make check (includes isolated install-to-accept demo)	2026-09-16T02:23:46.2822093Z PASS: Task-Spec 3.8.1 nested workspace suite (10 checks)
make check (ubuntu-latest)	make check (includes isolated install-to-accept demo)	2026-09-16T02:23:46.2888576Z bash spec/conformance/run_conformance.sh
make check (ubuntu-latest)	make check (includes isolated install-to-accept demo)	2026-09-16T02:23:46.2949160Z == self-test floor: validating 8 conformance fixtures ==
make check (ubuntu-latest)	make check (includes isolated install-to-accept demo)	2026-09-16T02:23:50.5512020Z    self-test floor: all 8 fixtures valid
make check (ubuntu-latest)	make check (includes isolated install-to-accept demo)	2026-09-16T02:23:50.5512811Z 
make check (ubuntu-latest)	make check (includes isolated install-to-accept demo)	2026-09-16T02:23:50.5513425Z == running conformance (adapter: /home/runner/work/task-spec/task-spec/spec/conformance/adapters/self.sh) ==
make check (ubuntu-latest)	make check (includes isolated install-to-accept demo)	2026-09-16T02:23:50.5798411Z PASS   C1        T-conformance-001-status-lock
make check (ubuntu-latest)	make check (includes isolated install-to-accept demo)	2026-09-16T02:23:50.6291582Z PASS   C12       T-conformance-002-emit-enum
make check (ubuntu-latest)	make check (includes isolated install-to-accept demo)	2026-09-16T02:23:50.6610995Z PASS   C6        T-conformance-003-no-signed-off-mod
make check (ubuntu-latest)	make check (includes isolated install-to-accept demo)	2026-09-16T02:23:50.6950781Z PASS   C8        T-conformance-004-execution-backend
make check (ubuntu-latest)	make check (includes isolated install-to-accept demo)	2026-09-16T02:23:50.7275101Z PASS   C13,C16   T-conformance-005-budget-stop
make check (ubuntu-latest)	make check (includes isolated install-to-accept demo)	2026-09-16T02:23:50.7556498Z PASS   C5        T-conformance-006-do-not-touch
make check (ubuntu-latest)	make check (includes isolated install-to-accept demo)	2026-09-16T02:23:50.7792301Z PASS   C17       T-conformance-007-node-refusal
make check (ubuntu-latest)	make check (includes isolated install-to-accept demo)	2026-09-16T02:23:50.8036972Z PASS   C18       T-conformance-008-v4-policy
make check (ubuntu-latest)	make check (includes isolated install-to-accept demo)	2026-09-16T02:23:50.8086687Z 
make check (ubuntu-latest)	make check (includes isolated install-to-accept demo)	2026-09-16T02:23:50.8093491Z == results written to /home/runner/work/task-spec/task-spec/spec/conformance/results.json ==
make check (ubuntu-latest)	make check (includes isolated install-to-accept demo)	2026-09-16T02:23:50.8094364Z == non-waived failures: 0 ==
make check (ubuntu-latest)	make check (includes isolated install-to-accept demo)	2026-09-16T02:23:50.8094856Z bash bin/taskspec conformance --self-test
make check (ubuntu-latest)	make check (includes isolated install-to-accept demo)	2026-09-16T02:23:50.8263768Z Conformance check — level L2 — executor: bash /home/runner/work/task-spec/task-spec/src/dispatch/ref-executor.sh
make check (ubuntu-latest)	make check (includes isolated install-to-accept demo)	2026-09-16T02:23:50.8265632Z ────────────────────────────────────────────────────────
make check (ubuntu-latest)	make check (includes isolated install-to-accept demo)	2026-09-16T02:23:51.4021421Z L0. Executor drives a solvable spec to a passing Exit Check ...
make check (ubuntu-latest)	make check (includes isolated install-to-accept demo)	2026-09-16T02:23:52.6983439Z    PASS — Exit Check passes after execution (L0: reads format, runs evals)
make check (ubuntu-latest)	make check (includes isolated install-to-accept demo)	2026-09-16T02:23:52.6984591Z L1. Executor honors the status lifecycle (→ done on success) ...
make check (ubuntu-latest)	make check (includes isolated install-to-accept demo)	2026-09-16T02:23:52.7042761Z    PASS — status transitioned to 'done' (A2A: completed)
make check (ubuntu-latest)	make check (includes isolated install-to-accept demo)	2026-09-16T02:23:53.2787484Z L2. Executor parks an unsolvable spec within budget (no infinite loop) ...
make check (ubuntu-latest)	make check (includes isolated install-to-accept demo)	2026-09-16T02:23:54.2889556Z    PASS — unsolvable spec parked by the no-progress circuit breaker within the signed retry budget
make check (ubuntu-latest)	make check (includes isolated install-to-accept demo)	2026-09-16T02:23:54.2890844Z ────────────────────────────────────────────────────────
make check (ubuntu-latest)	make check (includes isolated install-to-accept demo)	2026-09-16T02:23:54.2892003Z CONFORMANT at L2 — this executor honors the Task-Spec contract.
make check (ubuntu-latest)	make check (includes isolated install-to-accept demo)	2026-09-16T02:23:54.2892778Z CONFORMANCE=L2
make check (ubuntu-latest)	make check (includes isolated install-to-accept demo)	2026-09-16T02:23:54.2930100Z CHECK=READY
make check (ubuntu-latest)	Post Install pinned Go toolchain for optional TaskMesh	﻿2026-09-16T02:23:54.3020679Z Post job cleanup.
make check (ubuntu-latest)	Post Install pinned Go toolchain for optional TaskMesh	2026-09-16T02:23:54.4028335Z [command]/opt/hostedtoolcache/go/1.25.0/x64/bin/go env GOMODCACHE
make check (ubuntu-latest)	Post Install pinned Go toolchain for optional TaskMesh	2026-09-16T02:23:54.4123363Z [command]/opt/hostedtoolcache/go/1.25.0/x64/bin/go env GOCACHE
make check (ubuntu-latest)	Post Install pinned Go toolchain for optional TaskMesh	2026-09-16T02:23:54.4162921Z /home/runner/go/pkg/mod
make check (ubuntu-latest)	Post Install pinned Go toolchain for optional TaskMesh	2026-09-16T02:23:54.4188587Z /home/runner/.cache/go-build
make check (ubuntu-latest)	Post Install pinned Go toolchain for optional TaskMesh	2026-09-16T02:23:54.4189905Z Cache hit occurred on the primary key setup-go-Linux-x64-ubuntu24-go-1.25.0-177c9a629613f64b62ff3bce8b5249e61de06089c1d63967a2ef301279610df5, not saving cache.
make check (ubuntu-latest)	Post Checkout	﻿2026-09-16T02:23:54.4443869Z Post job cleanup.
make check (ubuntu-latest)	Post Checkout	2026-09-16T02:23:54.5200728Z [command]/usr/bin/git version
make check (ubuntu-latest)	Post Checkout	2026-09-16T02:23:54.5263239Z git version 2.55.0
make check (ubuntu-latest)	Post Checkout	2026-09-16T02:23:54.5301135Z Temporarily overriding HOME='/home/runner/work/_temp/7736c958-849d-4176-9ef2-12eacbb037aa' before making global git config changes
make check (ubuntu-latest)	Post Checkout	2026-09-16T02:23:54.5302288Z Adding repository directory to the temporary git global config as a safe directory
make check (ubuntu-latest)	Post Checkout	2026-09-16T02:23:54.5319116Z [command]/usr/bin/git config --global --add safe.directory /home/runner/work/task-spec/task-spec
make check (ubuntu-latest)	Post Checkout	2026-09-16T02:23:54.5381989Z Removing SSH command configuration
make check (ubuntu-latest)	Post Checkout	2026-09-16T02:23:54.5382982Z [command]/usr/bin/git config --local --name-only --get-regexp core\.sshCommand
make check (ubuntu-latest)	Post Checkout	2026-09-16T02:23:54.5440267Z [command]/usr/bin/git submodule foreach --recursive sh -c "git config --local --name-only --get-regexp 'core\.sshCommand' && git config --local --unset-all 'core.sshCommand' || :"
make check (ubuntu-latest)	Post Checkout	2026-09-16T02:23:54.5767538Z Removing HTTP extra header
make check (ubuntu-latest)	Post Checkout	2026-09-16T02:23:54.5768387Z [command]/usr/bin/git config --local --name-only --get-regexp http\.https\:\/\/github\.com\/\.extraheader
make check (ubuntu-latest)	Post Checkout	2026-09-16T02:23:54.5839217Z [command]/usr/bin/git submodule foreach --recursive sh -c "git config --local --name-only --get-regexp 'http\.https\:\/\/github\.com\/\.extraheader' && git config --local --unset-all 'http.https://github.com/.extraheader' || :"
make check (ubuntu-latest)	Post Checkout	2026-09-16T02:23:54.6323193Z Removing includeIf entries pointing to credentials config files
make check (ubuntu-latest)	Post Checkout	2026-09-16T02:23:54.6361423Z [command]/usr/bin/git config --local --name-only --get-regexp ^includeIf\.gitdir:
make check (ubuntu-latest)	Post Checkout	2026-09-16T02:23:54.6496385Z [command]/usr/bin/git submodule foreach --recursive git config --local --show-origin --name-only --get-regexp remote.origin.url
make check (ubuntu-latest)	Complete job	﻿2026-09-16T02:23:54.7009968Z Cleaning up orphan processes
